Player,Org,ProfileURL,Region,MatchID,MapNum,MapName,SeriesFormat,R2.0,ACS,K,D,A,K:D,KAST,ADR,HS%,FK,FD
trexx,MKOI,https://www.vlr.gg/player/2168/trexx,EMEA,167348,113040,IceboxPICK,bo1,1.44,304.0,27,16,6,1.69,79%,206.0,35%,2.0,1.0
sheydos,MKOI,https://www.vlr.gg/player/1428/sheydos,EMEA,167348,113040,IceboxPICK,bo1,1.16,193.0,17,12,4,1.42,71%,124.0,28%,1.0,2.0
Wolfen,MKOI,https://www.vlr.gg/player/9558/wolfen,EMEA,167348,113040,IceboxPICK,bo1,0.77,168.0,14,18,3,0.78,67%,113.0,28%,5.0,8.0
starxo,MKOI,https://www.vlr.gg/player/565/starxo,EMEA,167348,113040,IceboxPICK,bo1,0.68,134.0,10,18,11,0.56,50%,92.0,23%,0.0,4.0
koldamenta,MKOI,https://www.vlr.gg/player/339/koldamenta,EMEA,167348,113040,IceboxPICK,bo1,0.52,73.0,5,19,12,0.26,54%,55.0,16%,0.0,1.0
s0m,NRG,https://www.vlr.gg/player/4164/s0m,Americas,167348,113040,IceboxPICK,bo1,1.44,295.0,24,13,4,1.85,79%,184.0,29%,4.0,0.0
crashies,NRG,https://www.vlr.gg/player/4/crashies,Americas,167348,113040,IceboxPICK,bo1,1.23,244.0,22,15,6,1.47,71%,139.0,25%,3.0,2.0
FiNESSE,NRG,https://www.vlr.gg/player/817/finesse,Americas,167348,113040,IceboxPICK,bo1,0.96,165.0,12,14,3,0.86,79%,115.0,17%,4.0,0.0
Victor,NRG,https://www.vlr.gg/player/261/victor,Americas,167348,113040,IceboxPICK,bo1,0.92,161.0,14,15,9,0.93,71%,97.0,17%,2.0,3.0
ardiis,NRG,https://www.vlr.gg/player/98/ardiis,Americas,167348,113040,IceboxPICK,bo1,0.86,156.0,11,16,9,0.69,75%,122.0,21%,3.0,3.0
trexx,MKOI,https://www.vlr.gg/player/2168/trexx,EMEA,167348,113041,HavenPICK,bo1,1.33,246.0,19,11,3,1.73,73%,154.0,27%,1.0,3.0
koldamenta,MKOI,https://www.vlr.gg/player/339/koldamenta,EMEA,167348,113041,HavenPICK,bo1,0.78,147.0,12,15,7,0.8,73%,97.0,24%,1.0,2.0
sheydos,MKOI,https://www.vlr.gg/player/1428/sheydos,EMEA,167348,113041,HavenPICK,bo1,0.75,123.0,10,12,2,0.83,68%,88.0,20%,1.0,2.0
starxo,MKOI,https://www.vlr.gg/player/565/starxo,EMEA,167348,113041,HavenPICK,bo1,0.72,112.0,7,11,11,0.64,91%,64.0,10%,0.0,2.0
Wolfen,MKOI,https://www.vlr.gg/player/9558/wolfen,EMEA,167348,113041,HavenPICK,bo1,0.64,205.0,14,20,4,0.7,55%,133.0,38%,5.0,5.0
FiNESSE,NRG,https://www.vlr.gg/player/817/finesse,Americas,167348,113041,HavenPICK,bo1,1.25,180.0,12,10,15,1.2,86%,104.0,17%,1.0,0.0
ardiis,NRG,https://www.vlr.gg/player/98/ardiis,Americas,167348,113041,HavenPICK,bo1,1.21,224.0,16,12,3,1.33,77%,136.0,15%,7.0,1.0
crashies,NRG,https://www.vlr.gg/player/4/crashies,Americas,167348,113041,HavenPICK,bo1,1.2,196.0,14,12,11,1.17,77%,139.0,30%,2.0,2.0
s0m,NRG,https://www.vlr.gg/player/4164/s0m,Americas,167348,113041,HavenPICK,bo1,0.97,158.0,12,13,8,0.92,86%,106.0,45%,0.0,4.0
Victor,NRG,https://www.vlr.gg/player/261/victor,Americas,167348,113041,HavenPICK,bo1,0.91,183.0,15,15,1,1.0,68%,124.0,32%,4.0,1.0
Reita,DFM,https://www.vlr.gg/player/1003/reita,Pacific,167349,113043,HavenPICK,bo1,0.99,263.0,15,15,2,1.0,59%,175.0,44%,2.0,3.0
Suggest,DFM,https://www.vlr.gg/player/4559/suggest,Pacific,167349,113043,HavenPICK,bo1,0.83,150.0,10,13,6,0.77,76%,90.0,40%,3.0,1.0
xnfri,DFM,https://www.vlr.gg/player/7718/xnfri,Pacific,167349,113043,HavenPICK,bo1,0.62,102.0,7,13,3,0.54,47%,74.0,26%,0.0,1.0
Anthem,DFM,https://www.vlr.gg/player/6700/anthem,Pacific,167349,113043,HavenPICK,bo1,0.48,128.0,6,14,3,0.43,71%,95.0,30%,0.0,1.0
Seoldam,DFM,https://www.vlr.gg/player/10584/seoldam,Pacific,167349,113043,HavenPICK,bo1,0.22,129.0,7,16,2,0.44,53%,80.0,31%,2.0,4.0
Cloud,GIA,https://www.vlr.gg/player/4181/cloud,EMEA,167349,113043,HavenPICK,bo1,2.04,372.0,26,9,1,2.89,94%,244.0,38%,3.0,1.0
nukkye,GIA,https://www.vlr.gg/player/3070/nukkye,EMEA,167349,113043,HavenPICK,bo1,1.45,216.0,12,8,13,1.5,94%,135.0,25%,1.0,2.0
rhyme,GIA,https://www.vlr.gg/player/10/rhyme,EMEA,167349,113043,HavenPICK,bo1,1.36,204.0,13,8,10,1.62,82%,125.0,36%,1.0,1.0
hoody,GIA,https://www.vlr.gg/player/2690/hoody,EMEA,167349,113043,HavenPICK,bo1,1.15,178.0,10,8,3,1.25,94%,129.0,14%,2.0,1.0
Fit1nho,GIA,https://www.vlr.gg/player/292/fit1nho,EMEA,167349,113043,HavenPICK,bo1,0.84,159.0,10,12,4,0.83,88%,112.0,17%,3.0,2.0
takej,DFM,https://www.vlr.gg/player/1002/takej,Pacific,167349,113044,IceboxPICK,bo1,1.08,197.0,13,13,5,1.0,60%,120.0,42%,2.0,1.0
Anthem,DFM,https://www.vlr.gg/player/6700/anthem,Pacific,167349,113044,IceboxPICK,bo1,0.93,190.0,13,15,3,0.87,65%,121.0,33%,3.0,1.0
xnfri,DFM,https://www.vlr.gg/player/7718/xnfri,Pacific,167349,113044,IceboxPICK,bo1,0.78,200.0,12,17,3,0.71,65%,136.0,16%,1.0,1.0
Reita,DFM,https://www.vlr.gg/player/1003/reita,Pacific,167349,113044,IceboxPICK,bo1,0.77,152.0,10,15,6,0.67,55%,105.0,45%,1.0,5.0
Suggest,DFM,https://www.vlr.gg/player/4559/suggest,Pacific,167349,113044,IceboxPICK,bo1,0.6,159.0,11,18,8,0.61,55%,92.0,22%,1.0,4.0
nukkye,GIA,https://www.vlr.gg/player/3070/nukkye,EMEA,167349,113044,IceboxPICK,bo1,1.38,249.0,20,10,4,2.0,80%,165.0,39%,4.0,2.0
hoody,GIA,https://www.vlr.gg/player/2690/hoody,EMEA,167349,113044,IceboxPICK,bo1,1.3,238.0,17,12,3,1.42,80%,185.0,36%,3.0,1.0
rhyme,GIA,https://www.vlr.gg/player/10/rhyme,EMEA,167349,113044,IceboxPICK,bo1,1.17,198.0,15,13,9,1.15,80%,137.0,37%,2.0,3.0
Cloud,GIA,https://www.vlr.gg/player/4181/cloud,EMEA,167349,113044,IceboxPICK,bo1,1.16,202.0,16,12,4,1.33,85%,146.0,41%,1.0,0.0
Fit1nho,GIA,https://www.vlr.gg/player/292/fit1nho,EMEA,167349,113044,IceboxPICK,bo1,0.85,162.0,10,12,4,0.83,65%,110.0,24%,2.0,2.0
YuChEn,FPX,https://www.vlr.gg/player/4723/yuchen,CN,167351,113049,LotusPICK,bo1,1.1,198.0,12,15,12,0.8,84%,117.0,32%,1.0,2.0
AAAAY,FPX,https://www.vlr.gg/player/19530/aaaay,CN,167351,113049,LotusPICK,bo1,0.99,256.0,16,17,5,0.94,79%,157.0,36%,0.0,3.0
Yuicaw,FPX,https://www.vlr.gg/player/11218/yuicaw,CN,167351,113049,LotusPICK,bo1,0.86,164.0,11,14,2,0.79,47%,125.0,32%,0.0,6.0
nizhaoTZH,FPX,https://www.vlr.gg/player/4880/nizhaotzh,CN,167351,113049,LotusPICK,bo1,0.64,145.0,10,16,3,0.62,58%,85.0,12%,0.0,2.0
BerLIN,FPX,https://www.vlr.gg/player/7857/berlin,CN,167351,113049,LotusPICK,bo1,0.46,118.0,7,17,8,0.41,74%,75.0,13%,1.0,4.0
sh1n,KC,https://www.vlr.gg/player/2625/sh1n,EMEA,167351,113049,LotusPICK,bo1,1.55,288.0,20,11,11,1.82,79%,166.0,20%,4.0,0.0
Nivera,KC,https://www.vlr.gg/player/14669/nivera,EMEA,167351,113049,LotusPICK,bo1,1.54,321.0,21,11,5,1.91,89%,210.0,39%,4.0,0.0
xms,KC,https://www.vlr.gg/player/4603/xms,EMEA,167351,113049,LotusPICK,bo1,1.27,223.0,17,11,4,1.55,74%,136.0,35%,6.0,0.0
Newzera,KC,https://www.vlr.gg/player/2622/newzera,EMEA,167351,113049,LotusPICK,bo1,0.83,96.0,6,9,8,0.67,74%,64.0,29%,0.0,0.0
ScreaM,KC,https://www.vlr.gg/player/92/scream,EMEA,167351,113049,LotusPICK,bo1,0.82,198.0,15,14,5,1.07,68%,126.0,41%,3.0,2.0
Yuicaw,FPX,https://www.vlr.gg/player/11218/yuicaw,CN,167351,113050,HavenPICK,bo1,1.38,235.0,20,11,2,1.82,86%,161.0,22%,3.0,3.0
YuChEn,FPX,https://www.vlr.gg/player/4723/yuchen,CN,167351,113050,HavenPICK,bo1,1.18,216.0,18,13,2,1.38,76%,143.0,27%,2.0,0.0
BerLIN,FPX,https://www.vlr.gg/player/7857/berlin,CN,167351,113050,HavenPICK,bo1,1.11,249.0,17,15,8,1.13,86%,168.0,40%,4.0,3.0
AAAAY,FPX,https://www.vlr.gg/player/19530/aaaay,CN,167351,113050,HavenPICK,bo1,0.94,203.0,15,15,9,1.0,81%,135.0,25%,0.0,1.0
nizhaoTZH,FPX,https://www.vlr.gg/player/4880/nizhaotzh,CN,167351,113050,HavenPICK,bo1,0.68,150.0,11,14,8,0.79,62%,86.0,31%,2.0,3.0
ScreaM,KC,https://www.vlr.gg/player/92/scream,EMEA,167351,113050,HavenPICK,bo1,1.31,273.0,20,16,8,1.25,76%,158.0,33%,2.0,3.0
Nivera,KC,https://www.vlr.gg/player/14669/nivera,EMEA,167351,113050,HavenPICK,bo1,0.88,228.0,16,18,4,0.89,62%,127.0,19%,5.0,4.0
Newzera,KC,https://www.vlr.gg/player/2622/newzera,EMEA,167351,113050,HavenPICK,bo1,0.86,151.0,11,15,7,0.73,76%,92.0,40%,1.0,1.0
xms,KC,https://www.vlr.gg/player/4603/xms,EMEA,167351,113050,HavenPICK,bo1,0.83,144.0,9,15,5,0.6,62%,104.0,30%,0.0,0.0
sh1n,KC,https://www.vlr.gg/player/2625/sh1n,EMEA,167351,113050,HavenPICK,bo1,0.74,170.0,12,18,4,0.67,62%,112.0,22%,2.0,3.0
nizhaoTZH,FPX,https://www.vlr.gg/player/4880/nizhaotzh,CN,167351,113051,Pearl,bo1,1.12,192.0,14,12,5,1.17,68%,97.0,28%,2.0,0.0
YuChEn,FPX,https://www.vlr.gg/player/4723/yuchen,CN,167351,113051,Pearl,bo1,0.84,154.0,10,14,6,0.71,68%,114.0,55%,0.0,5.0
Yuicaw,FPX,https://www.vlr.gg/player/11218/yuicaw,CN,167351,113051,Pearl,bo1,0.78,170.0,11,15,3,0.73,63%,106.0,9%,0.0,3.0
BerLIN,FPX,https://www.vlr.gg/player/7857/berlin,CN,167351,113051,Pearl,bo1,0.75,179.0,10,15,7,0.67,68%,120.0,27%,2.0,4.0
AAAAY,FPX,https://www.vlr.gg/player/19530/aaaay,CN,167351,113051,Pearl,bo1,0.62,147.0,8,17,6,0.47,63%,94.0,33%,1.0,2.0
sh1n,KC,https://www.vlr.gg/player/2625/sh1n,EMEA,167351,113051,Pearl,bo1,1.92,379.0,25,9,4,2.78,84%,239.0,41%,6.0,0.0
Nivera,KC,https://www.vlr.gg/player/14669/nivera,EMEA,167351,113051,Pearl,bo1,1.36,254.0,17,11,6,1.55,79%,149.0,31%,5.0,0.0
ScreaM,KC,https://www.vlr.gg/player/92/scream,EMEA,167351,113051,Pearl,bo1,1.11,217.0,15,12,7,1.25,74%,141.0,52%,1.0,2.0
xms,KC,https://www.vlr.gg/player/4603/xms,EMEA,167351,113051,Pearl,bo1,0.77,114.0,8,10,4,0.8,84%,87.0,31%,0.0,1.0
Newzera,KC,https://www.vlr.gg/player/2622/newzera,EMEA,167351,113051,Pearl,bo1,0.66,114.0,8,11,2,0.73,74%,67.0,42%,2.0,2.0
QutionerX,BBL,https://www.vlr.gg/player/10161/qutionerx,EMEA,167352,113052,PearlPICK,bo1,1.12,242.0,14,13,1,1.08,50%,159.0,52%,2.0,3.0
SouhcNi,BBL,https://www.vlr.gg/player/556/souhcni,EMEA,167352,113052,PearlPICK,bo1,0.72,142.0,8,13,3,0.62,63%,100.0,28%,1.0,3.0
AsLanM4shadoW,BBL,https://www.vlr.gg/player/1481/aslanm4shadow,EMEA,167352,113052,PearlPICK,bo1,0.58,157.0,8,15,4,0.53,56%,111.0,14%,2.0,0.0
Brave,BBL,https://www.vlr.gg/player/8041/brave,EMEA,167352,113052,PearlPICK,bo1,0.54,181.0,10,15,4,0.67,75%,109.0,46%,2.0,2.0
Turko,BBL,https://www.vlr.gg/player/568/turko,EMEA,167352,113052,PearlPICK,bo1,0.47,82.0,4,13,3,0.31,63%,73.0,16%,0.0,1.0
Rb,KRX,https://www.vlr.gg/player/488/rb,Pacific,167352,113052,PearlPICK,bo1,1.68,198.0,12,3,6,4.0,94%,121.0,30%,1.0,0.0
MaKo,KRX,https://www.vlr.gg/player/4462/mako,Pacific,167352,113052,PearlPICK,bo1,1.44,273.0,14,10,12,1.4,94%,157.0,24%,1.0,0.0
BuZz,KRX,https://www.vlr.gg/player/804/buzz,Pacific,167352,113052,PearlPICK,bo1,1.34,311.0,18,11,4,1.64,88%,171.0,14%,6.0,2.0
stax,KRX,https://www.vlr.gg/player/485/stax,Pacific,167352,113052,PearlPICK,bo1,1.08,212.0,12,10,7,1.2,94%,140.0,34%,1.0,3.0
Zest,KRX,https://www.vlr.gg/player/772/zest,Pacific,167352,113052,PearlPICK,bo1,1.03,194.0,13,10,7,1.3,94%,125.0,31%,0.0,2.0
Turko,BBL,https://www.vlr.gg/player/568/turko,EMEA,167352,113053,AscentPICK,bo1,1.49,214.0,20,12,10,1.67,83%,136.0,37%,2.0,1.0
AsLanM4shadoW,BBL,https://www.vlr.gg/player/1481/aslanm4shadow,EMEA,167352,113053,AscentPICK,bo1,0.98,150.0,15,15,1,1.0,71%,114.0,30%,0.0,1.0
Brave,BBL,https://www.vlr.gg/player/8041/brave,EMEA,167352,113053,AscentPICK,bo1,0.94,220.0,17,19,17,0.89,79%,138.0,19%,4.0,1.0
SouhcNi,BBL,https://www.vlr.gg/player/556/souhcni,EMEA,167352,113053,AscentPICK,bo1,0.89,153.0,13,15,10,0.87,75%,102.0,22%,2.0,1.0
QutionerX,BBL,https://www.vlr.gg/player/10161/qutionerx,EMEA,167352,113053,AscentPICK,bo1,0.88,269.0,23,21,4,1.1,63%,163.0,16%,7.0,5.0
stax,KRX,https://www.vlr.gg/player/485/stax,Pacific,167352,113053,AscentPICK,bo1,1.21,229.0,19,17,10,1.12,75%,165.0,30%,0.0,0.0
MaKo,KRX,https://www.vlr.gg/player/4462/mako,Pacific,167352,113053,AscentPICK,bo1,1.18,207.0,15,15,16,1.0,79%,138.0,35%,1.0,2.0
Zest,KRX,https://www.vlr.gg/player/772/zest,Pacific,167352,113053,AscentPICK,bo1,1.05,200.0,17,16,4,1.06,63%,154.0,48%,0.0,3.0
BuZz,KRX,https://www.vlr.gg/player/804/buzz,Pacific,167352,113053,AscentPICK,bo1,0.9,211.0,17,20,3,0.85,67%,133.0,18%,6.0,5.0
Rb,KRX,https://www.vlr.gg/player/488/rb,Pacific,167352,113053,AscentPICK,bo1,0.82,187.0,14,20,13,0.7,79%,113.0,19%,2.0,5.0
Brave,BBL,https://www.vlr.gg/player/8041/brave,EMEA,167352,113054,Haven,bo1,1.1,218.0,14,15,5,0.93,65%,146.0,33%,2.0,3.0
QutionerX,BBL,https://www.vlr.gg/player/10161/qutionerx,EMEA,167352,113054,Haven,bo1,0.9,213.0,14,18,2,0.78,75%,124.0,41%,2.0,4.0
SouhcNi,BBL,https://www.vlr.gg/player/556/souhcni,EMEA,167352,113054,Haven,bo1,0.81,168.0,12,15,4,0.8,60%,104.0,43%,0.0,3.0
AsLanM4shadoW,BBL,https://www.vlr.gg/player/1481/aslanm4shadow,EMEA,167352,113054,Haven,bo1,0.79,140.0,10,14,3,0.71,60%,97.0,26%,0.0,3.0
Turko,BBL,https://www.vlr.gg/player/568/turko,EMEA,167352,113054,Haven,bo1,0.45,90.0,6,16,5,0.38,60%,63.0,31%,0.0,3.0
Rb,KRX,https://www.vlr.gg/player/488/rb,Pacific,167352,113054,Haven,bo1,1.66,291.0,22,9,3,2.44,85%,203.0,32%,5.0,0.0
stax,KRX,https://www.vlr.gg/player/485/stax,Pacific,167352,113054,Haven,bo1,1.2,239.0,18,12,9,1.5,85%,147.0,50%,3.0,0.0
BuZz,KRX,https://www.vlr.gg/player/804/buzz,Pacific,167352,113054,Haven,bo1,1.11,244.0,17,13,5,1.31,75%,172.0,26%,4.0,3.0
MaKo,KRX,https://www.vlr.gg/player/4462/mako,Pacific,167352,113054,Haven,bo1,1.07,157.0,10,11,14,0.91,85%,114.0,28%,2.0,0.0
Zest,KRX,https://www.vlr.gg/player/772/zest,Pacific,167352,113054,Haven,bo1,0.94,151.0,11,11,6,1.0,65%,88.0,33%,2.0,1.0
leaf,C9,https://www.vlr.gg/player/7873/leaf,Americas,167353,113055,LotusPICK,bo1,1.31,222.0,17,11,8,1.55,81%,160.0,20%,1.0,1.0
Xeppaa,C9,https://www.vlr.gg/player/7871/xeppaa,Americas,167353,113055,LotusPICK,bo1,1.29,251.0,21,14,6,1.5,95%,155.0,22%,4.0,0.0
yay,C9,https://www.vlr.gg/player/881/yay,Americas,167353,113055,LotusPICK,bo1,1.25,255.0,19,13,2,1.46,81%,154.0,48%,4.0,3.0
vanity,C9,https://www.vlr.gg/player/7870/vanity,Americas,167353,113055,LotusPICK,bo1,1.23,193.0,14,12,18,1.17,86%,106.0,10%,1.0,0.0
Zellsis,C9,https://www.vlr.gg/player/729/zellsis,Americas,167353,113055,LotusPICK,bo1,0.84,186.0,13,15,7,0.87,76%,145.0,24%,2.0,5.0
Jinggg,PRX,https://www.vlr.gg/player/7378/jinggg,Pacific,167353,113055,LotusPICK,bo1,1.17,227.0,16,15,3,1.07,67%,160.0,14%,0.0,2.0
f0rsakeN,PRX,https://www.vlr.gg/player/9801/f0rsaken,Pacific,167353,113055,LotusPICK,bo1,0.99,240.0,17,17,0,1.0,67%,157.0,35%,6.0,3.0
Benkai,PRX,https://www.vlr.gg/player/9802/benkai,Pacific,167353,113055,LotusPICK,bo1,0.88,173.0,13,17,8,0.76,90%,113.0,24%,1.0,2.0
mindfreak,PRX,https://www.vlr.gg/player/9800/mindfreak,Pacific,167353,113055,LotusPICK,bo1,0.68,164.0,12,19,6,0.63,76%,106.0,10%,2.0,4.0
d4v41,PRX,https://www.vlr.gg/player/9803/d4v41,Pacific,167353,113055,LotusPICK,bo1,0.6,116.0,7,16,13,0.44,71%,85.0,36%,0.0,1.0
leaf,C9,https://www.vlr.gg/player/7873/leaf,Americas,167353,113056,PearlPICK,bo1,1.78,335.0,21,9,4,2.33,88%,218.0,27%,2.0,0.0
Xeppaa,C9,https://www.vlr.gg/player/7871/xeppaa,Americas,167353,113056,PearlPICK,bo1,1.69,305.0,21,8,7,2.62,94%,163.0,28%,2.0,2.0
Zellsis,C9,https://www.vlr.gg/player/729/zellsis,Americas,167353,113056,PearlPICK,bo1,1.16,255.0,13,11,13,1.18,94%,177.0,25%,1.0,1.0
yay,C9,https://www.vlr.gg/player/881/yay,Americas,167353,113056,PearlPICK,bo1,1.06,178.0,11,9,7,1.22,88%,123.0,15%,3.0,2.0
vanity,C9,https://www.vlr.gg/player/7870/vanity,Americas,167353,113056,PearlPICK,bo1,0.91,134.0,8,8,11,1.0,82%,87.0,17%,2.0,2.0
Jinggg,PRX,https://www.vlr.gg/player/7378/jinggg,Pacific,167353,113056,PearlPICK,bo1,0.93,181.0,11,14,5,0.79,71%,153.0,31%,1.0,1.0
mindfreak,PRX,https://www.vlr.gg/player/9800/mindfreak,Pacific,167353,113056,PearlPICK,bo1,0.8,162.0,9,13,5,0.69,76%,109.0,26%,0.0,2.0
d4v41,PRX,https://www.vlr.gg/player/9803/d4v41,Pacific,167353,113056,PearlPICK,bo1,0.66,161.0,9,15,3,0.6,59%,97.0,22%,1.0,2.0
Benkai,PRX,https://www.vlr.gg/player/9802/benkai,Pacific,167353,113056,PearlPICK,bo1,0.55,158.0,8,15,3,0.53,59%,113.0,18%,1.0,2.0
f0rsakeN,PRX,https://www.vlr.gg/player/9801/f0rsaken,Pacific,167353,113056,PearlPICK,bo1,0.54,180.0,8,17,2,0.47,53%,138.0,14%,4.0,3.0
keloqz,TH,https://www.vlr.gg/player/3582/keloqz,EMEA,167354,113058,PearlPICK,bo1,1.32,278.0,23,15,0,1.53,76%,169.0,37%,5.0,4.0
zeek,TH,https://www.vlr.gg/player/562/zeek,EMEA,167354,113058,PearlPICK,bo1,1.06,212.0,14,16,14,0.88,86%,134.0,35%,2.0,3.0
Mixwell,TH,https://www.vlr.gg/player/93/mixwell,EMEA,167354,113058,PearlPICK,bo1,0.95,208.0,14,16,10,0.88,81%,125.0,20%,1.0,0.0
Boo,TH,https://www.vlr.gg/player/1144/boo,EMEA,167354,113058,PearlPICK,bo1,0.93,139.0,11,13,3,0.85,67%,99.0,26%,0.0,3.0
AvovA,TH,https://www.vlr.gg/player/1507/avova,EMEA,167354,113058,PearlPICK,bo1,0.58,122.0,8,17,4,0.47,71%,93.0,31%,3.0,0.0
Ethan,EG,https://www.vlr.gg/player/11225/ethan,Americas,167354,113058,PearlPICK,bo1,1.4,305.0,24,14,9,1.71,86%,180.0,13%,4.0,1.0
C0M,EG,https://www.vlr.gg/player/619/c0m,Americas,167354,113058,PearlPICK,bo1,1.09,199.0,16,15,10,1.07,67%,126.0,12%,1.0,0.0
Boostio,EG,https://www.vlr.gg/player/604/boostio,Americas,167354,113058,PearlPICK,bo1,0.95,171.0,13,11,4,1.18,67%,120.0,22%,0.0,3.0
BcJ,EG,https://www.vlr.gg/player/864/bcj,Americas,167354,113058,PearlPICK,bo1,0.91,147.0,10,14,11,0.71,86%,93.0,9%,0.0,3.0
jawgemo,EG,https://www.vlr.gg/player/3993/jawgemo,Americas,167354,113058,PearlPICK,bo1,0.86,191.0,14,16,5,0.88,81%,119.0,17%,5.0,4.0
Mixwell,TH,https://www.vlr.gg/player/93/mixwell,EMEA,167354,113059,AscentPICK,bo1,1.2,238.0,16,18,16,0.89,76%,150.0,30%,2.0,2.0
zeek,TH,https://www.vlr.gg/player/562/zeek,EMEA,167354,113059,AscentPICK,bo1,1.09,229.0,18,16,0,1.12,57%,159.0,37%,1.0,4.0
keloqz,TH,https://www.vlr.gg/player/3582/keloqz,EMEA,167354,113059,AscentPICK,bo1,0.92,225.0,15,18,5,0.83,76%,142.0,34%,5.0,3.0
AvovA,TH,https://www.vlr.gg/player/1507/avova,EMEA,167354,113059,AscentPICK,bo1,0.67,173.0,12,20,12,0.6,62%,101.0,11%,0.0,2.0
Boo,TH,https://www.vlr.gg/player/1144/boo,EMEA,167354,113059,AscentPICK,bo1,0.6,111.0,8,16,6,0.5,76%,81.0,22%,0.0,2.0
Ethan,EG,https://www.vlr.gg/player/11225/ethan,Americas,167354,113059,AscentPICK,bo1,1.72,301.0,21,11,20,1.91,95%,199.0,19%,3.0,1.0
BcJ,EG,https://www.vlr.gg/player/864/bcj,Americas,167354,113059,AscentPICK,bo1,1.26,234.0,17,13,18,1.31,86%,144.0,16%,2.0,2.0
Boostio,EG,https://www.vlr.gg/player/604/boostio,Americas,167354,113059,AscentPICK,bo1,1.2,251.0,20,14,4,1.43,86%,163.0,26%,0.0,1.0
jawgemo,EG,https://www.vlr.gg/player/3993/jawgemo,Americas,167354,113059,AscentPICK,bo1,1.14,248.0,19,14,4,1.36,76%,152.0,18%,5.0,3.0
C0M,EG,https://www.vlr.gg/player/619/c0m,Americas,167354,113059,AscentPICK,bo1,0.77,168.0,11,17,11,0.65,71%,108.0,6%,3.0,1.0
heat,MIBR,https://www.vlr.gg/player/8673/heat,Americas,167355,113061,HavenPICK,bo1,1.38,309.0,22,16,6,1.38,76%,209.0,32%,3.0,5.0
frz,MIBR,https://www.vlr.gg/player/651/frz,Americas,167355,113061,HavenPICK,bo1,1.27,243.0,18,14,6,1.29,86%,166.0,31%,3.0,0.0
murizzz,MIBR,https://www.vlr.gg/player/783/murizzz,Americas,167355,113061,HavenPICK,bo1,1.18,203.0,17,14,8,1.21,71%,130.0,39%,2.0,2.0
RgLMeister,MIBR,https://www.vlr.gg/player/5351/rglmeister,Americas,167355,113061,HavenPICK,bo1,0.66,183.0,11,17,16,0.65,71%,108.0,22%,1.0,2.0
jzz,MIBR,https://www.vlr.gg/player/13093/jzz,Americas,167355,113061,HavenPICK,bo1,0.43,119.0,9,19,4,0.47,67%,75.0,27%,1.0,2.0
Crws,TLN,https://www.vlr.gg/player/3977/crws,Pacific,167355,113061,HavenPICK,bo1,1.48,278.0,21,12,11,1.75,81%,163.0,34%,4.0,1.0
Sushiboys,TLN,https://www.vlr.gg/player/3342/sushiboys,Pacific,167355,113061,HavenPICK,bo1,1.39,237.0,18,13,5,1.38,81%,157.0,24%,2.0,1.0
garnetS,TLN,https://www.vlr.gg/player/18035/garnets,Pacific,167355,113061,HavenPICK,bo1,0.97,258.0,18,19,5,0.95,71%,172.0,28%,3.0,4.0
foxz,TLN,https://www.vlr.gg/player/6723/foxz,Pacific,167355,113061,HavenPICK,bo1,0.87,199.0,15,16,7,0.94,76%,127.0,28%,0.0,2.0
JitBoyS,TLN,https://www.vlr.gg/player/13788/jitboys,Pacific,167355,113061,HavenPICK,bo1,0.48,113.0,8,17,10,0.47,62%,73.0,32%,2.0,2.0
jzz,MIBR,https://www.vlr.gg/player/13093/jzz,Americas,167355,113062,FracturePICK,bo1,1.45,269.0,23,17,10,1.35,67%,157.0,29%,2.0,0.0
murizzz,MIBR,https://www.vlr.gg/player/783/murizzz,Americas,167355,113062,FracturePICK,bo1,1.09,196.0,15,17,18,0.88,71%,134.0,30%,3.0,3.0
frz,MIBR,https://www.vlr.gg/player/651/frz,Americas,167355,113062,FracturePICK,bo1,1.04,203.0,19,18,7,1.06,71%,133.0,37%,2.0,2.0
RgLMeister,MIBR,https://www.vlr.gg/player/5351/rglmeister,Americas,167355,113062,FracturePICK,bo1,0.98,166.0,12,15,12,0.8,71%,113.0,16%,1.0,1.0
heat,MIBR,https://www.vlr.gg/player/8673/heat,Americas,167355,113062,FracturePICK,bo1,0.73,191.0,15,20,4,0.75,58%,125.0,33%,5.0,5.0
foxz,TLN,https://www.vlr.gg/player/6723/foxz,Pacific,167355,113062,FracturePICK,bo1,1.31,252.0,21,15,11,1.4,71%,171.0,20%,3.0,3.0
JitBoyS,TLN,https://www.vlr.gg/player/13788/jitboys,Pacific,167355,113062,FracturePICK,bo1,1.11,231.0,22,16,4,1.38,67%,122.0,20%,1.0,4.0
Sushiboys,TLN,https://www.vlr.gg/player/3342/sushiboys,Pacific,167355,113062,FracturePICK,bo1,1.02,222.0,19,16,3,1.19,75%,153.0,23%,2.0,2.0
garnetS,TLN,https://www.vlr.gg/player/18035/garnets,Pacific,167355,113062,FracturePICK,bo1,0.88,218.0,16,19,5,0.84,67%,141.0,26%,5.0,2.0
Crws,TLN,https://www.vlr.gg/player/3977/crws,Pacific,167355,113062,FracturePICK,bo1,0.59,132.0,9,18,8,0.5,63%,92.0,22%,0.0,2.0
k1Ng,GEN,https://www.vlr.gg/player/771/k1ng,Pacific,167350,113046,PearlPICK,bo1,1.64,291.0,21,14,9,1.5,77%,187.0,32%,2.0,1.0
eKo,GEN,https://www.vlr.gg/player/1960/eko,Pacific,167350,113046,PearlPICK,bo1,0.96,170.0,12,15,14,0.8,77%,116.0,19%,2.0,1.0
TS,GEN,https://www.vlr.gg/player/983/ts,Pacific,167350,113046,PearlPICK,bo1,0.83,128.0,10,14,12,0.71,64%,78.0,5%,1.0,5.0
Secret,GEN,https://www.vlr.gg/player/4054/secret,Pacific,167350,113046,PearlPICK,bo1,0.77,153.0,13,17,7,0.76,59%,85.0,9%,0.0,1.0
Meteor,GEN,https://www.vlr.gg/player/13039/meteor,Pacific,167350,113046,PearlPICK,bo1,0.77,213.0,15,18,3,0.83,59%,132.0,20%,7.0,2.0
cauanzin,LOUD,https://www.vlr.gg/player/6193/cauanzin,Americas,167350,113046,PearlPICK,bo1,1.36,316.0,25,17,9,1.47,73%,209.0,27%,1.0,1.0
saadhak,LOUD,https://www.vlr.gg/player/727/saadhak,Americas,167350,113046,PearlPICK,bo1,1.31,228.0,16,12,3,1.33,68%,156.0,26%,4.0,3.0
aspas,LOUD,https://www.vlr.gg/player/8480/aspas,Americas,167350,113046,PearlPICK,bo1,1.05,203.0,15,13,5,1.15,68%,127.0,19%,4.0,5.0
Less,LOUD,https://www.vlr.gg/player/8447/less,Americas,167350,113046,PearlPICK,bo1,0.82,169.0,12,15,10,0.8,64%,125.0,34%,1.0,1.0
tuyz,LOUD,https://www.vlr.gg/player/2408/tuyz,Americas,167350,113046,PearlPICK,bo1,0.76,114.0,10,14,8,0.71,73%,64.0,30%,0.0,2.0
TS,GEN,https://www.vlr.gg/player/983/ts,Pacific,167350,113047,FracturePICK,bo1,1.33,258.0,27,18,12,1.5,85%,149.0,19%,3.0,1.0
k1Ng,GEN,https://www.vlr.gg/player/771/k1ng,Pacific,167350,113047,FracturePICK,bo1,1.28,244.0,23,18,14,1.28,88%,156.0,37%,3.0,0.0
Meteor,GEN,https://www.vlr.gg/player/13039/meteor,Pacific,167350,113047,FracturePICK,bo1,1.25,265.0,24,19,7,1.26,77%,173.0,30%,3.0,3.0
Secret,GEN,https://www.vlr.gg/player/4054/secret,Pacific,167350,113047,FracturePICK,bo1,0.65,139.0,12,20,15,0.6,85%,78.0,19%,0.0,4.0
eKo,GEN,https://www.vlr.gg/player/1960/eko,Pacific,167350,113047,FracturePICK,bo1,0.59,146.0,12,20,7,0.6,62%,97.0,13%,3.0,6.0
tuyz,LOUD,https://www.vlr.gg/player/2408/tuyz,Americas,167350,113047,FracturePICK,bo1,1.18,239.0,22,21,12,1.05,81%,158.0,36%,0.0,0.0
Less,LOUD,https://www.vlr.gg/player/8447/less,Americas,167350,113047,FracturePICK,bo1,1.13,195.0,19,18,5,1.06,73%,148.0,25%,4.0,2.0
aspas,LOUD,https://www.vlr.gg/player/8480/aspas,Americas,167350,113047,FracturePICK,bo1,1.05,217.0,20,19,5,1.05,73%,150.0,16%,4.0,3.0
cauanzin,LOUD,https://www.vlr.gg/player/6193/cauanzin,Americas,167350,113047,FracturePICK,bo1,1.03,186.0,16,17,15,0.94,77%,121.0,21%,1.0,2.0
saadhak,LOUD,https://www.vlr.gg/player/727/saadhak,Americas,167350,113047,FracturePICK,bo1,0.85,218.0,18,23,7,0.78,77%,141.0,16%,5.0,5.0
s0m,NRG,https://www.vlr.gg/player/4164/s0m,Americas,167356,113064,LotusPICK,bo1,1.15,211.0,20,18,16,1.11,88%,134.0,38%,1.0,1.0
FiNESSE,NRG,https://www.vlr.gg/player/817/finesse,Americas,167356,113064,LotusPICK,bo1,1.14,252.0,23,19,9,1.21,73%,150.0,17%,5.0,4.0
ardiis,NRG,https://www.vlr.gg/player/98/ardiis,Americas,167356,113064,LotusPICK,bo1,0.81,196.0,16,20,3,0.8,73%,139.0,24%,5.0,2.0
crashies,NRG,https://www.vlr.gg/player/4/crashies,Americas,167356,113064,LotusPICK,bo1,0.79,148.0,12,17,7,0.71,73%,94.0,19%,0.0,0.0
Victor,NRG,https://www.vlr.gg/player/261/victor,Americas,167356,113064,LotusPICK,bo1,0.57,136.0,11,21,9,0.52,65%,89.0,24%,3.0,5.0
Fit1nho,GIA,https://www.vlr.gg/player/292/fit1nho,EMEA,167356,113064,LotusPICK,bo1,1.86,383.0,35,16,8,2.19,77%,243.0,25%,5.0,1.0
nukkye,GIA,https://www.vlr.gg/player/3070/nukkye,EMEA,167356,113064,LotusPICK,bo1,1.37,212.0,19,12,17,1.58,88%,138.0,25%,1.0,0.0
rhyme,GIA,https://www.vlr.gg/player/10/rhyme,EMEA,167356,113064,LotusPICK,bo1,0.92,193.0,17,19,12,0.89,69%,134.0,30%,1.0,6.0
Cloud,GIA,https://www.vlr.gg/player/4181/cloud,EMEA,167356,113064,LotusPICK,bo1,0.79,127.0,12,18,3,0.67,77%,89.0,22%,4.0,3.0
hoody,GIA,https://www.vlr.gg/player/2690/hoody,EMEA,167356,113064,LotusPICK,bo1,0.67,133.0,12,17,3,0.71,65%,98.0,22%,1.0,4.0
crashies,NRG,https://www.vlr.gg/player/4/crashies,Americas,167356,113065,HavenPICK,bo1,1.83,312.0,17,5,4,3.4,79%,187.0,15%,2.0,0.0
Victor,NRG,https://www.vlr.gg/player/261/victor,Americas,167356,113065,HavenPICK,bo1,1.49,249.0,14,6,0,2.33,93%,160.0,30%,1.0,0.0
ardiis,NRG,https://www.vlr.gg/player/98/ardiis,Americas,167356,113065,HavenPICK,bo1,1.49,281.0,14,8,3,1.75,86%,204.0,26%,2.0,2.0
s0m,NRG,https://www.vlr.gg/player/4164/s0m,Americas,167356,113065,HavenPICK,bo1,0.86,149.0,6,8,12,0.75,79%,100.0,18%,0.0,2.0
FiNESSE,NRG,https://www.vlr.gg/player/817/finesse,Americas,167356,113065,HavenPICK,bo1,0.85,170.0,8,10,11,0.8,86%,99.0,9%,1.0,4.0
Cloud,GIA,https://www.vlr.gg/player/4181/cloud,EMEA,167356,113065,HavenPICK,bo1,1.27,238.0,11,11,2,1.0,64%,160.0,37%,3.0,1.0
Fit1nho,GIA,https://www.vlr.gg/player/292/fit1nho,EMEA,167356,113065,HavenPICK,bo1,0.83,212.0,10,11,1,0.91,79%,129.0,36%,4.0,0.0
nukkye,GIA,https://www.vlr.gg/player/3070/nukkye,EMEA,167356,113065,HavenPICK,bo1,0.67,145.0,7,11,7,0.64,64%,116.0,39%,0.0,0.0
hoody,GIA,https://www.vlr.gg/player/2690/hoody,EMEA,167356,113065,HavenPICK,bo1,0.38,145.0,5,13,3,0.38,64%,108.0,30%,0.0,1.0
rhyme,GIA,https://www.vlr.gg/player/10/rhyme,EMEA,167356,113065,HavenPICK,bo1,0.19,89.0,4,13,2,0.31,64%,56.0,40%,1.0,4.0
s0m,NRG,https://www.vlr.gg/player/4164/s0m,Americas,167356,113066,Icebox,bo1,1.6,310.0,23,11,9,2.09,90%,207.0,33%,2.0,2.0
ardiis,NRG,https://www.vlr.gg/player/98/ardiis,Americas,167356,113066,Icebox,bo1,1.41,272.0,20,10,10,2.0,85%,173.0,17%,5.0,4.0
Victor,NRG,https://www.vlr.gg/player/261/victor,Americas,167356,113066,Icebox,bo1,1.21,230.0,16,11,12,1.45,85%,136.0,25%,3.0,0.0
crashies,NRG,https://www.vlr.gg/player/4/crashies,Americas,167356,113066,Icebox,bo1,1.02,160.0,10,11,13,0.91,80%,119.0,19%,3.0,1.0
FiNESSE,NRG,https://www.vlr.gg/player/817/finesse,Americas,167356,113066,Icebox,bo1,0.8,161.0,12,14,4,0.86,85%,103.0,23%,1.0,0.0
hoody,GIA,https://www.vlr.gg/player/2690/hoody,EMEA,167356,113066,Icebox,bo1,1.15,251.0,17,15,4,1.13,60%,159.0,18%,0.0,1.0
Cloud,GIA,https://www.vlr.gg/player/4181/cloud,EMEA,167356,113066,Icebox,bo1,0.99,228.0,15,16,4,0.94,75%,154.0,23%,2.0,0.0
rhyme,GIA,https://www.vlr.gg/player/10/rhyme,EMEA,167356,113066,Icebox,bo1,0.77,131.0,8,15,10,0.53,65%,88.0,30%,1.0,2.0
nukkye,GIA,https://www.vlr.gg/player/3070/nukkye,EMEA,167356,113066,Icebox,bo1,0.73,152.0,10,17,4,0.59,75%,102.0,21%,0.0,1.0
Fit1nho,GIA,https://www.vlr.gg/player/292/fit1nho,EMEA,167356,113066,Icebox,bo1,0.31,101.0,7,18,1,0.39,50%,69.0,25%,3.0,9.0
Less,LOUD,https://www.vlr.gg/player/8447/less,Americas,167357,113067,PearlPICK,bo1,1.81,328.0,26,13,12,2.0,83%,223.0,25%,3.0,1.0
tuyz,LOUD,https://www.vlr.gg/player/2408/tuyz,Americas,167357,113067,PearlPICK,bo1,1.45,225.0,21,12,1,1.75,78%,167.0,37%,1.0,1.0
cauanzin,LOUD,https://www.vlr.gg/player/6193/cauanzin,Americas,167357,113067,PearlPICK,bo1,0.86,187.0,15,18,11,0.83,74%,114.0,19%,3.0,3.0
saadhak,LOUD,https://www.vlr.gg/player/727/saadhak,Americas,167357,113067,PearlPICK,bo1,0.66,170.0,13,18,3,0.72,65%,116.0,26%,2.0,3.0
aspas,LOUD,https://www.vlr.gg/player/8480/aspas,Americas,167357,113067,PearlPICK,bo1,0.46,114.0,9,18,6,0.5,74%,76.0,16%,3.0,3.0
Nivera,KC,https://www.vlr.gg/player/14669/nivera,EMEA,167357,113067,PearlPICK,bo1,1.38,274.0,23,17,10,1.35,91%,165.0,33%,4.0,2.0
sh1n,KC,https://www.vlr.gg/player/2625/sh1n,EMEA,167357,113067,PearlPICK,bo1,1.3,265.0,21,17,8,1.24,87%,169.0,21%,4.0,1.0
Newzera,KC,https://www.vlr.gg/player/2622/newzera,EMEA,167357,113067,PearlPICK,bo1,0.93,195.0,16,17,4,0.94,65%,130.0,55%,3.0,4.0
xms,KC,https://www.vlr.gg/player/4603/xms,EMEA,167357,113067,PearlPICK,bo1,0.79,155.0,10,16,8,0.62,65%,118.0,16%,0.0,0.0
ScreaM,KC,https://www.vlr.gg/player/92/scream,EMEA,167357,113067,PearlPICK,bo1,0.56,117.0,9,17,7,0.53,61%,78.0,28%,0.0,5.0
Less,LOUD,https://www.vlr.gg/player/8447/less,Americas,167357,113068,SplitPICK,bo1,1.54,290.0,23,14,4,1.64,81%,196.0,30%,5.0,1.0
aspas,LOUD,https://www.vlr.gg/player/8480/aspas,Americas,167357,113068,SplitPICK,bo1,1.44,257.0,19,12,4,1.58,81%,176.0,33%,3.0,1.0
saadhak,LOUD,https://www.vlr.gg/player/727/saadhak,Americas,167357,113068,SplitPICK,bo1,0.91,201.0,16,13,3,1.23,71%,117.0,18%,4.0,3.0
cauanzin,LOUD,https://www.vlr.gg/player/6193/cauanzin,Americas,167357,113068,SplitPICK,bo1,0.8,165.0,11,15,9,0.73,71%,106.0,32%,1.0,1.0
tuyz,LOUD,https://www.vlr.gg/player/2408/tuyz,Americas,167357,113068,SplitPICK,bo1,0.62,120.0,7,15,13,0.47,67%,85.0,10%,1.0,1.0
Nivera,KC,https://www.vlr.gg/player/14669/nivera,EMEA,167357,113068,SplitPICK,bo1,1.24,237.0,16,13,12,1.23,86%,146.0,40%,1.0,3.0
Newzera,KC,https://www.vlr.gg/player/2622/newzera,EMEA,167357,113068,SplitPICK,bo1,0.99,140.0,12,12,8,1.0,76%,104.0,38%,0.0,2.0
sh1n,KC,https://www.vlr.gg/player/2625/sh1n,EMEA,167357,113068,SplitPICK,bo1,0.92,280.0,19,19,1,1.0,62%,167.0,32%,4.0,2.0
ScreaM,KC,https://www.vlr.gg/player/92/scream,EMEA,167357,113068,SplitPICK,bo1,0.79,145.0,10,16,7,0.62,57%,107.0,31%,0.0,3.0
xms,KC,https://www.vlr.gg/player/4603/xms,EMEA,167357,113068,SplitPICK,bo1,0.7,153.0,12,17,4,0.71,52%,97.0,30%,2.0,4.0
MaKo,KRX,https://www.vlr.gg/player/4462/mako,Pacific,167358,113070,PearlPICK,bo1,1.2,288.0,14,13,2,1.08,63%,196.0,20%,4.0,2.0
Zest,KRX,https://www.vlr.gg/player/772/zest,Pacific,167358,113070,PearlPICK,bo1,0.58,158.0,7,14,5,0.5,56%,113.0,27%,1.0,0.0
Rb,KRX,https://www.vlr.gg/player/488/rb,Pacific,167358,113070,PearlPICK,bo1,0.55,114.0,7,14,5,0.5,50%,80.0,22%,0.0,1.0
BuZz,KRX,https://www.vlr.gg/player/804/buzz,Pacific,167358,113070,PearlPICK,bo1,0.53,171.0,9,16,1,0.56,50%,101.0,6%,4.0,2.0
stax,KRX,https://www.vlr.gg/player/485/stax,Pacific,167358,113070,PearlPICK,bo1,0.48,149.0,6,15,9,0.4,69%,108.0,28%,1.0,1.0
leaf,C9,https://www.vlr.gg/player/7873/leaf,Americas,167358,113070,PearlPICK,bo1,1.79,314.0,19,8,6,2.38,94%,225.0,35%,1.0,0.0
Zellsis,C9,https://www.vlr.gg/player/729/zellsis,Americas,167358,113070,PearlPICK,bo1,1.59,251.0,14,8,10,1.75,94%,165.0,15%,1.0,1.0
Xeppaa,C9,https://www.vlr.gg/player/7871/xeppaa,Americas,167358,113070,PearlPICK,bo1,1.34,286.0,17,11,6,1.55,69%,174.0,21%,1.0,3.0
vanity,C9,https://www.vlr.gg/player/7870/vanity,Americas,167358,113070,PearlPICK,bo1,1.18,216.0,12,9,12,1.33,88%,119.0,4%,3.0,4.0
yay,C9,https://www.vlr.gg/player/881/yay,Americas,167358,113070,PearlPICK,bo1,1.05,148.0,10,7,3,1.43,69%,93.0,14%,0.0,2.0
MaKo,KRX,https://www.vlr.gg/player/4462/mako,Pacific,167358,113071,HavenPICK,bo1,1.28,194.0,14,11,19,1.27,90%,125.0,38%,1.0,1.0
BuZz,KRX,https://www.vlr.gg/player/804/buzz,Pacific,167358,113071,HavenPICK,bo1,1.17,260.0,18,13,5,1.38,70%,168.0,31%,6.0,4.0
stax,KRX,https://www.vlr.gg/player/485/stax,Pacific,167358,113071,HavenPICK,bo1,1.16,279.0,19,14,6,1.36,75%,187.0,31%,2.0,1.0
Zest,KRX,https://www.vlr.gg/player/772/zest,Pacific,167358,113071,HavenPICK,bo1,1.09,169.0,15,9,4,1.67,80%,109.0,18%,0.0,0.0
Rb,KRX,https://www.vlr.gg/player/488/rb,Pacific,167358,113071,HavenPICK,bo1,1.08,197.0,11,11,6,1.0,75%,165.0,15%,2.0,3.0
yay,C9,https://www.vlr.gg/player/881/yay,Americas,167358,113071,HavenPICK,bo1,1.25,226.0,16,13,1,1.23,55%,144.0,39%,4.0,2.0
Zellsis,C9,https://www.vlr.gg/player/729/zellsis,Americas,167358,113071,HavenPICK,bo1,1.07,219.0,14,15,5,0.93,65%,144.0,11%,2.0,3.0
vanity,C9,https://www.vlr.gg/player/7870/vanity,Americas,167358,113071,HavenPICK,bo1,0.76,151.0,9,17,10,0.53,65%,100.0,18%,1.0,2.0
leaf,C9,https://www.vlr.gg/player/7873/leaf,Americas,167358,113071,HavenPICK,bo1,0.72,155.0,10,16,2,0.62,55%,109.0,20%,1.0,2.0
Xeppaa,C9,https://www.vlr.gg/player/7871/xeppaa,Americas,167358,113071,HavenPICK,bo1,0.59,140.0,9,17,4,0.53,65%,99.0,17%,1.0,2.0
stax,KRX,https://www.vlr.gg/player/485/stax,Pacific,167358,113072,Icebox,bo1,1.81,279.0,16,5,5,3.2,80%,177.0,24%,1.0,1.0
MaKo,KRX,https://www.vlr.gg/player/4462/mako,Pacific,167358,113072,Icebox,bo1,1.49,221.0,10,6,13,1.67,87%,134.0,33%,2.0,0.0
BuZz,KRX,https://www.vlr.gg/player/804/buzz,Pacific,167358,113072,Icebox,bo1,1.32,310.0,17,11,4,1.55,87%,191.0,21%,5.0,2.0
Rb,KRX,https://www.vlr.gg/player/488/rb,Pacific,167358,113072,Icebox,bo1,1.24,231.0,14,8,3,1.75,80%,150.0,18%,1.0,1.0
Zest,KRX,https://www.vlr.gg/player/772/zest,Pacific,167358,113072,Icebox,bo1,0.99,117.0,7,5,2,1.4,80%,68.0,27%,1.0,1.0
yay,C9,https://www.vlr.gg/player/881/yay,Americas,167358,113072,Icebox,bo1,0.92,201.0,11,12,0,0.92,60%,110.0,19%,2.0,2.0
Xeppaa,C9,https://www.vlr.gg/player/7871/xeppaa,Americas,167358,113072,Icebox,bo1,0.85,166.0,9,12,2,0.75,67%,100.0,33%,1.0,0.0
vanity,C9,https://www.vlr.gg/player/7870/vanity,Americas,167358,113072,Icebox,bo1,0.66,145.0,6,13,3,0.46,53%,102.0,11%,0.0,0.0
leaf,C9,https://www.vlr.gg/player/7873/leaf,Americas,167358,113072,Icebox,bo1,0.37,143.0,5,14,6,0.36,67%,100.0,26%,1.0,4.0
Zellsis,C9,https://www.vlr.gg/player/729/zellsis,Americas,167358,113072,Icebox,bo1,0.21,79.0,4,13,2,0.31,47%,50.0,19%,1.0,4.0
Ethan,EG,https://www.vlr.gg/player/11225/ethan,Americas,167359,113073,HavenPICK,bo1,1.08,196.0,16,18,10,0.89,71%,135.0,21%,3.0,1.0
BcJ,EG,https://www.vlr.gg/player/864/bcj,Americas,167359,113073,HavenPICK,bo1,1.05,196.0,15,17,12,0.88,67%,131.0,16%,1.0,5.0
Boostio,EG,https://www.vlr.gg/player/604/boostio,Americas,167359,113073,HavenPICK,bo1,0.87,183.0,14,18,4,0.78,79%,118.0,18%,1.0,1.0
C0M,EG,https://www.vlr.gg/player/619/c0m,Americas,167359,113073,HavenPICK,bo1,0.85,157.0,13,17,18,0.76,75%,90.0,16%,1.0,5.0
jawgemo,EG,https://www.vlr.gg/player/3993/jawgemo,Americas,167359,113073,HavenPICK,bo1,0.84,192.0,17,19,3,0.89,58%,116.0,19%,3.0,3.0
JitBoyS,TLN,https://www.vlr.gg/player/13788/jitboys,Pacific,167359,113073,HavenPICK,bo1,1.45,276.0,24,14,10,1.71,96%,177.0,40%,2.0,2.0
garnetS,TLN,https://www.vlr.gg/player/18035/garnets,Pacific,167359,113073,HavenPICK,bo1,1.22,256.0,21,16,3,1.31,79%,159.0,19%,6.0,0.0
Sushiboys,TLN,https://www.vlr.gg/player/3342/sushiboys,Pacific,167359,113073,HavenPICK,bo1,0.99,155.0,14,13,4,1.08,79%,119.0,26%,1.0,3.0
foxz,TLN,https://www.vlr.gg/player/6723/foxz,Pacific,167359,113073,HavenPICK,bo1,0.97,192.0,16,15,5,1.07,71%,130.0,18%,3.0,2.0
Crws,TLN,https://www.vlr.gg/player/3977/crws,Pacific,167359,113073,HavenPICK,bo1,0.95,193.0,14,17,16,0.82,79%,125.0,32%,3.0,2.0
jawgemo,EG,https://www.vlr.gg/player/3993/jawgemo,Americas,167359,113074,SplitPICK,bo1,1.33,251.0,20,16,5,1.25,74%,177.0,21%,6.0,3.0
BcJ,EG,https://www.vlr.gg/player/864/bcj,Americas,167359,113074,SplitPICK,bo1,1.02,192.0,14,16,9,0.88,74%,123.0,26%,1.0,2.0
C0M,EG,https://www.vlr.gg/player/619/c0m,Americas,167359,113074,SplitPICK,bo1,0.99,206.0,16,17,15,0.94,70%,131.0,17%,1.0,3.0
Boostio,EG,https://www.vlr.gg/player/604/boostio,Americas,167359,113074,SplitPICK,bo1,0.99,216.0,18,18,2,1.0,70%,144.0,21%,3.0,2.0
Ethan,EG,https://www.vlr.gg/player/11225/ethan,Americas,167359,113074,SplitPICK,bo1,0.69,148.0,10,18,9,0.56,74%,96.0,10%,1.0,1.0
garnetS,TLN,https://www.vlr.gg/player/18035/garnets,Pacific,167359,113074,SplitPICK,bo1,1.14,244.0,20,15,5,1.33,78%,171.0,19%,3.0,3.0
JitBoyS,TLN,https://www.vlr.gg/player/13788/jitboys,Pacific,167359,113074,SplitPICK,bo1,1.11,231.0,19,16,9,1.19,70%,147.0,33%,2.0,0.0
foxz,TLN,https://www.vlr.gg/player/6723/foxz,Pacific,167359,113074,SplitPICK,bo1,1.1,204.0,15,15,7,1.0,70%,137.0,25%,1.0,2.0
Sushiboys,TLN,https://www.vlr.gg/player/3342/sushiboys,Pacific,167359,113074,SplitPICK,bo1,0.94,164.0,15,14,4,1.07,78%,104.0,28%,2.0,3.0
Crws,TLN,https://www.vlr.gg/player/3977/crws,Pacific,167359,113074,SplitPICK,bo1,0.83,200.0,16,18,5,0.89,70%,121.0,13%,3.0,4.0
s0m,NRG,https://www.vlr.gg/player/4164/s0m,Americas,167360,113076,SplitPICK,bo1,0.98,201.0,11,13,5,0.85,69%,132.0,44%,2.0,1.0
ardiis,NRG,https://www.vlr.gg/player/98/ardiis,Americas,167360,113076,SplitPICK,bo1,0.82,180.0,9,14,7,0.64,50%,118.0,29%,3.0,2.0
crashies,NRG,https://www.vlr.gg/player/4/crashies,Americas,167360,113076,SplitPICK,bo1,0.68,170.0,10,13,0,0.77,75%,105.0,15%,0.0,1.0
Victor,NRG,https://www.vlr.gg/player/261/victor,Americas,167360,113076,SplitPICK,bo1,0.61,171.0,10,15,1,0.67,63%,100.0,12%,3.0,3.0
FiNESSE,NRG,https://www.vlr.gg/player/817/finesse,Americas,167360,113076,SplitPICK,bo1,0.43,149.0,4,16,8,0.25,63%,111.0,13%,1.0,0.0
tuyz,LOUD,https://www.vlr.gg/player/2408/tuyz,Americas,167360,113076,SplitPICK,bo1,1.9,280.0,20,6,9,3.33,88%,180.0,25%,0.0,0.0
aspas,LOUD,https://www.vlr.gg/player/8480/aspas,Americas,167360,113076,SplitPICK,bo1,1.47,309.0,19,10,0,1.9,81%,200.0,28%,4.0,2.0
saadhak,LOUD,https://www.vlr.gg/player/727/saadhak,Americas,167360,113076,SplitPICK,bo1,1.21,240.0,13,10,6,1.3,81%,156.0,18%,0.0,3.0
cauanzin,LOUD,https://www.vlr.gg/player/6193/cauanzin,Americas,167360,113076,SplitPICK,bo1,1.09,191.0,10,10,11,1.0,88%,126.0,33%,1.0,1.0
Less,LOUD,https://www.vlr.gg/player/8447/less,Americas,167360,113076,SplitPICK,bo1,0.86,162.0,9,9,5,1.0,81%,115.0,21%,2.0,3.0
crashies,NRG,https://www.vlr.gg/player/4/crashies,Americas,167360,113077,PearlPICK,bo1,1.46,284.0,29,18,6,1.61,75%,185.0,18%,2.0,2.0
ardiis,NRG,https://www.vlr.gg/player/98/ardiis,Americas,167360,113077,PearlPICK,bo1,1.38,283.0,27,20,12,1.35,89%,200.0,18%,3.0,4.0
Victor,NRG,https://www.vlr.gg/player/261/victor,Americas,167360,113077,PearlPICK,bo1,1.1,198.0,16,17,24,0.94,82%,125.0,18%,2.0,0.0
s0m,NRG,https://www.vlr.gg/player/4164/s0m,Americas,167360,113077,PearlPICK,bo1,0.8,171.0,17,22,10,0.77,75%,123.0,25%,3.0,4.0
FiNESSE,NRG,https://www.vlr.gg/player/817/finesse,Americas,167360,113077,PearlPICK,bo1,0.7,182.0,18,22,4,0.82,57%,107.0,13%,3.0,5.0
Less,LOUD,https://www.vlr.gg/player/8447/less,Americas,167360,113077,PearlPICK,bo1,1.32,266.0,27,19,3,1.42,75%,169.0,27%,2.0,1.0
cauanzin,LOUD,https://www.vlr.gg/player/6193/cauanzin,Americas,167360,113077,PearlPICK,bo1,1.13,235.0,23,21,6,1.1,75%,166.0,22%,2.0,4.0
aspas,LOUD,https://www.vlr.gg/player/8480/aspas,Americas,167360,113077,PearlPICK,bo1,1.07,216.0,21,21,5,1.0,61%,142.0,32%,6.0,4.0
tuyz,LOUD,https://www.vlr.gg/player/2408/tuyz,Americas,167360,113077,PearlPICK,bo1,0.76,162.0,15,22,12,0.68,68%,112.0,25%,1.0,0.0
saadhak,LOUD,https://www.vlr.gg/player/727/saadhak,Americas,167360,113077,PearlPICK,bo1,0.61,168.0,13,24,8,0.54,64%,116.0,16%,4.0,4.0
crashies,NRG,https://www.vlr.gg/player/4/crashies,Americas,167360,113078,Fracture,bo1,1.36,268.0,33,24,9,1.38,79%,172.0,31%,4.0,0.0
s0m,NRG,https://www.vlr.gg/player/4164/s0m,Americas,167360,113078,Fracture,bo1,1.13,201.0,22,20,18,1.1,79%,122.0,17%,3.0,4.0
ardiis,NRG,https://www.vlr.gg/player/98/ardiis,Americas,167360,113078,Fracture,bo1,1.04,236.0,29,25,2,1.16,74%,145.0,20%,8.0,4.0
FiNESSE,NRG,https://www.vlr.gg/player/817/finesse,Americas,167360,113078,Fracture,bo1,0.93,204.0,22,26,10,0.85,71%,149.0,20%,3.0,1.0
Victor,NRG,https://www.vlr.gg/player/261/victor,Americas,167360,113078,Fracture,bo1,0.53,134.0,12,28,16,0.43,71%,98.0,15%,2.0,5.0
aspas,LOUD,https://www.vlr.gg/player/8480/aspas,Americas,167360,113078,Fracture,bo1,1.2,255.0,30,24,7,1.25,79%,159.0,23%,8.0,3.0
tuyz,LOUD,https://www.vlr.gg/player/2408/tuyz,Americas,167360,113078,Fracture,bo1,1.14,197.0,25,22,14,1.14,71%,130.0,29%,0.0,1.0
cauanzin,LOUD,https://www.vlr.gg/player/6193/cauanzin,Americas,167360,113078,Fracture,bo1,1.11,206.0,23,22,16,1.05,74%,130.0,17%,0.0,1.0
Less,LOUD,https://www.vlr.gg/player/8447/less,Americas,167360,113078,Fracture,bo1,1.09,204.0,26,22,7,1.18,74%,141.0,24%,3.0,4.0
saadhak,LOUD,https://www.vlr.gg/player/727/saadhak,Americas,167360,113078,Fracture,bo1,0.73,184.0,19,28,8,0.68,68%,129.0,19%,3.0,11.0
MaKo,KRX,https://www.vlr.gg/player/4462/mako,Pacific,167361,113079,FracturePICK,bo1,1.12,253.0,17,16,8,1.06,65%,164.0,18%,3.0,2.0
Zest,KRX,https://www.vlr.gg/player/772/zest,Pacific,167361,113079,FracturePICK,bo1,1.05,222.0,19,18,8,1.06,83%,133.0,30%,1.0,4.0
stax,KRX,https://www.vlr.gg/player/485/stax,Pacific,167361,113079,FracturePICK,bo1,1.02,199.0,16,16,8,1.0,78%,124.0,33%,2.0,1.0
BuZz,KRX,https://www.vlr.gg/player/804/buzz,Pacific,167361,113079,FracturePICK,bo1,0.93,203.0,17,16,3,1.06,70%,124.0,16%,2.0,5.0
Rb,KRX,https://www.vlr.gg/player/488/rb,Pacific,167361,113079,FracturePICK,bo1,0.56,99.0,8,17,12,0.47,65%,66.0,33%,0.0,3.0
foxz,TLN,https://www.vlr.gg/player/6723/foxz,Pacific,167361,113079,FracturePICK,bo1,1.35,202.0,17,14,10,1.21,70%,137.0,33%,2.0,0.0
Sushiboys,TLN,https://www.vlr.gg/player/3342/sushiboys,Pacific,167361,113079,FracturePICK,bo1,1.28,261.0,21,15,4,1.4,74%,168.0,23%,5.0,1.0
garnetS,TLN,https://www.vlr.gg/player/18035/garnets,Pacific,167361,113079,FracturePICK,bo1,1.16,230.0,20,16,3,1.25,74%,152.0,27%,4.0,3.0
Crws,TLN,https://www.vlr.gg/player/3977/crws,Pacific,167361,113079,FracturePICK,bo1,0.99,227.0,16,17,10,0.94,70%,155.0,17%,4.0,2.0
JitBoyS,TLN,https://www.vlr.gg/player/13788/jitboys,Pacific,167361,113079,FracturePICK,bo1,0.72,121.0,9,15,7,0.6,74%,94.0,42%,0.0,2.0
Zest,KRX,https://www.vlr.gg/player/772/zest,Pacific,167361,113080,AscentPICK,bo1,1.46,239.0,16,10,5,1.6,68%,149.0,41%,1.0,1.0
MaKo,KRX,https://www.vlr.gg/player/4462/mako,Pacific,167361,113080,AscentPICK,bo1,1.46,270.0,18,10,13,1.8,89%,186.0,34%,3.0,1.0
Rb,KRX,https://www.vlr.gg/player/488/rb,Pacific,167361,113080,AscentPICK,bo1,1.42,250.0,18,10,7,1.8,74%,157.0,29%,2.0,1.0
BuZz,KRX,https://www.vlr.gg/player/804/buzz,Pacific,167361,113080,AscentPICK,bo1,1.33,240.0,16,12,4,1.33,74%,159.0,22%,3.0,1.0
stax,KRX,https://www.vlr.gg/player/485/stax,Pacific,167361,113080,AscentPICK,bo1,0.51,124.0,7,16,12,0.44,74%,77.0,15%,1.0,5.0
foxz,TLN,https://www.vlr.gg/player/6723/foxz,Pacific,167361,113080,AscentPICK,bo1,1.27,259.0,17,13,4,1.31,79%,166.0,27%,1.0,1.0
garnetS,TLN,https://www.vlr.gg/player/18035/garnets,Pacific,167361,113080,AscentPICK,bo1,0.87,201.0,14,15,0,0.93,58%,132.0,19%,5.0,3.0
Crws,TLN,https://www.vlr.gg/player/3977/crws,Pacific,167361,113080,AscentPICK,bo1,0.86,148.0,10,15,9,0.67,68%,114.0,28%,0.0,1.0
JitBoyS,TLN,https://www.vlr.gg/player/13788/jitboys,Pacific,167361,113080,AscentPICK,bo1,0.62,180.0,10,17,9,0.59,68%,110.0,43%,3.0,2.0
Sushiboys,TLN,https://www.vlr.gg/player/3342/sushiboys,Pacific,167361,113080,AscentPICK,bo1,0.45,115.0,6,15,6,0.4,53%,89.0,16%,0.0,3.0
MaKo,KRX,https://www.vlr.gg/player/4462/mako,Pacific,167361,113081,Icebox,bo1,1.54,268.0,21,13,15,1.62,78%,182.0,21%,4.0,1.0
Rb,KRX,https://www.vlr.gg/player/488/rb,Pacific,167361,113081,Icebox,bo1,1.2,231.0,19,13,4,1.46,83%,143.0,27%,4.0,1.0
BuZz,KRX,https://www.vlr.gg/player/804/buzz,Pacific,167361,113081,Icebox,bo1,1.04,226.0,19,14,4,1.36,78%,134.0,13%,2.0,6.0
Zest,KRX,https://www.vlr.gg/player/772/zest,Pacific,167361,113081,Icebox,bo1,0.95,188.0,14,15,6,0.93,87%,125.0,24%,0.0,2.0
stax,KRX,https://www.vlr.gg/player/485/stax,Pacific,167361,113081,Icebox,bo1,0.94,168.0,14,15,9,0.93,78%,108.0,25%,1.0,2.0
foxz,TLN,https://www.vlr.gg/player/6723/foxz,Pacific,167361,113081,Icebox,bo1,1.16,212.0,15,15,5,1.0,70%,156.0,17%,2.0,1.0
garnetS,TLN,https://www.vlr.gg/player/18035/garnets,Pacific,167361,113081,Icebox,bo1,1.08,203.0,19,17,3,1.12,65%,137.0,37%,4.0,2.0
Sushiboys,TLN,https://www.vlr.gg/player/3342/sushiboys,Pacific,167361,113081,Icebox,bo1,0.72,156.0,12,18,5,0.67,74%,115.0,16%,3.0,4.0
Crws,TLN,https://www.vlr.gg/player/3977/crws,Pacific,167361,113081,Icebox,bo1,0.67,138.0,10,18,6,0.56,65%,104.0,18%,3.0,2.0
JitBoyS,TLN,https://www.vlr.gg/player/13788/jitboys,Pacific,167361,113081,Icebox,bo1,0.66,155.0,14,19,7,0.74,65%,84.0,32%,0.0,2.0
Redgar,TL,https://www.vlr.gg/player/1427/redgar,EMEA,167362,113082,IceboxPICK,bo1,1.4,309.0,20,15,6,1.33,76%,202.0,31%,5.0,3.0
Sayf,TL,https://www.vlr.gg/player/312/sayf,EMEA,167362,113082,IceboxPICK,bo1,1.07,220.0,18,14,3,1.29,76%,151.0,30%,2.0,0.0
Jamppi,TL,https://www.vlr.gg/player/9780/jamppi,EMEA,167362,113082,IceboxPICK,bo1,0.97,234.0,15,17,7,0.88,86%,143.0,17%,4.0,2.0
nAts,TL,https://www.vlr.gg/player/457/nats,EMEA,167362,113082,IceboxPICK,bo1,0.95,176.0,14,16,10,0.88,76%,108.0,32%,0.0,2.0
soulcas,TL,https://www.vlr.gg/player/101/soulcas,EMEA,167362,113082,IceboxPICK,bo1,0.47,119.0,10,16,3,0.62,52%,72.0,35%,1.0,2.0
JessieVash,TS,https://www.vlr.gg/player/2334/jessievash,Pacific,167362,113082,IceboxPICK,bo1,1.32,296.0,21,17,8,1.24,81%,203.0,30%,5.0,2.0
invy,TS,https://www.vlr.gg/player/8504/invy,Pacific,167362,113082,IceboxPICK,bo1,1.29,263.0,21,16,7,1.31,76%,161.0,28%,1.0,3.0
DubsteP,TS,https://www.vlr.gg/player/2679/dubstep,Pacific,167362,113082,IceboxPICK,bo1,1.05,178.0,14,13,4,1.08,86%,132.0,18%,2.0,4.0
Jremy,TS,https://www.vlr.gg/player/7405/jremy,Pacific,167362,113082,IceboxPICK,bo1,0.88,158.0,13,15,10,0.87,71%,90.0,13%,1.0,1.0
BORKUM,TS,https://www.vlr.gg/player/2333/borkum,Pacific,167362,113082,IceboxPICK,bo1,0.8,156.0,9,16,16,0.56,71%,107.0,19%,0.0,2.0
nAts,TL,https://www.vlr.gg/player/457/nats,EMEA,167362,113083,FracturePICK,bo1,1.57,340.0,26,14,3,1.86,80%,203.0,36%,0.0,3.0
Jamppi,TL,https://www.vlr.gg/player/9780/jamppi,EMEA,167362,113083,FracturePICK,bo1,1.01,257.0,17,16,3,1.06,55%,153.0,12%,3.0,4.0
soulcas,TL,https://www.vlr.gg/player/101/soulcas,EMEA,167362,113083,FracturePICK,bo1,0.57,106.0,6,14,7,0.43,60%,68.0,16%,0.0,2.0
Sayf,TL,https://www.vlr.gg/player/312/sayf,EMEA,167362,113083,FracturePICK,bo1,0.52,125.0,8,17,6,0.47,50%,78.0,20%,1.0,1.0
Redgar,TL,https://www.vlr.gg/player/1427/redgar,EMEA,167362,113083,FracturePICK,bo1,0.32,102.0,5,17,7,0.29,60%,60.0,20%,2.0,4.0
invy,TS,https://www.vlr.gg/player/8504/invy,Pacific,167362,113083,FracturePICK,bo1,1.53,246.0,18,10,11,1.8,100%,158.0,21%,1.0,0.0
Jremy,TS,https://www.vlr.gg/player/7405/jremy,Pacific,167362,113083,FracturePICK,bo1,1.34,263.0,19,14,4,1.36,90%,160.0,8%,6.0,0.0
JessieVash,TS,https://www.vlr.gg/player/2334/jessievash,Pacific,167362,113083,FracturePICK,bo1,1.27,250.0,18,14,9,1.29,80%,153.0,20%,1.0,2.0
DubsteP,TS,https://www.vlr.gg/player/2679/dubstep,Pacific,167362,113083,FracturePICK,bo1,1.2,186.0,14,10,7,1.4,75%,113.0,27%,4.0,1.0
BORKUM,TS,https://www.vlr.gg/player/2333/borkum,Pacific,167362,113083,FracturePICK,bo1,0.78,152.0,9,14,16,0.64,65%,83.0,15%,2.0,3.0
Zyppan,NAVI,https://www.vlr.gg/player/11/zyppan,EMEA,167363,113085,AscentPICK,bo1,1.7,278.0,18,8,12,2.25,83%,171.0,39%,5.0,0.0
ANGE1,NAVI,https://www.vlr.gg/player/109/ange1,EMEA,167363,113085,AscentPICK,bo1,1.6,278.0,18,8,13,2.25,89%,188.0,44%,1.0,1.0
Shao,NAVI,https://www.vlr.gg/player/384/shao,EMEA,167363,113085,AscentPICK,bo1,1.39,189.0,12,6,11,2.0,94%,116.0,46%,2.0,2.0
cNed,NAVI,https://www.vlr.gg/player/573/cned,EMEA,167363,113085,AscentPICK,bo1,1.32,237.0,14,9,7,1.56,89%,172.0,33%,2.0,4.0
SUYGETSU,NAVI,https://www.vlr.gg/player/2858/suygetsu,EMEA,167363,113085,AscentPICK,bo1,0.91,149.0,11,10,6,1.1,72%,106.0,29%,0.0,1.0
axeddy,KRÜ,https://www.vlr.gg/player/2021/axeddy,Americas,167363,113085,AscentPICK,bo1,0.88,194.0,12,14,5,0.86,56%,116.0,15%,2.0,2.0
Melser,KRÜ,https://www.vlr.gg/player/1311/melser,Americas,167363,113085,AscentPICK,bo1,0.63,123.0,7,15,6,0.47,67%,83.0,24%,0.0,3.0
xand,KRÜ,https://www.vlr.gg/player/681/xand,Americas,167363,113085,AscentPICK,bo1,0.61,131.0,7,16,10,0.44,72%,88.0,28%,3.0,2.0
DaveeyS,KRÜ,https://www.vlr.gg/player/2764/daveeys,Americas,167363,113085,AscentPICK,bo1,0.59,127.0,8,14,1,0.57,44%,98.0,33%,0.0,2.0
NagZ,KRÜ,https://www.vlr.gg/player/1294/nagz,Americas,167363,113085,AscentPICK,bo1,0.56,120.0,7,14,2,0.5,56%,89.0,17%,3.0,1.0
Zyppan,NAVI,https://www.vlr.gg/player/11/zyppan,EMEA,167363,113086,LotusPICK,bo1,1.58,317.0,26,16,8,1.62,91%,219.0,45%,3.0,1.0
ANGE1,NAVI,https://www.vlr.gg/player/109/ange1,EMEA,167363,113086,LotusPICK,bo1,1.44,328.0,27,15,13,1.8,78%,192.0,42%,4.0,5.0
Shao,NAVI,https://www.vlr.gg/player/384/shao,EMEA,167363,113086,LotusPICK,bo1,1.09,117.0,12,8,4,1.5,87%,96.0,29%,1.0,1.0
cNed,NAVI,https://www.vlr.gg/player/573/cned,EMEA,167363,113086,LotusPICK,bo1,1.08,218.0,17,14,6,1.21,74%,150.0,14%,2.0,1.0
SUYGETSU,NAVI,https://www.vlr.gg/player/2858/suygetsu,EMEA,167363,113086,LotusPICK,bo1,0.73,150.0,9,13,5,0.69,78%,103.0,24%,2.0,3.0
xand,KRÜ,https://www.vlr.gg/player/681/xand,Americas,167363,113086,LotusPICK,bo1,1.09,227.0,18,18,5,1.0,61%,146.0,36%,3.0,5.0
DaveeyS,KRÜ,https://www.vlr.gg/player/2764/daveeys,Americas,167363,113086,LotusPICK,bo1,1.07,240.0,19,19,4,1.0,78%,165.0,22%,5.0,1.0
Melser,KRÜ,https://www.vlr.gg/player/1311/melser,Americas,167363,113086,LotusPICK,bo1,0.83,147.0,13,17,5,0.76,70%,88.0,43%,3.0,3.0
axeddy,KRÜ,https://www.vlr.gg/player/2021/axeddy,Americas,167363,113086,LotusPICK,bo1,0.61,134.0,9,18,10,0.5,65%,94.0,27%,0.0,2.0
NagZ,KRÜ,https://www.vlr.gg/player/1294/nagz,Americas,167363,113086,LotusPICK,bo1,0.44,93.0,7,19,1,0.37,61%,70.0,18%,0.0,1.0
Dep,ZETA,https://www.vlr.gg/player/424/dep,Pacific,167364,113088,AscentPICK,bo1,0.82,163.0,11,14,0,0.79,47%,106.0,48%,0.0,3.0
SugarZ3ro,ZETA,https://www.vlr.gg/player/6668/sugarz3ro,Pacific,167364,113088,AscentPICK,bo1,0.7,155.0,7,14,10,0.5,71%,101.0,18%,1.0,1.0
Laz,ZETA,https://www.vlr.gg/player/999/laz,Pacific,167364,113088,AscentPICK,bo1,0.59,134.0,6,12,2,0.5,59%,91.0,21%,1.0,0.0
TENNN,ZETA,https://www.vlr.gg/player/1395/tennn,Pacific,167364,113088,AscentPICK,bo1,0.59,156.0,8,15,5,0.53,53%,93.0,25%,2.0,6.0
crow,ZETA,https://www.vlr.gg/player/1000/crow,Pacific,167364,113088,AscentPICK,bo1,0.36,103.0,5,15,3,0.33,53%,81.0,21%,0.0,3.0
Mazino,LEV,https://www.vlr.gg/player/7603/mazino,Americas,167364,113088,AscentPICK,bo1,1.9,305.0,19,5,13,3.8,88%,188.0,29%,3.0,0.0
Shyy,LEV,https://www.vlr.gg/player/24007/shyy,Americas,167364,113088,AscentPICK,bo1,1.41,238.0,13,7,4,1.86,94%,157.0,14%,6.0,0.0
kiNgg,LEV,https://www.vlr.gg/player/8549/kingg,Americas,167364,113088,AscentPICK,bo1,1.18,227.0,14,9,7,1.56,82%,137.0,43%,2.0,2.0
Tacolilla,LEV,https://www.vlr.gg/player/3828/tacolilla,Americas,167364,113088,AscentPICK,bo1,1.16,243.0,15,9,2,1.67,82%,146.0,16%,2.0,2.0
nzr,LEV,https://www.vlr.gg/player/725/nzr,Americas,167364,113088,AscentPICK,bo1,0.92,127.0,9,7,3,1.29,82%,88.0,20%,0.0,0.0
Laz,ZETA,https://www.vlr.gg/player/999/laz,Pacific,167364,113089,PearlPICK,bo1,1.13,209.0,18,14,4,1.29,79%,159.0,36%,1.0,1.0
SugarZ3ro,ZETA,https://www.vlr.gg/player/6668/sugarz3ro,Pacific,167364,113089,PearlPICK,bo1,1.11,201.0,17,16,6,1.06,75%,137.0,49%,0.0,1.0
crow,ZETA,https://www.vlr.gg/player/1000/crow,Pacific,167364,113089,PearlPICK,bo1,0.79,168.0,12,18,13,0.67,75%,98.0,21%,2.0,2.0
Dep,ZETA,https://www.vlr.gg/player/424/dep,Pacific,167364,113089,PearlPICK,bo1,0.79,194.0,15,16,4,0.94,67%,118.0,26%,4.0,7.0
TENNN,ZETA,https://www.vlr.gg/player/1395/tennn,Pacific,167364,113089,PearlPICK,bo1,0.49,109.0,9,19,3,0.47,58%,78.0,21%,1.0,6.0
kiNgg,LEV,https://www.vlr.gg/player/8549/kingg,Americas,167364,113089,PearlPICK,bo1,1.43,223.0,20,11,8,1.82,88%,159.0,23%,4.0,0.0
Shyy,LEV,https://www.vlr.gg/player/24007/shyy,Americas,167364,113089,PearlPICK,bo1,1.22,220.0,20,14,3,1.43,71%,146.0,22%,2.0,0.0
Mazino,LEV,https://www.vlr.gg/player/7603/mazino,Americas,167364,113089,PearlPICK,bo1,1.11,236.0,21,16,10,1.31,79%,135.0,46%,2.0,3.0
nzr,LEV,https://www.vlr.gg/player/725/nzr,Americas,167364,113089,PearlPICK,bo1,0.98,171.0,12,15,10,0.8,71%,110.0,21%,4.0,0.0
Tacolilla,LEV,https://www.vlr.gg/player/3828/tacolilla,Americas,167364,113089,PearlPICK,bo1,0.71,134.0,10,15,3,0.67,67%,91.0,12%,4.0,4.0
Twisten,VIT,https://www.vlr.gg/player/1137/twisten,EMEA,167365,113091,SplitPICK,bo1,1.74,330.0,23,8,2,2.88,94%,206.0,25%,3.0,1.0
Destrian,VIT,https://www.vlr.gg/player/1615/destrian,EMEA,167365,113091,SplitPICK,bo1,1.57,224.0,13,6,9,2.17,82%,134.0,34%,3.0,0.0
MOLSI,VIT,https://www.vlr.gg/player/1281/molsi,EMEA,167365,113091,SplitPICK,bo1,1.33,295.0,18,12,8,1.5,88%,204.0,23%,0.0,2.0
ceNder,VIT,https://www.vlr.gg/player/4321/cender,EMEA,167365,113091,SplitPICK,bo1,1.32,269.0,17,10,4,1.7,76%,151.0,28%,3.0,2.0
BONECOLD,VIT,https://www.vlr.gg/player/3672/bonecold,EMEA,167365,113091,SplitPICK,bo1,0.77,117.0,6,10,9,0.6,76%,86.0,35%,1.0,2.0
Bazzi,GE,https://www.vlr.gg/player/805/bazzi,Pacific,167365,113091,SplitPICK,bo1,0.92,221.0,11,15,5,0.73,65%,137.0,13%,1.0,0.0
AYRIN,GE,https://www.vlr.gg/player/824/ayrin,Pacific,167365,113091,SplitPICK,bo1,0.79,211.0,12,16,4,0.75,59%,121.0,19%,3.0,2.0
Monyet,GE,https://www.vlr.gg/player/8497/monyet,Pacific,167365,113091,SplitPICK,bo1,0.67,152.0,8,14,6,0.57,47%,99.0,14%,2.0,3.0
t3xture,GE,https://www.vlr.gg/player/9196/t3xture,Pacific,167365,113091,SplitPICK,bo1,0.61,154.0,10,16,1,0.62,71%,98.0,28%,1.0,4.0
SkRossi,GE,https://www.vlr.gg/player/4095/skrossi,Pacific,167365,113091,SplitPICK,bo1,0.31,85.0,5,16,4,0.31,65%,67.0,15%,0.0,1.0
Twisten,VIT,https://www.vlr.gg/player/1137/twisten,EMEA,167365,113092,PearlPICK,bo1,1.21,266.0,21,16,1,1.31,64%,155.0,13%,4.0,3.0
MOLSI,VIT,https://www.vlr.gg/player/1281/molsi,EMEA,167365,113092,PearlPICK,bo1,0.98,214.0,18,18,18,1.0,91%,107.0,22%,2.0,2.0
BONECOLD,VIT,https://www.vlr.gg/player/3672/bonecold,EMEA,167365,113092,PearlPICK,bo1,0.92,186.0,13,17,9,0.76,77%,125.0,24%,2.0,1.0
Destrian,VIT,https://www.vlr.gg/player/1615/destrian,EMEA,167365,113092,PearlPICK,bo1,0.91,152.0,11,15,11,0.73,82%,108.0,40%,1.0,3.0
ceNder,VIT,https://www.vlr.gg/player/4321/cender,EMEA,167365,113092,PearlPICK,bo1,0.77,167.0,13,17,4,0.76,68%,127.0,35%,1.0,3.0
Monyet,GE,https://www.vlr.gg/player/8497/monyet,Pacific,167365,113092,PearlPICK,bo1,1.51,286.0,24,14,4,1.71,77%,188.0,29%,6.0,2.0
t3xture,GE,https://www.vlr.gg/player/9196/t3xture,Pacific,167365,113092,PearlPICK,bo1,1.2,288.0,23,16,2,1.44,73%,174.0,22%,6.0,3.0
SkRossi,GE,https://www.vlr.gg/player/4095/skrossi,Pacific,167365,113092,PearlPICK,bo1,1.09,202.0,18,15,10,1.2,82%,131.0,34%,0.0,3.0
Bazzi,GE,https://www.vlr.gg/player/805/bazzi,Pacific,167365,113092,PearlPICK,bo1,0.75,135.0,9,16,12,0.56,82%,86.0,16%,0.0,2.0
AYRIN,GE,https://www.vlr.gg/player/824/ayrin,Pacific,167365,113092,PearlPICK,bo1,0.67,119.0,9,15,3,0.6,59%,83.0,22%,0.0,0.0
MOLSI,VIT,https://www.vlr.gg/player/1281/molsi,EMEA,167365,113093,Lotus,bo1,1.49,218.0,16,8,9,2.0,84%,152.0,26%,1.0,0.0
ceNder,VIT,https://www.vlr.gg/player/4321/cender,EMEA,167365,113093,Lotus,bo1,1.37,248.0,17,11,2,1.55,79%,159.0,35%,3.0,1.0
Twisten,VIT,https://www.vlr.gg/player/1137/twisten,EMEA,167365,113093,Lotus,bo1,1.25,257.0,16,12,3,1.33,63%,176.0,29%,3.0,3.0
Destrian,VIT,https://www.vlr.gg/player/1615/destrian,EMEA,167365,113093,Lotus,bo1,0.96,154.0,10,11,7,0.91,68%,102.0,16%,0.0,3.0
BONECOLD,VIT,https://www.vlr.gg/player/3672/bonecold,EMEA,167365,113093,Lotus,bo1,0.75,161.0,11,15,8,0.73,74%,96.0,17%,1.0,4.0
AYRIN,GE,https://www.vlr.gg/player/824/ayrin,Pacific,167365,113093,Lotus,bo1,1.02,222.0,15,14,0,1.07,53%,140.0,23%,1.0,2.0
t3xture,GE,https://www.vlr.gg/player/9196/t3xture,Pacific,167365,113093,Lotus,bo1,0.95,178.0,13,13,1,1.0,68%,116.0,24%,1.0,0.0
Monyet,GE,https://www.vlr.gg/player/8497/monyet,Pacific,167365,113093,Lotus,bo1,0.93,203.0,13,13,5,1.0,79%,124.0,14%,5.0,3.0
Bazzi,GE,https://www.vlr.gg/player/805/bazzi,Pacific,167365,113093,Lotus,bo1,0.65,150.0,10,16,6,0.62,74%,91.0,22%,2.0,0.0
SkRossi,GE,https://www.vlr.gg/player/4095/skrossi,Pacific,167365,113093,Lotus,bo1,0.5,105.0,6,14,5,0.43,53%,68.0,22%,2.0,3.0
MrFaliN,FUT,https://www.vlr.gg/player/8044/mrfalin,EMEA,167366,113094,LotusPICK,bo1,1.3,267.0,16,11,8,1.45,81%,164.0,18%,2.0,2.0
MOJJ,FUT,https://www.vlr.gg/player/3604/mojj,EMEA,167366,113094,LotusPICK,bo1,1.27,240.0,13,10,7,1.3,88%,176.0,22%,2.0,0.0
qw1,FUT,https://www.vlr.gg/player/10125/qw1,EMEA,167366,113094,LotusPICK,bo1,1.24,240.0,15,9,3,1.67,75%,141.0,15%,3.0,4.0
AtaKaptan,FUT,https://www.vlr.gg/player/6510/atakaptan,EMEA,167366,113094,LotusPICK,bo1,1.15,201.0,12,8,4,1.5,75%,121.0,29%,2.0,1.0
qRaxs,FUT,https://www.vlr.gg/player/1139/qraxs,EMEA,167366,113094,LotusPICK,bo1,1.09,202.0,12,9,8,1.33,88%,125.0,8%,0.0,0.0
xffero,RRQ,https://www.vlr.gg/player/4871/xffero,Pacific,167366,113094,LotusPICK,bo1,0.99,191.0,10,13,8,0.77,75%,116.0,23%,1.0,0.0
Lmemore,RRQ,https://www.vlr.gg/player/7764/lmemore,Pacific,167366,113094,LotusPICK,bo1,0.95,219.0,12,14,3,0.86,56%,148.0,48%,3.0,1.0
Emman,RRQ,https://www.vlr.gg/player/9747/emman,Pacific,167366,113094,LotusPICK,bo1,0.95,217.0,11,14,3,0.79,75%,156.0,36%,2.0,1.0
EJAY,RRQ,https://www.vlr.gg/player/7403/ejay,Pacific,167366,113094,LotusPICK,bo1,0.74,189.0,10,14,3,0.71,69%,128.0,25%,0.0,6.0
fl1pzjder,RRQ,https://www.vlr.gg/player/7045/fl1pzjder,Pacific,167366,113094,LotusPICK,bo1,0.51,102.0,4,13,7,0.31,50%,58.0,29%,1.0,1.0
MOJJ,FUT,https://www.vlr.gg/player/3604/mojj,EMEA,167366,113095,PearlPICK,bo1,1.32,228.0,20,14,6,1.43,67%,147.0,38%,2.0,1.0
AtaKaptan,FUT,https://www.vlr.gg/player/6510/atakaptan,EMEA,167366,113095,PearlPICK,bo1,1.29,216.0,20,15,8,1.33,88%,142.0,26%,3.0,1.0
qw1,FUT,https://www.vlr.gg/player/10125/qw1,EMEA,167366,113095,PearlPICK,bo1,1.09,225.0,16,16,9,1.0,79%,153.0,20%,6.0,2.0
qRaxs,FUT,https://www.vlr.gg/player/1139/qraxs,EMEA,167366,113095,PearlPICK,bo1,0.95,163.0,13,15,16,0.87,79%,111.0,19%,0.0,1.0
MrFaliN,FUT,https://www.vlr.gg/player/8044/mrfalin,EMEA,167366,113095,PearlPICK,bo1,0.55,162.0,12,21,4,0.57,63%,113.0,12%,3.0,5.0
Emman,RRQ,https://www.vlr.gg/player/9747/emman,Pacific,167366,113095,PearlPICK,bo1,1.35,249.0,21,15,15,1.4,88%,162.0,34%,2.0,2.0
fl1pzjder,RRQ,https://www.vlr.gg/player/7045/fl1pzjder,Pacific,167366,113095,PearlPICK,bo1,1.2,254.0,19,16,11,1.19,88%,172.0,18%,6.0,8.0
xffero,RRQ,https://www.vlr.gg/player/4871/xffero,Pacific,167366,113095,PearlPICK,bo1,0.88,174.0,16,15,2,1.07,75%,112.0,28%,0.0,1.0
Lmemore,RRQ,https://www.vlr.gg/player/7764/lmemore,Pacific,167366,113095,PearlPICK,bo1,0.81,187.0,15,17,9,0.88,63%,120.0,27%,2.0,2.0
2GE,RRQ,https://www.vlr.gg/player/9735/2ge,Pacific,167366,113095,PearlPICK,bo1,0.47,111.0,10,18,6,0.56,58%,83.0,29%,0.0,1.0
stellar,100T,https://www.vlr.gg/player/733/stellar,Americas,167367,113097,IceboxPICK,bo1,1.38,245.0,20,14,8,1.43,70%,178.0,22%,1.0,0.0
bang,100T,https://www.vlr.gg/player/3880/bang,Americas,167367,113097,IceboxPICK,bo1,1.14,263.0,18,19,8,0.95,61%,183.0,44%,4.0,4.0
Cryocells,100T,https://www.vlr.gg/player/4147/cryocells,Americas,167367,113097,IceboxPICK,bo1,1.13,204.0,17,15,9,1.13,65%,123.0,15%,2.0,7.0
Derrek,100T,https://www.vlr.gg/player/1533/derrek,Americas,167367,113097,IceboxPICK,bo1,1.07,186.0,15,16,9,0.94,74%,129.0,36%,2.0,2.0
Asuna,100T,https://www.vlr.gg/player/601/asuna,Americas,167367,113097,IceboxPICK,bo1,0.45,115.0,10,20,3,0.5,65%,86.0,24%,0.0,1.0
CHICHOO,EDG,https://www.vlr.gg/player/15559/chichoo,CN,167367,113097,IceboxPICK,bo1,1.29,248.0,18,14,3,1.29,74%,182.0,27%,4.0,0.0
ZmjjKK,EDG,https://www.vlr.gg/player/3520/zmjjkk,CN,167367,113097,IceboxPICK,bo1,1.24,242.0,21,14,2,1.5,65%,141.0,22%,5.0,4.0
nobody,EDG,https://www.vlr.gg/player/3017/nobody,CN,167367,113097,IceboxPICK,bo1,1.04,231.0,17,15,7,1.13,78%,160.0,21%,2.0,2.0
Smoggy,EDG,https://www.vlr.gg/player/4742/smoggy,CN,167367,113097,IceboxPICK,bo1,0.79,182.0,16,18,4,0.89,70%,121.0,35%,1.0,1.0
Haodong,EDG,https://www.vlr.gg/player/4720/haodong,CN,167367,113097,IceboxPICK,bo1,0.7,174.0,12,19,8,0.63,74%,124.0,29%,2.0,2.0
stellar,100T,https://www.vlr.gg/player/733/stellar,Americas,167367,113098,LotusPICK,bo1,1.27,235.0,21,14,3,1.5,73%,155.0,28%,2.0,3.0
bang,100T,https://www.vlr.gg/player/3880/bang,Americas,167367,113098,LotusPICK,bo1,1.24,200.0,16,16,11,1.0,59%,125.0,42%,3.0,3.0
Derrek,100T,https://www.vlr.gg/player/1533/derrek,Americas,167367,113098,LotusPICK,bo1,0.86,168.0,14,17,4,0.82,59%,113.0,44%,1.0,3.0
Cryocells,100T,https://www.vlr.gg/player/4147/cryocells,Americas,167367,113098,LotusPICK,bo1,0.78,181.0,11,17,7,0.65,64%,125.0,15%,2.0,5.0
Asuna,100T,https://www.vlr.gg/player/601/asuna,Americas,167367,113098,LotusPICK,bo1,0.66,138.0,9,17,7,0.53,59%,99.0,27%,0.0,0.0
CHICHOO,EDG,https://www.vlr.gg/player/15559/chichoo,CN,167367,113098,LotusPICK,bo1,1.34,280.0,21,14,5,1.5,73%,185.0,24%,2.0,2.0
Haodong,EDG,https://www.vlr.gg/player/4720/haodong,CN,167367,113098,LotusPICK,bo1,1.24,217.0,17,12,8,1.42,73%,146.0,36%,3.0,1.0
nobody,EDG,https://www.vlr.gg/player/3017/nobody,CN,167367,113098,LotusPICK,bo1,0.92,166.0,13,14,10,0.93,86%,103.0,21%,0.0,0.0
Smoggy,EDG,https://www.vlr.gg/player/4742/smoggy,CN,167367,113098,LotusPICK,bo1,0.91,179.0,14,15,2,0.93,68%,111.0,33%,3.0,2.0
ZmjjKK,EDG,https://www.vlr.gg/player/3520/zmjjkk,CN,167367,113098,LotusPICK,bo1,0.79,196.0,16,16,3,1.0,73%,116.0,11%,6.0,3.0
stellar,100T,https://www.vlr.gg/player/733/stellar,Americas,167367,113099,Pearl,bo1,1.4,271.0,25,15,6,1.67,81%,190.0,21%,1.0,1.0
Cryocells,100T,https://www.vlr.gg/player/4147/cryocells,Americas,167367,113099,Pearl,bo1,1.21,240.0,22,17,5,1.29,73%,140.0,10%,5.0,5.0
bang,100T,https://www.vlr.gg/player/3880/bang,Americas,167367,113099,Pearl,bo1,1.15,228.0,22,19,10,1.16,77%,139.0,41%,3.0,4.0
Asuna,100T,https://www.vlr.gg/player/601/asuna,Americas,167367,113099,Pearl,bo1,1.09,216.0,18,19,13,0.95,85%,146.0,19%,1.0,2.0
Derrek,100T,https://www.vlr.gg/player/1533/derrek,Americas,167367,113099,Pearl,bo1,0.9,160.0,15,17,8,0.88,69%,126.0,36%,1.0,3.0
ZmjjKK,EDG,https://www.vlr.gg/player/3520/zmjjkk,CN,167367,113099,Pearl,bo1,1.19,278.0,25,20,6,1.25,77%,171.0,26%,5.0,4.0
CHICHOO,EDG,https://www.vlr.gg/player/15559/chichoo,CN,167367,113099,Pearl,bo1,1.15,231.0,23,21,5,1.1,62%,156.0,20%,3.0,1.0
Smoggy,EDG,https://www.vlr.gg/player/4742/smoggy,CN,167367,113099,Pearl,bo1,0.77,159.0,14,20,5,0.7,69%,111.0,26%,1.0,1.0
nobody,EDG,https://www.vlr.gg/player/3017/nobody,CN,167367,113099,Pearl,bo1,0.74,194.0,17,21,10,0.81,62%,110.0,33%,5.0,3.0
Haodong,EDG,https://www.vlr.gg/player/4720/haodong,CN,167367,113099,Pearl,bo1,0.51,98.0,8,20,8,0.4,54%,76.0,13%,1.0,2.0
TenZ,SEN,https://www.vlr.gg/player/9/tenz,Americas,167368,113100,HavenPICK,bo1,1.15,193.0,14,13,3,1.08,63%,125.0,20%,2.0,5.0
Sacy,SEN,https://www.vlr.gg/player/659/sacy,Americas,167368,113100,HavenPICK,bo1,0.81,182.0,13,16,7,0.81,74%,115.0,32%,1.0,2.0
pANcada,SEN,https://www.vlr.gg/player/683/pancada,Americas,167368,113100,HavenPICK,bo1,0.71,157.0,11,17,6,0.65,58%,112.0,33%,0.0,1.0
zekken,SEN,https://www.vlr.gg/player/4004/zekken,Americas,167368,113100,HavenPICK,bo1,0.59,124.0,8,16,9,0.5,68%,74.0,32%,2.0,2.0
dephh,SEN,https://www.vlr.gg/player/882/dephh,Americas,167368,113100,HavenPICK,bo1,0.46,141.0,7,17,6,0.41,58%,97.0,18%,1.0,3.0
Leo,FNC,https://www.vlr.gg/player/1380/leo,EMEA,167368,113100,HavenPICK,bo1,1.38,274.0,17,12,8,1.42,89%,175.0,20%,2.0,0.0
Derke,FNC,https://www.vlr.gg/player/5022/derke,EMEA,167368,113100,HavenPICK,bo1,1.38,286.0,20,11,2,1.82,68%,192.0,33%,3.0,3.0
Chronicle,FNC,https://www.vlr.gg/player/458/chronicle,EMEA,167368,113100,HavenPICK,bo1,1.3,252.0,17,12,15,1.42,89%,125.0,23%,5.0,0.0
Alfajer,FNC,https://www.vlr.gg/player/9810/alfajer,EMEA,167368,113100,HavenPICK,bo1,1.19,148.0,11,7,2,1.57,79%,116.0,22%,1.0,1.0
Boaster,FNC,https://www.vlr.gg/player/438/boaster,EMEA,167368,113100,HavenPICK,bo1,1.13,193.0,14,11,11,1.27,84%,105.0,16%,2.0,2.0
pANcada,SEN,https://www.vlr.gg/player/683/pancada,Americas,167368,113101,SplitPICK,bo1,1.1,240.0,17,13,2,1.31,80%,157.0,46%,1.0,1.0
TenZ,SEN,https://www.vlr.gg/player/9/tenz,Americas,167368,113101,SplitPICK,bo1,0.86,174.0,12,14,5,0.86,60%,120.0,25%,3.0,1.0
Sacy,SEN,https://www.vlr.gg/player/659/sacy,Americas,167368,113101,SplitPICK,bo1,0.8,161.0,11,15,3,0.73,70%,111.0,40%,2.0,4.0
dephh,SEN,https://www.vlr.gg/player/882/dephh,Americas,167368,113101,SplitPICK,bo1,0.68,120.0,9,13,1,0.69,70%,94.0,24%,1.0,2.0
zekken,SEN,https://www.vlr.gg/player/4004/zekken,Americas,167368,113101,SplitPICK,bo1,0.46,115.0,7,16,2,0.44,55%,80.0,19%,2.0,3.0
Derke,FNC,https://www.vlr.gg/player/5022/derke,EMEA,167368,113101,SplitPICK,bo1,1.44,317.0,23,12,0,1.92,80%,188.0,27%,6.0,3.0
Alfajer,FNC,https://www.vlr.gg/player/9810/alfajer,EMEA,167368,113101,SplitPICK,bo1,1.33,231.0,17,11,3,1.55,85%,152.0,32%,1.0,1.0
Leo,FNC,https://www.vlr.gg/player/1380/leo,EMEA,167368,113101,SplitPICK,bo1,1.1,123.0,9,7,4,1.29,75%,71.0,16%,0.0,0.0
Chronicle,FNC,https://www.vlr.gg/player/458/chronicle,EMEA,167368,113101,SplitPICK,bo1,0.99,195.0,14,14,1,1.0,70%,120.0,13%,1.0,2.0
Boaster,FNC,https://www.vlr.gg/player/438/boaster,EMEA,167368,113101,SplitPICK,bo1,0.84,130.0,8,12,7,0.67,80%,83.0,25%,3.0,3.0
ban,T1,https://www.vlr.gg/player/5129/ban,Pacific,167369,113103,PearlPICK,bo1,0.84,194.0,13,15,2,0.87,75%,118.0,18%,2.0,0.0
Munchkin,T1,https://www.vlr.gg/player/2489/munchkin,Pacific,167369,113103,PearlPICK,bo1,0.83,157.0,11,15,9,0.73,55%,101.0,18%,0.0,5.0
carpe,T1,https://www.vlr.gg/player/31207/carpe,Pacific,167369,113103,PearlPICK,bo1,0.82,172.0,12,17,4,0.71,60%,115.0,28%,0.0,0.0
Sayaplayer,T1,https://www.vlr.gg/player/4545/sayaplayer,Pacific,167369,113103,PearlPICK,bo1,0.82,196.0,14,17,0,0.82,70%,137.0,50%,5.0,5.0
xeta,T1,https://www.vlr.gg/player/474/xeta,Pacific,167369,113103,PearlPICK,bo1,0.71,172.0,10,16,14,0.62,75%,106.0,29%,0.0,3.0
mazin,FUR,https://www.vlr.gg/player/8872/mazin,Americas,167369,113103,PearlPICK,bo1,1.43,205.0,16,9,10,1.78,80%,124.0,27%,1.0,1.0
mwzera,FUR,https://www.vlr.gg/player/939/mwzera,Americas,167369,113103,PearlPICK,bo1,1.39,268.0,18,13,11,1.38,90%,183.0,12%,4.0,0.0
dgzin,FUR,https://www.vlr.gg/player/8873/dgzin,Americas,167369,113103,PearlPICK,bo1,1.33,291.0,21,13,3,1.62,70%,181.0,31%,4.0,4.0
ambitioN,FUR,https://www.vlr.gg/player/1575/ambition,Americas,167369,113103,PearlPICK,bo1,1.0,199.0,14,14,3,1.0,80%,141.0,34%,2.0,2.0
Khalil,FUR,https://www.vlr.gg/player/1711/khalil,Americas,167369,113103,PearlPICK,bo1,0.97,155.0,11,11,9,1.0,70%,86.0,40%,2.0,0.0
carpe,T1,https://www.vlr.gg/player/31207/carpe,Pacific,167369,113104,IceboxPICK,bo1,,,17,13,1,1.31,,,,,
Sayaplayer,T1,https://www.vlr.gg/player/4545/sayaplayer,Pacific,167369,113104,IceboxPICK,bo1,,,12,16,2,0.75,,,,,
xeta,T1,https://www.vlr.gg/player/474/xeta,Pacific,167369,113104,IceboxPICK,bo1,,,7,14,5,0.5,,,,,
Munchkin,T1,https://www.vlr.gg/player/2489/munchkin,Pacific,167369,113104,IceboxPICK,bo1,,,7,15,5,0.47,,,,,
ban,T1,https://www.vlr.gg/player/5129/ban,Pacific,167369,113104,IceboxPICK,bo1,,,3,17,1,0.18,,,,,
ambitioN,FUR,https://www.vlr.gg/player/1575/ambition,Americas,167369,113104,IceboxPICK,bo1,,,21,10,1,2.1,,,,,
mazin,FUR,https://www.vlr.gg/player/8872/mazin,Americas,167369,113104,IceboxPICK,bo1,,,19,9,7,2.11,,,,,
dgzin,FUR,https://www.vlr.gg/player/8873/dgzin,Americas,167369,113104,IceboxPICK,bo1,,,16,7,3,2.29,,,,,
mwzera,FUR,https://www.vlr.gg/player/939/mwzera,Americas,167369,113104,IceboxPICK,bo1,,,14,11,9,1.27,,,,,
Khalil,FUR,https://www.vlr.gg/player/1711/khalil,Americas,167369,113104,IceboxPICK,bo1,,,5,9,4,0.56,,,,,
JessieVash,TS,https://www.vlr.gg/player/2334/jessievash,Pacific,167370,113106,IceboxPICK,bo1,1.15,263.0,20,19,4,1.05,81%,171.0,40%,1.0,3.0
BORKUM,TS,https://www.vlr.gg/player/2333/borkum,Pacific,167370,113106,IceboxPICK,bo1,0.89,199.0,14,18,8,0.78,62%,122.0,19%,1.0,3.0
invy,TS,https://www.vlr.gg/player/8504/invy,Pacific,167370,113106,IceboxPICK,bo1,0.74,180.0,12,20,11,0.6,67%,111.0,20%,1.0,2.0
Jremy,TS,https://www.vlr.gg/player/7405/jremy,Pacific,167370,113106,IceboxPICK,bo1,0.74,157.0,11,16,8,0.69,57%,87.0,28%,2.0,3.0
DubsteP,TS,https://www.vlr.gg/player/2679/dubstep,Pacific,167370,113106,IceboxPICK,bo1,0.31,104.0,7,19,0,0.37,43%,84.0,24%,1.0,4.0
Shao,NAVI,https://www.vlr.gg/player/384/shao,EMEA,167370,113106,IceboxPICK,bo1,1.48,234.0,20,8,6,2.5,90%,143.0,31%,3.0,0.0
cNed,NAVI,https://www.vlr.gg/player/573/cned,EMEA,167370,113106,IceboxPICK,bo1,1.33,336.0,24,16,3,1.5,76%,208.0,31%,4.0,2.0
Zyppan,NAVI,https://www.vlr.gg/player/11/zyppan,EMEA,167370,113106,IceboxPICK,bo1,1.22,236.0,16,14,16,1.14,95%,161.0,29%,4.0,0.0
SUYGETSU,NAVI,https://www.vlr.gg/player/2858/suygetsu,EMEA,167370,113106,IceboxPICK,bo1,1.19,268.0,18,13,12,1.38,90%,185.0,40%,1.0,1.0
ANGE1,NAVI,https://www.vlr.gg/player/109/ange1,EMEA,167370,113106,IceboxPICK,bo1,0.86,168.0,14,13,2,1.08,67%,102.0,29%,3.0,3.0
BORKUM,TS,https://www.vlr.gg/player/2333/borkum,Pacific,167370,113107,PearlPICK,bo1,0.87,195.0,10,15,3,0.67,47%,127.0,32%,1.0,1.0
JessieVash,TS,https://www.vlr.gg/player/2334/jessievash,Pacific,167370,113107,PearlPICK,bo1,0.81,223.0,12,17,4,0.71,53%,149.0,38%,2.0,3.0
invy,TS,https://www.vlr.gg/player/8504/invy,Pacific,167370,113107,PearlPICK,bo1,0.7,113.0,7,12,1,0.58,53%,70.0,27%,0.0,3.0
DubsteP,TS,https://www.vlr.gg/player/2679/dubstep,Pacific,167370,113107,PearlPICK,bo1,0.36,88.0,4,15,2,0.27,35%,65.0,33%,1.0,1.0
Jremy,TS,https://www.vlr.gg/player/7405/jremy,Pacific,167370,113107,PearlPICK,bo1,0.21,74.0,4,15,2,0.27,41%,44.0,24%,1.0,4.0
Shao,NAVI,https://www.vlr.gg/player/384/shao,EMEA,167370,113107,PearlPICK,bo1,1.94,307.0,19,3,5,6.33,94%,201.0,38%,2.0,0.0
Zyppan,NAVI,https://www.vlr.gg/player/11/zyppan,EMEA,167370,113107,PearlPICK,bo1,1.56,192.0,13,5,8,2.6,88%,129.0,43%,2.0,1.0
cNed,NAVI,https://www.vlr.gg/player/573/cned,EMEA,167370,113107,PearlPICK,bo1,1.39,272.0,18,10,1,1.8,71%,176.0,20%,3.0,1.0
ANGE1,NAVI,https://www.vlr.gg/player/109/ange1,EMEA,167370,113107,PearlPICK,bo1,1.3,270.0,13,10,9,1.3,88%,179.0,24%,5.0,1.0
SUYGETSU,NAVI,https://www.vlr.gg/player/2858/suygetsu,EMEA,167370,113107,PearlPICK,bo1,0.7,144.0,11,9,0,1.22,65%,114.0,33%,0.0,2.0
kiNgg,LEV,https://www.vlr.gg/player/8549/kingg,Americas,167371,113109,HavenPICK,bo1,1.47,244.0,27,18,15,1.5,70%,168.0,33%,2.0,2.0
Shyy,LEV,https://www.vlr.gg/player/24007/shyy,Americas,167371,113109,HavenPICK,bo1,1.32,263.0,30,22,6,1.36,77%,159.0,23%,5.0,1.0
Tacolilla,LEV,https://www.vlr.gg/player/3828/tacolilla,Americas,167371,113109,HavenPICK,bo1,0.82,191.0,17,24,10,0.71,63%,127.0,9%,5.0,6.0
nzr,LEV,https://www.vlr.gg/player/725/nzr,Americas,167371,113109,HavenPICK,bo1,0.7,119.0,12,20,9,0.6,70%,83.0,18%,1.0,2.0
Mazino,LEV,https://www.vlr.gg/player/7603/mazino,Americas,167371,113109,HavenPICK,bo1,0.7,161.0,17,23,11,0.74,57%,103.0,23%,3.0,3.0
MOLSI,VIT,https://www.vlr.gg/player/1281/molsi,EMEA,167371,113109,HavenPICK,bo1,1.31,248.0,27,19,11,1.42,87%,157.0,35%,3.0,0.0
Twisten,VIT,https://www.vlr.gg/player/1137/twisten,EMEA,167371,113109,HavenPICK,bo1,1.25,277.0,29,22,7,1.32,70%,185.0,23%,6.0,5.0
ceNder,VIT,https://www.vlr.gg/player/4321/cender,EMEA,167371,113109,HavenPICK,bo1,1.1,236.0,24,21,5,1.14,70%,155.0,26%,1.0,2.0
BONECOLD,VIT,https://www.vlr.gg/player/3672/bonecold,EMEA,167371,113109,HavenPICK,bo1,0.87,156.0,15,19,9,0.79,70%,104.0,29%,2.0,5.0
Destrian,VIT,https://www.vlr.gg/player/1615/destrian,EMEA,167371,113109,HavenPICK,bo1,0.54,113.0,11,22,16,0.5,67%,76.0,26%,2.0,4.0
Tacolilla,LEV,https://www.vlr.gg/player/3828/tacolilla,Americas,167371,113110,PearlPICK,bo1,1.78,379.0,22,11,5,2.0,81%,226.0,17%,7.0,3.0
Shyy,LEV,https://www.vlr.gg/player/24007/shyy,Americas,167371,113110,PearlPICK,bo1,1.75,344.0,22,10,5,2.2,81%,226.0,23%,2.0,0.0
kiNgg,LEV,https://www.vlr.gg/player/8549/kingg,Americas,167371,113110,PearlPICK,bo1,1.27,197.0,12,9,10,1.33,94%,141.0,27%,1.0,0.0
nzr,LEV,https://www.vlr.gg/player/725/nzr,Americas,167371,113110,PearlPICK,bo1,1.11,198.0,12,8,8,1.5,81%,130.0,23%,0.0,1.0
Mazino,LEV,https://www.vlr.gg/player/7603/mazino,Americas,167371,113110,PearlPICK,bo1,0.76,145.0,8,10,8,0.8,63%,94.0,44%,0.0,2.0
ceNder,VIT,https://www.vlr.gg/player/4321/cender,EMEA,167371,113110,PearlPICK,bo1,1.11,249.0,14,14,4,1.0,56%,167.0,23%,1.0,1.0
Twisten,VIT,https://www.vlr.gg/player/1137/twisten,EMEA,167371,113110,PearlPICK,bo1,0.71,189.0,10,15,3,0.67,50%,128.0,25%,2.0,3.0
MOLSI,VIT,https://www.vlr.gg/player/1281/molsi,EMEA,167371,113110,PearlPICK,bo1,0.64,197.0,10,16,7,0.62,81%,118.0,14%,1.0,1.0
Destrian,VIT,https://www.vlr.gg/player/1615/destrian,EMEA,167371,113110,PearlPICK,bo1,0.61,151.0,7,15,8,0.47,56%,105.0,17%,1.0,2.0
BONECOLD,VIT,https://www.vlr.gg/player/3672/bonecold,EMEA,167371,113110,PearlPICK,bo1,0.46,136.0,7,16,4,0.44,63%,98.0,23%,1.0,3.0
qw1,FUT,https://www.vlr.gg/player/10125/qw1,EMEA,167372,113112,LotusPICK,bo1,1.28,376.0,31,19,3,1.63,73%,220.0,27%,6.0,4.0
MOJJ,FUT,https://www.vlr.gg/player/3604/mojj,EMEA,167372,113112,LotusPICK,bo1,1.05,173.0,13,12,2,1.08,64%,118.0,27%,2.0,2.0
MrFaliN,FUT,https://www.vlr.gg/player/8044/mrfalin,EMEA,167372,113112,LotusPICK,bo1,0.94,191.0,14,16,10,0.88,77%,117.0,15%,3.0,2.0
qRaxs,FUT,https://www.vlr.gg/player/1139/qraxs,EMEA,167372,113112,LotusPICK,bo1,0.92,177.0,11,16,11,0.69,68%,129.0,22%,1.0,0.0
AtaKaptan,FUT,https://www.vlr.gg/player/6510/atakaptan,EMEA,167372,113112,LotusPICK,bo1,0.78,129.0,12,13,3,0.92,73%,100.0,42%,0.0,2.0
Asuna,100T,https://www.vlr.gg/player/601/asuna,Americas,167372,113112,LotusPICK,bo1,1.23,230.0,19,17,10,1.12,77%,134.0,31%,3.0,4.0
Derrek,100T,https://www.vlr.gg/player/1533/derrek,Americas,167372,113112,LotusPICK,bo1,1.15,256.0,20,18,9,1.11,82%,169.0,38%,3.0,0.0
bang,100T,https://www.vlr.gg/player/3880/bang,Americas,167372,113112,LotusPICK,bo1,1.09,193.0,16,14,4,1.14,64%,125.0,35%,3.0,3.0
Cryocells,100T,https://www.vlr.gg/player/4147/cryocells,Americas,167372,113112,LotusPICK,bo1,0.95,236.0,15,17,7,0.88,64%,166.0,19%,1.0,2.0
stellar,100T,https://www.vlr.gg/player/733/stellar,Americas,167372,113112,LotusPICK,bo1,0.58,94.0,6,15,8,0.4,59%,71.0,17%,0.0,3.0
qRaxs,FUT,https://www.vlr.gg/player/1139/qraxs,EMEA,167372,113113,HavenPICK,bo1,1.61,294.0,25,15,8,1.67,71%,213.0,32%,3.0,0.0
qw1,FUT,https://www.vlr.gg/player/10125/qw1,EMEA,167372,113113,HavenPICK,bo1,1.12,230.0,20,19,3,1.05,71%,145.0,18%,3.0,3.0
MrFaliN,FUT,https://www.vlr.gg/player/8044/mrfalin,EMEA,167372,113113,HavenPICK,bo1,0.8,187.0,15,19,11,0.79,71%,110.0,25%,3.0,4.0
MOJJ,FUT,https://www.vlr.gg/player/3604/mojj,EMEA,167372,113113,HavenPICK,bo1,0.74,189.0,14,19,7,0.74,67%,128.0,23%,1.0,3.0
AtaKaptan,FUT,https://www.vlr.gg/player/6510/atakaptan,EMEA,167372,113113,HavenPICK,bo1,0.57,125.0,11,18,7,0.61,67%,73.0,45%,0.0,4.0
stellar,100T,https://www.vlr.gg/player/733/stellar,Americas,167372,113113,HavenPICK,bo1,1.28,261.0,22,16,8,1.38,71%,160.0,18%,3.0,1.0
Asuna,100T,https://www.vlr.gg/player/601/asuna,Americas,167372,113113,HavenPICK,bo1,1.25,242.0,20,17,20,1.18,88%,146.0,21%,2.0,2.0
Cryocells,100T,https://www.vlr.gg/player/4147/cryocells,Americas,167372,113113,HavenPICK,bo1,1.08,233.0,21,18,2,1.17,75%,140.0,19%,6.0,2.0
Derrek,100T,https://www.vlr.gg/player/1533/derrek,Americas,167372,113113,HavenPICK,bo1,0.97,159.0,11,16,14,0.69,83%,122.0,16%,1.0,1.0
bang,100T,https://www.vlr.gg/player/3880/bang,Americas,167372,113113,HavenPICK,bo1,0.91,179.0,16,18,10,0.89,83%,132.0,42%,2.0,4.0
qRaxs,FUT,https://www.vlr.gg/player/1139/qraxs,EMEA,167372,113114,Icebox,bo1,1.11,227.0,18,15,7,1.2,81%,135.0,22%,1.0,0.0
MrFaliN,FUT,https://www.vlr.gg/player/8044/mrfalin,EMEA,167372,113114,Icebox,bo1,0.91,196.0,12,17,10,0.71,62%,132.0,14%,1.0,3.0
qw1,FUT,https://www.vlr.gg/player/10125/qw1,EMEA,167372,113114,Icebox,bo1,0.85,227.0,16,18,2,0.89,57%,134.0,18%,3.0,4.0
MOJJ,FUT,https://www.vlr.gg/player/3604/mojj,EMEA,167372,113114,Icebox,bo1,0.75,204.0,14,19,5,0.74,57%,131.0,20%,3.0,4.0
AtaKaptan,FUT,https://www.vlr.gg/player/6510/atakaptan,EMEA,167372,113114,Icebox,bo1,0.72,141.0,9,17,13,0.53,71%,87.0,24%,0.0,2.0
bang,100T,https://www.vlr.gg/player/3880/bang,Americas,167372,113114,Icebox,bo1,1.4,276.0,23,15,9,1.53,90%,179.0,45%,5.0,1.0
Cryocells,100T,https://www.vlr.gg/player/4147/cryocells,Americas,167372,113114,Icebox,bo1,1.32,271.0,20,15,14,1.33,86%,159.0,24%,4.0,2.0
Asuna,100T,https://www.vlr.gg/player/601/asuna,Americas,167372,113114,Icebox,bo1,1.24,222.0,15,13,12,1.15,81%,141.0,20%,1.0,4.0
Derrek,100T,https://www.vlr.gg/player/1533/derrek,Americas,167372,113114,Icebox,bo1,1.15,222.0,14,13,12,1.08,86%,168.0,22%,1.0,0.0
stellar,100T,https://www.vlr.gg/player/733/stellar,Americas,167372,113114,Icebox,bo1,0.93,170.0,14,13,3,1.08,81%,116.0,14%,2.0,1.0
Chronicle,FNC,https://www.vlr.gg/player/458/chronicle,EMEA,167373,113115,HavenPICK,bo1,1.38,235.0,28,20,16,1.4,76%,155.0,23%,2.0,2.0
Leo,FNC,https://www.vlr.gg/player/1380/leo,EMEA,167373,113115,HavenPICK,bo1,1.29,200.0,25,20,12,1.25,79%,138.0,19%,1.0,0.0
Derke,FNC,https://www.vlr.gg/player/5022/derke,EMEA,167373,113115,HavenPICK,bo1,1.2,260.0,32,26,6,1.23,71%,167.0,36%,10.0,4.0
Alfajer,FNC,https://www.vlr.gg/player/9810/alfajer,EMEA,167373,113115,HavenPICK,bo1,1.02,203.0,21,24,12,0.88,76%,142.0,34%,3.0,2.0
Boaster,FNC,https://www.vlr.gg/player/438/boaster,EMEA,167373,113115,HavenPICK,bo1,0.47,112.0,11,28,13,0.39,71%,67.0,12%,2.0,8.0
mwzera,FUR,https://www.vlr.gg/player/939/mwzera,Americas,167373,113115,HavenPICK,bo1,1.23,276.0,34,25,7,1.36,76%,163.0,21%,2.0,5.0
dgzin,FUR,https://www.vlr.gg/player/8873/dgzin,Americas,167373,113115,HavenPICK,bo1,1.09,226.0,27,22,6,1.23,76%,152.0,26%,6.0,4.0
Khalil,FUR,https://www.vlr.gg/player/1711/khalil,Americas,167373,113115,HavenPICK,bo1,0.94,171.0,21,21,2,1.0,68%,109.0,22%,3.0,2.0
ambitioN,FUR,https://www.vlr.gg/player/1575/ambition,Americas,167373,113115,HavenPICK,bo1,0.79,171.0,19,25,13,0.76,62%,112.0,25%,2.0,3.0
mazin,FUR,https://www.vlr.gg/player/8872/mazin,Americas,167373,113115,HavenPICK,bo1,0.65,146.0,17,24,11,0.71,74%,85.0,36%,3.0,4.0
Boaster,FNC,https://www.vlr.gg/player/438/boaster,EMEA,167373,113116,AscentPICK,bo1,1.45,262.0,20,13,15,1.54,86%,162.0,14%,2.0,2.0
Leo,FNC,https://www.vlr.gg/player/1380/leo,EMEA,167373,113116,AscentPICK,bo1,1.4,244.0,19,14,7,1.36,73%,158.0,15%,2.0,0.0
Alfajer,FNC,https://www.vlr.gg/player/9810/alfajer,EMEA,167373,113116,AscentPICK,bo1,1.25,212.0,16,13,7,1.23,86%,153.0,26%,2.0,0.0
Derke,FNC,https://www.vlr.gg/player/5022/derke,EMEA,167373,113116,AscentPICK,bo1,1.02,218.0,19,15,2,1.27,59%,152.0,47%,1.0,7.0
Chronicle,FNC,https://www.vlr.gg/player/458/chronicle,EMEA,167373,113116,AscentPICK,bo1,0.92,174.0,11,15,13,0.73,68%,107.0,21%,3.0,3.0
mwzera,FUR,https://www.vlr.gg/player/939/mwzera,Americas,167373,113116,AscentPICK,bo1,1.22,222.0,19,16,6,1.19,64%,155.0,33%,1.0,0.0
ambitioN,FUR,https://www.vlr.gg/player/1575/ambition,Americas,167373,113116,AscentPICK,bo1,0.82,202.0,15,16,2,0.94,55%,128.0,36%,4.0,4.0
dgzin,FUR,https://www.vlr.gg/player/8873/dgzin,Americas,167373,113116,AscentPICK,bo1,0.76,183.0,16,18,5,0.89,64%,106.0,17%,6.0,5.0
Khalil,FUR,https://www.vlr.gg/player/1711/khalil,Americas,167373,113116,AscentPICK,bo1,0.63,117.0,9,17,8,0.53,77%,72.0,44%,0.0,1.0
mazin,FUR,https://www.vlr.gg/player/8872/mazin,Americas,167373,113116,AscentPICK,bo1,0.6,153.0,11,18,9,0.61,59%,97.0,42%,1.0,0.0
Shao,NAVI,https://www.vlr.gg/player/384/shao,EMEA,167374,113118,AscentPICK,bo1,1.74,291.0,23,11,12,2.09,91%,178.0,39%,2.0,0.0
SUYGETSU,NAVI,https://www.vlr.gg/player/2858/suygetsu,EMEA,167374,113118,AscentPICK,bo1,1.15,194.0,15,13,8,1.15,70%,117.0,36%,4.0,1.0
ANGE1,NAVI,https://www.vlr.gg/player/109/ange1,EMEA,167374,113118,AscentPICK,bo1,0.99,213.0,19,15,4,1.27,65%,128.0,26%,1.0,6.0
cNed,NAVI,https://www.vlr.gg/player/573/cned,EMEA,167374,113118,AscentPICK,bo1,0.91,208.0,17,16,2,1.06,61%,124.0,35%,2.0,4.0
Zyppan,NAVI,https://www.vlr.gg/player/11/zyppan,EMEA,167374,113118,AscentPICK,bo1,0.74,134.0,10,16,11,0.62,70%,91.0,41%,2.0,1.0
Shyy,LEV,https://www.vlr.gg/player/24007/shyy,Americas,167374,113118,AscentPICK,bo1,1.31,221.0,17,13,5,1.31,83%,146.0,23%,4.0,1.0
Tacolilla,LEV,https://www.vlr.gg/player/3828/tacolilla,Americas,167374,113118,AscentPICK,bo1,1.04,233.0,19,18,2,1.06,57%,147.0,22%,4.0,5.0
nzr,LEV,https://www.vlr.gg/player/725/nzr,Americas,167374,113118,AscentPICK,bo1,0.77,132.0,10,16,6,0.62,70%,111.0,19%,0.0,0.0
kiNgg,LEV,https://www.vlr.gg/player/8549/kingg,Americas,167374,113118,AscentPICK,bo1,0.77,199.0,14,21,10,0.67,70%,135.0,22%,3.0,3.0
Mazino,LEV,https://www.vlr.gg/player/7603/mazino,Americas,167374,113118,AscentPICK,bo1,0.56,131.0,11,16,6,0.69,61%,77.0,18%,1.0,2.0
cNed,NAVI,https://www.vlr.gg/player/573/cned,EMEA,167374,113119,FracturePICK,bo1,1.57,285.0,14,7,7,2.0,93%,188.0,20%,4.0,1.0
SUYGETSU,NAVI,https://www.vlr.gg/player/2858/suygetsu,EMEA,167374,113119,FracturePICK,bo1,1.46,239.0,14,6,4,2.33,93%,127.0,55%,2.0,0.0
Zyppan,NAVI,https://www.vlr.gg/player/11/zyppan,EMEA,167374,113119,FracturePICK,bo1,1.42,206.0,12,7,6,1.71,100%,141.0,36%,0.0,1.0
Shao,NAVI,https://www.vlr.gg/player/384/shao,EMEA,167374,113119,FracturePICK,bo1,1.3,167.0,10,6,6,1.67,93%,115.0,27%,2.0,2.0
ANGE1,NAVI,https://www.vlr.gg/player/109/ange1,EMEA,167374,113119,FracturePICK,bo1,0.9,201.0,11,9,2,1.22,80%,117.0,26%,1.0,1.0
Tacolilla,LEV,https://www.vlr.gg/player/3828/tacolilla,Americas,167374,113119,FracturePICK,bo1,0.76,157.0,8,10,1,0.8,67%,110.0,19%,1.0,2.0
kiNgg,LEV,https://www.vlr.gg/player/8549/kingg,Americas,167374,113119,FracturePICK,bo1,0.52,178.0,8,14,2,0.57,47%,128.0,33%,2.0,3.0
Mazino,LEV,https://www.vlr.gg/player/7603/mazino,Americas,167374,113119,FracturePICK,bo1,0.52,136.0,6,12,3,0.5,53%,87.0,29%,0.0,3.0
nzr,LEV,https://www.vlr.gg/player/725/nzr,Americas,167374,113119,FracturePICK,bo1,0.49,120.0,6,12,3,0.5,67%,68.0,17%,2.0,1.0
Shyy,LEV,https://www.vlr.gg/player/24007/shyy,Americas,167374,113119,FracturePICK,bo1,0.46,138.0,7,13,2,0.54,60%,95.0,16%,1.0,1.0
Asuna,100T,https://www.vlr.gg/player/601/asuna,Americas,167375,113121,FracturePICK,bo1,0.7,177.0,7,14,6,0.5,64%,111.0,26%,1.0,1.0
Cryocells,100T,https://www.vlr.gg/player/4147/cryocells,Americas,167375,113121,FracturePICK,bo1,0.67,183.0,8,13,2,0.62,64%,125.0,21%,1.0,3.0
stellar,100T,https://www.vlr.gg/player/733/stellar,Americas,167375,113121,FracturePICK,bo1,0.49,131.0,7,13,0,0.54,43%,87.0,35%,1.0,5.0
Derrek,100T,https://www.vlr.gg/player/1533/derrek,Americas,167375,113121,FracturePICK,bo1,0.37,118.0,6,14,2,0.43,57%,71.0,36%,0.0,0.0
bang,100T,https://www.vlr.gg/player/3880/bang,Americas,167375,113121,FracturePICK,bo1,0.19,101.0,4,14,1,0.29,36%,66.0,41%,1.0,1.0
Leo,FNC,https://www.vlr.gg/player/1380/leo,EMEA,167375,113121,FracturePICK,bo1,2.07,313.0,18,3,4,6.0,100%,175.0,16%,2.0,0.0
Chronicle,FNC,https://www.vlr.gg/player/458/chronicle,EMEA,167375,113121,FracturePICK,bo1,1.62,236.0,12,5,8,2.4,100%,156.0,28%,1.0,0.0
Derke,FNC,https://www.vlr.gg/player/5022/derke,EMEA,167375,113121,FracturePICK,bo1,1.43,262.0,13,7,3,1.86,93%,190.0,34%,2.0,1.0
Alfajer,FNC,https://www.vlr.gg/player/9810/alfajer,EMEA,167375,113121,FracturePICK,bo1,1.18,253.0,14,9,5,1.56,93%,175.0,17%,2.0,1.0
Boaster,FNC,https://www.vlr.gg/player/438/boaster,EMEA,167375,113121,FracturePICK,bo1,1.16,199.0,10,8,9,1.25,86%,112.0,20%,3.0,2.0
Asuna,100T,https://www.vlr.gg/player/601/asuna,Americas,167375,113122,IceboxPICK,bo1,1.23,263.0,20,18,5,1.11,83%,182.0,28%,2.0,3.0
Cryocells,100T,https://www.vlr.gg/player/4147/cryocells,Americas,167375,113122,IceboxPICK,bo1,0.97,206.0,17,18,8,0.94,78%,118.0,21%,2.0,6.0
Derrek,100T,https://www.vlr.gg/player/1533/derrek,Americas,167375,113122,IceboxPICK,bo1,0.92,217.0,17,20,1,0.85,61%,165.0,31%,3.0,2.0
bang,100T,https://www.vlr.gg/player/3880/bang,Americas,167375,113122,IceboxPICK,bo1,0.88,161.0,14,16,6,0.88,65%,104.0,24%,1.0,1.0
stellar,100T,https://www.vlr.gg/player/733/stellar,Americas,167375,113122,IceboxPICK,bo1,0.48,117.0,8,19,6,0.42,70%,88.0,13%,0.0,3.0
Derke,FNC,https://www.vlr.gg/player/5022/derke,EMEA,167375,113122,IceboxPICK,bo1,1.44,335.0,26,16,7,1.62,74%,213.0,22%,8.0,3.0
Chronicle,FNC,https://www.vlr.gg/player/458/chronicle,EMEA,167375,113122,IceboxPICK,bo1,1.24,231.0,20,13,12,1.54,87%,132.0,43%,2.0,2.0
Leo,FNC,https://www.vlr.gg/player/1380/leo,EMEA,167375,113122,IceboxPICK,bo1,1.19,216.0,15,15,15,1.0,83%,154.0,20%,1.0,0.0
Alfajer,FNC,https://www.vlr.gg/player/9810/alfajer,EMEA,167375,113122,IceboxPICK,bo1,1.03,194.0,16,16,6,1.0,78%,148.0,24%,2.0,2.0
Boaster,FNC,https://www.vlr.gg/player/438/boaster,EMEA,167375,113122,IceboxPICK,bo1,0.92,175.0,14,16,9,0.88,78%,109.0,26%,2.0,1.0
aspas,LOUD,https://www.vlr.gg/player/8480/aspas,Americas,167391,113124,PearlPICK,bo1,1.93,366.0,24,9,4,2.67,83%,211.0,27%,4.0,1.0
Less,LOUD,https://www.vlr.gg/player/8447/less,Americas,167391,113124,PearlPICK,bo1,1.24,220.0,14,10,6,1.4,72%,143.0,29%,2.0,1.0
saadhak,LOUD,https://www.vlr.gg/player/727/saadhak,Americas,167391,113124,PearlPICK,bo1,1.16,180.0,11,9,4,1.22,83%,122.0,27%,4.0,3.0
cauanzin,LOUD,https://www.vlr.gg/player/6193/cauanzin,Americas,167391,113124,PearlPICK,bo1,1.13,224.0,16,13,3,1.23,72%,125.0,35%,1.0,2.0
tuyz,LOUD,https://www.vlr.gg/player/2408/tuyz,Americas,167391,113124,PearlPICK,bo1,0.74,116.0,7,11,11,0.64,67%,71.0,20%,0.0,0.0
stax,KRX,https://www.vlr.gg/player/485/stax,Pacific,167391,113124,PearlPICK,bo1,0.97,196.0,12,13,5,0.92,61%,143.0,22%,1.0,1.0
Rb,KRX,https://www.vlr.gg/player/488/rb,Pacific,167391,113124,PearlPICK,bo1,0.87,187.0,13,15,3,0.87,67%,123.0,21%,3.0,1.0
MaKo,KRX,https://www.vlr.gg/player/4462/mako,Pacific,167391,113124,PearlPICK,bo1,0.83,196.0,12,15,8,0.8,72%,122.0,18%,1.0,3.0
Zest,KRX,https://www.vlr.gg/player/772/zest,Pacific,167391,113124,PearlPICK,bo1,0.71,156.0,8,13,4,0.62,72%,107.0,22%,1.0,1.0
BuZz,KRX,https://www.vlr.gg/player/804/buzz,Pacific,167391,113124,PearlPICK,bo1,0.34,121.0,6,16,3,0.38,44%,83.0,18%,1.0,5.0
aspas,LOUD,https://www.vlr.gg/player/8480/aspas,Americas,167391,113125,IceboxPICK,bo1,1.68,354.0,27,13,3,2.08,86%,210.0,25%,4.0,2.0
cauanzin,LOUD,https://www.vlr.gg/player/6193/cauanzin,Americas,167391,113125,IceboxPICK,bo1,1.36,251.0,21,13,9,1.62,81%,151.0,26%,1.0,3.0
Less,LOUD,https://www.vlr.gg/player/8447/less,Americas,167391,113125,IceboxPICK,bo1,1.31,240.0,17,12,6,1.42,76%,158.0,28%,1.0,3.0
tuyz,LOUD,https://www.vlr.gg/player/2408/tuyz,Americas,167391,113125,IceboxPICK,bo1,0.97,168.0,14,14,6,1.0,76%,123.0,32%,1.0,2.0
saadhak,LOUD,https://www.vlr.gg/player/727/saadhak,Americas,167391,113125,IceboxPICK,bo1,0.56,121.0,6,14,5,0.43,71%,93.0,14%,1.0,3.0
BuZz,KRX,https://www.vlr.gg/player/804/buzz,Pacific,167391,113125,IceboxPICK,bo1,1.17,285.0,21,16,3,1.31,76%,172.0,21%,6.0,3.0
MaKo,KRX,https://www.vlr.gg/player/4462/mako,Pacific,167391,113125,IceboxPICK,bo1,0.87,223.0,15,18,6,0.83,62%,136.0,21%,4.0,0.0
Zest,KRX,https://www.vlr.gg/player/772/zest,Pacific,167391,113125,IceboxPICK,bo1,0.78,155.0,12,17,5,0.71,62%,104.0,25%,1.0,0.0
Rb,KRX,https://www.vlr.gg/player/488/rb,Pacific,167391,113125,IceboxPICK,bo1,0.63,144.0,10,17,3,0.59,57%,92.0,23%,0.0,2.0
stax,KRX,https://www.vlr.gg/player/485/stax,Pacific,167391,113125,IceboxPICK,bo1,0.5,139.0,8,17,6,0.47,52%,100.0,18%,2.0,3.0
aspas,LOUD,https://www.vlr.gg/player/8480/aspas,Americas,167391,113126,SplitPICK,bo1,1.55,295.0,23,13,3,1.77,75%,172.0,21%,8.0,1.0
saadhak,LOUD,https://www.vlr.gg/player/727/saadhak,Americas,167391,113126,SplitPICK,bo1,0.92,209.0,13,15,4,0.87,70%,142.0,22%,2.0,3.0
tuyz,LOUD,https://www.vlr.gg/player/2408/tuyz,Americas,167391,113126,SplitPICK,bo1,0.88,146.0,10,16,11,0.62,75%,95.0,40%,2.0,0.0
Less,LOUD,https://www.vlr.gg/player/8447/less,Americas,167391,113126,SplitPICK,bo1,0.81,207.0,14,17,8,0.82,75%,143.0,37%,1.0,0.0
cauanzin,LOUD,https://www.vlr.gg/player/6193/cauanzin,Americas,167391,113126,SplitPICK,bo1,0.48,109.0,6,16,14,0.38,65%,77.0,19%,1.0,2.0
BuZz,KRX,https://www.vlr.gg/player/804/buzz,Pacific,167391,113126,SplitPICK,bo1,1.35,275.0,18,14,8,1.29,85%,176.0,21%,2.0,3.0
stax,KRX,https://www.vlr.gg/player/485/stax,Pacific,167391,113126,SplitPICK,bo1,1.21,234.0,18,13,4,1.38,75%,139.0,28%,1.0,0.0
MaKo,KRX,https://www.vlr.gg/player/4462/mako,Pacific,167391,113126,SplitPICK,bo1,1.16,224.0,16,14,11,1.14,80%,146.0,30%,1.0,5.0
Rb,KRX,https://www.vlr.gg/player/488/rb,Pacific,167391,113126,SplitPICK,bo1,1.12,186.0,14,11,7,1.27,80%,114.0,39%,1.0,1.0
Zest,KRX,https://www.vlr.gg/player/772/zest,Pacific,167391,113126,SplitPICK,bo1,0.79,172.0,11,14,7,0.79,70%,120.0,22%,1.0,5.0
cauanzin,LOUD,https://www.vlr.gg/player/6193/cauanzin,Americas,167391,113127,FracturePICK,bo1,1.08,226.0,18,16,7,1.12,65%,137.0,36%,2.0,1.0
tuyz,LOUD,https://www.vlr.gg/player/2408/tuyz,Americas,167391,113127,FracturePICK,bo1,1.02,198.0,12,15,12,0.8,75%,128.0,28%,0.0,1.0
saadhak,LOUD,https://www.vlr.gg/player/727/saadhak,Americas,167391,113127,FracturePICK,bo1,0.9,219.0,13,15,5,0.87,75%,150.0,19%,2.0,5.0
Less,LOUD,https://www.vlr.gg/player/8447/less,Americas,167391,113127,FracturePICK,bo1,0.74,136.0,9,14,0,0.64,70%,92.0,23%,2.0,2.0
aspas,LOUD,https://www.vlr.gg/player/8480/aspas,Americas,167391,113127,FracturePICK,bo1,0.54,141.0,9,17,3,0.53,45%,92.0,26%,2.0,3.0
MaKo,KRX,https://www.vlr.gg/player/4462/mako,Pacific,167391,113127,FracturePICK,bo1,1.85,329.0,24,10,13,2.4,85%,204.0,26%,3.0,1.0
BuZz,KRX,https://www.vlr.gg/player/804/buzz,Pacific,167391,113127,FracturePICK,bo1,1.45,282.0,20,11,5,1.82,95%,180.0,20%,5.0,1.0
Rb,KRX,https://www.vlr.gg/player/488/rb,Pacific,167391,113127,FracturePICK,bo1,0.99,215.0,15,13,4,1.15,75%,148.0,19%,3.0,3.0
Zest,KRX,https://www.vlr.gg/player/772/zest,Pacific,167391,113127,FracturePICK,bo1,0.8,115.0,9,12,4,0.75,70%,80.0,19%,0.0,2.0
stax,KRX,https://www.vlr.gg/player/485/stax,Pacific,167391,113127,FracturePICK,bo1,0.61,120.0,9,15,8,0.6,65%,69.0,13%,1.0,1.0
cauanzin,LOUD,https://www.vlr.gg/player/6193/cauanzin,Americas,167391,113128,Ascent,bo1,1.62,268.0,22,12,7,1.83,81%,170.0,33%,4.0,0.0
Less,LOUD,https://www.vlr.gg/player/8447/less,Americas,167391,113128,Ascent,bo1,1.2,221.0,18,14,2,1.29,81%,170.0,49%,4.0,1.0
tuyz,LOUD,https://www.vlr.gg/player/2408/tuyz,Americas,167391,113128,Ascent,bo1,1.14,161.0,11,12,15,0.92,86%,101.0,27%,2.0,0.0
saadhak,LOUD,https://www.vlr.gg/player/727/saadhak,Americas,167391,113128,Ascent,bo1,0.99,185.0,14,12,6,1.17,86%,119.0,18%,2.0,2.0
aspas,LOUD,https://www.vlr.gg/player/8480/aspas,Americas,167391,113128,Ascent,bo1,0.83,170.0,10,15,7,0.67,71%,139.0,31%,3.0,3.0
MaKo,KRX,https://www.vlr.gg/player/4462/mako,Pacific,167391,113128,Ascent,bo1,1.41,268.0,19,13,13,1.46,81%,162.0,22%,2.0,2.0
stax,KRX,https://www.vlr.gg/player/485/stax,Pacific,167391,113128,Ascent,bo1,0.96,160.0,11,13,5,0.85,52%,115.0,14%,0.0,5.0
Zest,KRX,https://www.vlr.gg/player/772/zest,Pacific,167391,113128,Ascent,bo1,0.77,155.0,11,15,4,0.73,67%,101.0,30%,1.0,2.0
BuZz,KRX,https://www.vlr.gg/player/804/buzz,Pacific,167391,113128,Ascent,bo1,0.65,195.0,14,18,4,0.78,62%,115.0,34%,3.0,5.0
Rb,KRX,https://www.vlr.gg/player/488/rb,Pacific,167391,113128,Ascent,bo1,0.63,153.0,10,16,1,0.62,57%,108.0,20%,0.0,1.0
Zyppan,NAVI,https://www.vlr.gg/player/11/zyppan,EMEA,167392,113129,HavenPICK,bo1,1.25,208.0,20,16,12,1.25,75%,141.0,30%,3.0,2.0
Shao,NAVI,https://www.vlr.gg/player/384/shao,EMEA,167392,113129,HavenPICK,bo1,1.1,158.0,13,14,10,0.93,75%,89.0,36%,3.0,2.0
SUYGETSU,NAVI,https://www.vlr.gg/player/2858/suygetsu,EMEA,167392,113129,HavenPICK,bo1,0.94,217.0,18,18,5,1.0,67%,151.0,45%,2.0,0.0
cNed,NAVI,https://www.vlr.gg/player/573/cned,EMEA,167392,113129,HavenPICK,bo1,0.77,195.0,16,19,4,0.84,71%,128.0,19%,4.0,4.0
ANGE1,NAVI,https://www.vlr.gg/player/109/ange1,EMEA,167392,113129,HavenPICK,bo1,0.68,114.0,8,18,11,0.44,75%,79.0,30%,2.0,2.0
Leo,FNC,https://www.vlr.gg/player/1380/leo,EMEA,167392,113129,HavenPICK,bo1,1.49,270.0,23,13,6,1.77,79%,163.0,17%,1.0,0.0
Derke,FNC,https://www.vlr.gg/player/5022/derke,EMEA,167392,113129,HavenPICK,bo1,1.09,233.0,19,14,4,1.36,67%,163.0,28%,3.0,7.0
Alfajer,FNC,https://www.vlr.gg/player/9810/alfajer,EMEA,167392,113129,HavenPICK,bo1,1.03,171.0,16,14,3,1.14,67%,102.0,18%,1.0,1.0
Boaster,FNC,https://www.vlr.gg/player/438/boaster,EMEA,167392,113129,HavenPICK,bo1,0.88,195.0,14,17,8,0.82,71%,119.0,14%,4.0,3.0
Chronicle,FNC,https://www.vlr.gg/player/458/chronicle,EMEA,167392,113129,HavenPICK,bo1,0.82,143.0,13,17,10,0.76,88%,92.0,32%,1.0,3.0
SUYGETSU,NAVI,https://www.vlr.gg/player/2858/suygetsu,EMEA,167392,113130,LotusPICK,bo1,0.9,219.0,12,14,4,0.86,71%,153.0,36%,2.0,2.0
cNed,NAVI,https://www.vlr.gg/player/573/cned,EMEA,167392,113130,LotusPICK,bo1,0.76,190.0,10,16,2,0.62,59%,141.0,13%,4.0,0.0
Shao,NAVI,https://www.vlr.gg/player/384/shao,EMEA,167392,113130,LotusPICK,bo1,0.76,155.0,10,13,3,0.77,71%,101.0,50%,0.0,1.0
ANGE1,NAVI,https://www.vlr.gg/player/109/ange1,EMEA,167392,113130,LotusPICK,bo1,0.65,161.0,9,14,4,0.64,41%,111.0,39%,2.0,4.0
Zyppan,NAVI,https://www.vlr.gg/player/11/zyppan,EMEA,167392,113130,LotusPICK,bo1,0.33,91.0,6,15,1,0.4,47%,60.0,36%,1.0,1.0
Alfajer,FNC,https://www.vlr.gg/player/9810/alfajer,EMEA,167392,113130,LotusPICK,bo1,1.35,261.0,15,9,4,1.67,76%,180.0,30%,2.0,2.0
Boaster,FNC,https://www.vlr.gg/player/438/boaster,EMEA,167392,113130,LotusPICK,bo1,1.31,229.0,15,9,3,1.67,88%,131.0,17%,2.0,1.0
Derke,FNC,https://www.vlr.gg/player/5022/derke,EMEA,167392,113130,LotusPICK,bo1,1.26,323.0,18,15,6,1.2,88%,230.0,27%,3.0,3.0
Chronicle,FNC,https://www.vlr.gg/player/458/chronicle,EMEA,167392,113130,LotusPICK,bo1,1.25,182.0,14,8,4,1.75,71%,124.0,37%,1.0,2.0
Leo,FNC,https://www.vlr.gg/player/1380/leo,EMEA,167392,113130,LotusPICK,bo1,1.2,143.0,10,6,6,1.67,88%,91.0,8%,0.0,1.0
Shao,NAVI,https://www.vlr.gg/player/384/shao,EMEA,167392,113131,FracturePICK,bo1,1.14,205.0,18,15,7,1.2,88%,135.0,42%,3.0,1.0
SUYGETSU,NAVI,https://www.vlr.gg/player/2858/suygetsu,EMEA,167392,113131,FracturePICK,bo1,1.13,204.0,17,16,4,1.06,67%,155.0,50%,3.0,0.0
cNed,NAVI,https://www.vlr.gg/player/573/cned,EMEA,167392,113131,FracturePICK,bo1,0.9,214.0,16,18,5,0.89,71%,143.0,23%,2.0,3.0
Zyppan,NAVI,https://www.vlr.gg/player/11/zyppan,EMEA,167392,113131,FracturePICK,bo1,0.87,149.0,12,15,9,0.8,67%,107.0,27%,2.0,4.0
ANGE1,NAVI,https://www.vlr.gg/player/109/ange1,EMEA,167392,113131,FracturePICK,bo1,0.51,107.0,11,20,2,0.55,54%,77.0,48%,3.0,3.0
Chronicle,FNC,https://www.vlr.gg/player/458/chronicle,EMEA,167392,113131,FracturePICK,bo1,1.34,215.0,19,13,16,1.46,79%,142.0,28%,0.0,3.0
Leo,FNC,https://www.vlr.gg/player/1380/leo,EMEA,167392,113131,FracturePICK,bo1,1.22,217.0,18,14,6,1.29,75%,141.0,12%,3.0,0.0
Alfajer,FNC,https://www.vlr.gg/player/9810/alfajer,EMEA,167392,113131,FracturePICK,bo1,1.09,212.0,19,15,6,1.27,71%,142.0,26%,1.0,2.0
Boaster,FNC,https://www.vlr.gg/player/438/boaster,EMEA,167392,113131,FracturePICK,bo1,1.01,179.0,15,16,9,0.94,71%,119.0,23%,3.0,2.0
Derke,FNC,https://www.vlr.gg/player/5022/derke,EMEA,167392,113131,FracturePICK,bo1,0.76,149.0,13,16,4,0.81,71%,100.0,18%,4.0,6.0
mimi,tarik,https://www.vlr.gg/player/17323/mimi,,180279,118198,Lotus,bo1,,,21,14,4,1.5,,,,,
cNed,tarik,https://www.vlr.gg/player/573/cned,EMEA,180279,118198,Lotus,bo1,,,20,17,3,1.18,,,,,
Paula,tarik,https://www.vlr.gg/player/649/paula,,180279,118198,Lotus,bo1,,,19,17,15,1.12,,,,,
SirMaza,tarik,https://www.vlr.gg/player/2194/sirmaza,,180279,118198,Lotus,bo1,,,13,17,11,0.76,,,,,
tarik,tarik,https://www.vlr.gg/player/31376/tarik,,180279,118198,Lotus,bo1,,,10,18,3,0.56,,,,,
pANcada,FRTTT,https://www.vlr.gg/player/683/pancada,Americas,180279,118198,Lotus,bo1,,,31,14,6,2.21,,,,,
SUYGETSU,FRTTT,https://www.vlr.gg/player/2858/suygetsu,EMEA,180279,118198,Lotus,bo1,,,19,18,8,1.06,,,,,
SkRossi,FRTTT,https://www.vlr.gg/player/4095/skrossi,Pacific,180279,118198,Lotus,bo1,,,13,17,6,0.76,,,,,
FRTTT,FRTTT,https://www.vlr.gg/player/3397/frttt,,180279,118198,Lotus,bo1,,,10,19,3,0.53,,,,,
vela,FRTTT,https://www.vlr.gg/player/36666/vela,,180279,118198,Lotus,bo1,,,10,15,7,0.67,,,,,
saadhak,LOUD,https://www.vlr.gg/player/727/saadhak,Americas,167393,113134,AscentPICK,bo1,1.06,245.0,17,16,9,1.06,76%,164.0,28%,4.0,4.0
Less,LOUD,https://www.vlr.gg/player/8447/less,Americas,167393,113134,AscentPICK,bo1,1.04,224.0,16,16,4,1.0,81%,157.0,15%,1.0,0.0
tuyz,LOUD,https://www.vlr.gg/player/2408/tuyz,Americas,167393,113134,AscentPICK,bo1,1.01,165.0,13,14,7,0.93,67%,105.0,36%,2.0,0.0
cauanzin,LOUD,https://www.vlr.gg/player/6193/cauanzin,Americas,167393,113134,AscentPICK,bo1,0.82,198.0,15,17,7,0.88,71%,117.0,24%,4.0,2.0
aspas,LOUD,https://www.vlr.gg/player/8480/aspas,Americas,167393,113134,AscentPICK,bo1,0.51,104.0,8,16,2,0.5,67%,73.0,48%,1.0,3.0
Leo,FNC,https://www.vlr.gg/player/1380/leo,EMEA,167393,113134,AscentPICK,bo1,1.67,329.0,23,12,13,1.92,86%,219.0,26%,0.0,1.0
Boaster,FNC,https://www.vlr.gg/player/438/boaster,EMEA,167393,113134,AscentPICK,bo1,1.18,198.0,14,13,11,1.08,76%,123.0,18%,1.0,4.0
Chronicle,FNC,https://www.vlr.gg/player/458/chronicle,EMEA,167393,113134,AscentPICK,bo1,1.16,218.0,16,15,15,1.07,76%,144.0,20%,1.0,1.0
Derke,FNC,https://www.vlr.gg/player/5022/derke,EMEA,167393,113134,AscentPICK,bo1,0.9,205.0,15,16,3,0.94,67%,134.0,20%,5.0,6.0
Alfajer,FNC,https://www.vlr.gg/player/9810/alfajer,EMEA,167393,113134,AscentPICK,bo1,0.82,158.0,11,13,3,0.85,67%,111.0,24%,2.0,0.0
cauanzin,LOUD,https://www.vlr.gg/player/6193/cauanzin,Americas,167393,113135,FracturePICK,bo1,1.15,228.0,19,17,3,1.12,60%,127.0,25%,2.0,1.0
tuyz,LOUD,https://www.vlr.gg/player/2408/tuyz,Americas,167393,113135,FracturePICK,bo1,0.97,214.0,16,17,5,0.94,70%,137.0,36%,2.0,1.0
aspas,LOUD,https://www.vlr.gg/player/8480/aspas,Americas,167393,113135,FracturePICK,bo1,0.93,195.0,14,16,4,0.88,80%,128.0,29%,2.0,2.0
Less,LOUD,https://www.vlr.gg/player/8447/less,Americas,167393,113135,FracturePICK,bo1,0.81,186.0,12,17,5,0.71,65%,122.0,24%,2.0,2.0
saadhak,LOUD,https://www.vlr.gg/player/727/saadhak,Americas,167393,113135,FracturePICK,bo1,0.19,93.0,4,19,6,0.21,55%,87.0,11%,0.0,6.0
Leo,FNC,https://www.vlr.gg/player/1380/leo,EMEA,167393,113135,FracturePICK,bo1,1.67,317.0,23,11,3,2.09,80%,205.0,31%,2.0,0.0
Chronicle,FNC,https://www.vlr.gg/player/458/chronicle,EMEA,167393,113135,FracturePICK,bo1,1.07,225.0,16,13,6,1.23,80%,148.0,27%,2.0,2.0
Derke,FNC,https://www.vlr.gg/player/5022/derke,EMEA,167393,113135,FracturePICK,bo1,0.97,243.0,18,16,4,1.12,85%,154.0,20%,5.0,4.0
Boaster,FNC,https://www.vlr.gg/player/438/boaster,EMEA,167393,113135,FracturePICK,bo1,0.97,191.0,15,13,7,1.15,80%,110.0,34%,0.0,2.0
Alfajer,FNC,https://www.vlr.gg/player/9810/alfajer,EMEA,167393,113135,FracturePICK,bo1,0.97,163.0,14,12,3,1.17,80%,117.0,32%,3.0,0.0
Less,LOUD,https://www.vlr.gg/player/8447/less,Americas,167393,113136,SplitPICK,bo1,1.5,285.0,24,14,5,1.71,68%,197.0,28%,1.0,1.0
aspas,LOUD,https://www.vlr.gg/player/8480/aspas,Americas,167393,113136,SplitPICK,bo1,1.28,216.0,19,13,5,1.46,82%,126.0,22%,2.0,2.0
tuyz,LOUD,https://www.vlr.gg/player/2408/tuyz,Americas,167393,113136,SplitPICK,bo1,1.02,147.0,13,13,5,1.0,73%,91.0,27%,1.0,2.0
cauanzin,LOUD,https://www.vlr.gg/player/6193/cauanzin,Americas,167393,113136,SplitPICK,bo1,0.75,185.0,13,19,8,0.68,68%,128.0,15%,6.0,2.0
saadhak,LOUD,https://www.vlr.gg/player/727/saadhak,Americas,167393,113136,SplitPICK,bo1,0.74,165.0,11,16,11,0.69,73%,122.0,15%,1.0,4.0
Derke,FNC,https://www.vlr.gg/player/5022/derke,EMEA,167393,113136,SplitPICK,bo1,1.06,252.0,19,20,3,0.95,68%,145.0,24%,8.0,5.0
Alfajer,FNC,https://www.vlr.gg/player/9810/alfajer,EMEA,167393,113136,SplitPICK,bo1,1.04,218.0,18,14,5,1.29,82%,135.0,28%,0.0,0.0
Leo,FNC,https://www.vlr.gg/player/1380/leo,EMEA,167393,113136,SplitPICK,bo1,0.99,166.0,14,13,3,1.08,64%,110.0,20%,0.0,2.0
Chronicle,FNC,https://www.vlr.gg/player/458/chronicle,EMEA,167393,113136,SplitPICK,bo1,0.8,191.0,13,17,5,0.76,64%,138.0,15%,2.0,1.0
Boaster,FNC,https://www.vlr.gg/player/438/boaster,EMEA,167393,113136,SplitPICK,bo1,0.79,158.0,11,16,10,0.69,77%,93.0,12%,1.0,3.0
Less,LOUD,https://www.vlr.gg/player/8447/less,Americas,167393,113137,LotusPICK,bo1,1.65,290.0,22,11,4,2.0,76%,205.0,26%,4.0,1.0
saadhak,LOUD,https://www.vlr.gg/player/727/saadhak,Americas,167393,113137,LotusPICK,bo1,1.07,234.0,16,15,9,1.07,71%,150.0,32%,2.0,3.0
tuyz,LOUD,https://www.vlr.gg/player/2408/tuyz,Americas,167393,113137,LotusPICK,bo1,0.91,135.0,12,13,5,0.92,76%,100.0,41%,1.0,1.0
cauanzin,LOUD,https://www.vlr.gg/player/6193/cauanzin,Americas,167393,113137,LotusPICK,bo1,0.8,163.0,13,14,5,0.93,81%,95.0,12%,4.0,2.0
aspas,LOUD,https://www.vlr.gg/player/8480/aspas,Americas,167393,113137,LotusPICK,bo1,0.52,109.0,8,14,2,0.57,62%,87.0,30%,1.0,2.0
Boaster,FNC,https://www.vlr.gg/player/438/boaster,EMEA,167393,113137,LotusPICK,bo1,1.29,235.0,19,14,5,1.36,71%,131.0,32%,4.0,2.0
Alfajer,FNC,https://www.vlr.gg/player/9810/alfajer,EMEA,167393,113137,LotusPICK,bo1,1.05,188.0,14,13,4,1.08,76%,125.0,24%,1.0,3.0
Leo,FNC,https://www.vlr.gg/player/1380/leo,EMEA,167393,113137,LotusPICK,bo1,0.91,164.0,13,14,6,0.93,81%,100.0,29%,1.0,2.0
Chronicle,FNC,https://www.vlr.gg/player/458/chronicle,EMEA,167393,113137,LotusPICK,bo1,0.8,161.0,9,14,8,0.64,62%,124.0,19%,1.0,1.0
Derke,FNC,https://www.vlr.gg/player/5022/derke,EMEA,167393,113137,LotusPICK,bo1,0.64,174.0,12,16,5,0.75,62%,125.0,12%,2.0,4.0
aspas,LOUD,https://www.vlr.gg/player/8480/aspas,Americas,167393,113138,Icebox,bo1,1.57,292.0,30,15,0,2.0,62%,171.0,34%,4.0,2.0
Less,LOUD,https://www.vlr.gg/player/8447/less,Americas,167393,113138,Icebox,bo1,1.27,242.0,24,20,9,1.2,77%,181.0,42%,4.0,0.0
cauanzin,LOUD,https://www.vlr.gg/player/6193/cauanzin,Americas,167393,113138,Icebox,bo1,0.96,183.0,14,19,23,0.74,69%,114.0,16%,1.0,2.0
saadhak,LOUD,https://www.vlr.gg/player/727/saadhak,Americas,167393,113138,Icebox,bo1,0.91,207.0,17,20,8,0.85,73%,138.0,34%,2.0,6.0
tuyz,LOUD,https://www.vlr.gg/player/2408/tuyz,Americas,167393,113138,Icebox,bo1,0.51,124.0,10,20,10,0.5,54%,77.0,21%,2.0,3.0
Derke,FNC,https://www.vlr.gg/player/5022/derke,EMEA,167393,113138,Icebox,bo1,1.35,336.0,27,20,9,1.35,65%,228.0,19%,8.0,4.0
Alfajer,FNC,https://www.vlr.gg/player/9810/alfajer,EMEA,167393,113138,Icebox,bo1,1.0,203.0,19,17,3,1.12,65%,152.0,34%,0.0,3.0
Boaster,FNC,https://www.vlr.gg/player/438/boaster,EMEA,167393,113138,Icebox,bo1,0.99,180.0,16,18,8,0.89,81%,125.0,21%,2.0,3.0
Leo,FNC,https://www.vlr.gg/player/1380/leo,EMEA,167393,113138,Icebox,bo1,0.91,174.0,16,18,7,0.89,88%,116.0,18%,0.0,1.0
Chronicle,FNC,https://www.vlr.gg/player/458/chronicle,EMEA,167393,113138,Icebox,bo1,0.8,180.0,16,22,6,0.73,58%,127.0,23%,3.0,2.0
