Player,Org,ProfileURL,Region,MatchID,MapNum,MapName,SeriesFormat,R2.0,ACS,K,D,A,K:D,KAST,ADR,HS%,FK,FD
nAts,TL,https://www.vlr.gg/player/457/nats,EMEA,247100,137395,FracturePICK,bo1,1.21,242.0,20,15,3,1.33,67%,144.0,33%,3.0,3.0
Sayf,TL,https://www.vlr.gg/player/312/sayf,EMEA,247100,137395,FracturePICK,bo1,0.97,170.0,14,16,10,0.88,71%,112.0,23%,0.0,1.0
soulcas,TL,https://www.vlr.gg/player/101/soulcas,EMEA,247100,137395,FracturePICK,bo1,0.88,152.0,13,14,9,0.93,63%,94.0,36%,1.0,2.0
Jamppi,TL,https://www.vlr.gg/player/9780/jamppi,EMEA,247100,137395,FracturePICK,bo1,0.87,194.0,16,17,2,0.94,50%,126.0,17%,5.0,5.0
Redgar,TL,https://www.vlr.gg/player/1427/redgar,EMEA,247100,137395,FracturePICK,bo1,0.63,125.0,10,18,8,0.56,71%,92.0,20%,1.0,3.0
SUYGETSU,NAVI,https://www.vlr.gg/player/2858/suygetsu,EMEA,247100,137395,FracturePICK,bo1,1.27,179.0,17,10,7,1.7,75%,117.0,37%,1.0,0.0
cNed,NAVI,https://www.vlr.gg/player/573/cned,EMEA,247100,137395,FracturePICK,bo1,1.15,179.0,16,11,6,1.45,83%,121.0,28%,1.0,2.0
Zyppan,NAVI,https://www.vlr.gg/player/11/zyppan,EMEA,247100,137395,FracturePICK,bo1,0.97,223.0,18,18,2,1.0,50%,153.0,31%,4.0,3.0
Shao,NAVI,https://www.vlr.gg/player/384/shao,EMEA,247100,137395,FracturePICK,bo1,0.97,170.0,14,15,4,0.93,79%,116.0,23%,3.0,3.0
ANGE1,NAVI,https://www.vlr.gg/player/109/ange1,EMEA,247100,137395,FracturePICK,bo1,0.84,178.0,15,19,8,0.79,71%,117.0,28%,5.0,2.0
nAts,TL,https://www.vlr.gg/player/457/nats,EMEA,247100,137396,BindPICK,bo1,1.42,284.0,34,24,7,1.42,88%,193.0,29%,5.0,2.0
Sayf,TL,https://www.vlr.gg/player/312/sayf,EMEA,247100,137396,BindPICK,bo1,1.08,240.0,26,25,8,1.04,78%,171.0,19%,4.0,4.0
Jamppi,TL,https://www.vlr.gg/player/9780/jamppi,EMEA,247100,137396,BindPICK,bo1,0.96,193.0,22,21,2,1.05,66%,124.0,25%,3.0,3.0
Redgar,TL,https://www.vlr.gg/player/1427/redgar,EMEA,247100,137396,BindPICK,bo1,0.86,181.0,19,24,11,0.79,66%,119.0,38%,4.0,4.0
soulcas,TL,https://www.vlr.gg/player/101/soulcas,EMEA,247100,137396,BindPICK,bo1,0.67,101.0,11,19,8,0.58,66%,63.0,57%,2.0,1.0
SUYGETSU,NAVI,https://www.vlr.gg/player/2858/suygetsu,EMEA,247100,137396,BindPICK,bo1,1.22,204.0,24,18,7,1.33,81%,149.0,42%,2.0,2.0
ANGE1,NAVI,https://www.vlr.gg/player/109/ange1,EMEA,247100,137396,BindPICK,bo1,1.06,221.0,24,23,13,1.04,78%,152.0,33%,2.0,5.0
Shao,NAVI,https://www.vlr.gg/player/384/shao,EMEA,247100,137396,BindPICK,bo1,1.05,196.0,22,23,15,0.96,69%,134.0,30%,2.0,1.0
cNed,NAVI,https://www.vlr.gg/player/573/cned,EMEA,247100,137396,BindPICK,bo1,0.95,188.0,22,23,6,0.96,66%,117.0,27%,3.0,4.0
Zyppan,NAVI,https://www.vlr.gg/player/11/zyppan,EMEA,247100,137396,BindPICK,bo1,0.79,193.0,21,25,4,0.84,63%,139.0,22%,5.0,6.0
stax,KRX,https://www.vlr.gg/player/485/stax,Pacific,247101,137398,LotusPICK,bo1,1.17,225.0,23,20,6,1.15,64%,152.0,47%,2.0,2.0
Zest,KRX,https://www.vlr.gg/player/772/zest,Pacific,247101,137398,LotusPICK,bo1,1.14,226.0,21,20,8,1.05,75%,168.0,28%,1.0,3.0
Rb,KRX,https://www.vlr.gg/player/488/rb,Pacific,247101,137398,LotusPICK,bo1,0.94,185.0,16,19,9,0.84,68%,121.0,30%,1.0,3.0
MaKo,KRX,https://www.vlr.gg/player/4462/mako,Pacific,247101,137398,LotusPICK,bo1,0.78,128.0,12,19,9,0.63,64%,89.0,32%,0.0,1.0
BuZz,KRX,https://www.vlr.gg/player/804/buzz,Pacific,247101,137398,LotusPICK,bo1,0.53,156.0,15,24,6,0.62,57%,108.0,21%,4.0,11.0
aspas,LOUD,https://www.vlr.gg/player/8480/aspas,Americas,247101,137398,LotusPICK,bo1,1.44,297.0,29,18,9,1.61,86%,193.0,19%,7.0,2.0
cauanzin,LOUD,https://www.vlr.gg/player/6193/cauanzin,Americas,247101,137398,LotusPICK,bo1,1.15,224.0,22,18,8,1.22,68%,150.0,22%,2.0,1.0
saadhak,LOUD,https://www.vlr.gg/player/727/saadhak,Americas,247101,137398,LotusPICK,bo1,1.05,162.0,16,14,3,1.14,68%,111.0,18%,4.0,1.0
Less,LOUD,https://www.vlr.gg/player/8447/less,Americas,247101,137398,LotusPICK,bo1,1.0,188.0,19,19,8,1.0,75%,121.0,23%,2.0,0.0
tuyz,LOUD,https://www.vlr.gg/player/2408/tuyz,Americas,247101,137398,LotusPICK,bo1,0.95,159.0,16,18,21,0.89,86%,95.0,32%,5.0,4.0
MaKo,KRX,https://www.vlr.gg/player/4462/mako,Pacific,247101,137399,SplitPICK,bo1,1.5,223.0,17,8,7,2.12,74%,138.0,27%,0.0,0.0
BuZz,KRX,https://www.vlr.gg/player/804/buzz,Pacific,247101,137399,SplitPICK,bo1,1.29,314.0,21,15,6,1.4,79%,200.0,24%,6.0,3.0
Zest,KRX,https://www.vlr.gg/player/772/zest,Pacific,247101,137399,SplitPICK,bo1,1.01,226.0,13,13,10,1.0,74%,150.0,27%,2.0,2.0
Rb,KRX,https://www.vlr.gg/player/488/rb,Pacific,247101,137399,SplitPICK,bo1,0.98,169.0,12,10,3,1.2,63%,106.0,21%,3.0,1.0
stax,KRX,https://www.vlr.gg/player/485/stax,Pacific,247101,137399,SplitPICK,bo1,0.78,146.0,11,13,3,0.85,63%,85.0,20%,0.0,2.0
aspas,LOUD,https://www.vlr.gg/player/8480/aspas,Americas,247101,137399,SplitPICK,bo1,1.12,237.0,14,15,8,0.93,68%,166.0,26%,3.0,3.0
Less,LOUD,https://www.vlr.gg/player/8447/less,Americas,247101,137399,SplitPICK,bo1,1.01,218.0,16,16,3,1.0,74%,155.0,33%,2.0,3.0
saadhak,LOUD,https://www.vlr.gg/player/727/saadhak,Americas,247101,137399,SplitPICK,bo1,0.85,173.0,12,14,5,0.86,63%,99.0,16%,1.0,3.0
tuyz,LOUD,https://www.vlr.gg/player/2408/tuyz,Americas,247101,137399,SplitPICK,bo1,0.82,140.0,9,15,11,0.6,74%,98.0,24%,0.0,1.0
cauanzin,LOUD,https://www.vlr.gg/player/6193/cauanzin,Americas,247101,137399,SplitPICK,bo1,0.74,142.0,8,14,11,0.57,63%,81.0,17%,2.0,1.0
Rb,KRX,https://www.vlr.gg/player/488/rb,Pacific,247101,137400,Ascent,bo1,1.35,264.0,21,14,4,1.5,67%,178.0,21%,0.0,3.0
MaKo,KRX,https://www.vlr.gg/player/4462/mako,Pacific,247101,137400,Ascent,bo1,1.17,211.0,15,13,14,1.15,76%,128.0,34%,1.0,1.0
stax,KRX,https://www.vlr.gg/player/485/stax,Pacific,247101,137400,Ascent,bo1,1.12,196.0,15,15,13,1.0,71%,123.0,29%,2.0,2.0
Zest,KRX,https://www.vlr.gg/player/772/zest,Pacific,247101,137400,Ascent,bo1,0.99,235.0,17,17,7,1.0,71%,153.0,33%,2.0,2.0
BuZz,KRX,https://www.vlr.gg/player/804/buzz,Pacific,247101,137400,Ascent,bo1,0.74,171.0,12,16,3,0.75,43%,104.0,17%,4.0,4.0
cauanzin,LOUD,https://www.vlr.gg/player/6193/cauanzin,Americas,247101,137400,Ascent,bo1,1.21,255.0,19,16,12,1.19,76%,148.0,20%,3.0,1.0
aspas,LOUD,https://www.vlr.gg/player/8480/aspas,Americas,247101,137400,Ascent,bo1,1.0,238.0,18,18,4,1.0,71%,156.0,33%,4.0,3.0
tuyz,LOUD,https://www.vlr.gg/player/2408/tuyz,Americas,247101,137400,Ascent,bo1,0.98,188.0,15,15,7,1.0,67%,111.0,22%,2.0,1.0
Less,LOUD,https://www.vlr.gg/player/8447/less,Americas,247101,137400,Ascent,bo1,0.97,198.0,14,14,7,1.0,71%,116.0,19%,2.0,2.0
saadhak,LOUD,https://www.vlr.gg/player/727/saadhak,Americas,247101,137400,Ascent,bo1,0.57,125.0,9,17,7,0.53,62%,93.0,20%,1.0,2.0
MOJJ,FUT,https://www.vlr.gg/player/3604/mojj,EMEA,247087,137368,PearlPICK,bo1,1.65,340.0,22,11,6,2.0,82%,231.0,26%,1.0,3.0
MrFaliN,FUT,https://www.vlr.gg/player/8044/mrfalin,EMEA,247087,137368,PearlPICK,bo1,1.33,251.0,15,11,8,1.36,94%,174.0,23%,1.0,1.0
AtaKaptan,FUT,https://www.vlr.gg/player/6510/atakaptan,EMEA,247087,137368,PearlPICK,bo1,1.14,189.0,11,10,10,1.1,76%,124.0,38%,1.0,0.0
qRaxs,FUT,https://www.vlr.gg/player/1139/qraxs,EMEA,247087,137368,PearlPICK,bo1,1.14,244.0,16,13,7,1.23,82%,156.0,27%,4.0,0.0
qw1,FUT,https://www.vlr.gg/player/10125/qw1,EMEA,247087,137368,PearlPICK,bo1,0.85,198.0,14,13,1,1.08,71%,137.0,42%,4.0,2.0
Sayaplayer,T1,https://www.vlr.gg/player/4545/sayaplayer,Pacific,247087,137368,PearlPICK,bo1,1.28,246.0,15,14,3,1.07,65%,169.0,22%,3.0,1.0
Munchkin,T1,https://www.vlr.gg/player/2489/munchkin,Pacific,247087,137368,PearlPICK,bo1,1.04,306.0,17,17,4,1.0,71%,206.0,19%,1.0,2.0
xeta,T1,https://www.vlr.gg/player/474/xeta,Pacific,247087,137368,PearlPICK,bo1,0.93,225.0,12,16,7,0.75,82%,146.0,33%,2.0,2.0
ban,T1,https://www.vlr.gg/player/5129/ban,Pacific,247087,137368,PearlPICK,bo1,0.69,145.0,9,14,5,0.64,59%,94.0,32%,0.0,2.0
carpe,T1,https://www.vlr.gg/player/31207/carpe,Pacific,247087,137368,PearlPICK,bo1,0.12,89.0,5,17,3,0.29,29%,48.0,14%,0.0,4.0
qw1,FUT,https://www.vlr.gg/player/10125/qw1,EMEA,247087,137369,HavenPICK,bo1,1.33,281.0,21,11,1,1.91,85%,157.0,28%,8.0,3.0
MrFaliN,FUT,https://www.vlr.gg/player/8044/mrfalin,EMEA,247087,137369,HavenPICK,bo1,1.27,170.0,12,8,15,1.5,100%,90.0,8%,0.0,0.0
qRaxs,FUT,https://www.vlr.gg/player/1139/qraxs,EMEA,247087,137369,HavenPICK,bo1,1.27,243.0,20,12,5,1.67,90%,159.0,34%,0.0,0.0
AtaKaptan,FUT,https://www.vlr.gg/player/6510/atakaptan,EMEA,247087,137369,HavenPICK,bo1,1.24,202.0,13,11,20,1.18,85%,129.0,35%,1.0,2.0
MOJJ,FUT,https://www.vlr.gg/player/3604/mojj,EMEA,247087,137369,HavenPICK,bo1,0.93,221.0,15,13,4,1.15,75%,144.0,35%,3.0,3.0
Munchkin,T1,https://www.vlr.gg/player/2489/munchkin,Pacific,247087,137369,HavenPICK,bo1,0.99,169.0,13,15,4,0.87,55%,113.0,34%,3.0,3.0
xeta,T1,https://www.vlr.gg/player/474/xeta,Pacific,247087,137369,HavenPICK,bo1,0.98,189.0,12,14,4,0.86,75%,133.0,17%,0.0,2.0
ban,T1,https://www.vlr.gg/player/5129/ban,Pacific,247087,137369,HavenPICK,bo1,0.84,165.0,10,16,8,0.62,65%,100.0,32%,1.0,2.0
Sayaplayer,T1,https://www.vlr.gg/player/4545/sayaplayer,Pacific,247087,137369,HavenPICK,bo1,0.62,168.0,10,19,2,0.53,45%,116.0,27%,3.0,4.0
carpe,T1,https://www.vlr.gg/player/31207/carpe,Pacific,247087,137369,HavenPICK,bo1,0.6,142.0,10,17,0,0.59,55%,96.0,37%,1.0,1.0
jawgemo,EG,https://www.vlr.gg/player/3993/jawgemo,Americas,247086,137365,AscentPICK,bo1,1.43,232.0,18,12,13,1.5,86%,163.0,35%,2.0,2.0
Ethan,EG,https://www.vlr.gg/player/11225/ethan,Americas,247086,137365,AscentPICK,bo1,1.34,204.0,15,10,17,1.5,86%,150.0,25%,3.0,0.0
Demon1,EG,https://www.vlr.gg/player/26171/demon1,Americas,247086,137365,AscentPICK,bo1,1.19,267.0,21,13,1,1.62,71%,177.0,40%,5.0,1.0
C0M,EG,https://www.vlr.gg/player/619/c0m,Americas,247086,137365,AscentPICK,bo1,1.02,201.0,16,14,6,1.14,81%,120.0,21%,3.0,1.0
Boostio,EG,https://www.vlr.gg/player/604/boostio,Americas,247086,137365,AscentPICK,bo1,0.8,137.0,10,12,3,0.83,71%,95.0,13%,4.0,0.0
AAAAY,FPX,https://www.vlr.gg/player/19530/aaaay,CN,247086,137365,AscentPICK,bo1,1.52,278.0,23,14,4,1.64,76%,173.0,41%,0.0,2.0
Lysoar,FPX,https://www.vlr.gg/player/37489/lysoar,CN,247086,137365,AscentPICK,bo1,0.91,202.0,13,16,4,0.81,62%,133.0,30%,0.0,4.0
Yuicaw,FPX,https://www.vlr.gg/player/11218/yuicaw,CN,247086,137365,AscentPICK,bo1,0.79,185.0,12,18,3,0.67,57%,118.0,19%,3.0,5.0
nizhaoTZH,FPX,https://www.vlr.gg/player/4880/nizhaotzh,CN,247086,137365,AscentPICK,bo1,0.74,100.0,8,14,4,0.57,62%,71.0,20%,0.0,1.0
BerLIN,FPX,https://www.vlr.gg/player/7857/berlin,CN,247086,137365,AscentPICK,bo1,0.33,88.0,5,18,7,0.28,48%,56.0,41%,1.0,5.0
jawgemo,EG,https://www.vlr.gg/player/3993/jawgemo,Americas,247086,137366,PearlPICK,bo1,1.43,259.0,22,14,4,1.57,71%,177.0,43%,0.0,2.0
Demon1,EG,https://www.vlr.gg/player/26171/demon1,Americas,247086,137366,PearlPICK,bo1,1.33,276.0,22,15,2,1.47,62%,178.0,49%,2.0,6.0
Ethan,EG,https://www.vlr.gg/player/11225/ethan,Americas,247086,137366,PearlPICK,bo1,1.13,193.0,13,14,15,0.93,86%,129.0,18%,2.0,0.0
C0M,EG,https://www.vlr.gg/player/619/c0m,Americas,247086,137366,PearlPICK,bo1,1.01,237.0,17,18,7,0.94,76%,152.0,31%,1.0,3.0
Boostio,EG,https://www.vlr.gg/player/604/boostio,Americas,247086,137366,PearlPICK,bo1,0.59,87.0,6,14,3,0.43,57%,62.0,12%,2.0,3.0
nizhaoTZH,FPX,https://www.vlr.gg/player/4880/nizhaotzh,CN,247086,137366,PearlPICK,bo1,1.17,222.0,17,14,8,1.21,76%,152.0,38%,0.0,1.0
AAAAY,FPX,https://www.vlr.gg/player/19530/aaaay,CN,247086,137366,PearlPICK,bo1,1.03,203.0,16,15,4,1.07,62%,132.0,32%,1.0,0.0
Lysoar,FPX,https://www.vlr.gg/player/37489/lysoar,CN,247086,137366,PearlPICK,bo1,0.94,245.0,18,17,2,1.06,71%,157.0,27%,5.0,1.0
Yuicaw,FPX,https://www.vlr.gg/player/11218/yuicaw,CN,247086,137366,PearlPICK,bo1,0.83,208.0,14,18,4,0.78,76%,132.0,36%,7.0,3.0
BerLIN,FPX,https://www.vlr.gg/player/7857/berlin,CN,247086,137366,PearlPICK,bo1,0.57,145.0,10,16,7,0.62,71%,88.0,36%,1.0,2.0
Shao,NAVI,https://www.vlr.gg/player/384/shao,EMEA,247102,137401,BindPICK,bo1,1.2,225.0,24,18,3,1.33,71%,153.0,36%,1.0,2.0
cNed,NAVI,https://www.vlr.gg/player/573/cned,EMEA,247102,137401,BindPICK,bo1,0.96,193.0,22,21,4,1.05,71%,137.0,32%,2.0,8.0
Zyppan,NAVI,https://www.vlr.gg/player/11/zyppan,EMEA,247102,137401,BindPICK,bo1,0.94,216.0,21,23,7,0.91,71%,153.0,18%,1.0,3.0
SUYGETSU,NAVI,https://www.vlr.gg/player/2858/suygetsu,EMEA,247102,137401,BindPICK,bo1,0.78,174.0,17,22,2,0.77,54%,109.0,26%,2.0,3.0
ANGE1,NAVI,https://www.vlr.gg/player/109/ange1,EMEA,247102,137401,BindPICK,bo1,0.39,151.0,11,27,15,0.41,71%,107.0,13%,2.0,4.0
stax,KRX,https://www.vlr.gg/player/485/stax,Pacific,247102,137401,BindPICK,bo1,1.45,267.0,27,18,15,1.5,75%,164.0,41%,3.0,2.0
Zest,KRX,https://www.vlr.gg/player/772/zest,Pacific,247102,137401,BindPICK,bo1,1.38,261.0,26,18,11,1.44,79%,155.0,27%,2.0,0.0
MaKo,KRX,https://www.vlr.gg/player/4462/mako,Pacific,247102,137401,BindPICK,bo1,1.24,218.0,20,17,16,1.18,79%,152.0,32%,2.0,1.0
Rb,KRX,https://www.vlr.gg/player/488/rb,Pacific,247102,137401,BindPICK,bo1,1.02,239.0,23,22,5,1.05,79%,148.0,24%,8.0,3.0
BuZz,KRX,https://www.vlr.gg/player/804/buzz,Pacific,247102,137401,BindPICK,bo1,0.74,152.0,15,20,2,0.75,75%,97.0,26%,5.0,2.0
cNed,NAVI,https://www.vlr.gg/player/573/cned,EMEA,247102,137402,SplitPICK,bo1,1.91,312.0,27,9,4,3.0,95%,209.0,30%,3.0,2.0
SUYGETSU,NAVI,https://www.vlr.gg/player/2858/suygetsu,EMEA,247102,137402,SplitPICK,bo1,1.28,178.0,16,9,4,1.78,91%,115.0,23%,3.0,0.0
Zyppan,NAVI,https://www.vlr.gg/player/11/zyppan,EMEA,247102,137402,SplitPICK,bo1,1.2,226.0,16,13,8,1.23,95%,165.0,21%,3.0,5.0
Shao,NAVI,https://www.vlr.gg/player/384/shao,EMEA,247102,137402,SplitPICK,bo1,1.0,147.0,12,10,4,1.2,82%,97.0,44%,1.0,0.0
ANGE1,NAVI,https://www.vlr.gg/player/109/ange1,EMEA,247102,137402,SplitPICK,bo1,0.81,148.0,10,15,15,0.67,77%,97.0,28%,2.0,3.0
BuZz,KRX,https://www.vlr.gg/player/804/buzz,Pacific,247102,137402,SplitPICK,bo1,1.13,262.0,21,17,3,1.24,77%,169.0,20%,5.0,5.0
stax,KRX,https://www.vlr.gg/player/485/stax,Pacific,247102,137402,SplitPICK,bo1,0.85,147.0,10,15,13,0.67,68%,86.0,36%,1.0,1.0
Zest,KRX,https://www.vlr.gg/player/772/zest,Pacific,247102,137402,SplitPICK,bo1,0.73,120.0,10,16,5,0.62,59%,95.0,40%,1.0,3.0
MaKo,KRX,https://www.vlr.gg/player/4462/mako,Pacific,247102,137402,SplitPICK,bo1,0.73,128.0,9,16,12,0.56,77%,80.0,22%,2.0,1.0
Rb,KRX,https://www.vlr.gg/player/488/rb,Pacific,247102,137402,SplitPICK,bo1,0.52,103.0,6,17,4,0.35,55%,79.0,15%,1.0,2.0
SUYGETSU,NAVI,https://www.vlr.gg/player/2858/suygetsu,EMEA,247102,137403,Lotus,bo1,1.41,227.0,22,14,4,1.57,81%,170.0,38%,2.0,0.0
Shao,NAVI,https://www.vlr.gg/player/384/shao,EMEA,247102,137403,Lotus,bo1,1.33,235.0,22,17,11,1.29,81%,156.0,32%,3.0,0.0
ANGE1,NAVI,https://www.vlr.gg/player/109/ange1,EMEA,247102,137403,Lotus,bo1,0.74,185.0,17,21,11,0.81,69%,116.0,22%,4.0,5.0
Zyppan,NAVI,https://www.vlr.gg/player/11/zyppan,EMEA,247102,137403,Lotus,bo1,0.71,152.0,14,19,12,0.74,77%,110.0,50%,2.0,1.0
cNed,NAVI,https://www.vlr.gg/player/573/cned,EMEA,247102,137403,Lotus,bo1,0.58,147.0,13,19,2,0.68,62%,102.0,22%,3.0,5.0
Rb,KRX,https://www.vlr.gg/player/488/rb,Pacific,247102,137403,Lotus,bo1,1.43,221.0,23,14,4,1.64,73%,149.0,31%,3.0,0.0
BuZz,KRX,https://www.vlr.gg/player/804/buzz,Pacific,247102,137403,Lotus,bo1,1.22,299.0,27,21,5,1.29,77%,181.0,22%,5.0,6.0
MaKo,KRX,https://www.vlr.gg/player/4462/mako,Pacific,247102,137403,Lotus,bo1,0.96,143.0,12,17,18,0.71,69%,92.0,42%,2.0,2.0
stax,KRX,https://www.vlr.gg/player/485/stax,Pacific,247102,137403,Lotus,bo1,0.8,151.0,14,18,11,0.78,69%,90.0,35%,0.0,3.0
Zest,KRX,https://www.vlr.gg/player/772/zest,Pacific,247102,137403,Lotus,bo1,0.78,154.0,14,19,6,0.74,58%,91.0,41%,2.0,4.0
Victor,NRG,https://www.vlr.gg/player/261/victor,Americas,247094,137383,LotusPICK,bo1,1.19,235.0,21,18,2,1.17,77%,150.0,17%,8.0,2.0
s0m,NRG,https://www.vlr.gg/player/4164/s0m,Americas,247094,137383,LotusPICK,bo1,1.17,241.0,23,17,9,1.35,81%,142.0,40%,4.0,1.0
ardiis,NRG,https://www.vlr.gg/player/98/ardiis,Americas,247094,137383,LotusPICK,bo1,1.05,231.0,21,17,4,1.24,77%,168.0,23%,5.0,0.0
crashies,NRG,https://www.vlr.gg/player/4/crashies,Americas,247094,137383,LotusPICK,bo1,0.77,199.0,18,20,7,0.9,65%,119.0,25%,1.0,0.0
FiNESSE,NRG,https://www.vlr.gg/player/817/finesse,Americas,247094,137383,LotusPICK,bo1,0.76,153.0,12,16,12,0.75,81%,102.0,11%,3.0,2.0
Biank,BLG,https://www.vlr.gg/player/3021/biank,CN,247094,137383,LotusPICK,bo1,1.59,266.0,25,14,4,1.79,81%,167.0,15%,0.0,4.0
whzy,BLG,https://www.vlr.gg/player/4885/whzy,CN,247094,137383,LotusPICK,bo1,1.03,239.0,20,22,6,0.91,69%,148.0,15%,2.0,6.0
DK,BLG,https://www.vlr.gg/player/3024/dk,CN,247094,137383,LotusPICK,bo1,0.94,178.0,15,18,1,0.83,58%,130.0,27%,1.0,2.0
yosemite,BLG,https://www.vlr.gg/player/6022/yosemite,CN,247094,137383,LotusPICK,bo1,0.75,142.0,11,18,9,0.61,65%,82.0,4%,0.0,4.0
Knight,BLG,https://www.vlr.gg/player/4774/knight,CN,247094,137383,LotusPICK,bo1,0.72,186.0,17,23,7,0.74,62%,120.0,34%,2.0,5.0
crashies,NRG,https://www.vlr.gg/player/4/crashies,Americas,247094,137384,SplitPICK,bo1,1.29,220.0,18,15,5,1.2,81%,137.0,30%,0.0,1.0
s0m,NRG,https://www.vlr.gg/player/4164/s0m,Americas,247094,137384,SplitPICK,bo1,0.88,166.0,11,15,8,0.73,62%,125.0,15%,1.0,3.0
ardiis,NRG,https://www.vlr.gg/player/98/ardiis,Americas,247094,137384,SplitPICK,bo1,0.85,211.0,15,18,3,0.83,62%,130.0,13%,3.0,5.0
Victor,NRG,https://www.vlr.gg/player/261/victor,Americas,247094,137384,SplitPICK,bo1,0.66,191.0,13,20,2,0.65,62%,113.0,20%,1.0,4.0
FiNESSE,NRG,https://www.vlr.gg/player/817/finesse,Americas,247094,137384,SplitPICK,bo1,0.62,180.0,10,19,12,0.53,71%,113.0,13%,1.0,2.0
whzy,BLG,https://www.vlr.gg/player/4885/whzy,CN,247094,137384,SplitPICK,bo1,1.82,396.0,31,15,4,2.07,86%,227.0,15%,8.0,2.0
yosemite,BLG,https://www.vlr.gg/player/6022/yosemite,CN,247094,137384,SplitPICK,bo1,1.3,234.0,18,12,8,1.5,90%,141.0,32%,1.0,1.0
Biank,BLG,https://www.vlr.gg/player/3021/biank,CN,247094,137384,SplitPICK,bo1,0.99,167.0,12,12,13,1.0,81%,107.0,19%,2.0,0.0
Knight,BLG,https://www.vlr.gg/player/4774/knight,CN,247094,137384,SplitPICK,bo1,0.89,215.0,16,16,7,1.0,81%,141.0,30%,3.0,1.0
DK,BLG,https://www.vlr.gg/player/3024/dk,CN,247094,137384,SplitPICK,bo1,0.85,131.0,10,12,10,0.83,71%,80.0,27%,1.0,2.0
Alfajer,FNC,https://www.vlr.gg/player/9810/alfajer,EMEA,247093,137380,FracturePICK,bo1,1.82,339.0,23,7,5,3.29,89%,228.0,32%,4.0,0.0
Derke,FNC,https://www.vlr.gg/player/5022/derke,EMEA,247093,137380,FracturePICK,bo1,1.42,268.0,19,11,2,1.73,72%,189.0,25%,4.0,3.0
Leo,FNC,https://www.vlr.gg/player/1380/leo,EMEA,247093,137380,FracturePICK,bo1,1.27,194.0,12,7,5,1.71,89%,145.0,36%,2.0,0.0
Chronicle,FNC,https://www.vlr.gg/player/458/chronicle,EMEA,247093,137380,FracturePICK,bo1,0.95,124.0,9,11,10,0.82,78%,75.0,14%,1.0,0.0
Boaster,FNC,https://www.vlr.gg/player/438/boaster,EMEA,247093,137380,FracturePICK,bo1,0.95,194.0,12,11,8,1.09,83%,100.0,25%,4.0,0.0
TENNN,ZETA,https://www.vlr.gg/player/1395/tennn,Pacific,247093,137380,FracturePICK,bo1,1.02,189.0,12,13,2,0.92,67%,127.0,18%,0.0,6.0
SugarZ3ro,ZETA,https://www.vlr.gg/player/6668/sugarz3ro,Pacific,247093,137380,FracturePICK,bo1,0.83,136.0,8,14,7,0.57,72%,77.0,33%,0.0,2.0
Laz,ZETA,https://www.vlr.gg/player/999/laz,Pacific,247093,137380,FracturePICK,bo1,0.58,168.0,11,16,1,0.69,56%,88.0,21%,2.0,5.0
Dep,ZETA,https://www.vlr.gg/player/424/dep,Pacific,247093,137380,FracturePICK,bo1,0.56,190.0,10,17,0,0.59,56%,119.0,29%,1.0,2.0
crow,ZETA,https://www.vlr.gg/player/1000/crow,Pacific,247093,137380,FracturePICK,bo1,0.45,102.0,6,15,3,0.4,50%,75.0,22%,0.0,0.0
Alfajer,FNC,https://www.vlr.gg/player/9810/alfajer,EMEA,247093,137381,HavenPICK,bo1,1.79,302.0,22,10,4,2.2,84%,211.0,34%,3.0,2.0
Leo,FNC,https://www.vlr.gg/player/1380/leo,EMEA,247093,137381,HavenPICK,bo1,1.77,319.0,20,8,10,2.5,95%,212.0,30%,1.0,1.0
Chronicle,FNC,https://www.vlr.gg/player/458/chronicle,EMEA,247093,137381,HavenPICK,bo1,0.95,141.0,8,11,17,0.73,95%,92.0,24%,1.0,0.0
Boaster,FNC,https://www.vlr.gg/player/438/boaster,EMEA,247093,137381,HavenPICK,bo1,0.94,189.0,13,12,5,1.08,79%,124.0,28%,2.0,0.0
Derke,FNC,https://www.vlr.gg/player/5022/derke,EMEA,247093,137381,HavenPICK,bo1,0.69,190.0,14,15,1,0.93,58%,121.0,29%,3.0,6.0
Dep,ZETA,https://www.vlr.gg/player/424/dep,Pacific,247093,137381,HavenPICK,bo1,1.05,248.0,16,14,2,1.14,63%,169.0,28%,3.0,0.0
Laz,ZETA,https://www.vlr.gg/player/999/laz,Pacific,247093,137381,HavenPICK,bo1,0.86,157.0,12,14,2,0.86,53%,99.0,19%,1.0,3.0
SugarZ3ro,ZETA,https://www.vlr.gg/player/6668/sugarz3ro,Pacific,247093,137381,HavenPICK,bo1,0.79,167.0,10,15,8,0.67,63%,102.0,18%,1.0,2.0
TENNN,ZETA,https://www.vlr.gg/player/1395/tennn,Pacific,247093,137381,HavenPICK,bo1,0.57,178.0,12,19,3,0.63,47%,119.0,19%,3.0,5.0
crow,ZETA,https://www.vlr.gg/player/1000/crow,Pacific,247093,137381,HavenPICK,bo1,0.48,104.0,6,15,6,0.4,58%,62.0,11%,1.0,0.0
Ethan,EG,https://www.vlr.gg/player/11225/ethan,Americas,247088,137371,PearlPICK,bo1,1.27,240.0,21,19,23,1.11,86%,162.0,17%,1.0,3.0
Boostio,EG,https://www.vlr.gg/player/604/boostio,Americas,247088,137371,PearlPICK,bo1,1.2,276.0,26,23,10,1.13,71%,194.0,27%,3.0,1.0
C0M,EG,https://www.vlr.gg/player/619/c0m,Americas,247088,137371,PearlPICK,bo1,1.14,210.0,22,18,11,1.22,79%,141.0,18%,5.0,2.0
jawgemo,EG,https://www.vlr.gg/player/3993/jawgemo,Americas,247088,137371,PearlPICK,bo1,0.85,158.0,16,20,12,0.8,61%,112.0,18%,1.0,1.0
Demon1,EG,https://www.vlr.gg/player/26171/demon1,Americas,247088,137371,PearlPICK,bo1,0.79,149.0,16,20,3,0.8,61%,111.0,32%,4.0,7.0
qRaxs,FUT,https://www.vlr.gg/player/1139/qraxs,EMEA,247088,137371,PearlPICK,bo1,1.2,218.0,20,19,15,1.05,79%,137.0,20%,2.0,3.0
MOJJ,FUT,https://www.vlr.gg/player/3604/mojj,EMEA,247088,137371,PearlPICK,bo1,1.07,211.0,19,19,11,1.0,71%,153.0,30%,2.0,1.0
AtaKaptan,FUT,https://www.vlr.gg/player/6510/atakaptan,EMEA,247088,137371,PearlPICK,bo1,1.02,216.0,20,21,18,0.95,82%,141.0,30%,3.0,2.0
MrFaliN,FUT,https://www.vlr.gg/player/8044/mrfalin,EMEA,247088,137371,PearlPICK,bo1,1.01,216.0,21,21,5,1.0,61%,141.0,21%,2.0,3.0
qw1,FUT,https://www.vlr.gg/player/10125/qw1,EMEA,247088,137371,PearlPICK,bo1,0.88,186.0,20,21,0,0.95,68%,109.0,25%,5.0,5.0
jawgemo,EG,https://www.vlr.gg/player/3993/jawgemo,Americas,247088,137372,BindPICK,bo1,1.32,309.0,21,16,7,1.31,73%,203.0,17%,5.0,3.0
Demon1,EG,https://www.vlr.gg/player/26171/demon1,Americas,247088,137372,BindPICK,bo1,1.11,176.0,16,13,3,1.23,64%,136.0,48%,3.0,1.0
C0M,EG,https://www.vlr.gg/player/619/c0m,Americas,247088,137372,BindPICK,bo1,1.03,208.0,17,15,9,1.13,68%,127.0,16%,2.0,0.0
Boostio,EG,https://www.vlr.gg/player/604/boostio,Americas,247088,137372,BindPICK,bo1,0.97,176.0,16,14,5,1.14,64%,105.0,39%,2.0,3.0
Ethan,EG,https://www.vlr.gg/player/11225/ethan,Americas,247088,137372,BindPICK,bo1,0.87,185.0,12,16,18,0.75,73%,115.0,17%,2.0,1.0
qw1,FUT,https://www.vlr.gg/player/10125/qw1,EMEA,247088,137372,BindPICK,bo1,1.08,241.0,18,17,3,1.06,73%,153.0,25%,1.0,3.0
MOJJ,FUT,https://www.vlr.gg/player/3604/mojj,EMEA,247088,137372,BindPICK,bo1,1.06,253.0,19,18,6,1.06,68%,159.0,39%,7.0,2.0
qRaxs,FUT,https://www.vlr.gg/player/1139/qraxs,EMEA,247088,137372,BindPICK,bo1,0.93,194.0,14,16,6,0.88,59%,122.0,50%,0.0,2.0
MrFaliN,FUT,https://www.vlr.gg/player/8044/mrfalin,EMEA,247088,137372,BindPICK,bo1,0.88,151.0,11,14,6,0.79,59%,100.0,22%,0.0,3.0
AtaKaptan,FUT,https://www.vlr.gg/player/6510/atakaptan,EMEA,247088,137372,BindPICK,bo1,0.87,183.0,12,17,12,0.71,68%,118.0,18%,0.0,4.0
mindfreak,PRX,https://www.vlr.gg/player/9800/mindfreak,Pacific,247075,137350,SplitPICK,bo1,1.16,148.0,11,9,8,1.22,70%,92.0,23%,1.0,1.0
something,PRX,https://www.vlr.gg/player/17086/something,Pacific,247075,137350,SplitPICK,bo1,1.1,264.0,19,14,4,1.36,80%,158.0,21%,4.0,4.0
Jinggg,PRX,https://www.vlr.gg/player/7378/jinggg,Pacific,247075,137350,SplitPICK,bo1,1.09,270.0,19,15,4,1.27,80%,166.0,23%,2.0,3.0
f0rsakeN,PRX,https://www.vlr.gg/player/9801/f0rsaken,Pacific,247075,137350,SplitPICK,bo1,1.09,214.0,13,13,12,1.0,85%,134.0,30%,2.0,1.0
d4v41,PRX,https://www.vlr.gg/player/9803/d4v41,Pacific,247075,137350,SplitPICK,bo1,0.92,126.0,9,10,1,0.9,70%,92.0,47%,1.0,1.0
keznit,KRÜ,https://www.vlr.gg/player/2462/keznit,Americas,247075,137350,SplitPICK,bo1,1.2,272.0,16,17,11,0.94,85%,188.0,14%,3.0,1.0
DaveeyS,KRÜ,https://www.vlr.gg/player/2764/daveeys,Americas,247075,137350,SplitPICK,bo1,1.05,167.0,13,10,2,1.3,70%,111.0,24%,1.0,2.0
Melser,KRÜ,https://www.vlr.gg/player/1311/melser,Americas,247075,137350,SplitPICK,bo1,0.94,172.0,14,14,3,1.0,75%,97.0,42%,3.0,2.0
Klaus,KRÜ,https://www.vlr.gg/player/2610/klaus,Americas,247075,137350,SplitPICK,bo1,0.86,160.0,11,14,11,0.79,70%,90.0,30%,2.0,4.0
NagZ,KRÜ,https://www.vlr.gg/player/1294/nagz,Americas,247075,137350,SplitPICK,bo1,0.59,120.0,7,16,8,0.44,60%,82.0,10%,1.0,1.0
mindfreak,PRX,https://www.vlr.gg/player/9800/mindfreak,Pacific,247075,137351,PearlPICK,bo1,1.53,243.0,19,10,9,1.9,81%,174.0,29%,2.0,0.0
d4v41,PRX,https://www.vlr.gg/player/9803/d4v41,Pacific,247075,137351,PearlPICK,bo1,1.29,211.0,17,10,11,1.7,90%,131.0,45%,1.0,0.0
something,PRX,https://www.vlr.gg/player/17086/something,Pacific,247075,137351,PearlPICK,bo1,1.1,205.0,15,13,4,1.15,76%,132.0,20%,5.0,3.0
Jinggg,PRX,https://www.vlr.gg/player/7378/jinggg,Pacific,247075,137351,PearlPICK,bo1,1.04,206.0,16,12,6,1.33,81%,129.0,26%,1.0,3.0
f0rsakeN,PRX,https://www.vlr.gg/player/9801/f0rsaken,Pacific,247075,137351,PearlPICK,bo1,0.71,158.0,9,14,8,0.64,71%,120.0,23%,2.0,4.0
keznit,KRÜ,https://www.vlr.gg/player/2462/keznit,Americas,247075,137351,PearlPICK,bo1,1.13,240.0,16,16,4,1.0,57%,171.0,26%,4.0,2.0
NagZ,KRÜ,https://www.vlr.gg/player/1294/nagz,Americas,247075,137351,PearlPICK,bo1,0.94,190.0,13,13,4,1.0,62%,118.0,32%,1.0,1.0
DaveeyS,KRÜ,https://www.vlr.gg/player/2764/daveeys,Americas,247075,137351,PearlPICK,bo1,0.75,117.0,7,14,7,0.5,57%,99.0,15%,1.0,2.0
Klaus,KRÜ,https://www.vlr.gg/player/2610/klaus,Americas,247075,137351,PearlPICK,bo1,0.71,182.0,12,16,3,0.75,67%,121.0,27%,1.0,3.0
Melser,KRÜ,https://www.vlr.gg/player/1311/melser,Americas,247075,137351,PearlPICK,bo1,0.71,156.0,11,17,8,0.65,62%,105.0,37%,3.0,3.0
nobody,EDG,https://www.vlr.gg/player/3017/nobody,CN,247076,137353,SplitPICK,bo1,1.08,236.0,22,23,12,0.96,75%,169.0,30%,3.0,2.0
ZmjjKK,EDG,https://www.vlr.gg/player/3520/zmjjkk,CN,247076,137353,SplitPICK,bo1,0.99,219.0,21,21,7,1.0,61%,140.0,9%,7.0,5.0
Haodong,EDG,https://www.vlr.gg/player/4720/haodong,CN,247076,137353,SplitPICK,bo1,0.97,200.0,22,22,9,1.0,71%,118.0,40%,2.0,2.0
CHICHOO,EDG,https://www.vlr.gg/player/15559/chichoo,CN,247076,137353,SplitPICK,bo1,0.95,191.0,18,20,9,0.9,75%,108.0,10%,0.0,2.0
Smoggy,EDG,https://www.vlr.gg/player/4742/smoggy,CN,247076,137353,SplitPICK,bo1,0.71,161.0,18,24,3,0.75,68%,100.0,19%,2.0,3.0
Fit1nho,GIA,https://www.vlr.gg/player/292/fit1nho,EMEA,247076,137353,SplitPICK,bo1,1.52,363.0,34,24,6,1.42,93%,231.0,26%,8.0,1.0
rhyme,GIA,https://www.vlr.gg/player/10/rhyme,EMEA,247076,137353,SplitPICK,bo1,1.12,190.0,20,18,12,1.11,79%,121.0,37%,1.0,4.0
nukkye,GIA,https://www.vlr.gg/player/3070/nukkye,EMEA,247076,137353,SplitPICK,bo1,1.07,225.0,22,20,6,1.1,61%,160.0,23%,1.0,4.0
hoody,GIA,https://www.vlr.gg/player/2690/hoody,EMEA,247076,137353,SplitPICK,bo1,1.06,184.0,18,18,18,1.0,86%,126.0,19%,1.0,2.0
Cloud,GIA,https://www.vlr.gg/player/4181/cloud,EMEA,247076,137353,SplitPICK,bo1,0.72,162.0,16,21,10,0.76,71%,115.0,45%,3.0,3.0
nobody,EDG,https://www.vlr.gg/player/3017/nobody,CN,247076,137354,BindPICK,bo1,1.26,271.0,24,20,8,1.2,71%,182.0,37%,1.0,1.0
Haodong,EDG,https://www.vlr.gg/player/4720/haodong,CN,247076,137354,BindPICK,bo1,1.1,218.0,20,16,9,1.25,75%,130.0,29%,1.0,3.0
ZmjjKK,EDG,https://www.vlr.gg/player/3520/zmjjkk,CN,247076,137354,BindPICK,bo1,1.05,195.0,17,17,4,1.0,71%,127.0,24%,4.0,1.0
CHICHOO,EDG,https://www.vlr.gg/player/15559/chichoo,CN,247076,137354,BindPICK,bo1,0.92,169.0,12,17,16,0.71,75%,123.0,22%,2.0,5.0
Smoggy,EDG,https://www.vlr.gg/player/4742/smoggy,CN,247076,137354,BindPICK,bo1,0.37,128.0,9,20,3,0.45,50%,93.0,19%,2.0,4.0
Cloud,GIA,https://www.vlr.gg/player/4181/cloud,EMEA,247076,137354,BindPICK,bo1,1.25,210.0,19,15,12,1.27,75%,134.0,35%,1.0,2.0
Fit1nho,GIA,https://www.vlr.gg/player/292/fit1nho,EMEA,247076,137354,BindPICK,bo1,1.17,258.0,21,18,5,1.17,83%,166.0,17%,5.0,4.0
nukkye,GIA,https://www.vlr.gg/player/3070/nukkye,EMEA,247076,137354,BindPICK,bo1,1.15,221.0,19,15,2,1.27,79%,143.0,30%,2.0,1.0
hoody,GIA,https://www.vlr.gg/player/2690/hoody,EMEA,247076,137354,BindPICK,bo1,1.03,217.0,19,17,5,1.12,83%,151.0,18%,4.0,1.0
rhyme,GIA,https://www.vlr.gg/player/10/rhyme,EMEA,247076,137354,BindPICK,bo1,0.8,150.0,12,17,9,0.71,79%,98.0,25%,2.0,2.0
nobody,EDG,https://www.vlr.gg/player/3017/nobody,CN,247076,137355,Ascent,bo1,1.4,256.0,22,13,3,1.69,81%,165.0,35%,3.0,0.0
CHICHOO,EDG,https://www.vlr.gg/player/15559/chichoo,CN,247076,137355,Ascent,bo1,1.23,263.0,20,15,5,1.33,90%,181.0,22%,0.0,2.0
ZmjjKK,EDG,https://www.vlr.gg/player/3520/zmjjkk,CN,247076,137355,Ascent,bo1,0.98,215.0,15,15,6,1.0,62%,129.0,14%,4.0,6.0
Haodong,EDG,https://www.vlr.gg/player/4720/haodong,CN,247076,137355,Ascent,bo1,0.97,175.0,14,13,6,1.08,81%,103.0,42%,1.0,2.0
Smoggy,EDG,https://www.vlr.gg/player/4742/smoggy,CN,247076,137355,Ascent,bo1,0.87,207.0,14,16,13,0.88,86%,140.0,38%,3.0,0.0
hoody,GIA,https://www.vlr.gg/player/2690/hoody,EMEA,247076,137355,Ascent,bo1,1.26,278.0,19,17,12,1.12,71%,184.0,29%,2.0,1.0
Cloud,GIA,https://www.vlr.gg/player/4181/cloud,EMEA,247076,137355,Ascent,bo1,1.2,248.0,19,16,6,1.19,76%,161.0,38%,2.0,3.0
Fit1nho,GIA,https://www.vlr.gg/player/292/fit1nho,EMEA,247076,137355,Ascent,bo1,1.06,213.0,17,16,1,1.06,62%,128.0,37%,5.0,4.0
nukkye,GIA,https://www.vlr.gg/player/3070/nukkye,EMEA,247076,137355,Ascent,bo1,0.81,162.0,12,17,5,0.71,62%,105.0,17%,0.0,1.0
rhyme,GIA,https://www.vlr.gg/player/10/rhyme,EMEA,247076,137355,Ascent,bo1,0.41,95.0,5,19,16,0.26,67%,61.0,26%,1.0,2.0
Boaster,FNC,https://www.vlr.gg/player/438/boaster,EMEA,247095,137386,HavenPICK,bo1,1.98,305.0,19,7,7,2.71,100%,210.0,37%,2.0,0.0
Chronicle,FNC,https://www.vlr.gg/player/458/chronicle,EMEA,247095,137386,HavenPICK,bo1,1.44,217.0,12,7,13,1.71,93%,164.0,31%,1.0,0.0
Derke,FNC,https://www.vlr.gg/player/5022/derke,EMEA,247095,137386,HavenPICK,bo1,1.23,264.0,14,9,4,1.56,73%,176.0,24%,2.0,2.0
Alfajer,FNC,https://www.vlr.gg/player/9810/alfajer,EMEA,247095,137386,HavenPICK,bo1,1.12,259.0,14,10,3,1.4,87%,162.0,24%,3.0,2.0
Leo,FNC,https://www.vlr.gg/player/1380/leo,EMEA,247095,137386,HavenPICK,bo1,1.05,175.0,10,7,7,1.43,80%,117.0,33%,0.0,3.0
yosemite,BLG,https://www.vlr.gg/player/6022/yosemite,CN,247095,137386,HavenPICK,bo1,1.09,208.0,12,13,1,0.92,53%,135.0,25%,0.0,1.0
whzy,BLG,https://www.vlr.gg/player/4885/whzy,CN,247095,137386,HavenPICK,bo1,0.87,223.0,11,13,4,0.85,60%,140.0,14%,3.0,2.0
Biank,BLG,https://www.vlr.gg/player/3021/biank,CN,247095,137386,HavenPICK,bo1,0.67,183.0,8,15,5,0.53,67%,117.0,20%,1.0,1.0
Knight,BLG,https://www.vlr.gg/player/4774/knight,CN,247095,137386,HavenPICK,bo1,0.38,109.0,5,14,4,0.36,47%,84.0,20%,1.0,2.0
DK,BLG,https://www.vlr.gg/player/3024/dk,CN,247095,137386,HavenPICK,bo1,0.35,96.0,4,14,3,0.29,33%,67.0,29%,2.0,2.0
Chronicle,FNC,https://www.vlr.gg/player/458/chronicle,EMEA,247095,137387,LotusPICK,bo1,1.39,244.0,17,13,7,1.31,71%,161.0,26%,4.0,2.0
Leo,FNC,https://www.vlr.gg/player/1380/leo,EMEA,247095,137387,LotusPICK,bo1,1.22,181.0,14,13,12,1.08,81%,128.0,34%,0.0,0.0
Derke,FNC,https://www.vlr.gg/player/5022/derke,EMEA,247095,137387,LotusPICK,bo1,1.22,258.0,18,14,6,1.29,71%,167.0,24%,5.0,4.0
Alfajer,FNC,https://www.vlr.gg/player/9810/alfajer,EMEA,247095,137387,LotusPICK,bo1,1.05,178.0,15,13,3,1.15,71%,110.0,24%,5.0,0.0
Boaster,FNC,https://www.vlr.gg/player/438/boaster,EMEA,247095,137387,LotusPICK,bo1,0.82,120.0,9,11,9,0.82,71%,81.0,36%,0.0,1.0
yosemite,BLG,https://www.vlr.gg/player/6022/yosemite,CN,247095,137387,LotusPICK,bo1,1.13,223.0,16,12,6,1.33,67%,145.0,21%,4.0,1.0
DK,BLG,https://www.vlr.gg/player/3024/dk,CN,247095,137387,LotusPICK,bo1,0.87,204.0,16,17,0,0.94,76%,129.0,36%,0.0,1.0
whzy,BLG,https://www.vlr.gg/player/4885/whzy,CN,247095,137387,LotusPICK,bo1,0.81,169.0,11,15,6,0.73,71%,132.0,16%,1.0,4.0
Biank,BLG,https://www.vlr.gg/player/3021/biank,CN,247095,137387,LotusPICK,bo1,0.79,161.0,12,15,4,0.8,62%,100.0,15%,1.0,3.0
Knight,BLG,https://www.vlr.gg/player/4774/knight,CN,247095,137387,LotusPICK,bo1,0.55,117.0,9,15,5,0.6,67%,72.0,18%,1.0,5.0
Sayf,TL,https://www.vlr.gg/player/312/sayf,EMEA,247103,137404,HavenPICK,bo1,0.93,235.0,11,14,3,0.79,60%,170.0,27%,3.0,3.0
nAts,TL,https://www.vlr.gg/player/457/nats,EMEA,247103,137404,HavenPICK,bo1,0.88,192.0,8,10,1,0.8,60%,144.0,26%,1.0,2.0
soulcas,TL,https://www.vlr.gg/player/101/soulcas,EMEA,247103,137404,HavenPICK,bo1,0.64,135.0,7,13,3,0.54,60%,82.0,25%,1.0,0.0
Redgar,TL,https://www.vlr.gg/player/1427/redgar,EMEA,247103,137404,HavenPICK,bo1,0.47,139.0,6,13,5,0.46,60%,90.0,39%,1.0,1.0
Jamppi,TL,https://www.vlr.gg/player/9780/jamppi,EMEA,247103,137404,HavenPICK,bo1,0.42,121.0,7,13,1,0.54,47%,71.0,13%,1.0,2.0
Less,LOUD,https://www.vlr.gg/player/8447/less,Americas,247103,137404,HavenPICK,bo1,1.86,266.0,18,6,0,3.0,73%,190.0,19%,2.0,0.0
tuyz,LOUD,https://www.vlr.gg/player/2408/tuyz,Americas,247103,137404,HavenPICK,bo1,1.5,200.0,12,7,4,1.71,87%,145.0,29%,0.0,1.0
cauanzin,LOUD,https://www.vlr.gg/player/6193/cauanzin,Americas,247103,137404,HavenPICK,bo1,1.23,269.0,14,10,10,1.4,80%,159.0,38%,3.0,1.0
aspas,LOUD,https://www.vlr.gg/player/8480/aspas,Americas,247103,137404,HavenPICK,bo1,1.04,195.0,11,7,2,1.57,87%,127.0,38%,0.0,1.0
saadhak,LOUD,https://www.vlr.gg/player/727/saadhak,Americas,247103,137404,HavenPICK,bo1,0.93,194.0,8,9,8,0.89,73%,136.0,22%,3.0,4.0
Sayf,TL,https://www.vlr.gg/player/312/sayf,EMEA,247103,137405,SplitPICK,bo1,1.31,246.0,18,13,5,1.38,76%,171.0,19%,3.0,2.0
soulcas,TL,https://www.vlr.gg/player/101/soulcas,EMEA,247103,137405,SplitPICK,bo1,0.97,151.0,13,12,5,1.08,71%,96.0,40%,0.0,0.0
Redgar,TL,https://www.vlr.gg/player/1427/redgar,EMEA,247103,137405,SplitPICK,bo1,0.88,206.0,14,16,8,0.88,76%,133.0,30%,1.0,1.0
Jamppi,TL,https://www.vlr.gg/player/9780/jamppi,EMEA,247103,137405,SplitPICK,bo1,0.67,142.0,11,15,1,0.73,52%,92.0,29%,3.0,8.0
nAts,TL,https://www.vlr.gg/player/457/nats,EMEA,247103,137405,SplitPICK,bo1,0.56,127.0,8,15,3,0.53,81%,82.0,19%,1.0,2.0
tuyz,LOUD,https://www.vlr.gg/player/2408/tuyz,Americas,247103,137405,SplitPICK,bo1,1.44,229.0,16,10,9,1.6,76%,157.0,21%,1.0,0.0
cauanzin,LOUD,https://www.vlr.gg/player/6193/cauanzin,Americas,247103,137405,SplitPICK,bo1,1.16,192.0,15,11,2,1.36,86%,126.0,26%,3.0,1.0
saadhak,LOUD,https://www.vlr.gg/player/727/saadhak,Americas,247103,137405,SplitPICK,bo1,1.07,204.0,17,14,7,1.21,67%,116.0,21%,3.0,3.0
Less,LOUD,https://www.vlr.gg/player/8447/less,Americas,247103,137405,SplitPICK,bo1,1.01,157.0,12,12,3,1.0,76%,107.0,12%,1.0,1.0
aspas,LOUD,https://www.vlr.gg/player/8480/aspas,Americas,247103,137405,SplitPICK,bo1,0.63,172.0,11,17,5,0.65,67%,115.0,13%,5.0,3.0
Yuicaw,FPX,https://www.vlr.gg/player/11218/yuicaw,CN,247089,137374,LotusPICK,bo1,1.19,220.0,18,15,2,1.2,74%,125.0,19%,3.0,3.0
AAAAY,FPX,https://www.vlr.gg/player/19530/aaaay,CN,247089,137374,LotusPICK,bo1,1.03,189.0,17,14,1,1.21,74%,120.0,39%,0.0,2.0
BerLIN,FPX,https://www.vlr.gg/player/7857/berlin,CN,247089,137374,LotusPICK,bo1,0.88,163.0,13,16,7,0.81,57%,116.0,57%,2.0,4.0
Lysoar,FPX,https://www.vlr.gg/player/37489/lysoar,CN,247089,137374,LotusPICK,bo1,0.8,180.0,14,16,4,0.88,78%,111.0,41%,1.0,4.0
nizhaoTZH,FPX,https://www.vlr.gg/player/4880/nizhaotzh,CN,247089,137374,LotusPICK,bo1,0.66,141.0,11,16,7,0.69,74%,99.0,46%,3.0,1.0
xeta,T1,https://www.vlr.gg/player/474/xeta,Pacific,247089,137374,LotusPICK,bo1,1.24,198.0,17,13,6,1.31,70%,135.0,30%,2.0,1.0
Sayaplayer,T1,https://www.vlr.gg/player/4545/sayaplayer,Pacific,247089,137374,LotusPICK,bo1,1.2,266.0,21,16,3,1.31,70%,179.0,22%,4.0,2.0
Munchkin,T1,https://www.vlr.gg/player/2489/munchkin,Pacific,247089,137374,LotusPICK,bo1,1.07,198.0,16,14,3,1.14,65%,130.0,21%,4.0,2.0
ban,T1,https://www.vlr.gg/player/5129/ban,Pacific,247089,137374,LotusPICK,bo1,0.95,181.0,15,16,4,0.94,70%,115.0,45%,3.0,0.0
carpe,T1,https://www.vlr.gg/player/31207/carpe,Pacific,247089,137374,LotusPICK,bo1,0.63,78.0,8,14,6,0.57,65%,49.0,13%,1.0,4.0
AAAAY,FPX,https://www.vlr.gg/player/19530/aaaay,CN,247089,137375,BindPICK,bo1,1.35,255.0,20,14,7,1.43,80%,168.0,45%,0.0,2.0
Lysoar,FPX,https://www.vlr.gg/player/37489/lysoar,CN,247089,137375,BindPICK,bo1,1.14,207.0,15,14,4,1.07,75%,136.0,28%,0.0,1.0
BerLIN,FPX,https://www.vlr.gg/player/7857/berlin,CN,247089,137375,BindPICK,bo1,0.92,227.0,12,17,8,0.71,85%,167.0,27%,6.0,0.0
Yuicaw,FPX,https://www.vlr.gg/player/11218/yuicaw,CN,247089,137375,BindPICK,bo1,0.78,214.0,15,17,4,0.88,55%,142.0,47%,3.0,3.0
nizhaoTZH,FPX,https://www.vlr.gg/player/4880/nizhaotzh,CN,247089,137375,BindPICK,bo1,0.43,86.0,6,15,4,0.4,50%,58.0,50%,2.0,3.0
Sayaplayer,T1,https://www.vlr.gg/player/4545/sayaplayer,Pacific,247089,137375,BindPICK,bo1,1.44,251.0,19,11,3,1.73,75%,164.0,28%,6.0,2.0
xeta,T1,https://www.vlr.gg/player/474/xeta,Pacific,247089,137375,BindPICK,bo1,1.24,213.0,16,11,5,1.45,70%,133.0,23%,1.0,2.0
ban,T1,https://www.vlr.gg/player/5129/ban,Pacific,247089,137375,BindPICK,bo1,0.97,211.0,15,16,9,0.94,80%,127.0,26%,1.0,4.0
Munchkin,T1,https://www.vlr.gg/player/2489/munchkin,Pacific,247089,137375,BindPICK,bo1,0.95,193.0,14,14,9,1.0,75%,122.0,15%,0.0,2.0
carpe,T1,https://www.vlr.gg/player/31207/carpe,Pacific,247089,137375,BindPICK,bo1,0.84,191.0,13,16,3,0.81,65%,130.0,27%,1.0,1.0
mindfreak,PRX,https://www.vlr.gg/player/9800/mindfreak,Pacific,247077,137356,FracturePICK,bo1,1.46,208.0,17,9,8,1.89,90%,131.0,16%,1.0,1.0
f0rsakeN,PRX,https://www.vlr.gg/player/9801/f0rsaken,Pacific,247077,137356,FracturePICK,bo1,1.25,213.0,16,11,11,1.45,80%,140.0,33%,3.0,3.0
something,PRX,https://www.vlr.gg/player/17086/something,Pacific,247077,137356,FracturePICK,bo1,1.14,206.0,15,13,15,1.15,90%,120.0,38%,0.0,1.0
Jinggg,PRX,https://www.vlr.gg/player/7378/jinggg,Pacific,247077,137356,FracturePICK,bo1,1.1,263.0,19,16,4,1.19,80%,164.0,23%,6.0,3.0
d4v41,PRX,https://www.vlr.gg/player/9803/d4v41,Pacific,247077,137356,FracturePICK,bo1,0.98,172.0,12,13,4,0.92,65%,132.0,35%,2.0,0.0
ZmjjKK,EDG,https://www.vlr.gg/player/3520/zmjjkk,CN,247077,137356,FracturePICK,bo1,1.45,300.0,21,16,1,1.31,75%,191.0,19%,4.0,0.0
CHICHOO,EDG,https://www.vlr.gg/player/15559/chichoo,CN,247077,137356,FracturePICK,bo1,0.87,201.0,12,17,7,0.71,70%,155.0,21%,1.0,2.0
Haodong,EDG,https://www.vlr.gg/player/4720/haodong,CN,247077,137356,FracturePICK,bo1,0.84,200.0,13,16,11,0.81,75%,131.0,20%,2.0,2.0
Smoggy,EDG,https://www.vlr.gg/player/4742/smoggy,CN,247077,137356,FracturePICK,bo1,0.62,137.0,11,15,2,0.73,50%,92.0,43%,1.0,3.0
nobody,EDG,https://www.vlr.gg/player/3017/nobody,CN,247077,137356,FracturePICK,bo1,0.41,93.0,5,15,6,0.33,65%,80.0,30%,0.0,5.0
f0rsakeN,PRX,https://www.vlr.gg/player/9801/f0rsaken,Pacific,247077,137357,PearlPICK,bo1,1.39,270.0,30,18,2,1.67,73%,180.0,39%,3.0,2.0
d4v41,PRX,https://www.vlr.gg/player/9803/d4v41,Pacific,247077,137357,PearlPICK,bo1,1.38,205.0,23,14,15,1.64,87%,132.0,34%,0.0,0.0
Jinggg,PRX,https://www.vlr.gg/player/7378/jinggg,Pacific,247077,137357,PearlPICK,bo1,1.12,269.0,24,22,11,1.09,70%,192.0,23%,8.0,4.0
mindfreak,PRX,https://www.vlr.gg/player/9800/mindfreak,Pacific,247077,137357,PearlPICK,bo1,0.93,146.0,14,18,16,0.78,70%,99.0,30%,1.0,1.0
something,PRX,https://www.vlr.gg/player/17086/something,Pacific,247077,137357,PearlPICK,bo1,0.82,152.0,16,20,3,0.8,70%,103.0,27%,6.0,5.0
Smoggy,EDG,https://www.vlr.gg/player/4742/smoggy,CN,247077,137357,PearlPICK,bo1,1.15,209.0,21,19,1,1.11,70%,139.0,23%,3.0,1.0
ZmjjKK,EDG,https://www.vlr.gg/player/3520/zmjjkk,CN,247077,137357,PearlPICK,bo1,1.09,240.0,27,21,3,1.29,63%,139.0,15%,4.0,5.0
CHICHOO,EDG,https://www.vlr.gg/player/15559/chichoo,CN,247077,137357,PearlPICK,bo1,0.84,144.0,16,21,7,0.76,67%,101.0,36%,1.0,1.0
Haodong,EDG,https://www.vlr.gg/player/4720/haodong,CN,247077,137357,PearlPICK,bo1,0.67,158.0,15,24,9,0.62,53%,104.0,25%,2.0,7.0
nobody,EDG,https://www.vlr.gg/player/3017/nobody,CN,247077,137357,PearlPICK,bo1,0.67,148.0,13,22,9,0.59,67%,111.0,32%,2.0,4.0
DaveeyS,KRÜ,https://www.vlr.gg/player/2764/daveeys,Americas,247078,137359,LotusPICK,bo1,1.26,266.0,21,13,4,1.62,78%,188.0,31%,2.0,0.0
keznit,KRÜ,https://www.vlr.gg/player/2462/keznit,Americas,247078,137359,LotusPICK,bo1,1.12,250.0,18,17,4,1.06,61%,163.0,19%,8.0,3.0
NagZ,KRÜ,https://www.vlr.gg/player/1294/nagz,Americas,247078,137359,LotusPICK,bo1,0.71,139.0,10,15,6,0.67,61%,104.0,26%,2.0,0.0
Melser,KRÜ,https://www.vlr.gg/player/1311/melser,Americas,247078,137359,LotusPICK,bo1,0.71,144.0,11,16,6,0.69,70%,94.0,16%,2.0,3.0
Klaus,KRÜ,https://www.vlr.gg/player/2610/klaus,Americas,247078,137359,LotusPICK,bo1,0.58,138.0,12,20,6,0.6,57%,91.0,31%,0.0,3.0
nukkye,GIA,https://www.vlr.gg/player/3070/nukkye,EMEA,247078,137359,LotusPICK,bo1,1.44,259.0,21,14,5,1.5,78%,174.0,23%,3.0,1.0
hoody,GIA,https://www.vlr.gg/player/2690/hoody,EMEA,247078,137359,LotusPICK,bo1,1.23,209.0,16,14,8,1.14,61%,147.0,21%,2.0,5.0
rhyme,GIA,https://www.vlr.gg/player/10/rhyme,EMEA,247078,137359,LotusPICK,bo1,1.19,235.0,18,15,15,1.2,65%,149.0,36%,1.0,2.0
Fit1nho,GIA,https://www.vlr.gg/player/292/fit1nho,EMEA,247078,137359,LotusPICK,bo1,1.05,184.0,14,15,7,0.93,78%,147.0,17%,1.0,3.0
Cloud,GIA,https://www.vlr.gg/player/4181/cloud,EMEA,247078,137359,LotusPICK,bo1,1.01,141.0,12,14,15,0.86,78%,84.0,38%,2.0,3.0
keznit,KRÜ,https://www.vlr.gg/player/2462/keznit,Americas,247078,137360,PearlPICK,bo1,1.38,302.0,29,20,2,1.45,69%,182.0,25%,4.0,2.0
DaveeyS,KRÜ,https://www.vlr.gg/player/2764/daveeys,Americas,247078,137360,PearlPICK,bo1,1.14,179.0,17,15,2,1.13,81%,119.0,17%,2.0,0.0
NagZ,KRÜ,https://www.vlr.gg/player/1294/nagz,Americas,247078,137360,PearlPICK,bo1,0.88,149.0,13,16,11,0.81,62%,108.0,9%,0.0,3.0
Klaus,KRÜ,https://www.vlr.gg/player/2610/klaus,Americas,247078,137360,PearlPICK,bo1,0.83,149.0,14,19,5,0.74,65%,121.0,39%,3.0,6.0
Melser,KRÜ,https://www.vlr.gg/player/1311/melser,Americas,247078,137360,PearlPICK,bo1,0.47,110.0,8,22,7,0.36,69%,84.0,19%,1.0,5.0
hoody,GIA,https://www.vlr.gg/player/2690/hoody,EMEA,247078,137360,PearlPICK,bo1,1.34,242.0,22,14,10,1.57,85%,160.0,30%,3.0,3.0
Fit1nho,GIA,https://www.vlr.gg/player/292/fit1nho,EMEA,247078,137360,PearlPICK,bo1,1.19,256.0,24,18,3,1.33,73%,166.0,26%,7.0,3.0
Cloud,GIA,https://www.vlr.gg/player/4181/cloud,EMEA,247078,137360,PearlPICK,bo1,1.05,198.0,18,16,9,1.12,65%,134.0,19%,3.0,1.0
rhyme,GIA,https://www.vlr.gg/player/10/rhyme,EMEA,247078,137360,PearlPICK,bo1,0.91,149.0,13,15,14,0.87,73%,99.0,33%,1.0,2.0
nukkye,GIA,https://www.vlr.gg/player/3070/nukkye,EMEA,247078,137360,PearlPICK,bo1,0.87,170.0,15,18,6,0.83,65%,128.0,18%,2.0,1.0
Dep,ZETA,https://www.vlr.gg/player/424/dep,Pacific,247096,137389,BindPICK,bo1,,,29,22,1,1.32,,,,,
Laz,ZETA,https://www.vlr.gg/player/999/laz,Pacific,247096,137389,BindPICK,bo1,,,20,19,8,1.05,,,,,
SugarZ3ro,ZETA,https://www.vlr.gg/player/6668/sugarz3ro,Pacific,247096,137389,BindPICK,bo1,,,17,17,7,1.0,,,,,
TENNN,ZETA,https://www.vlr.gg/player/1395/tennn,Pacific,247096,137389,BindPICK,bo1,,,16,21,4,0.76,,,,,
crow,ZETA,https://www.vlr.gg/player/1000/crow,Pacific,247096,137389,BindPICK,bo1,,,13,20,10,0.65,,,,,
ardiis,NRG,https://www.vlr.gg/player/98/ardiis,Americas,247096,137389,BindPICK,bo1,,,27,18,16,1.5,,,,,
Victor,NRG,https://www.vlr.gg/player/261/victor,Americas,247096,137389,BindPICK,bo1,,,21,23,8,0.91,,,,,
s0m,NRG,https://www.vlr.gg/player/4164/s0m,Americas,247096,137389,BindPICK,bo1,,,21,16,12,1.31,,,,,
crashies,NRG,https://www.vlr.gg/player/4/crashies,Americas,247096,137389,BindPICK,bo1,,,20,17,10,1.18,,,,,
FiNESSE,NRG,https://www.vlr.gg/player/817/finesse,Americas,247096,137389,BindPICK,bo1,,,10,21,14,0.48,,,,,
Dep,ZETA,https://www.vlr.gg/player/424/dep,Pacific,247096,137390,HavenPICK,bo1,1.36,323.0,15,12,3,1.25,64%,188.0,26%,2.0,2.0
Laz,ZETA,https://www.vlr.gg/player/999/laz,Pacific,247096,137390,HavenPICK,bo1,0.51,106.0,5,11,0,0.45,43%,62.0,57%,0.0,3.0
crow,ZETA,https://www.vlr.gg/player/1000/crow,Pacific,247096,137390,HavenPICK,bo1,0.48,119.0,4,11,4,0.36,50%,86.0,17%,0.0,2.0
TENNN,ZETA,https://www.vlr.gg/player/1395/tennn,Pacific,247096,137390,HavenPICK,bo1,0.32,115.0,4,13,0,0.31,36%,82.0,13%,1.0,2.0
SugarZ3ro,ZETA,https://www.vlr.gg/player/6668/sugarz3ro,Pacific,247096,137390,HavenPICK,bo1,0.2,59.0,3,12,2,0.25,50%,27.0,0%,0.0,2.0
ardiis,NRG,https://www.vlr.gg/player/98/ardiis,Americas,247096,137390,HavenPICK,bo1,1.86,378.0,19,7,2,2.71,79%,247.0,28%,6.0,2.0
s0m,NRG,https://www.vlr.gg/player/4164/s0m,Americas,247096,137390,HavenPICK,bo1,1.7,231.0,13,4,7,3.25,86%,147.0,33%,2.0,0.0
FiNESSE,NRG,https://www.vlr.gg/player/817/finesse,Americas,247096,137390,HavenPICK,bo1,1.24,205.0,10,6,5,1.67,86%,116.0,17%,2.0,1.0
Victor,NRG,https://www.vlr.gg/player/261/victor,Americas,247096,137390,HavenPICK,bo1,1.21,154.0,9,5,2,1.8,86%,101.0,32%,1.0,0.0
crashies,NRG,https://www.vlr.gg/player/4/crashies,Americas,247096,137390,HavenPICK,bo1,0.97,166.0,8,9,10,0.89,79%,111.0,19%,0.0,0.0
cNed,NAVI,https://www.vlr.gg/player/573/cned,EMEA,247104,137407,PearlPICK,bo1,1.24,246.0,21,15,5,1.4,83%,151.0,23%,3.0,3.0
ANGE1,NAVI,https://www.vlr.gg/player/109/ange1,EMEA,247104,137407,PearlPICK,bo1,1.08,261.0,21,20,8,1.05,75%,173.0,39%,4.0,6.0
SUYGETSU,NAVI,https://www.vlr.gg/player/2858/suygetsu,EMEA,247104,137407,PearlPICK,bo1,1.04,203.0,17,14,3,1.21,75%,142.0,35%,2.0,0.0
Zyppan,NAVI,https://www.vlr.gg/player/11/zyppan,EMEA,247104,137407,PearlPICK,bo1,0.82,185.0,16,20,11,0.8,71%,116.0,38%,2.0,2.0
Shao,NAVI,https://www.vlr.gg/player/384/shao,EMEA,247104,137407,PearlPICK,bo1,0.77,98.0,9,14,11,0.64,67%,65.0,33%,0.0,2.0
cauanzin,LOUD,https://www.vlr.gg/player/6193/cauanzin,Americas,247104,137407,PearlPICK,bo1,1.15,247.0,20,17,11,1.18,83%,153.0,25%,5.0,0.0
Less,LOUD,https://www.vlr.gg/player/8447/less,Americas,247104,137407,PearlPICK,bo1,1.0,230.0,19,17,3,1.12,67%,168.0,33%,0.0,1.0
saadhak,LOUD,https://www.vlr.gg/player/727/saadhak,Americas,247104,137407,PearlPICK,bo1,0.91,186.0,17,17,7,1.0,75%,112.0,35%,3.0,5.0
tuyz,LOUD,https://www.vlr.gg/player/2408/tuyz,Americas,247104,137407,PearlPICK,bo1,0.84,133.0,11,16,11,0.69,83%,100.0,34%,1.0,1.0
aspas,LOUD,https://www.vlr.gg/player/8480/aspas,Americas,247104,137407,PearlPICK,bo1,0.75,162.0,16,17,1,0.94,67%,105.0,36%,4.0,4.0
Shao,NAVI,https://www.vlr.gg/player/384/shao,EMEA,247104,137408,AscentPICK,bo1,1.06,180.0,16,17,12,0.94,67%,115.0,33%,0.0,2.0
cNed,NAVI,https://www.vlr.gg/player/573/cned,EMEA,247104,137408,AscentPICK,bo1,0.97,225.0,18,19,3,0.95,63%,141.0,31%,3.0,4.0
Zyppan,NAVI,https://www.vlr.gg/player/11/zyppan,EMEA,247104,137408,AscentPICK,bo1,0.83,208.0,15,20,9,0.75,58%,146.0,35%,3.0,5.0
SUYGETSU,NAVI,https://www.vlr.gg/player/2858/suygetsu,EMEA,247104,137408,AscentPICK,bo1,0.79,177.0,15,19,1,0.79,54%,118.0,38%,1.0,3.0
ANGE1,NAVI,https://www.vlr.gg/player/109/ange1,EMEA,247104,137408,AscentPICK,bo1,0.36,99.0,8,20,8,0.4,42%,60.0,18%,0.0,3.0
cauanzin,LOUD,https://www.vlr.gg/player/6193/cauanzin,Americas,247104,137408,AscentPICK,bo1,1.38,221.0,18,12,14,1.5,83%,147.0,20%,2.0,1.0
saadhak,LOUD,https://www.vlr.gg/player/727/saadhak,Americas,247104,137408,AscentPICK,bo1,1.27,252.0,21,16,14,1.31,75%,159.0,15%,4.0,1.0
tuyz,LOUD,https://www.vlr.gg/player/2408/tuyz,Americas,247104,137408,AscentPICK,bo1,1.21,174.0,16,10,10,1.6,79%,123.0,26%,0.0,0.0
aspas,LOUD,https://www.vlr.gg/player/8480/aspas,Americas,247104,137408,AscentPICK,bo1,1.06,209.0,19,16,2,1.19,79%,122.0,18%,7.0,3.0
Less,LOUD,https://www.vlr.gg/player/8447/less,Americas,247104,137408,AscentPICK,bo1,1.05,224.0,21,18,3,1.17,63%,150.0,34%,4.0,2.0
cNed,NAVI,https://www.vlr.gg/player/573/cned,EMEA,247104,137409,Bind,bo1,1.17,276.0,24,18,4,1.33,71%,189.0,32%,6.0,3.0
SUYGETSU,NAVI,https://www.vlr.gg/player/2858/suygetsu,EMEA,247104,137409,Bind,bo1,1.16,206.0,20,17,6,1.18,88%,116.0,17%,3.0,0.0
ANGE1,NAVI,https://www.vlr.gg/player/109/ange1,EMEA,247104,137409,Bind,bo1,0.95,171.0,14,16,11,0.88,75%,108.0,23%,2.0,1.0
Zyppan,NAVI,https://www.vlr.gg/player/11/zyppan,EMEA,247104,137409,Bind,bo1,0.89,183.0,15,16,6,0.94,67%,124.0,17%,2.0,4.0
Shao,NAVI,https://www.vlr.gg/player/384/shao,EMEA,247104,137409,Bind,bo1,0.63,96.0,7,15,10,0.47,63%,66.0,30%,2.0,1.0
Less,LOUD,https://www.vlr.gg/player/8447/less,Americas,247104,137409,Bind,bo1,1.71,308.0,28,12,5,2.33,83%,187.0,40%,1.0,1.0
aspas,LOUD,https://www.vlr.gg/player/8480/aspas,Americas,247104,137409,Bind,bo1,1.11,240.0,21,19,4,1.11,67%,158.0,26%,4.0,3.0
tuyz,LOUD,https://www.vlr.gg/player/2408/tuyz,Americas,247104,137409,Bind,bo1,1.04,172.0,14,13,7,1.08,79%,101.0,42%,2.0,1.0
saadhak,LOUD,https://www.vlr.gg/player/727/saadhak,Americas,247104,137409,Bind,bo1,0.9,148.0,13,15,7,0.87,54%,94.0,21%,1.0,4.0
cauanzin,LOUD,https://www.vlr.gg/player/6193/cauanzin,Americas,247104,137409,Bind,bo1,0.41,117.0,6,21,11,0.29,58%,88.0,16%,1.0,6.0
MrFaliN,FUT,https://www.vlr.gg/player/8044/mrfalin,EMEA,247090,137377,BindPICK,bo1,1.44,205.0,17,12,15,1.42,78%,139.0,41%,0.0,0.0
qRaxs,FUT,https://www.vlr.gg/player/1139/qraxs,EMEA,247090,137377,BindPICK,bo1,1.22,216.0,17,17,24,1.0,70%,125.0,38%,1.0,2.0
AtaKaptan,FUT,https://www.vlr.gg/player/6510/atakaptan,EMEA,247090,137377,BindPICK,bo1,1.22,255.0,19,17,11,1.12,70%,170.0,37%,5.0,3.0
MOJJ,FUT,https://www.vlr.gg/player/3604/mojj,EMEA,247090,137377,BindPICK,bo1,1.14,164.0,13,15,11,0.87,65%,110.0,35%,3.0,2.0
qw1,FUT,https://www.vlr.gg/player/10125/qw1,EMEA,247090,137377,BindPICK,bo1,0.96,202.0,16,17,5,0.94,70%,132.0,18%,5.0,2.0
Munchkin,T1,https://www.vlr.gg/player/2489/munchkin,Pacific,247090,137377,BindPICK,bo1,1.07,235.0,17,17,7,1.0,74%,139.0,41%,5.0,2.0
Sayaplayer,T1,https://www.vlr.gg/player/4545/sayaplayer,Pacific,247090,137377,BindPICK,bo1,1.03,234.0,20,15,1,1.33,70%,144.0,31%,2.0,2.0
ban,T1,https://www.vlr.gg/player/5129/ban,Pacific,247090,137377,BindPICK,bo1,0.94,187.0,16,16,8,1.0,74%,119.0,31%,0.0,3.0
carpe,T1,https://www.vlr.gg/player/31207/carpe,Pacific,247090,137377,BindPICK,bo1,0.71,205.0,17,19,7,0.89,78%,132.0,27%,1.0,5.0
xeta,T1,https://www.vlr.gg/player/474/xeta,Pacific,247090,137377,BindPICK,bo1,0.62,120.0,8,15,6,0.53,70%,76.0,29%,1.0,2.0
MrFaliN,FUT,https://www.vlr.gg/player/8044/mrfalin,EMEA,247090,137378,PearlPICK,bo1,1.63,281.0,28,13,5,2.15,77%,191.0,24%,2.0,1.0
qRaxs,FUT,https://www.vlr.gg/player/1139/qraxs,EMEA,247090,137378,PearlPICK,bo1,1.11,215.0,18,17,17,1.06,85%,150.0,24%,0.0,0.0
MOJJ,FUT,https://www.vlr.gg/player/3604/mojj,EMEA,247090,137378,PearlPICK,bo1,1.1,222.0,19,17,10,1.12,77%,149.0,32%,4.0,3.0
AtaKaptan,FUT,https://www.vlr.gg/player/6510/atakaptan,EMEA,247090,137378,PearlPICK,bo1,0.92,174.0,16,18,13,0.89,69%,116.0,34%,4.0,2.0
qw1,FUT,https://www.vlr.gg/player/10125/qw1,EMEA,247090,137378,PearlPICK,bo1,0.91,162.0,16,17,3,0.94,73%,120.0,36%,5.0,5.0
Sayaplayer,T1,https://www.vlr.gg/player/4545/sayaplayer,Pacific,247090,137378,PearlPICK,bo1,1.13,219.0,20,19,3,1.05,69%,144.0,26%,5.0,1.0
carpe,T1,https://www.vlr.gg/player/31207/carpe,Pacific,247090,137378,PearlPICK,bo1,1.01,194.0,17,20,13,0.85,62%,128.0,27%,1.0,1.0
xeta,T1,https://www.vlr.gg/player/474/xeta,Pacific,247090,137378,PearlPICK,bo1,0.89,181.0,17,18,6,0.94,62%,113.0,17%,1.0,4.0
ban,T1,https://www.vlr.gg/player/5129/ban,Pacific,247090,137378,PearlPICK,bo1,0.76,169.0,15,20,9,0.75,50%,103.0,35%,1.0,5.0
Munchkin,T1,https://www.vlr.gg/player/2489/munchkin,Pacific,247090,137378,PearlPICK,bo1,0.76,169.0,13,20,2,0.65,46%,139.0,24%,3.0,4.0
ZmjjKK,EDG,https://www.vlr.gg/player/3520/zmjjkk,CN,247079,137362,SplitPICK,bo1,1.45,316.0,23,11,3,2.09,68%,187.0,22%,3.0,3.0
CHICHOO,EDG,https://www.vlr.gg/player/15559/chichoo,CN,247079,137362,SplitPICK,bo1,1.31,209.0,15,10,7,1.5,79%,139.0,27%,1.0,1.0
nobody,EDG,https://www.vlr.gg/player/3017/nobody,CN,247079,137362,SplitPICK,bo1,1.3,260.0,18,13,5,1.38,84%,179.0,27%,4.0,2.0
Smoggy,EDG,https://www.vlr.gg/player/4742/smoggy,CN,247079,137362,SplitPICK,bo1,0.99,204.0,14,12,3,1.17,68%,140.0,36%,1.0,2.0
Haodong,EDG,https://www.vlr.gg/player/4720/haodong,CN,247079,137362,SplitPICK,bo1,0.72,88.0,7,10,9,0.7,79%,43.0,29%,1.0,1.0
Cloud,GIA,https://www.vlr.gg/player/4181/cloud,EMEA,247079,137362,SplitPICK,bo1,1.44,263.0,18,14,6,1.29,79%,174.0,36%,3.0,0.0
Fit1nho,GIA,https://www.vlr.gg/player/292/fit1nho,EMEA,247079,137362,SplitPICK,bo1,1.09,229.0,15,16,5,0.94,84%,156.0,16%,4.0,4.0
rhyme,GIA,https://www.vlr.gg/player/10/rhyme,EMEA,247079,137362,SplitPICK,bo1,1.08,194.0,12,14,11,0.86,68%,131.0,34%,0.0,1.0
hoody,GIA,https://www.vlr.gg/player/2690/hoody,EMEA,247079,137362,SplitPICK,bo1,0.57,124.0,7,16,7,0.44,53%,87.0,23%,1.0,4.0
nukkye,GIA,https://www.vlr.gg/player/3070/nukkye,EMEA,247079,137362,SplitPICK,bo1,0.18,87.0,4,17,4,0.24,42%,62.0,3%,1.0,1.0
CHICHOO,EDG,https://www.vlr.gg/player/15559/chichoo,CN,247079,137363,FracturePICK,bo1,1.71,260.0,22,8,6,2.75,85%,174.0,18%,0.0,0.0
Haodong,EDG,https://www.vlr.gg/player/4720/haodong,CN,247079,137363,FracturePICK,bo1,1.22,250.0,18,13,12,1.38,95%,156.0,37%,1.0,1.0
Smoggy,EDG,https://www.vlr.gg/player/4742/smoggy,CN,247079,137363,FracturePICK,bo1,1.08,178.0,15,10,6,1.5,85%,100.0,37%,3.0,1.0
nobody,EDG,https://www.vlr.gg/player/3017/nobody,CN,247079,137363,FracturePICK,bo1,0.91,230.0,15,16,12,0.94,70%,176.0,27%,2.0,4.0
ZmjjKK,EDG,https://www.vlr.gg/player/3520/zmjjkk,CN,247079,137363,FracturePICK,bo1,0.79,206.0,15,17,3,0.88,65%,143.0,18%,5.0,3.0
Cloud,GIA,https://www.vlr.gg/player/4181/cloud,EMEA,247079,137363,FracturePICK,bo1,1.61,292.0,21,15,4,1.4,80%,199.0,43%,4.0,2.0
rhyme,GIA,https://www.vlr.gg/player/10/rhyme,EMEA,247079,137363,FracturePICK,bo1,1.02,205.0,14,15,10,0.93,85%,141.0,30%,0.0,0.0
hoody,GIA,https://www.vlr.gg/player/2690/hoody,EMEA,247079,137363,FracturePICK,bo1,0.97,178.0,12,17,14,0.71,60%,108.0,20%,3.0,3.0
nukkye,GIA,https://www.vlr.gg/player/3070/nukkye,EMEA,247079,137363,FracturePICK,bo1,0.77,176.0,12,18,3,0.67,65%,124.0,23%,1.0,1.0
Fit1nho,GIA,https://www.vlr.gg/player/292/fit1nho,EMEA,247079,137363,FracturePICK,bo1,0.18,88.0,5,20,4,0.25,50%,64.0,10%,1.0,5.0
yosemite,BLG,https://www.vlr.gg/player/6022/yosemite,CN,247098,137392,BindPICK,bo1,1.65,305.0,26,14,8,1.86,74%,197.0,24%,3.0,1.0
whzy,BLG,https://www.vlr.gg/player/4885/whzy,CN,247098,137392,BindPICK,bo1,1.39,298.0,24,16,5,1.5,74%,185.0,18%,8.0,1.0
Knight,BLG,https://www.vlr.gg/player/4774/knight,CN,247098,137392,BindPICK,bo1,0.85,133.0,12,15,7,0.8,74%,91.0,15%,0.0,2.0
Biank,BLG,https://www.vlr.gg/player/3021/biank,CN,247098,137392,BindPICK,bo1,0.81,202.0,15,20,12,0.75,74%,133.0,20%,3.0,4.0
DK,BLG,https://www.vlr.gg/player/3024/dk,CN,247098,137392,BindPICK,bo1,0.63,119.0,9,17,10,0.53,61%,88.0,15%,0.0,1.0
Victor,NRG,https://www.vlr.gg/player/261/victor,Americas,247098,137392,BindPICK,bo1,1.11,263.0,22,19,4,1.16,87%,181.0,26%,4.0,4.0
crashies,NRG,https://www.vlr.gg/player/4/crashies,Americas,247098,137392,BindPICK,bo1,1.11,217.0,18,15,7,1.2,74%,130.0,41%,1.0,4.0
FiNESSE,NRG,https://www.vlr.gg/player/817/finesse,Americas,247098,137392,BindPICK,bo1,1.05,212.0,16,16,7,1.0,74%,164.0,25%,2.0,1.0
s0m,NRG,https://www.vlr.gg/player/4164/s0m,Americas,247098,137392,BindPICK,bo1,1.04,176.0,15,16,12,0.94,83%,115.0,38%,0.0,1.0
ardiis,NRG,https://www.vlr.gg/player/98/ardiis,Americas,247098,137392,BindPICK,bo1,0.6,149.0,11,20,5,0.55,70%,96.0,29%,2.0,4.0
whzy,BLG,https://www.vlr.gg/player/4885/whzy,CN,247098,137393,AscentPICK,bo1,1.48,327.0,21,12,2,1.75,78%,195.0,27%,4.0,2.0
DK,BLG,https://www.vlr.gg/player/3024/dk,CN,247098,137393,AscentPICK,bo1,1.38,184.0,11,8,16,1.38,83%,109.0,28%,1.0,1.0
Knight,BLG,https://www.vlr.gg/player/4774/knight,CN,247098,137393,AscentPICK,bo1,1.27,249.0,17,12,12,1.42,61%,134.0,24%,1.0,3.0
yosemite,BLG,https://www.vlr.gg/player/6022/yosemite,CN,247098,137393,AscentPICK,bo1,1.18,220.0,15,11,2,1.36,83%,135.0,20%,2.0,1.0
Biank,BLG,https://www.vlr.gg/player/3021/biank,CN,247098,137393,AscentPICK,bo1,0.57,109.0,6,12,4,0.5,67%,83.0,18%,1.0,2.0
Victor,NRG,https://www.vlr.gg/player/261/victor,Americas,247098,137393,AscentPICK,bo1,1.44,304.0,20,14,7,1.43,72%,179.0,43%,3.0,2.0
ardiis,NRG,https://www.vlr.gg/player/98/ardiis,Americas,247098,137393,AscentPICK,bo1,0.85,203.0,13,14,2,0.93,72%,128.0,16%,3.0,3.0
crashies,NRG,https://www.vlr.gg/player/4/crashies,Americas,247098,137393,AscentPICK,bo1,0.73,157.0,8,13,5,0.62,67%,114.0,24%,1.0,0.0
FiNESSE,NRG,https://www.vlr.gg/player/817/finesse,Americas,247098,137393,AscentPICK,bo1,0.61,157.0,9,15,3,0.6,56%,115.0,14%,2.0,4.0
s0m,NRG,https://www.vlr.gg/player/4164/s0m,Americas,247098,137393,AscentPICK,bo1,0.45,87.0,5,14,5,0.36,61%,52.0,11%,0.0,0.0
Alfajer,FNC,https://www.vlr.gg/player/9810/alfajer,EMEA,248270,137618,AscentPICK,bo1,1.5,313.0,25,16,5,1.56,83%,214.0,26%,1.0,0.0
Leo,FNC,https://www.vlr.gg/player/1380/leo,EMEA,248270,137618,AscentPICK,bo1,1.11,169.0,17,15,7,1.13,79%,112.0,20%,0.0,1.0
Chronicle,FNC,https://www.vlr.gg/player/458/chronicle,EMEA,248270,137618,AscentPICK,bo1,0.82,183.0,15,20,14,0.75,71%,114.0,20%,1.0,1.0
Derke,FNC,https://www.vlr.gg/player/5022/derke,EMEA,248270,137618,AscentPICK,bo1,0.82,181.0,13,16,5,0.81,50%,117.0,16%,8.0,5.0
Boaster,FNC,https://www.vlr.gg/player/438/boaster,EMEA,248270,137618,AscentPICK,bo1,0.68,132.0,10,17,10,0.59,46%,86.0,14%,2.0,5.0
cauanzin,LOUD,https://www.vlr.gg/player/6193/cauanzin,Americas,248270,137618,AscentPICK,bo1,1.48,264.0,22,13,7,1.69,88%,173.0,26%,3.0,0.0
aspas,LOUD,https://www.vlr.gg/player/8480/aspas,Americas,248270,137618,AscentPICK,bo1,1.24,251.0,23,17,6,1.35,79%,143.0,29%,4.0,2.0
Less,LOUD,https://www.vlr.gg/player/8447/less,Americas,248270,137618,AscentPICK,bo1,1.06,208.0,17,16,4,1.06,67%,138.0,25%,4.0,4.0
tuyz,LOUD,https://www.vlr.gg/player/2408/tuyz,Americas,248270,137618,AscentPICK,bo1,0.85,112.0,10,14,12,0.71,71%,81.0,31%,0.0,2.0
saadhak,LOUD,https://www.vlr.gg/player/727/saadhak,Americas,248270,137618,AscentPICK,bo1,0.73,178.0,12,20,18,0.6,63%,109.0,12%,1.0,4.0
Derke,FNC,https://www.vlr.gg/player/5022/derke,EMEA,248270,137619,LotusPICK,bo1,1.14,240.0,16,13,1,1.23,63%,173.0,15%,6.0,5.0
Boaster,FNC,https://www.vlr.gg/player/438/boaster,EMEA,248270,137619,LotusPICK,bo1,1.09,192.0,11,13,8,0.85,74%,126.0,18%,2.0,0.0
Leo,FNC,https://www.vlr.gg/player/1380/leo,EMEA,248270,137619,LotusPICK,bo1,0.9,172.0,12,13,3,0.92,68%,123.0,20%,0.0,1.0
Alfajer,FNC,https://www.vlr.gg/player/9810/alfajer,EMEA,248270,137619,LotusPICK,bo1,0.77,130.0,8,12,2,0.67,63%,88.0,17%,2.0,2.0
Chronicle,FNC,https://www.vlr.gg/player/458/chronicle,EMEA,248270,137619,LotusPICK,bo1,0.42,98.0,4,14,5,0.29,53%,80.0,14%,0.0,1.0
aspas,LOUD,https://www.vlr.gg/player/8480/aspas,Americas,248270,137619,LotusPICK,bo1,1.37,216.0,15,8,3,1.88,79%,152.0,26%,2.0,0.0
Less,LOUD,https://www.vlr.gg/player/8447/less,Americas,248270,137619,LotusPICK,bo1,1.36,237.0,17,9,1,1.89,74%,156.0,42%,1.0,2.0
tuyz,LOUD,https://www.vlr.gg/player/2408/tuyz,Americas,248270,137619,LotusPICK,bo1,0.97,159.0,10,10,14,1.0,79%,109.0,30%,2.0,3.0
cauanzin,LOUD,https://www.vlr.gg/player/6193/cauanzin,Americas,248270,137619,LotusPICK,bo1,0.89,175.0,13,12,6,1.08,68%,97.0,27%,2.0,1.0
saadhak,LOUD,https://www.vlr.gg/player/727/saadhak,Americas,248270,137619,LotusPICK,bo1,0.67,154.0,10,12,2,0.83,68%,111.0,18%,2.0,4.0
something,PRX,https://www.vlr.gg/player/17086/something,Pacific,248271,137621,AscentPICK,bo1,1.4,291.0,24,13,4,1.85,70%,178.0,27%,4.0,5.0
d4v41,PRX,https://www.vlr.gg/player/9803/d4v41,Pacific,248271,137621,AscentPICK,bo1,1.18,204.0,15,12,14,1.25,87%,124.0,22%,2.0,0.0
f0rsakeN,PRX,https://www.vlr.gg/player/9801/f0rsaken,Pacific,248271,137621,AscentPICK,bo1,1.08,237.0,19,18,10,1.06,83%,153.0,25%,1.0,1.0
Jinggg,PRX,https://www.vlr.gg/player/7378/jinggg,Pacific,248271,137621,AscentPICK,bo1,1.02,228.0,21,15,2,1.4,70%,140.0,18%,4.0,5.0
mindfreak,PRX,https://www.vlr.gg/player/9800/mindfreak,Pacific,248271,137621,AscentPICK,bo1,1.01,122.0,11,10,3,1.1,65%,76.0,30%,1.0,0.0
MrFaliN,FUT,https://www.vlr.gg/player/8044/mrfalin,EMEA,248271,137621,AscentPICK,bo1,1.31,276.0,21,18,5,1.17,74%,190.0,31%,1.0,2.0
qRaxs,FUT,https://www.vlr.gg/player/1139/qraxs,EMEA,248271,137621,AscentPICK,bo1,0.88,157.0,14,17,8,0.82,74%,110.0,29%,0.0,0.0
qw1,FUT,https://www.vlr.gg/player/10125/qw1,EMEA,248271,137621,AscentPICK,bo1,0.76,182.0,15,20,2,0.75,57%,119.0,29%,6.0,4.0
MOJJ,FUT,https://www.vlr.gg/player/3604/mojj,EMEA,248271,137621,AscentPICK,bo1,0.67,115.0,9,17,2,0.53,52%,82.0,22%,2.0,1.0
AtaKaptan,FUT,https://www.vlr.gg/player/6510/atakaptan,EMEA,248271,137621,AscentPICK,bo1,0.6,125.0,9,18,8,0.5,65%,90.0,16%,2.0,5.0
d4v41,PRX,https://www.vlr.gg/player/9803/d4v41,Pacific,248271,137622,PearlPICK,bo1,1.83,320.0,20,9,11,2.22,100%,202.0,40%,2.0,0.0
f0rsakeN,PRX,https://www.vlr.gg/player/9801/f0rsaken,Pacific,248271,137622,PearlPICK,bo1,1.5,298.0,17,10,3,1.7,82%,209.0,30%,2.0,0.0
something,PRX,https://www.vlr.gg/player/17086/something,Pacific,248271,137622,PearlPICK,bo1,1.28,229.0,15,9,1,1.67,76%,148.0,36%,6.0,1.0
mindfreak,PRX,https://www.vlr.gg/player/9800/mindfreak,Pacific,248271,137622,PearlPICK,bo1,0.68,113.0,8,9,4,0.89,71%,70.0,21%,0.0,1.0
Jinggg,PRX,https://www.vlr.gg/player/7378/jinggg,Pacific,248271,137622,PearlPICK,bo1,0.66,143.0,9,12,5,0.75,59%,91.0,26%,1.0,4.0
AtaKaptan,FUT,https://www.vlr.gg/player/6510/atakaptan,EMEA,248271,137622,PearlPICK,bo1,0.93,236.0,12,13,6,0.92,53%,162.0,31%,2.0,3.0
qw1,FUT,https://www.vlr.gg/player/10125/qw1,EMEA,248271,137622,PearlPICK,bo1,0.92,213.0,13,13,3,1.0,76%,138.0,18%,1.0,2.0
MrFaliN,FUT,https://www.vlr.gg/player/8044/mrfalin,EMEA,248271,137622,PearlPICK,bo1,0.81,180.0,10,15,3,0.67,65%,144.0,32%,2.0,1.0
MOJJ,FUT,https://www.vlr.gg/player/3604/mojj,EMEA,248271,137622,PearlPICK,bo1,0.74,155.0,9,13,4,0.69,65%,107.0,20%,1.0,2.0
qRaxs,FUT,https://www.vlr.gg/player/1139/qraxs,EMEA,248271,137622,PearlPICK,bo1,0.39,135.0,5,15,8,0.33,71%,122.0,24%,0.0,3.0
MaKo,KRX,https://www.vlr.gg/player/4462/mako,Pacific,248272,137624,LotusPICK,bo1,1.37,236.0,20,14,12,1.43,83%,156.0,34%,3.0,0.0
BuZz,KRX,https://www.vlr.gg/player/804/buzz,Pacific,248272,137624,LotusPICK,bo1,1.32,297.0,20,17,12,1.18,83%,202.0,16%,7.0,4.0
Zest,KRX,https://www.vlr.gg/player/772/zest,Pacific,248272,137624,LotusPICK,bo1,0.98,187.0,14,16,8,0.88,65%,113.0,46%,2.0,2.0
Rb,KRX,https://www.vlr.gg/player/488/rb,Pacific,248272,137624,LotusPICK,bo1,0.96,148.0,14,15,4,0.93,74%,106.0,19%,0.0,0.0
stax,KRX,https://www.vlr.gg/player/485/stax,Pacific,248272,137624,LotusPICK,bo1,0.72,117.0,10,16,6,0.62,70%,76.0,25%,2.0,3.0
whzy,BLG,https://www.vlr.gg/player/4885/whzy,CN,248272,137624,LotusPICK,bo1,1.26,257.0,22,15,2,1.47,70%,172.0,16%,2.0,6.0
yosemite,BLG,https://www.vlr.gg/player/6022/yosemite,CN,248272,137624,LotusPICK,bo1,1.03,217.0,17,17,8,1.0,83%,133.0,22%,2.0,2.0
Knight,BLG,https://www.vlr.gg/player/4774/knight,CN,248272,137624,LotusPICK,bo1,0.89,182.0,14,16,10,0.88,83%,112.0,30%,1.0,3.0
Biank,BLG,https://www.vlr.gg/player/3021/biank,CN,248272,137624,LotusPICK,bo1,0.79,155.0,12,15,8,0.8,61%,94.0,17%,0.0,1.0
DK,BLG,https://www.vlr.gg/player/3024/dk,CN,248272,137624,LotusPICK,bo1,0.75,156.0,13,15,2,0.87,52%,84.0,23%,4.0,2.0
Zest,KRX,https://www.vlr.gg/player/772/zest,Pacific,248272,137625,HavenPICK,bo1,1.65,298.0,24,12,11,2.0,82%,189.0,44%,4.0,0.0
BuZz,KRX,https://www.vlr.gg/player/804/buzz,Pacific,248272,137625,HavenPICK,bo1,1.3,254.0,21,14,2,1.5,77%,173.0,25%,6.0,2.0
MaKo,KRX,https://www.vlr.gg/player/4462/mako,Pacific,248272,137625,HavenPICK,bo1,1.18,195.0,14,14,20,1.0,86%,125.0,26%,2.0,1.0
stax,KRX,https://www.vlr.gg/player/485/stax,Pacific,248272,137625,HavenPICK,bo1,1.02,201.0,17,14,11,1.21,73%,123.0,36%,1.0,3.0
Rb,KRX,https://www.vlr.gg/player/488/rb,Pacific,248272,137625,HavenPICK,bo1,0.51,112.0,8,16,3,0.5,68%,80.0,24%,1.0,2.0
Biank,BLG,https://www.vlr.gg/player/3021/biank,CN,248272,137625,HavenPICK,bo1,1.29,266.0,18,17,12,1.06,77%,191.0,24%,1.0,1.0
Knight,BLG,https://www.vlr.gg/player/4774/knight,CN,248272,137625,HavenPICK,bo1,0.99,169.0,13,13,10,1.0,73%,118.0,34%,1.0,3.0
DK,BLG,https://www.vlr.gg/player/3024/dk,CN,248272,137625,HavenPICK,bo1,0.96,158.0,14,16,13,0.88,82%,87.0,16%,0.0,0.0
whzy,BLG,https://www.vlr.gg/player/4885/whzy,CN,248272,137625,HavenPICK,bo1,0.77,216.0,17,21,1,0.81,55%,122.0,28%,5.0,6.0
yosemite,BLG,https://www.vlr.gg/player/6022/yosemite,CN,248272,137625,HavenPICK,bo1,0.65,132.0,8,17,5,0.47,68%,100.0,26%,1.0,4.0
Ethan,EG,https://www.vlr.gg/player/11225/ethan,Americas,248273,137627,SplitPICK,bo1,1.05,189.0,17,18,11,0.94,77%,122.0,26%,1.0,1.0
Demon1,EG,https://www.vlr.gg/player/26171/demon1,Americas,248273,137627,SplitPICK,bo1,1.0,206.0,20,18,5,1.11,62%,134.0,38%,3.0,0.0
C0M,EG,https://www.vlr.gg/player/619/c0m,Americas,248273,137627,SplitPICK,bo1,0.99,181.0,17,17,2,1.0,54%,119.0,34%,3.0,1.0
jawgemo,EG,https://www.vlr.gg/player/3993/jawgemo,Americas,248273,137627,SplitPICK,bo1,0.85,218.0,17,21,5,0.81,77%,145.0,22%,6.0,4.0
Boostio,EG,https://www.vlr.gg/player/604/boostio,Americas,248273,137627,SplitPICK,bo1,0.57,148.0,12,21,3,0.57,58%,108.0,14%,2.0,5.0
CHICHOO,EDG,https://www.vlr.gg/player/15559/chichoo,CN,248273,137627,SplitPICK,bo1,1.29,234.0,22,15,5,1.47,77%,156.0,33%,1.0,1.0
Haodong,EDG,https://www.vlr.gg/player/4720/haodong,CN,248273,137627,SplitPICK,bo1,1.17,153.0,12,13,17,0.92,73%,114.0,28%,1.0,0.0
Smoggy,EDG,https://www.vlr.gg/player/4742/smoggy,CN,248273,137627,SplitPICK,bo1,1.13,234.0,23,19,3,1.21,65%,172.0,36%,4.0,4.0
nobody,EDG,https://www.vlr.gg/player/3017/nobody,CN,248273,137627,SplitPICK,bo1,1.1,213.0,17,17,12,1.0,77%,130.0,16%,4.0,4.0
ZmjjKK,EDG,https://www.vlr.gg/player/3520/zmjjkk,CN,248273,137627,SplitPICK,bo1,1.0,221.0,21,19,6,1.11,73%,155.0,21%,1.0,6.0
Demon1,EG,https://www.vlr.gg/player/26171/demon1,Americas,248273,137628,AscentPICK,bo1,1.65,336.0,22,13,5,1.69,89%,232.0,47%,5.0,0.0
Ethan,EG,https://www.vlr.gg/player/11225/ethan,Americas,248273,137628,AscentPICK,bo1,1.61,275.0,18,9,12,2.0,78%,161.0,21%,2.0,1.0
Boostio,EG,https://www.vlr.gg/player/604/boostio,Americas,248273,137628,AscentPICK,bo1,1.35,225.0,14,9,4,1.56,78%,163.0,36%,3.0,2.0
jawgemo,EG,https://www.vlr.gg/player/3993/jawgemo,Americas,248273,137628,AscentPICK,bo1,1.28,169.0,10,8,15,1.25,83%,97.0,20%,2.0,1.0
C0M,EG,https://www.vlr.gg/player/619/c0m,Americas,248273,137628,AscentPICK,bo1,0.86,158.0,10,11,7,0.91,67%,106.0,15%,1.0,1.0
nobody,EDG,https://www.vlr.gg/player/3017/nobody,CN,248273,137628,AscentPICK,bo1,0.87,189.0,11,15,5,0.73,61%,131.0,34%,2.0,6.0
CHICHOO,EDG,https://www.vlr.gg/player/15559/chichoo,CN,248273,137628,AscentPICK,bo1,0.87,204.0,11,15,6,0.73,61%,141.0,21%,0.0,1.0
ZmjjKK,EDG,https://www.vlr.gg/player/3520/zmjjkk,CN,248273,137628,AscentPICK,bo1,0.76,210.0,13,16,3,0.81,61%,126.0,23%,2.0,3.0
Smoggy,EDG,https://www.vlr.gg/player/4742/smoggy,CN,248273,137628,AscentPICK,bo1,0.62,103.0,7,13,8,0.54,72%,76.0,40%,0.0,2.0
Haodong,EDG,https://www.vlr.gg/player/4720/haodong,CN,248273,137628,AscentPICK,bo1,0.52,122.0,8,15,7,0.53,56%,72.0,22%,1.0,1.0
Demon1,EG,https://www.vlr.gg/player/26171/demon1,Americas,248273,137629,Pearl,bo1,1.72,361.0,25,11,2,2.27,83%,231.0,36%,4.0,3.0
Ethan,EG,https://www.vlr.gg/player/11225/ethan,Americas,248273,137629,Pearl,bo1,1.51,296.0,20,10,4,2.0,89%,185.0,20%,3.0,0.0
C0M,EG,https://www.vlr.gg/player/619/c0m,Americas,248273,137629,Pearl,bo1,1.21,200.0,14,9,6,1.56,94%,130.0,24%,1.0,0.0
Boostio,EG,https://www.vlr.gg/player/604/boostio,Americas,248273,137629,Pearl,bo1,1.1,214.0,13,12,6,1.08,72%,164.0,30%,2.0,0.0
jawgemo,EG,https://www.vlr.gg/player/3993/jawgemo,Americas,248273,137629,Pearl,bo1,0.81,130.0,8,11,10,0.73,83%,82.0,22%,3.0,2.0
Smoggy,EDG,https://www.vlr.gg/player/4742/smoggy,CN,248273,137629,Pearl,bo1,1.3,241.0,16,14,3,1.14,72%,158.0,25%,2.0,1.0
CHICHOO,EDG,https://www.vlr.gg/player/15559/chichoo,CN,248273,137629,Pearl,bo1,0.82,160.0,9,15,5,0.6,61%,108.0,21%,0.0,2.0
Haodong,EDG,https://www.vlr.gg/player/4720/haodong,CN,248273,137629,Pearl,bo1,0.54,168.0,10,18,8,0.56,72%,110.0,29%,0.0,1.0
nobody,EDG,https://www.vlr.gg/player/3017/nobody,CN,248273,137629,Pearl,bo1,0.53,164.0,10,16,3,0.62,56%,95.0,20%,3.0,4.0
ZmjjKK,EDG,https://www.vlr.gg/player/3520/zmjjkk,CN,248273,137629,Pearl,bo1,0.48,141.0,8,17,4,0.47,50%,85.0,26%,0.0,5.0
Alfajer,FNC,https://www.vlr.gg/player/9810/alfajer,EMEA,248278,137644,SplitPICK,bo1,1.72,291.0,19,9,2,2.11,83%,194.0,29%,5.0,2.0
Chronicle,FNC,https://www.vlr.gg/player/458/chronicle,EMEA,248278,137644,SplitPICK,bo1,1.23,192.0,13,8,5,1.62,72%,130.0,31%,1.0,0.0
Derke,FNC,https://www.vlr.gg/player/5022/derke,EMEA,248278,137644,SplitPICK,bo1,1.2,275.0,17,13,4,1.31,67%,181.0,30%,6.0,3.0
Leo,FNC,https://www.vlr.gg/player/1380/leo,EMEA,248278,137644,SplitPICK,bo1,0.96,148.0,9,8,12,1.12,89%,85.0,15%,0.0,0.0
Boaster,FNC,https://www.vlr.gg/player/438/boaster,EMEA,248278,137644,SplitPICK,bo1,0.92,147.0,9,11,7,0.82,72%,84.0,24%,1.0,0.0
AtaKaptan,FUT,https://www.vlr.gg/player/6510/atakaptan,EMEA,248278,137644,SplitPICK,bo1,1.12,226.0,13,12,9,1.08,67%,145.0,43%,1.0,2.0
MrFaliN,FUT,https://www.vlr.gg/player/8044/mrfalin,EMEA,248278,137644,SplitPICK,bo1,1.01,218.0,14,13,7,1.08,78%,142.0,20%,0.0,2.0
qRaxs,FUT,https://www.vlr.gg/player/1139/qraxs,EMEA,248278,137644,SplitPICK,bo1,0.66,138.0,9,13,0,0.69,44%,98.0,43%,1.0,0.0
MOJJ,FUT,https://www.vlr.gg/player/3604/mojj,EMEA,248278,137644,SplitPICK,bo1,0.58,118.0,7,14,1,0.5,50%,75.0,24%,3.0,3.0
qw1,FUT,https://www.vlr.gg/player/10125/qw1,EMEA,248278,137644,SplitPICK,bo1,0.29,94.0,6,15,0,0.4,33%,58.0,38%,0.0,6.0
Alfajer,FNC,https://www.vlr.gg/player/9810/alfajer,EMEA,248278,137645,HavenPICK,bo1,1.64,314.0,26,10,0,2.6,82%,208.0,30%,4.0,3.0
Chronicle,FNC,https://www.vlr.gg/player/458/chronicle,EMEA,248278,137645,HavenPICK,bo1,1.45,222.0,17,9,11,1.89,86%,141.0,22%,4.0,0.0
Leo,FNC,https://www.vlr.gg/player/1380/leo,EMEA,248278,137645,HavenPICK,bo1,1.34,228.0,17,10,9,1.7,77%,150.0,39%,2.0,0.0
Derke,FNC,https://www.vlr.gg/player/5022/derke,EMEA,248278,137645,HavenPICK,bo1,0.88,176.0,14,13,1,1.08,68%,119.0,26%,3.0,2.0
Boaster,FNC,https://www.vlr.gg/player/438/boaster,EMEA,248278,137645,HavenPICK,bo1,0.83,144.0,11,13,7,0.85,73%,85.0,37%,3.0,1.0
AtaKaptan,FUT,https://www.vlr.gg/player/6510/atakaptan,EMEA,248278,137645,HavenPICK,bo1,0.85,161.0,11,17,9,0.65,59%,99.0,23%,0.0,2.0
qRaxs,FUT,https://www.vlr.gg/player/1139/qraxs,EMEA,248278,137645,HavenPICK,bo1,0.81,169.0,12,16,1,0.75,59%,116.0,38%,3.0,3.0
MrFaliN,FUT,https://www.vlr.gg/player/8044/mrfalin,EMEA,248278,137645,HavenPICK,bo1,0.75,149.0,11,18,5,0.61,45%,99.0,38%,1.0,1.0
MOJJ,FUT,https://www.vlr.gg/player/3604/mojj,EMEA,248278,137645,HavenPICK,bo1,0.75,129.0,9,15,5,0.6,64%,90.0,30%,2.0,5.0
qw1,FUT,https://www.vlr.gg/player/10125/qw1,EMEA,248278,137645,HavenPICK,bo1,0.59,147.0,12,19,0,0.63,32%,111.0,44%,0.0,5.0
Knight,BLG,https://www.vlr.gg/player/4774/knight,CN,248279,137647,BindPICK,bo1,1.18,295.0,17,15,1,1.13,71%,186.0,35%,3.0,2.0
whzy,BLG,https://www.vlr.gg/player/4885/whzy,CN,248279,137647,BindPICK,bo1,0.93,206.0,11,12,3,0.92,59%,141.0,21%,0.0,3.0
DK,BLG,https://www.vlr.gg/player/3024/dk,CN,248279,137647,BindPICK,bo1,0.55,121.0,8,14,1,0.57,53%,72.0,25%,1.0,1.0
yosemite,BLG,https://www.vlr.gg/player/6022/yosemite,CN,248279,137647,BindPICK,bo1,0.49,140.0,8,15,3,0.53,59%,81.0,13%,3.0,2.0
Biank,BLG,https://www.vlr.gg/player/3021/biank,CN,248279,137647,BindPICK,bo1,0.27,90.0,5,16,3,0.31,41%,50.0,9%,0.0,2.0
CHICHOO,EDG,https://www.vlr.gg/player/15559/chichoo,CN,248279,137647,BindPICK,bo1,1.8,251.0,17,5,5,3.4,94%,165.0,24%,2.0,0.0
Smoggy,EDG,https://www.vlr.gg/player/4742/smoggy,CN,248279,137647,BindPICK,bo1,1.33,297.0,19,13,4,1.46,100%,183.0,27%,4.0,0.0
ZmjjKK,EDG,https://www.vlr.gg/player/3520/zmjjkk,CN,248279,137647,BindPICK,bo1,1.27,262.0,16,11,4,1.45,76%,183.0,29%,3.0,3.0
Haodong,EDG,https://www.vlr.gg/player/4720/haodong,CN,248279,137647,BindPICK,bo1,1.17,215.0,15,10,4,1.5,94%,123.0,35%,1.0,1.0
nobody,EDG,https://www.vlr.gg/player/3017/nobody,CN,248279,137647,BindPICK,bo1,0.58,79.0,5,10,6,0.5,76%,50.0,11%,0.0,3.0
whzy,BLG,https://www.vlr.gg/player/4885/whzy,CN,248279,137648,SplitPICK,bo1,1.33,303.0,31,20,3,1.55,75%,191.0,26%,10.0,2.0
Biank,BLG,https://www.vlr.gg/player/3021/biank,CN,248279,137648,SplitPICK,bo1,1.22,229.0,22,20,18,1.1,86%,154.0,33%,6.0,2.0
Knight,BLG,https://www.vlr.gg/player/4774/knight,CN,248279,137648,SplitPICK,bo1,1.06,188.0,18,16,5,1.12,64%,133.0,27%,1.0,3.0
yosemite,BLG,https://www.vlr.gg/player/6022/yosemite,CN,248279,137648,SplitPICK,bo1,0.9,219.0,20,23,13,0.87,68%,153.0,25%,3.0,0.0
DK,BLG,https://www.vlr.gg/player/3024/dk,CN,248279,137648,SplitPICK,bo1,0.84,154.0,16,19,14,0.84,82%,93.0,19%,0.0,1.0
Smoggy,EDG,https://www.vlr.gg/player/4742/smoggy,CN,248279,137648,SplitPICK,bo1,1.12,257.0,25,24,1,1.04,57%,166.0,26%,4.0,3.0
nobody,EDG,https://www.vlr.gg/player/3017/nobody,CN,248279,137648,SplitPICK,bo1,1.0,171.0,18,20,11,0.9,64%,117.0,37%,1.0,4.0
Haodong,EDG,https://www.vlr.gg/player/4720/haodong,CN,248279,137648,SplitPICK,bo1,0.97,200.0,18,21,14,0.86,75%,139.0,31%,0.0,4.0
CHICHOO,EDG,https://www.vlr.gg/player/15559/chichoo,CN,248279,137648,SplitPICK,bo1,0.95,190.0,18,20,6,0.9,68%,126.0,13%,3.0,1.0
ZmjjKK,EDG,https://www.vlr.gg/player/3520/zmjjkk,CN,248279,137648,SplitPICK,bo1,0.84,199.0,19,22,5,0.86,57%,140.0,16%,0.0,8.0
yosemite,BLG,https://www.vlr.gg/player/6022/yosemite,CN,248279,137649,Haven,bo1,1.41,245.0,21,14,1,1.5,87%,155.0,37%,5.0,1.0
Knight,BLG,https://www.vlr.gg/player/4774/knight,CN,248279,137649,Haven,bo1,1.02,234.0,19,17,8,1.12,83%,163.0,33%,0.0,1.0
Biank,BLG,https://www.vlr.gg/player/3021/biank,CN,248279,137649,Haven,bo1,1.01,245.0,20,18,2,1.11,74%,170.0,38%,1.0,1.0
whzy,BLG,https://www.vlr.gg/player/4885/whzy,CN,248279,137649,Haven,bo1,0.6,163.0,13,20,5,0.65,78%,101.0,16%,5.0,3.0
DK,BLG,https://www.vlr.gg/player/3024/dk,CN,248279,137649,Haven,bo1,0.45,93.0,6,17,11,0.35,61%,57.0,14%,2.0,4.0
nobody,EDG,https://www.vlr.gg/player/3017/nobody,CN,248279,137649,Haven,bo1,1.63,306.0,27,14,5,1.93,87%,202.0,37%,3.0,1.0
Haodong,EDG,https://www.vlr.gg/player/4720/haodong,CN,248279,137649,Haven,bo1,1.13,166.0,13,14,15,0.93,78%,106.0,26%,1.0,1.0
ZmjjKK,EDG,https://www.vlr.gg/player/3520/zmjjkk,CN,248279,137649,Haven,bo1,1.06,227.0,17,18,8,0.94,78%,147.0,18%,3.0,2.0
CHICHOO,EDG,https://www.vlr.gg/player/15559/chichoo,CN,248279,137649,Haven,bo1,0.94,177.0,15,16,6,0.94,65%,113.0,25%,2.0,4.0
Smoggy,EDG,https://www.vlr.gg/player/4742/smoggy,CN,248279,137649,Haven,bo1,0.75,146.0,14,17,5,0.82,78%,100.0,36%,1.0,5.0
tuyz,LOUD,https://www.vlr.gg/player/2408/tuyz,Americas,248274,137630,LotusPICK,bo1,1.08,184.0,20,17,15,1.18,68%,116.0,35%,2.0,2.0
cauanzin,LOUD,https://www.vlr.gg/player/6193/cauanzin,Americas,248274,137630,LotusPICK,bo1,1.06,212.0,20,21,12,0.95,86%,130.0,33%,4.0,3.0
aspas,LOUD,https://www.vlr.gg/player/8480/aspas,Americas,248274,137630,LotusPICK,bo1,1.01,222.0,21,20,5,1.05,75%,140.0,23%,4.0,3.0
Less,LOUD,https://www.vlr.gg/player/8447/less,Americas,248274,137630,LotusPICK,bo1,0.96,191.0,21,20,3,1.05,64%,132.0,35%,1.0,1.0
saadhak,LOUD,https://www.vlr.gg/player/727/saadhak,Americas,248274,137630,LotusPICK,bo1,0.87,228.0,20,24,12,0.83,71%,148.0,16%,4.0,4.0
something,PRX,https://www.vlr.gg/player/17086/something,Pacific,248274,137630,LotusPICK,bo1,1.47,297.0,31,20,3,1.55,82%,167.0,16%,7.0,4.0
d4v41,PRX,https://www.vlr.gg/player/9803/d4v41,Pacific,248274,137630,LotusPICK,bo1,1.02,186.0,18,20,17,0.9,82%,128.0,40%,0.0,1.0
Jinggg,PRX,https://www.vlr.gg/player/7378/jinggg,Pacific,248274,137630,LotusPICK,bo1,0.89,226.0,20,23,8,0.87,71%,169.0,24%,2.0,6.0
f0rsakeN,PRX,https://www.vlr.gg/player/9801/f0rsaken,Pacific,248274,137630,LotusPICK,bo1,0.82,194.0,20,21,9,0.95,71%,121.0,13%,2.0,1.0
mindfreak,PRX,https://www.vlr.gg/player/9800/mindfreak,Pacific,248274,137630,LotusPICK,bo1,0.72,131.0,13,19,8,0.68,68%,82.0,36%,2.0,3.0
Less,LOUD,https://www.vlr.gg/player/8447/less,Americas,248274,137631,SplitPICK,bo1,2.33,424.0,24,7,5,3.43,87%,258.0,23%,3.0,0.0
saadhak,LOUD,https://www.vlr.gg/player/727/saadhak,Americas,248274,137631,SplitPICK,bo1,1.46,179.0,10,5,13,2.0,93%,104.0,26%,0.0,0.0
cauanzin,LOUD,https://www.vlr.gg/player/6193/cauanzin,Americas,248274,137631,SplitPICK,bo1,1.28,238.0,14,8,4,1.75,87%,145.0,26%,2.0,2.0
tuyz,LOUD,https://www.vlr.gg/player/2408/tuyz,Americas,248274,137631,SplitPICK,bo1,1.07,124.0,6,6,11,1.0,93%,81.0,16%,1.0,1.0
aspas,LOUD,https://www.vlr.gg/player/8480/aspas,Americas,248274,137631,SplitPICK,bo1,1.06,209.0,12,8,0,1.5,80%,135.0,22%,4.0,2.0
d4v41,PRX,https://www.vlr.gg/player/9803/d4v41,Pacific,248274,137631,SplitPICK,bo1,0.82,182.0,8,13,4,0.62,60%,136.0,15%,1.0,0.0
mindfreak,PRX,https://www.vlr.gg/player/9800/mindfreak,Pacific,248274,137631,SplitPICK,bo1,0.57,166.0,9,14,4,0.64,60%,107.0,23%,1.0,0.0
something,PRX,https://www.vlr.gg/player/17086/something,Pacific,248274,137631,SplitPICK,bo1,0.57,133.0,6,13,2,0.46,53%,96.0,19%,2.0,3.0
Jinggg,PRX,https://www.vlr.gg/player/7378/jinggg,Pacific,248274,137631,SplitPICK,bo1,0.52,159.0,8,13,2,0.62,60%,100.0,23%,1.0,3.0
f0rsakeN,PRX,https://www.vlr.gg/player/9801/f0rsaken,Pacific,248274,137631,SplitPICK,bo1,0.38,78.0,3,13,7,0.23,60%,65.0,28%,0.0,4.0
aspas,LOUD,https://www.vlr.gg/player/8480/aspas,Americas,248274,137632,Pearl,bo1,1.65,326.0,27,14,2,1.93,78%,201.0,40%,7.0,5.0
cauanzin,LOUD,https://www.vlr.gg/player/6193/cauanzin,Americas,248274,137632,Pearl,bo1,1.03,228.0,18,18,10,1.0,70%,148.0,30%,1.0,4.0
tuyz,LOUD,https://www.vlr.gg/player/2408/tuyz,Americas,248274,137632,Pearl,bo1,0.93,155.0,14,17,12,0.82,74%,103.0,50%,0.0,1.0
Less,LOUD,https://www.vlr.gg/player/8447/less,Americas,248274,137632,Pearl,bo1,0.68,136.0,10,16,7,0.62,65%,100.0,14%,0.0,1.0
saadhak,LOUD,https://www.vlr.gg/player/727/saadhak,Americas,248274,137632,Pearl,bo1,0.65,145.0,8,19,14,0.42,78%,113.0,11%,2.0,2.0
something,PRX,https://www.vlr.gg/player/17086/something,Pacific,248274,137632,Pearl,bo1,1.28,221.0,18,13,3,1.38,74%,142.0,17%,4.0,2.0
Jinggg,PRX,https://www.vlr.gg/player/7378/jinggg,Pacific,248274,137632,Pearl,bo1,1.22,288.0,23,18,10,1.28,74%,189.0,30%,3.0,4.0
f0rsakeN,PRX,https://www.vlr.gg/player/9801/f0rsaken,Pacific,248274,137632,Pearl,bo1,1.12,214.0,18,17,6,1.06,65%,137.0,18%,3.0,2.0
d4v41,PRX,https://www.vlr.gg/player/9803/d4v41,Pacific,248274,137632,Pearl,bo1,0.93,202.0,16,16,11,1.0,74%,125.0,33%,1.0,0.0
mindfreak,PRX,https://www.vlr.gg/player/9800/mindfreak,Pacific,248274,137632,Pearl,bo1,0.85,111.0,9,13,11,0.69,74%,75.0,23%,2.0,2.0
BuZz,KRX,https://www.vlr.gg/player/804/buzz,Pacific,248275,137633,FracturePICK,bo1,1.28,293.0,23,18,3,1.28,82%,193.0,27%,5.0,4.0
Zest,KRX,https://www.vlr.gg/player/772/zest,Pacific,248275,137633,FracturePICK,bo1,1.13,223.0,16,15,7,1.07,73%,171.0,33%,5.0,3.0
MaKo,KRX,https://www.vlr.gg/player/4462/mako,Pacific,248275,137633,FracturePICK,bo1,0.7,140.0,10,18,11,0.56,68%,92.0,28%,1.0,1.0
stax,KRX,https://www.vlr.gg/player/485/stax,Pacific,248275,137633,FracturePICK,bo1,0.53,109.0,7,17,9,0.41,55%,71.0,29%,0.0,0.0
Rb,KRX,https://www.vlr.gg/player/488/rb,Pacific,248275,137633,FracturePICK,bo1,0.38,101.0,7,17,2,0.41,59%,68.0,18%,1.0,2.0
Demon1,EG,https://www.vlr.gg/player/26171/demon1,Americas,248275,137633,FracturePICK,bo1,1.93,332.0,28,9,9,3.11,86%,228.0,39%,2.0,1.0
C0M,EG,https://www.vlr.gg/player/619/c0m,Americas,248275,137633,FracturePICK,bo1,1.64,252.0,22,10,8,2.2,82%,164.0,28%,2.0,0.0
Ethan,EG,https://www.vlr.gg/player/11225/ethan,Americas,248275,137633,FracturePICK,bo1,0.88,112.0,8,12,13,0.67,91%,68.0,25%,1.0,2.0
Boostio,EG,https://www.vlr.gg/player/604/boostio,Americas,248275,137633,FracturePICK,bo1,0.82,162.0,13,17,6,0.76,73%,101.0,13%,1.0,0.0
jawgemo,EG,https://www.vlr.gg/player/3993/jawgemo,Americas,248275,137633,FracturePICK,bo1,0.8,182.0,14,15,4,0.93,77%,119.0,17%,4.0,9.0
Zest,KRX,https://www.vlr.gg/player/772/zest,Pacific,248275,137634,LotusPICK,bo1,1.01,223.0,11,13,5,0.85,59%,146.0,38%,3.0,2.0
stax,KRX,https://www.vlr.gg/player/485/stax,Pacific,248275,137634,LotusPICK,bo1,0.77,195.0,11,14,4,0.79,76%,119.0,24%,2.0,2.0
Rb,KRX,https://www.vlr.gg/player/488/rb,Pacific,248275,137634,LotusPICK,bo1,0.71,143.0,8,14,3,0.57,47%,106.0,22%,1.0,1.0
BuZz,KRX,https://www.vlr.gg/player/804/buzz,Pacific,248275,137634,LotusPICK,bo1,0.71,209.0,12,16,2,0.75,71%,127.0,39%,4.0,2.0
MaKo,KRX,https://www.vlr.gg/player/4462/mako,Pacific,248275,137634,LotusPICK,bo1,0.51,114.0,7,15,4,0.47,65%,70.0,23%,0.0,0.0
Demon1,EG,https://www.vlr.gg/player/26171/demon1,Americas,248275,137634,LotusPICK,bo1,1.46,238.0,15,7,5,2.14,76%,136.0,39%,4.0,0.0
Boostio,EG,https://www.vlr.gg/player/604/boostio,Americas,248275,137634,LotusPICK,bo1,1.2,239.0,14,9,5,1.56,76%,163.0,20%,2.0,4.0
Ethan,EG,https://www.vlr.gg/player/11225/ethan,Americas,248275,137634,LotusPICK,bo1,1.19,190.0,12,10,7,1.2,88%,124.0,18%,0.0,1.0
C0M,EG,https://www.vlr.gg/player/619/c0m,Americas,248275,137634,LotusPICK,bo1,1.18,211.0,14,9,11,1.56,82%,126.0,17%,0.0,1.0
jawgemo,EG,https://www.vlr.gg/player/3993/jawgemo,Americas,248275,137634,LotusPICK,bo1,1.15,264.0,17,14,3,1.21,82%,178.0,26%,1.0,4.0
tuyz,LOUD,https://www.vlr.gg/player/2408/tuyz,Americas,248281,137653,BindPICK,bo1,1.26,271.0,23,17,7,1.35,63%,167.0,42%,2.0,3.0
aspas,LOUD,https://www.vlr.gg/player/8480/aspas,Americas,248281,137653,BindPICK,bo1,1.2,253.0,23,18,1,1.28,67%,176.0,23%,1.0,2.0
cauanzin,LOUD,https://www.vlr.gg/player/6193/cauanzin,Americas,248281,137653,BindPICK,bo1,1.0,199.0,16,17,7,0.94,63%,134.0,40%,1.0,3.0
Less,LOUD,https://www.vlr.gg/player/8447/less,Americas,248281,137653,BindPICK,bo1,0.64,165.0,12,19,4,0.63,54%,111.0,21%,2.0,2.0
saadhak,LOUD,https://www.vlr.gg/player/727/saadhak,Americas,248281,137653,BindPICK,bo1,0.56,143.0,10,20,9,0.5,71%,110.0,25%,1.0,7.0
ZmjjKK,EDG,https://www.vlr.gg/player/3520/zmjjkk,CN,248281,137653,BindPICK,bo1,1.37,300.0,26,17,5,1.53,75%,186.0,19%,7.0,1.0
nobody,EDG,https://www.vlr.gg/player/3017/nobody,CN,248281,137653,BindPICK,bo1,1.32,233.0,20,17,9,1.18,79%,163.0,45%,4.0,0.0
CHICHOO,EDG,https://www.vlr.gg/player/15559/chichoo,CN,248281,137653,BindPICK,bo1,1.09,170.0,15,13,8,1.15,67%,108.0,20%,0.0,2.0
Smoggy,EDG,https://www.vlr.gg/player/4742/smoggy,CN,248281,137653,BindPICK,bo1,1.06,245.0,21,17,4,1.24,75%,162.0,23%,3.0,1.0
Haodong,EDG,https://www.vlr.gg/player/4720/haodong,CN,248281,137653,BindPICK,bo1,0.55,130.0,9,20,11,0.45,75%,78.0,26%,3.0,3.0
tuyz,LOUD,https://www.vlr.gg/player/2408/tuyz,Americas,248281,137654,AscentPICK,bo1,1.51,233.0,19,7,10,2.71,89%,148.0,44%,2.0,1.0
cauanzin,LOUD,https://www.vlr.gg/player/6193/cauanzin,Americas,248281,137654,AscentPICK,bo1,1.48,238.0,17,8,6,2.12,89%,141.0,28%,4.0,0.0
saadhak,LOUD,https://www.vlr.gg/player/727/saadhak,Americas,248281,137654,AscentPICK,bo1,1.37,237.0,11,10,25,1.1,89%,148.0,19%,2.0,0.0
Less,LOUD,https://www.vlr.gg/player/8447/less,Americas,248281,137654,AscentPICK,bo1,1.22,268.0,17,13,2,1.31,78%,196.0,19%,3.0,0.0
aspas,LOUD,https://www.vlr.gg/player/8480/aspas,Americas,248281,137654,AscentPICK,bo1,1.16,203.0,15,9,2,1.67,78%,133.0,22%,5.0,1.0
Smoggy,EDG,https://www.vlr.gg/player/4742/smoggy,CN,248281,137654,AscentPICK,bo1,0.95,190.0,11,15,8,0.73,44%,140.0,38%,1.0,3.0
CHICHOO,EDG,https://www.vlr.gg/player/15559/chichoo,CN,248281,137654,AscentPICK,bo1,0.86,200.0,10,16,6,0.62,61%,148.0,13%,0.0,1.0
ZmjjKK,EDG,https://www.vlr.gg/player/3520/zmjjkk,CN,248281,137654,AscentPICK,bo1,0.67,150.0,10,16,1,0.62,50%,101.0,27%,0.0,5.0
Haodong,EDG,https://www.vlr.gg/player/4720/haodong,CN,248281,137654,AscentPICK,bo1,0.64,103.0,5,15,13,0.33,61%,68.0,32%,0.0,1.0
nobody,EDG,https://www.vlr.gg/player/3017/nobody,CN,248281,137654,AscentPICK,bo1,0.63,175.0,11,17,2,0.65,61%,123.0,38%,1.0,6.0
cauanzin,LOUD,https://www.vlr.gg/player/6193/cauanzin,Americas,248281,137655,Haven,bo1,1.36,258.0,25,16,5,1.56,71%,144.0,25%,2.0,2.0
Less,LOUD,https://www.vlr.gg/player/8447/less,Americas,248281,137655,Haven,bo1,1.32,235.0,19,14,8,1.36,83%,158.0,23%,5.0,1.0
aspas,LOUD,https://www.vlr.gg/player/8480/aspas,Americas,248281,137655,Haven,bo1,1.02,185.0,17,14,2,1.21,71%,128.0,20%,4.0,1.0
saadhak,LOUD,https://www.vlr.gg/player/727/saadhak,Americas,248281,137655,Haven,bo1,0.9,170.0,11,15,11,0.73,71%,116.0,16%,4.0,3.0
tuyz,LOUD,https://www.vlr.gg/player/2408/tuyz,Americas,248281,137655,Haven,bo1,0.71,122.0,9,17,9,0.53,67%,88.0,25%,1.0,1.0
Smoggy,EDG,https://www.vlr.gg/player/4742/smoggy,CN,248281,137655,Haven,bo1,1.32,279.0,23,17,10,1.35,75%,186.0,51%,0.0,1.0
CHICHOO,EDG,https://www.vlr.gg/player/15559/chichoo,CN,248281,137655,Haven,bo1,0.96,143.0,13,13,6,1.0,67%,112.0,52%,0.0,3.0
Haodong,EDG,https://www.vlr.gg/player/4720/haodong,CN,248281,137655,Haven,bo1,0.92,149.0,13,14,13,0.93,79%,97.0,34%,2.0,3.0
ZmjjKK,EDG,https://www.vlr.gg/player/3520/zmjjkk,CN,248281,137655,Haven,bo1,0.81,222.0,17,19,3,0.89,46%,139.0,8%,3.0,6.0
nobody,EDG,https://www.vlr.gg/player/3017/nobody,CN,248281,137655,Haven,bo1,0.74,149.0,10,18,9,0.56,67%,100.0,26%,3.0,3.0
MaKo,KRX,https://www.vlr.gg/player/4462/mako,Pacific,248280,137650,BindPICK,bo1,1.68,326.0,17,7,3,2.43,79%,222.0,26%,0.0,0.0
stax,KRX,https://www.vlr.gg/player/485/stax,Pacific,248280,137650,BindPICK,bo1,1.65,218.0,13,5,6,2.6,86%,141.0,37%,0.0,1.0
Zest,KRX,https://www.vlr.gg/player/772/zest,Pacific,248280,137650,BindPICK,bo1,1.54,189.0,12,5,4,2.4,79%,110.0,37%,1.0,1.0
Rb,KRX,https://www.vlr.gg/player/488/rb,Pacific,248280,137650,BindPICK,bo1,1.18,172.0,8,6,2,1.33,86%,117.0,32%,2.0,1.0
BuZz,KRX,https://www.vlr.gg/player/804/buzz,Pacific,248280,137650,BindPICK,bo1,0.9,188.0,8,9,5,0.89,64%,121.0,25%,4.0,4.0
Chronicle,FNC,https://www.vlr.gg/player/458/chronicle,EMEA,248280,137650,BindPICK,bo1,0.93,185.0,8,10,2,0.8,71%,126.0,25%,3.0,0.0
Derke,FNC,https://www.vlr.gg/player/5022/derke,EMEA,248280,137650,BindPICK,bo1,0.71,180.0,9,12,1,0.75,64%,123.0,22%,3.0,3.0
Alfajer,FNC,https://www.vlr.gg/player/9810/alfajer,EMEA,248280,137650,BindPICK,bo1,0.7,174.0,9,12,0,0.75,50%,121.0,44%,1.0,3.0
Boaster,FNC,https://www.vlr.gg/player/438/boaster,EMEA,248280,137650,BindPICK,bo1,0.31,82.0,2,12,6,0.17,50%,66.0,23%,0.0,1.0
Leo,FNC,https://www.vlr.gg/player/1380/leo,EMEA,248280,137650,BindPICK,bo1,0.29,78.0,4,12,4,0.33,64%,54.0,42%,0.0,0.0
BuZz,KRX,https://www.vlr.gg/player/804/buzz,Pacific,248280,137651,HavenPICK,bo1,1.16,222.0,17,14,1,1.21,64%,126.0,33%,3.0,4.0
MaKo,KRX,https://www.vlr.gg/player/4462/mako,Pacific,248280,137651,HavenPICK,bo1,0.99,186.0,16,14,9,1.14,59%,117.0,48%,1.0,4.0
Rb,KRX,https://www.vlr.gg/player/488/rb,Pacific,248280,137651,HavenPICK,bo1,0.81,132.0,9,13,2,0.69,50%,105.0,17%,0.0,2.0
Zest,KRX,https://www.vlr.gg/player/772/zest,Pacific,248280,137651,HavenPICK,bo1,0.64,166.0,13,19,4,0.68,55%,106.0,70%,2.0,5.0
stax,KRX,https://www.vlr.gg/player/485/stax,Pacific,248280,137651,HavenPICK,bo1,0.48,112.0,10,17,1,0.59,55%,69.0,26%,1.0,0.0
Alfajer,FNC,https://www.vlr.gg/player/9810/alfajer,EMEA,248280,137651,HavenPICK,bo1,1.47,239.0,20,13,5,1.54,77%,164.0,28%,4.0,1.0
Leo,FNC,https://www.vlr.gg/player/1380/leo,EMEA,248280,137651,HavenPICK,bo1,1.34,207.0,16,11,10,1.45,82%,146.0,39%,1.0,0.0
Derke,FNC,https://www.vlr.gg/player/5022/derke,EMEA,248280,137651,HavenPICK,bo1,1.1,195.0,15,11,3,1.36,68%,130.0,32%,7.0,4.0
Boaster,FNC,https://www.vlr.gg/player/438/boaster,EMEA,248280,137651,HavenPICK,bo1,0.96,199.0,15,16,8,0.94,73%,122.0,24%,3.0,1.0
Chronicle,FNC,https://www.vlr.gg/player/458/chronicle,EMEA,248280,137651,HavenPICK,bo1,0.84,135.0,11,14,11,0.79,68%,89.0,19%,0.0,1.0
MaKo,KRX,https://www.vlr.gg/player/4462/mako,Pacific,248280,137652,Split,bo1,1.12,228.0,14,17,10,0.82,74%,134.0,26%,2.0,1.0
stax,KRX,https://www.vlr.gg/player/485/stax,Pacific,248280,137652,Split,bo1,1.0,203.0,14,16,3,0.88,63%,139.0,29%,0.0,0.0
BuZz,KRX,https://www.vlr.gg/player/804/buzz,Pacific,248280,137652,Split,bo1,0.75,148.0,9,15,4,0.6,68%,108.0,7%,2.0,4.0
Rb,KRX,https://www.vlr.gg/player/488/rb,Pacific,248280,137652,Split,bo1,0.61,128.0,8,14,0,0.57,47%,91.0,33%,2.0,4.0
Zest,KRX,https://www.vlr.gg/player/772/zest,Pacific,248280,137652,Split,bo1,0.24,104.0,6,18,5,0.33,42%,79.0,21%,1.0,3.0
Leo,FNC,https://www.vlr.gg/player/1380/leo,EMEA,248280,137652,Split,bo1,1.9,326.0,25,7,13,3.57,100%,177.0,29%,1.0,0.0
Chronicle,FNC,https://www.vlr.gg/player/458/chronicle,EMEA,248280,137652,Split,bo1,1.32,244.0,16,11,7,1.45,89%,150.0,22%,3.0,1.0
Boaster,FNC,https://www.vlr.gg/player/438/boaster,EMEA,248280,137652,Split,bo1,1.14,242.0,15,13,13,1.15,74%,133.0,14%,5.0,1.0
Derke,FNC,https://www.vlr.gg/player/5022/derke,EMEA,248280,137652,Split,bo1,1.1,186.0,14,10,4,1.4,79%,125.0,21%,3.0,4.0
Alfajer,FNC,https://www.vlr.gg/player/9810/alfajer,EMEA,248280,137652,Split,bo1,0.83,132.0,10,10,3,1.0,58%,81.0,29%,0.0,1.0
mindfreak,PRX,https://www.vlr.gg/player/9800/mindfreak,Pacific,248276,137636,AscentPICK,bo1,1.26,237.0,20,16,6,1.25,91%,167.0,33%,1.0,0.0
something,PRX,https://www.vlr.gg/player/17086/something,Pacific,248276,137636,AscentPICK,bo1,1.16,235.0,20,16,3,1.25,65%,157.0,15%,5.0,2.0
Jinggg,PRX,https://www.vlr.gg/player/7378/jinggg,Pacific,248276,137636,AscentPICK,bo1,1.12,259.0,20,18,6,1.11,83%,166.0,18%,3.0,2.0
f0rsakeN,PRX,https://www.vlr.gg/player/9801/f0rsaken,Pacific,248276,137636,AscentPICK,bo1,0.71,168.0,12,18,8,0.67,74%,111.0,30%,3.0,5.0
d4v41,PRX,https://www.vlr.gg/player/9803/d4v41,Pacific,248276,137636,AscentPICK,bo1,0.68,135.0,9,16,13,0.56,74%,90.0,7%,2.0,0.0
C0M,EG,https://www.vlr.gg/player/619/c0m,Americas,248276,137636,AscentPICK,bo1,1.79,304.0,28,12,6,2.33,78%,189.0,33%,1.0,0.0
jawgemo,EG,https://www.vlr.gg/player/3993/jawgemo,Americas,248276,137636,AscentPICK,bo1,1.04,217.0,18,16,6,1.12,74%,130.0,25%,1.0,1.0
Ethan,EG,https://www.vlr.gg/player/11225/ethan,Americas,248276,137636,AscentPICK,bo1,0.84,173.0,12,17,13,0.71,70%,127.0,13%,2.0,5.0
Boostio,EG,https://www.vlr.gg/player/604/boostio,Americas,248276,137636,AscentPICK,bo1,0.81,222.0,16,19,5,0.84,74%,168.0,26%,3.0,3.0
Demon1,EG,https://www.vlr.gg/player/26171/demon1,Americas,248276,137636,AscentPICK,bo1,0.57,115.0,10,18,2,0.56,52%,86.0,33%,2.0,5.0
Jinggg,PRX,https://www.vlr.gg/player/7378/jinggg,Pacific,248276,137637,BindPICK,bo1,1.3,291.0,22,16,4,1.38,77%,179.0,16%,3.0,3.0
d4v41,PRX,https://www.vlr.gg/player/9803/d4v41,Pacific,248276,137637,BindPICK,bo1,1.15,238.0,20,15,2,1.33,73%,149.0,41%,1.0,2.0
mindfreak,PRX,https://www.vlr.gg/player/9800/mindfreak,Pacific,248276,137637,BindPICK,bo1,1.13,166.0,14,12,12,1.17,77%,117.0,44%,1.0,1.0
f0rsakeN,PRX,https://www.vlr.gg/player/9801/f0rsaken,Pacific,248276,137637,BindPICK,bo1,1.07,189.0,16,14,5,1.14,59%,119.0,27%,1.0,2.0
something,PRX,https://www.vlr.gg/player/17086/something,Pacific,248276,137637,BindPICK,bo1,0.74,131.0,8,14,8,0.57,73%,85.0,13%,3.0,5.0
C0M,EG,https://www.vlr.gg/player/619/c0m,Americas,248276,137637,BindPICK,bo1,1.34,238.0,21,14,6,1.5,77%,147.0,18%,1.0,0.0
Demon1,EG,https://www.vlr.gg/player/26171/demon1,Americas,248276,137637,BindPICK,bo1,1.05,234.0,18,17,1,1.06,59%,143.0,37%,6.0,2.0
Ethan,EG,https://www.vlr.gg/player/11225/ethan,Americas,248276,137637,BindPICK,bo1,0.83,141.0,10,15,8,0.67,59%,88.0,13%,2.0,1.0
jawgemo,EG,https://www.vlr.gg/player/3993/jawgemo,Americas,248276,137637,BindPICK,bo1,0.82,191.0,15,17,6,0.88,68%,122.0,8%,4.0,3.0
Boostio,EG,https://www.vlr.gg/player/604/boostio,Americas,248276,137637,BindPICK,bo1,0.43,94.0,7,17,6,0.41,45%,65.0,16%,0.0,3.0
mindfreak,PRX,https://www.vlr.gg/player/9800/mindfreak,Pacific,248276,137638,Pearl,bo1,1.47,235.0,23,14,14,1.64,75%,170.0,33%,0.0,3.0
f0rsakeN,PRX,https://www.vlr.gg/player/9801/f0rsaken,Pacific,248276,137638,Pearl,bo1,1.28,326.0,29,21,9,1.38,75%,209.0,21%,2.0,2.0
Jinggg,PRX,https://www.vlr.gg/player/7378/jinggg,Pacific,248276,137638,Pearl,bo1,0.99,208.0,21,22,10,0.95,79%,146.0,21%,3.0,4.0
d4v41,PRX,https://www.vlr.gg/player/9803/d4v41,Pacific,248276,137638,Pearl,bo1,0.91,159.0,15,21,17,0.71,75%,111.0,33%,0.0,1.0
something,PRX,https://www.vlr.gg/player/17086/something,Pacific,248276,137638,Pearl,bo1,0.79,171.0,16,21,5,0.76,64%,109.0,16%,5.0,8.0
Demon1,EG,https://www.vlr.gg/player/26171/demon1,Americas,248276,137638,Pearl,bo1,1.42,271.0,28,19,2,1.47,82%,210.0,33%,4.0,0.0
jawgemo,EG,https://www.vlr.gg/player/3993/jawgemo,Americas,248276,137638,Pearl,bo1,1.29,232.0,19,19,26,1.0,82%,166.0,24%,1.0,2.0
Ethan,EG,https://www.vlr.gg/player/11225/ethan,Americas,248276,137638,Pearl,bo1,1.09,234.0,24,22,8,1.09,68%,137.0,18%,7.0,2.0
C0M,EG,https://www.vlr.gg/player/619/c0m,Americas,248276,137638,Pearl,bo1,0.66,156.0,15,21,7,0.71,82%,112.0,22%,1.0,1.0
Boostio,EG,https://www.vlr.gg/player/604/boostio,Americas,248276,137638,Pearl,bo1,0.51,157.0,13,24,9,0.54,68%,111.0,20%,5.0,5.0
Alfajer,FNC,https://www.vlr.gg/player/9810/alfajer,EMEA,248282,137656,SplitPICK,bo1,1.01,220.0,15,13,0,1.15,71%,155.0,38%,1.0,0.0
Boaster,FNC,https://www.vlr.gg/player/438/boaster,EMEA,248282,137656,SplitPICK,bo1,0.95,175.0,11,13,6,0.85,76%,117.0,26%,1.0,0.0
Derke,FNC,https://www.vlr.gg/player/5022/derke,EMEA,248282,137656,SplitPICK,bo1,0.93,243.0,12,14,5,0.86,65%,177.0,13%,4.0,4.0
Leo,FNC,https://www.vlr.gg/player/1380/leo,EMEA,248282,137656,SplitPICK,bo1,0.61,173.0,9,14,7,0.64,65%,111.0,15%,2.0,1.0
Chronicle,FNC,https://www.vlr.gg/player/458/chronicle,EMEA,248282,137656,SplitPICK,bo1,0.31,90.0,5,14,4,0.36,47%,68.0,31%,1.0,3.0
Less,LOUD,https://www.vlr.gg/player/8447/less,Americas,248282,137656,SplitPICK,bo1,1.69,272.0,16,8,4,2.0,76%,185.0,31%,1.0,1.0
saadhak,LOUD,https://www.vlr.gg/player/727/saadhak,Americas,248282,137656,SplitPICK,bo1,1.49,267.0,17,11,13,1.55,88%,165.0,25%,3.0,2.0
cauanzin,LOUD,https://www.vlr.gg/player/6193/cauanzin,Americas,248282,137656,SplitPICK,bo1,1.32,225.0,15,11,9,1.36,76%,133.0,26%,2.0,3.0
tuyz,LOUD,https://www.vlr.gg/player/2408/tuyz,Americas,248282,137656,SplitPICK,bo1,0.94,148.0,9,9,11,1.0,71%,63.0,13%,0.0,2.0
aspas,LOUD,https://www.vlr.gg/player/8480/aspas,Americas,248282,137656,SplitPICK,bo1,0.82,177.0,11,13,5,0.85,82%,114.0,13%,2.0,1.0
Leo,FNC,https://www.vlr.gg/player/1380/leo,EMEA,248282,137657,AscentPICK,bo1,1.46,251.0,18,9,11,2.0,86%,162.0,17%,2.0,1.0
Derke,FNC,https://www.vlr.gg/player/5022/derke,EMEA,248282,137657,AscentPICK,bo1,1.25,210.0,18,13,5,1.38,68%,134.0,29%,2.0,6.0
Boaster,FNC,https://www.vlr.gg/player/438/boaster,EMEA,248282,137657,AscentPICK,bo1,1.2,213.0,18,14,11,1.29,77%,119.0,23%,2.0,4.0
Alfajer,FNC,https://www.vlr.gg/player/9810/alfajer,EMEA,248282,137657,AscentPICK,bo1,0.97,220.0,17,16,2,1.06,77%,165.0,24%,0.0,3.0
Chronicle,FNC,https://www.vlr.gg/player/458/chronicle,EMEA,248282,137657,AscentPICK,bo1,0.64,146.0,11,16,5,0.69,59%,101.0,21%,0.0,2.0
cauanzin,LOUD,https://www.vlr.gg/player/6193/cauanzin,Americas,248282,137657,AscentPICK,bo1,1.37,285.0,22,16,7,1.38,73%,171.0,27%,6.0,1.0
aspas,LOUD,https://www.vlr.gg/player/8480/aspas,Americas,248282,137657,AscentPICK,bo1,1.19,271.0,22,16,4,1.38,86%,181.0,36%,5.0,0.0
saadhak,LOUD,https://www.vlr.gg/player/727/saadhak,Americas,248282,137657,AscentPICK,bo1,0.78,142.0,11,17,11,0.65,86%,86.0,11%,3.0,2.0
tuyz,LOUD,https://www.vlr.gg/player/2408/tuyz,Americas,248282,137657,AscentPICK,bo1,0.54,106.0,6,16,11,0.38,64%,88.0,15%,0.0,0.0
Less,LOUD,https://www.vlr.gg/player/8447/less,Americas,248282,137657,AscentPICK,bo1,0.45,105.0,6,17,2,0.35,50%,78.0,10%,2.0,3.0
Leo,FNC,https://www.vlr.gg/player/1380/leo,EMEA,248282,137658,Haven,bo1,1.58,265.0,18,13,9,1.38,90%,180.0,27%,2.0,0.0
Derke,FNC,https://www.vlr.gg/player/5022/derke,EMEA,248282,137658,Haven,bo1,0.88,192.0,13,16,2,0.81,55%,132.0,36%,4.0,3.0
Boaster,FNC,https://www.vlr.gg/player/438/boaster,EMEA,248282,137658,Haven,bo1,0.58,152.0,8,19,9,0.42,65%,108.0,16%,1.0,2.0
Chronicle,FNC,https://www.vlr.gg/player/458/chronicle,EMEA,248282,137658,Haven,bo1,0.56,147.0,10,18,5,0.56,55%,100.0,24%,0.0,3.0
Alfajer,FNC,https://www.vlr.gg/player/9810/alfajer,EMEA,248282,137658,Haven,bo1,0.53,142.0,10,17,2,0.59,45%,94.0,21%,1.0,4.0
aspas,LOUD,https://www.vlr.gg/player/8480/aspas,Americas,248282,137658,Haven,bo1,1.76,327.0,26,10,3,2.6,80%,202.0,21%,6.0,1.0
cauanzin,LOUD,https://www.vlr.gg/player/6193/cauanzin,Americas,248282,137658,Haven,bo1,1.34,222.0,17,9,9,1.89,85%,142.0,31%,1.0,1.0
Less,LOUD,https://www.vlr.gg/player/8447/less,Americas,248282,137658,Haven,bo1,1.25,244.0,19,14,6,1.36,95%,178.0,24%,2.0,1.0
saadhak,LOUD,https://www.vlr.gg/player/727/saadhak,Americas,248282,137658,Haven,bo1,0.89,177.0,10,12,13,0.83,80%,124.0,21%,1.0,2.0
tuyz,LOUD,https://www.vlr.gg/player/2408/tuyz,Americas,248282,137658,Haven,bo1,0.71,136.0,11,14,6,0.79,80%,102.0,38%,2.0,3.0
Demon1,EG,https://www.vlr.gg/player/26171/demon1,Americas,248283,137659,AscentPICK,bo1,1.45,266.0,26,19,2,1.37,73%,177.0,44%,5.0,1.0
Ethan,EG,https://www.vlr.gg/player/11225/ethan,Americas,248283,137659,AscentPICK,bo1,1.07,195.0,16,17,21,0.94,85%,136.0,18%,0.0,2.0
C0M,EG,https://www.vlr.gg/player/619/c0m,Americas,248283,137659,AscentPICK,bo1,0.97,179.0,14,18,13,0.78,62%,122.0,15%,2.0,6.0
jawgemo,EG,https://www.vlr.gg/player/3993/jawgemo,Americas,248283,137659,AscentPICK,bo1,0.82,200.0,19,21,6,0.9,62%,137.0,35%,0.0,3.0
Boostio,EG,https://www.vlr.gg/player/604/boostio,Americas,248283,137659,AscentPICK,bo1,0.72,174.0,17,18,2,0.94,77%,107.0,18%,4.0,3.0
Less,LOUD,https://www.vlr.gg/player/8447/less,Americas,248283,137659,AscentPICK,bo1,1.3,277.0,26,19,6,1.37,77%,176.0,22%,2.0,1.0
aspas,LOUD,https://www.vlr.gg/player/8480/aspas,Americas,248283,137659,AscentPICK,bo1,1.07,208.0,18,18,6,1.0,85%,148.0,26%,6.0,5.0
saadhak,LOUD,https://www.vlr.gg/player/727/saadhak,Americas,248283,137659,AscentPICK,bo1,0.99,230.0,20,21,14,0.95,69%,131.0,22%,4.0,4.0
cauanzin,LOUD,https://www.vlr.gg/player/6193/cauanzin,Americas,248283,137659,AscentPICK,bo1,0.92,173.0,13,17,13,0.76,73%,118.0,24%,2.0,1.0
tuyz,LOUD,https://www.vlr.gg/player/2408/tuyz,Americas,248283,137659,AscentPICK,bo1,0.91,156.0,16,17,14,0.94,69%,93.0,24%,1.0,0.0
jawgemo,EG,https://www.vlr.gg/player/3993/jawgemo,Americas,248283,137660,LotusPICK,bo1,1.82,347.0,21,10,6,2.1,94%,204.0,10%,4.0,1.0
Demon1,EG,https://www.vlr.gg/player/26171/demon1,Americas,248283,137660,LotusPICK,bo1,1.75,297.0,20,10,9,2.0,82%,194.0,38%,1.0,0.0
Ethan,EG,https://www.vlr.gg/player/11225/ethan,Americas,248283,137660,LotusPICK,bo1,1.28,163.0,9,7,15,1.29,88%,111.0,38%,1.0,1.0
Boostio,EG,https://www.vlr.gg/player/604/boostio,Americas,248283,137660,LotusPICK,bo1,1.06,221.0,13,12,9,1.08,88%,149.0,29%,3.0,3.0
C0M,EG,https://www.vlr.gg/player/619/c0m,Americas,248283,137660,LotusPICK,bo1,0.94,146.0,10,9,4,1.11,94%,94.0,29%,1.0,2.0
Less,LOUD,https://www.vlr.gg/player/8447/less,Americas,248283,137660,LotusPICK,bo1,1.25,276.0,16,14,3,1.14,76%,181.0,20%,4.0,0.0
saadhak,LOUD,https://www.vlr.gg/player/727/saadhak,Americas,248283,137660,LotusPICK,bo1,0.63,160.0,8,15,6,0.53,59%,120.0,17%,0.0,1.0
tuyz,LOUD,https://www.vlr.gg/player/2408/tuyz,Americas,248283,137660,LotusPICK,bo1,0.59,145.0,9,15,3,0.6,65%,96.0,30%,1.0,1.0
aspas,LOUD,https://www.vlr.gg/player/8480/aspas,Americas,248283,137660,LotusPICK,bo1,0.54,133.0,8,14,3,0.57,59%,96.0,18%,2.0,4.0
cauanzin,LOUD,https://www.vlr.gg/player/6193/cauanzin,Americas,248283,137660,LotusPICK,bo1,0.3,110.0,6,15,2,0.4,41%,88.0,7%,0.0,4.0
Demon1,EG,https://www.vlr.gg/player/26171/demon1,Americas,248283,137661,PearlPICK,bo1,1.19,291.0,21,18,3,1.17,76%,211.0,48%,2.0,3.0
C0M,EG,https://www.vlr.gg/player/619/c0m,Americas,248283,137661,PearlPICK,bo1,1.02,148.0,12,13,2,0.92,62%,96.0,23%,1.0,1.0
jawgemo,EG,https://www.vlr.gg/player/3993/jawgemo,Americas,248283,137661,PearlPICK,bo1,0.86,162.0,13,15,1,0.87,62%,98.0,24%,1.0,2.0
Ethan,EG,https://www.vlr.gg/player/11225/ethan,Americas,248283,137661,PearlPICK,bo1,0.5,172.0,11,19,10,0.58,76%,111.0,23%,2.0,4.0
Boostio,EG,https://www.vlr.gg/player/604/boostio,Americas,248283,137661,PearlPICK,bo1,0.47,166.0,9,19,8,0.47,62%,127.0,26%,2.0,3.0
Less,LOUD,https://www.vlr.gg/player/8447/less,Americas,248283,137661,PearlPICK,bo1,1.62,326.0,25,13,7,1.92,95%,211.0,34%,4.0,0.0
aspas,LOUD,https://www.vlr.gg/player/8480/aspas,Americas,248283,137661,PearlPICK,bo1,1.32,294.0,22,16,2,1.38,67%,182.0,33%,4.0,2.0
saadhak,LOUD,https://www.vlr.gg/player/727/saadhak,Americas,248283,137661,PearlPICK,bo1,1.11,195.0,13,12,7,1.08,86%,136.0,15%,2.0,2.0
cauanzin,LOUD,https://www.vlr.gg/player/6193/cauanzin,Americas,248283,137661,PearlPICK,bo1,1.05,185.0,14,14,9,1.0,71%,129.0,40%,3.0,2.0
tuyz,LOUD,https://www.vlr.gg/player/2408/tuyz,Americas,248283,137661,PearlPICK,bo1,0.84,125.0,10,11,5,0.91,71%,85.0,21%,0.0,2.0
Boostio,EG,https://www.vlr.gg/player/604/boostio,Americas,248283,137662,SplitPICK,bo1,1.21,240.0,16,15,2,1.07,75%,151.0,21%,5.0,1.0
Ethan,EG,https://www.vlr.gg/player/11225/ethan,Americas,248283,137662,SplitPICK,bo1,1.03,211.0,14,16,11,0.88,75%,135.0,30%,1.0,1.0
C0M,EG,https://www.vlr.gg/player/619/c0m,Americas,248283,137662,SplitPICK,bo1,0.91,208.0,15,16,5,0.94,70%,131.0,24%,0.0,2.0
Demon1,EG,https://www.vlr.gg/player/26171/demon1,Americas,248283,137662,SplitPICK,bo1,0.71,184.0,14,18,7,0.78,70%,129.0,29%,0.0,4.0
jawgemo,EG,https://www.vlr.gg/player/3993/jawgemo,Americas,248283,137662,SplitPICK,bo1,0.45,151.0,10,17,1,0.59,35%,94.0,9%,1.0,5.0
aspas,LOUD,https://www.vlr.gg/player/8480/aspas,Americas,248283,137662,SplitPICK,bo1,1.67,378.0,30,16,1,1.88,85%,241.0,26%,4.0,1.0
cauanzin,LOUD,https://www.vlr.gg/player/6193/cauanzin,Americas,248283,137662,SplitPICK,bo1,1.62,332.0,22,14,11,1.57,90%,204.0,22%,5.0,0.0
tuyz,LOUD,https://www.vlr.gg/player/2408/tuyz,Americas,248283,137662,SplitPICK,bo1,1.17,180.0,13,12,11,1.08,75%,127.0,29%,1.0,0.0
saadhak,LOUD,https://www.vlr.gg/player/727/saadhak,Americas,248283,137662,SplitPICK,bo1,1.03,156.0,10,11,11,0.91,80%,93.0,24%,2.0,0.0
Less,LOUD,https://www.vlr.gg/player/8447/less,Americas,248283,137662,SplitPICK,bo1,0.35,108.0,7,16,2,0.44,55%,81.0,10%,1.0,6.0
Ethan,EG,https://www.vlr.gg/player/11225/ethan,Americas,248283,137663,Bind,bo1,1.25,220.0,18,13,8,1.38,81%,139.0,22%,1.0,0.0
Demon1,EG,https://www.vlr.gg/player/26171/demon1,Americas,248283,137663,Bind,bo1,1.03,249.0,20,16,2,1.25,86%,164.0,48%,5.0,1.0
Boostio,EG,https://www.vlr.gg/player/604/boostio,Americas,248283,137663,Bind,bo1,0.99,169.0,14,13,5,1.08,71%,110.0,21%,2.0,2.0
jawgemo,EG,https://www.vlr.gg/player/3993/jawgemo,Americas,248283,137663,Bind,bo1,0.9,244.0,19,17,4,1.12,86%,141.0,12%,4.0,1.0
C0M,EG,https://www.vlr.gg/player/619/c0m,Americas,248283,137663,Bind,bo1,0.71,149.0,10,16,12,0.62,71%,102.0,17%,2.0,3.0
saadhak,LOUD,https://www.vlr.gg/player/727/saadhak,Americas,248283,137663,Bind,bo1,1.19,251.0,16,15,15,1.07,81%,153.0,22%,2.0,4.0
Less,LOUD,https://www.vlr.gg/player/8447/less,Americas,248283,137663,Bind,bo1,1.15,204.0,17,15,4,1.13,81%,131.0,15%,2.0,2.0
aspas,LOUD,https://www.vlr.gg/player/8480/aspas,Americas,248283,137663,Bind,bo1,1.11,247.0,17,17,2,1.0,76%,149.0,20%,2.0,4.0
tuyz,LOUD,https://www.vlr.gg/player/2408/tuyz,Americas,248283,137663,Bind,bo1,0.88,163.0,10,14,16,0.71,71%,104.0,23%,0.0,2.0
cauanzin,LOUD,https://www.vlr.gg/player/6193/cauanzin,Americas,248283,137663,Bind,bo1,0.87,205.0,15,20,11,0.75,86%,126.0,19%,1.0,2.0
d4v41,PRX,https://www.vlr.gg/player/9803/d4v41,Pacific,248277,137639,SplitPICK,bo1,1.11,197.0,15,15,7,1.0,78%,133.0,22%,0.0,2.0
f0rsakeN,PRX,https://www.vlr.gg/player/9801/f0rsaken,Pacific,248277,137639,SplitPICK,bo1,1.02,223.0,17,18,10,0.94,78%,161.0,24%,4.0,4.0
something,PRX,https://www.vlr.gg/player/17086/something,Pacific,248277,137639,SplitPICK,bo1,0.98,197.0,16,18,4,0.89,74%,131.0,29%,4.0,4.0
mindfreak,PRX,https://www.vlr.gg/player/9800/mindfreak,Pacific,248277,137639,SplitPICK,bo1,0.93,171.0,16,17,5,0.94,70%,109.0,36%,0.0,1.0
Jinggg,PRX,https://www.vlr.gg/player/7378/jinggg,Pacific,248277,137639,SplitPICK,bo1,0.74,208.0,13,20,6,0.65,57%,138.0,22%,2.0,2.0
Demon1,EG,https://www.vlr.gg/player/26171/demon1,Americas,248277,137639,SplitPICK,bo1,1.61,303.0,27,14,1,1.93,70%,211.0,41%,6.0,1.0
jawgemo,EG,https://www.vlr.gg/player/3993/jawgemo,Americas,248277,137639,SplitPICK,bo1,1.4,287.0,25,15,5,1.67,83%,186.0,15%,4.0,2.0
Boostio,EG,https://www.vlr.gg/player/604/boostio,Americas,248277,137639,SplitPICK,bo1,1.01,212.0,16,17,10,0.94,83%,145.0,29%,2.0,2.0
Ethan,EG,https://www.vlr.gg/player/11225/ethan,Americas,248277,137639,SplitPICK,bo1,0.84,154.0,12,16,16,0.75,83%,100.0,22%,1.0,2.0
C0M,EG,https://www.vlr.gg/player/619/c0m,Americas,248277,137639,SplitPICK,bo1,0.52,111.0,8,15,5,0.53,65%,85.0,5%,0.0,3.0
something,PRX,https://www.vlr.gg/player/17086/something,Pacific,248277,137640,AscentPICK,bo1,1.51,275.0,25,15,2,1.67,79%,180.0,37%,4.0,0.0
d4v41,PRX,https://www.vlr.gg/player/9803/d4v41,Pacific,248277,137640,AscentPICK,bo1,1.49,254.0,24,14,13,1.71,79%,172.0,31%,0.0,0.0
Jinggg,PRX,https://www.vlr.gg/player/7378/jinggg,Pacific,248277,137640,AscentPICK,bo1,0.94,272.0,20,22,3,0.91,75%,180.0,21%,10.0,2.0
f0rsakeN,PRX,https://www.vlr.gg/player/9801/f0rsaken,Pacific,248277,137640,AscentPICK,bo1,0.85,142.0,12,16,8,0.75,58%,91.0,23%,1.0,2.0
mindfreak,PRX,https://www.vlr.gg/player/9800/mindfreak,Pacific,248277,137640,AscentPICK,bo1,0.42,84.0,6,18,8,0.33,58%,66.0,24%,0.0,5.0
Ethan,EG,https://www.vlr.gg/player/11225/ethan,Americas,248277,137640,AscentPICK,bo1,1.12,192.0,18,16,15,1.12,71%,122.0,24%,0.0,4.0
C0M,EG,https://www.vlr.gg/player/619/c0m,Americas,248277,137640,AscentPICK,bo1,1.1,249.0,21,19,5,1.11,75%,156.0,16%,3.0,0.0
Boostio,EG,https://www.vlr.gg/player/604/boostio,Americas,248277,137640,AscentPICK,bo1,1.09,246.0,19,19,8,1.0,71%,167.0,17%,2.0,5.0
Demon1,EG,https://www.vlr.gg/player/26171/demon1,Americas,248277,137640,AscentPICK,bo1,0.96,189.0,16,16,4,1.0,67%,136.0,32%,3.0,3.0
jawgemo,EG,https://www.vlr.gg/player/3993/jawgemo,Americas,248277,137640,AscentPICK,bo1,0.75,140.0,11,17,11,0.65,67%,97.0,20%,1.0,3.0
something,PRX,https://www.vlr.gg/player/17086/something,Pacific,248277,137641,BindPICK,bo1,1.0,178.0,11,15,8,0.73,61%,119.0,11%,2.0,0.0
mindfreak,PRX,https://www.vlr.gg/player/9800/mindfreak,Pacific,248277,137641,BindPICK,bo1,0.88,172.0,10,14,9,0.71,61%,99.0,39%,0.0,0.0
Jinggg,PRX,https://www.vlr.gg/player/7378/jinggg,Pacific,248277,137641,BindPICK,bo1,0.73,188.0,11,17,6,0.65,56%,118.0,18%,4.0,4.0
f0rsakeN,PRX,https://www.vlr.gg/player/9801/f0rsaken,Pacific,248277,137641,BindPICK,bo1,0.67,160.0,9,15,6,0.6,56%,97.0,22%,3.0,3.0
d4v41,PRX,https://www.vlr.gg/player/9803/d4v41,Pacific,248277,137641,BindPICK,bo1,0.66,138.0,8,14,9,0.57,67%,106.0,29%,0.0,2.0
jawgemo,EG,https://www.vlr.gg/player/3993/jawgemo,Americas,248277,137641,BindPICK,bo1,1.65,360.0,23,12,4,1.92,78%,219.0,13%,5.0,3.0
C0M,EG,https://www.vlr.gg/player/619/c0m,Americas,248277,137641,BindPICK,bo1,1.54,246.0,18,7,4,2.57,78%,145.0,26%,1.0,1.0
Demon1,EG,https://www.vlr.gg/player/26171/demon1,Americas,248277,137641,BindPICK,bo1,1.38,183.0,13,5,2,2.6,83%,138.0,48%,3.0,1.0
Ethan,EG,https://www.vlr.gg/player/11225/ethan,Americas,248277,137641,BindPICK,bo1,0.87,145.0,10,10,5,1.0,72%,105.0,19%,0.0,2.0
Boostio,EG,https://www.vlr.gg/player/604/boostio,Americas,248277,137641,BindPICK,bo1,0.8,179.0,11,15,9,0.73,89%,128.0,22%,0.0,2.0
Jinggg,PRX,https://www.vlr.gg/player/7378/jinggg,Pacific,248277,137642,LotusPICK,bo1,1.2,268.0,19,18,5,1.06,70%,187.0,18%,3.0,3.0
d4v41,PRX,https://www.vlr.gg/player/9803/d4v41,Pacific,248277,137642,LotusPICK,bo1,0.92,156.0,14,15,4,0.93,70%,99.0,31%,0.0,0.0
f0rsakeN,PRX,https://www.vlr.gg/player/9801/f0rsaken,Pacific,248277,137642,LotusPICK,bo1,0.9,197.0,16,18,7,0.89,57%,143.0,36%,5.0,6.0
mindfreak,PRX,https://www.vlr.gg/player/9800/mindfreak,Pacific,248277,137642,LotusPICK,bo1,0.82,182.0,14,18,7,0.78,61%,124.0,29%,0.0,0.0
something,PRX,https://www.vlr.gg/player/17086/something,Pacific,248277,137642,LotusPICK,bo1,0.72,177.0,14,18,4,0.78,65%,114.0,26%,3.0,3.0
Demon1,EG,https://www.vlr.gg/player/26171/demon1,Americas,248277,137642,LotusPICK,bo1,1.48,244.0,23,13,10,1.77,83%,162.0,46%,0.0,1.0
jawgemo,EG,https://www.vlr.gg/player/3993/jawgemo,Americas,248277,137642,LotusPICK,bo1,1.32,338.0,26,18,5,1.44,78%,225.0,18%,7.0,3.0
Boostio,EG,https://www.vlr.gg/player/604/boostio,Americas,248277,137642,LotusPICK,bo1,1.1,198.0,16,16,1,1.0,65%,131.0,36%,2.0,2.0
Ethan,EG,https://www.vlr.gg/player/11225/ethan,Americas,248277,137642,LotusPICK,bo1,0.86,180.0,13,17,15,0.76,74%,108.0,29%,2.0,3.0
C0M,EG,https://www.vlr.gg/player/619/c0m,Americas,248277,137642,LotusPICK,bo1,0.8,118.0,9,13,8,0.69,74%,82.0,30%,1.0,2.0
