Player,Org,ProfileURL,Region,MatchID,MapNum,MapName,SeriesFormat,R2.0,ACS,K,D,A,KAST,ADR,HS%,FK,FD,K:D
Cryocells,100T,https://www.vlr.gg/player/4147/cryocells,Americas,488003,216920,HavenPICK,bo3,1.94,348,20,8,8,93%,228,41%,4,1,2.5
eeiu,100T,https://www.vlr.gg/player/796/eeiu,Americas,488003,216920,HavenPICK,bo3,1.89,326,17,7,5,87%,238,28%,2,0,2.43
Asuna,100T,https://www.vlr.gg/player/601/asuna,Americas,488003,216920,HavenPICK,bo3,0.99,210,12,11,6,80%,130,29%,1,1,1.09
zander,100T,https://www.vlr.gg/player/8082/zander,Americas,488003,216920,HavenPICK,bo3,0.96,158,9,8,7,80%,94,32%,0,2,1.12
Boostio,100T,https://www.vlr.gg/player/604/boostio,Americas,488003,216920,HavenPICK,bo3,0.58,135,7,10,2,67%,100,24%,3,1,0.7
heat,FUR,https://www.vlr.gg/player/8673/heat,Americas,488003,216920,HavenPICK,bo3,1.36,237,13,11,3,67%,158,50%,2,1,1.18
tuyz,FUR,https://www.vlr.gg/player/2408/tuyz,Americas,488003,216920,HavenPICK,bo3,0.96,181,10,12,3,67%,115,38%,0,1,0.83
Loss,FUR,https://www.vlr.gg/player/37105/loss,Americas,488003,216920,HavenPICK,bo3,0.80,236,12,14,1,60%,149,52%,3,5,0.86
woddy,FUR,https://www.vlr.gg/player/3450/woddy,Americas,488003,216920,HavenPICK,bo3,0.37,123,6,14,3,53%,84,28%,0,0,0.43
Urango,FUR,https://www.vlr.gg/player/6238/urango,Americas,488003,216920,HavenPICK,bo3,0.21,102,3,14,4,40%,76,20%,0,3,0.21
zander,100T,https://www.vlr.gg/player/8082/zander,Americas,488003,216921,IceboxPICK,bo3,1.38,269,18,11,5,75%,170,47%,5,1,1.64
Asuna,100T,https://www.vlr.gg/player/601/asuna,Americas,488003,216921,IceboxPICK,bo3,1.23,198,15,9,5,85%,136,26%,0,2,1.67
Boostio,100T,https://www.vlr.gg/player/604/boostio,Americas,488003,216921,IceboxPICK,bo3,1.13,179,13,9,3,75%,112,22%,3,3,1.44
eeiu,100T,https://www.vlr.gg/player/796/eeiu,Americas,488003,216921,IceboxPICK,bo3,1.07,175,13,9,2,80%,109,43%,1,0,1.44
Cryocells,100T,https://www.vlr.gg/player/4147/cryocells,Americas,488003,216921,IceboxPICK,bo3,0.75,174,12,13,2,70%,123,19%,1,4,0.92
heat,FUR,https://www.vlr.gg/player/8673/heat,Americas,488003,216921,IceboxPICK,bo3,1.69,277,19,11,1,70%,174,51%,2,1,1.73
woddy,FUR,https://www.vlr.gg/player/3450/woddy,Americas,488003,216921,IceboxPICK,bo3,0.73,111,6,12,3,65%,94,21%,0,0,0.5
Loss,FUR,https://www.vlr.gg/player/37105/loss,Americas,488003,216921,IceboxPICK,bo3,0.70,189,13,17,1,55%,126,38%,7,8,0.76
tuyz,FUR,https://www.vlr.gg/player/2408/tuyz,Americas,488003,216921,IceboxPICK,bo3,0.54,88,6,14,2,45%,63,29%,1,0,0.43
Urango,FUR,https://www.vlr.gg/player/6238/urango,Americas,488003,216921,IceboxPICK,bo3,0.36,96,7,17,1,55%,70,24%,0,1,0.41
kiNgg,LEV,https://www.vlr.gg/player/8549/kingg,Americas,488004,216923,PearlPICK,bo3,1.18,246,26,21,10,79%,168,31%,3,1,1.24
Sato,LEV,https://www.vlr.gg/player/21659/sato,Americas,488004,216923,PearlPICK,bo3,1.10,256,26,24,6,82%,147,28%,7,3,1.08
Okeanos,LEV,https://www.vlr.gg/player/8373/okeanos,Americas,488004,216923,PearlPICK,bo3,0.96,232,22,22,5,75%,163,38%,3,4,1.0
C0M,LEV,https://www.vlr.gg/player/619/c0m,Americas,488004,216923,PearlPICK,bo3,0.68,137,13,20,10,64%,95,30%,1,2,0.65
tex,LEV,https://www.vlr.gg/player/1818/tex,Americas,488004,216923,PearlPICK,bo3,0.61,128,11,20,5,54%,97,35%,0,4,0.55
skuba,NRG,https://www.vlr.gg/player/11118/skuba,Americas,488004,216923,PearlPICK,bo3,1.47,285,31,15,8,75%,171,36%,1,2,2.07
mada,NRG,https://www.vlr.gg/player/5132/mada,Americas,488004,216923,PearlPICK,bo3,1.17,265,26,22,5,82%,159,35%,10,5,1.18
s0m,NRG,https://www.vlr.gg/player/4164/s0m,Americas,488004,216923,PearlPICK,bo3,0.98,195,18,20,8,68%,133,25%,3,4,0.9
brawk,NRG,https://www.vlr.gg/player/2172/brawk,Americas,488004,216923,PearlPICK,bo3,0.90,159,16,20,14,79%,105,14%,0,1,0.8
Ethan,NRG,https://www.vlr.gg/player/11225/ethan,Americas,488004,216923,PearlPICK,bo3,0.89,176,16,21,23,75%,105,22%,0,2,0.76
kiNgg,LEV,https://www.vlr.gg/player/8549/kingg,Americas,488004,216924,IceboxPICK,bo3,1.20,253,18,15,4,71%,167,31%,3,2,1.2
Okeanos,LEV,https://www.vlr.gg/player/8373/okeanos,Americas,488004,216924,IceboxPICK,bo3,0.97,182,15,17,7,81%,117,35%,1,1,0.88
Sato,LEV,https://www.vlr.gg/player/21659/sato,Americas,488004,216924,IceboxPICK,bo3,0.81,161,14,16,2,52%,108,28%,3,3,0.88
tex,LEV,https://www.vlr.gg/player/1818/tex,Americas,488004,216924,IceboxPICK,bo3,0.81,180,12,17,5,67%,126,33%,2,3,0.71
C0M,LEV,https://www.vlr.gg/player/619/c0m,Americas,488004,216924,IceboxPICK,bo3,0.75,180,12,17,7,81%,126,25%,2,1,0.71
s0m,NRG,https://www.vlr.gg/player/4164/s0m,Americas,488004,216924,IceboxPICK,bo3,1.60,306,24,13,3,86%,208,24%,1,2,1.85
brawk,NRG,https://www.vlr.gg/player/2172/brawk,Americas,488004,216924,IceboxPICK,bo3,1.22,206,17,12,2,76%,148,21%,0,1,1.42
skuba,NRG,https://www.vlr.gg/player/11118/skuba,Americas,488004,216924,IceboxPICK,bo3,0.90,184,12,15,9,90%,114,28%,3,1,0.8
mada,NRG,https://www.vlr.gg/player/5132/mada,Americas,488004,216924,IceboxPICK,bo3,0.83,215,15,16,4,67%,143,25%,6,6,0.94
Ethan,NRG,https://www.vlr.gg/player/11225/ethan,Americas,488004,216924,IceboxPICK,bo3,0.74,156,14,15,3,67%,81,32%,0,1,0.93
mitch,C9,https://www.vlr.gg/player/612/mitch,Americas,488005,216926,LotusPICK,bo3,1.55,225,14,8,16,94%,137,24%,0,0,1.75
OXY,C9,https://www.vlr.gg/player/18796/oxy,Americas,488005,216926,LotusPICK,bo3,1.39,298,20,12,4,83%,189,42%,4,4,1.67
Xeppaa,C9,https://www.vlr.gg/player/7871/xeppaa,Americas,488005,216926,LotusPICK,bo3,1.28,206,13,10,10,83%,144,23%,1,1,1.3
neT,C9,https://www.vlr.gg/player/6582/net,Americas,488005,216926,LotusPICK,bo3,1.14,244,14,11,9,78%,150,41%,5,1,1.27
v1c,C9,https://www.vlr.gg/player/17433/v1c,Americas,488005,216926,LotusPICK,bo3,0.97,144,11,10,8,78%,83,21%,1,1,1.1
gobera,2G,https://www.vlr.gg/player/14950/gobera,Americas,488005,216926,LotusPICK,bo3,1.01,252,15,16,4,83%,166,18%,5,3,0.94
lz,2G,https://www.vlr.gg/player/6195/lz,Americas,488005,216926,LotusPICK,bo3,1.00,213,14,13,4,67%,125,34%,1,3,1.08
jayp,2G,https://www.vlr.gg/player/5300/jayp,Americas,488005,216926,LotusPICK,bo3,0.88,154,11,12,1,61%,116,21%,0,3,0.92
pryze,2G,https://www.vlr.gg/player/662/pryze,Americas,488005,216926,LotusPICK,bo3,0.50,102,6,15,7,56%,63,19%,1,0,0.4
silentzz,2G,https://www.vlr.gg/player/11921/silentzz,Americas,488005,216926,LotusPICK,bo3,0.38,104,5,16,4,50%,75,27%,0,2,0.31
OXY,C9,https://www.vlr.gg/player/18796/oxy,Americas,488005,216927,HavenPICK,bo3,1.33,309,27,19,4,73%,195,28%,11,4,1.42
Xeppaa,C9,https://www.vlr.gg/player/7871/xeppaa,Americas,488005,216927,HavenPICK,bo3,1.24,188,20,14,5,69%,129,33%,0,0,1.43
v1c,C9,https://www.vlr.gg/player/17433/v1c,Americas,488005,216927,HavenPICK,bo3,1.03,178,14,16,16,77%,118,29%,2,3,0.88
neT,C9,https://www.vlr.gg/player/6582/net,Americas,488005,216927,HavenPICK,bo3,1.03,183,18,16,2,69%,117,44%,3,1,1.12
mitch,C9,https://www.vlr.gg/player/612/mitch,Americas,488005,216927,HavenPICK,bo3,0.83,141,11,18,15,85%,98,16%,1,1,0.61
silentzz,2G,https://www.vlr.gg/player/11921/silentzz,Americas,488005,216927,HavenPICK,bo3,1.43,322,29,19,2,77%,207,40%,3,1,1.53
pryze,2G,https://www.vlr.gg/player/662/pryze,Americas,488005,216927,HavenPICK,bo3,0.91,158,17,17,3,65%,111,37%,0,2,1.0
gobera,2G,https://www.vlr.gg/player/14950/gobera,Americas,488005,216927,HavenPICK,bo3,0.85,193,17,19,4,62%,137,25%,2,7,0.89
lz,2G,https://www.vlr.gg/player/6195/lz,Americas,488005,216927,HavenPICK,bo3,0.69,144,13,18,9,73%,96,46%,4,4,0.72
jayp,2G,https://www.vlr.gg/player/5300/jayp,Americas,488005,216927,HavenPICK,bo3,0.63,91,7,17,6,65%,66,45%,0,3,0.41
Cryocells,100T,https://www.vlr.gg/player/4147/cryocells,Americas,488007,216932,HavenPICK,bo3,1.13,242,17,17,5,65%,153,26%,2,0,1.0
Asuna,100T,https://www.vlr.gg/player/601/asuna,Americas,488007,216932,HavenPICK,bo3,1.12,227,15,16,7,70%,172,28%,3,2,0.94
eeiu,100T,https://www.vlr.gg/player/796/eeiu,Americas,488007,216932,HavenPICK,bo3,0.88,169,12,15,2,65%,125,36%,1,1,0.8
zander,100T,https://www.vlr.gg/player/8082/zander,Americas,488007,216932,HavenPICK,bo3,0.85,187,12,17,12,70%,116,27%,2,2,0.71
Boostio,100T,https://www.vlr.gg/player/604/boostio,Americas,488007,216932,HavenPICK,bo3,0.36,128,9,19,6,55%,76,16%,2,5,0.47
brawk,NRG,https://www.vlr.gg/player/2172/brawk,Americas,488007,216932,HavenPICK,bo3,1.73,325,25,12,4,80%,223,36%,2,0,2.08
skuba,NRG,https://www.vlr.gg/player/11118/skuba,Americas,488007,216932,HavenPICK,bo3,1.63,223,18,8,8,80%,137,21%,2,1,2.25
Ethan,NRG,https://www.vlr.gg/player/11225/ethan,Americas,488007,216932,HavenPICK,bo3,1.12,207,15,13,8,80%,158,22%,1,0,1.15
s0m,NRG,https://www.vlr.gg/player/4164/s0m,Americas,488007,216932,HavenPICK,bo3,1.05,219,14,16,15,100%,142,23%,3,1,0.88
mada,NRG,https://www.vlr.gg/player/5132/mada,Americas,488007,216932,HavenPICK,bo3,0.51,161,12,16,6,65%,124,31%,2,8,0.75
Cryocells,100T,https://www.vlr.gg/player/4147/cryocells,Americas,488007,216933,AscentPICK,bo3,1.62,298,25,12,2,82%,177,31%,7,5,2.08
eeiu,100T,https://www.vlr.gg/player/796/eeiu,Americas,488007,216933,AscentPICK,bo3,1.57,275,24,12,4,73%,183,43%,1,2,2.0
zander,100T,https://www.vlr.gg/player/8082/zander,Americas,488007,216933,AscentPICK,bo3,0.97,125,10,12,12,77%,77,32%,0,2,0.83
Boostio,100T,https://www.vlr.gg/player/604/boostio,Americas,488007,216933,AscentPICK,bo3,0.94,221,17,17,5,68%,137,29%,2,3,1.0
Asuna,100T,https://www.vlr.gg/player/601/asuna,Americas,488007,216933,AscentPICK,bo3,0.87,133,8,14,15,95%,88,12%,0,0,0.57
s0m,NRG,https://www.vlr.gg/player/4164/s0m,Americas,488007,216933,AscentPICK,bo3,1.05,211,17,16,2,64%,141,15%,2,1,1.06
brawk,NRG,https://www.vlr.gg/player/2172/brawk,Americas,488007,216933,AscentPICK,bo3,0.92,219,16,18,9,77%,144,27%,4,1,0.89
Ethan,NRG,https://www.vlr.gg/player/11225/ethan,Americas,488007,216933,AscentPICK,bo3,0.87,178,11,17,22,77%,107,15%,1,2,0.65
skuba,NRG,https://www.vlr.gg/player/11118/skuba,Americas,488007,216933,AscentPICK,bo3,0.81,163,12,17,12,68%,105,36%,2,2,0.71
mada,NRG,https://www.vlr.gg/player/5132/mada,Americas,488007,216933,AscentPICK,bo3,0.64,140,11,16,3,55%,93,25%,3,4,0.69
Cryocells,100T,https://www.vlr.gg/player/4147/cryocells,Americas,488007,216934,Fracture,bo3,1.58,302,25,12,3,68%,181,23%,4,4,2.08
eeiu,100T,https://www.vlr.gg/player/796/eeiu,Americas,488007,216934,Fracture,bo3,1.07,216,18,15,3,68%,144,20%,1,1,1.2
Boostio,100T,https://www.vlr.gg/player/604/boostio,Americas,488007,216934,Fracture,bo3,1.07,193,15,13,13,77%,134,44%,1,1,1.15
zander,100T,https://www.vlr.gg/player/8082/zander,Americas,488007,216934,Fracture,bo3,0.90,179,11,17,19,82%,126,20%,0,3,0.65
Asuna,100T,https://www.vlr.gg/player/601/asuna,Americas,488007,216934,Fracture,bo3,0.60,168,13,19,8,68%,99,15%,2,5,0.68
mada,NRG,https://www.vlr.gg/player/5132/mada,Americas,488007,216934,Fracture,bo3,1.31,306,22,17,5,73%,189,18%,7,3,1.29
s0m,NRG,https://www.vlr.gg/player/4164/s0m,Americas,488007,216934,Fracture,bo3,1.17,223,18,15,11,77%,134,24%,2,1,1.2
skuba,NRG,https://www.vlr.gg/player/11118/skuba,Americas,488007,216934,Fracture,bo3,1.01,160,13,15,14,91%,98,36%,2,1,0.87
brawk,NRG,https://www.vlr.gg/player/2172/brawk,Americas,488007,216934,Fracture,bo3,0.78,154,11,16,7,77%,115,16%,0,2,0.69
Ethan,NRG,https://www.vlr.gg/player/11225/ethan,Americas,488007,216934,Fracture,bo3,0.76,187,12,19,13,86%,112,20%,3,1,0.63
traded,KRÜ,https://www.vlr.gg/player/48017/traded,Americas,488008,216935,PearlPICK,bo3,1.38,247,21,12,4,73%,158,55%,1,3,1.75
nerve,KRÜ,https://www.vlr.gg/player/754/nerve,Americas,488008,216935,PearlPICK,bo3,1.21,226,18,15,11,73%,145,34%,0,4,1.2
Mazino,KRÜ,https://www.vlr.gg/player/7603/mazino,Americas,488008,216935,PearlPICK,bo3,1.19,237,19,16,5,82%,153,27%,2,3,1.19
Melser,KRÜ,https://www.vlr.gg/player/1311/melser,Americas,488008,216935,PearlPICK,bo3,1.05,152,13,14,4,59%,113,23%,2,3,0.93
adverso,KRÜ,https://www.vlr.gg/player/3826/adverso,Americas,488008,216935,PearlPICK,bo3,1.03,197,15,15,7,73%,124,17%,2,2,1.0
v1c,C9,https://www.vlr.gg/player/17433/v1c,Americas,488008,216935,PearlPICK,bo3,1.27,209,14,12,11,86%,144,30%,5,0,1.17
OXY,C9,https://www.vlr.gg/player/18796/oxy,Americas,488008,216935,PearlPICK,bo3,0.94,237,19,18,2,77%,136,23%,5,2,1.06
neT,C9,https://www.vlr.gg/player/6582/net,Americas,488008,216935,PearlPICK,bo3,0.77,188,15,18,5,55%,123,34%,2,1,0.83
Xeppaa,C9,https://www.vlr.gg/player/7871/xeppaa,Americas,488008,216935,PearlPICK,bo3,0.72,195,15,19,5,59%,144,29%,3,1,0.79
mitch,C9,https://www.vlr.gg/player/612/mitch,Americas,488008,216935,PearlPICK,bo3,0.47,148,9,19,5,50%,117,23%,0,3,0.47
nerve,KRÜ,https://www.vlr.gg/player/754/nerve,Americas,488008,216936,SplitPICK,bo3,1.13,176,13,14,6,65%,131,47%,0,3,0.93
Mazino,KRÜ,https://www.vlr.gg/player/7603/mazino,Americas,488008,216936,SplitPICK,bo3,1.03,189,13,16,9,65%,129,35%,1,0,0.81
traded,KRÜ,https://www.vlr.gg/player/48017/traded,Americas,488008,216936,SplitPICK,bo3,1.01,222,15,15,3,60%,141,38%,3,6,1.0
adverso,KRÜ,https://www.vlr.gg/player/3826/adverso,Americas,488008,216936,SplitPICK,bo3,0.65,170,12,16,5,65%,102,9%,1,3,0.75
Melser,KRÜ,https://www.vlr.gg/player/1311/melser,Americas,488008,216936,SplitPICK,bo3,0.42,91,6,17,1,45%,63,28%,1,2,0.35
OXY,C9,https://www.vlr.gg/player/18796/oxy,Americas,488008,216936,SplitPICK,bo3,2.04,425,33,10,1,90%,249,27%,7,1,3.3
Xeppaa,C9,https://www.vlr.gg/player/7871/xeppaa,Americas,488008,216936,SplitPICK,bo3,1.24,199,13,10,9,80%,153,26%,1,0,1.3
mitch,C9,https://www.vlr.gg/player/612/mitch,Americas,488008,216936,SplitPICK,bo3,1.22,214,17,11,11,85%,119,14%,1,1,1.55
v1c,C9,https://www.vlr.gg/player/17433/v1c,Americas,488008,216936,SplitPICK,bo3,0.70,157,9,15,8,70%,99,29%,5,2,0.6
neT,C9,https://www.vlr.gg/player/6582/net,Americas,488008,216936,SplitPICK,bo3,0.62,104,6,13,8,70%,69,17%,0,2,0.46
traded,KRÜ,https://www.vlr.gg/player/48017/traded,Americas,488008,216937,Lotus,bo3,1.01,185,13,13,1,67%,113,33%,2,1,1.0
nerve,KRÜ,https://www.vlr.gg/player/754/nerve,Americas,488008,216937,Lotus,bo3,0.69,132,8,14,4,56%,83,23%,0,3,0.57
Mazino,KRÜ,https://www.vlr.gg/player/7603/mazino,Americas,488008,216937,Lotus,bo3,0.61,160,9,15,2,61%,105,18%,1,1,0.6
adverso,KRÜ,https://www.vlr.gg/player/3826/adverso,Americas,488008,216937,Lotus,bo3,0.55,138,7,15,3,56%,86,9%,2,5,0.47
Melser,KRÜ,https://www.vlr.gg/player/1311/melser,Americas,488008,216937,Lotus,bo3,0.40,99,6,15,2,44%,72,35%,0,3,0.4
OXY,C9,https://www.vlr.gg/player/18796/oxy,Americas,488008,216937,Lotus,bo3,2.01,424,26,11,6,89%,278,43%,8,1,2.36
v1c,C9,https://www.vlr.gg/player/17433/v1c,Americas,488008,216937,Lotus,bo3,1.60,257,18,7,6,78%,191,36%,2,1,2.57
neT,C9,https://www.vlr.gg/player/6582/net,Americas,488008,216937,Lotus,bo3,1.19,154,11,8,4,89%,123,68%,1,0,1.38
Xeppaa,C9,https://www.vlr.gg/player/7871/xeppaa,Americas,488008,216937,Lotus,bo3,1.11,154,11,9,8,72%,121,24%,1,0,1.22
mitch,C9,https://www.vlr.gg/player/612/mitch,Americas,488008,216937,Lotus,bo3,0.97,122,6,8,16,78%,87,10%,1,3,0.75
woddy,FUR,https://www.vlr.gg/player/3450/woddy,Americas,488010,216941,IceboxPICK,bo3,1.41,251,18,13,2,70%,172,56%,0,2,1.38
Urango,FUR,https://www.vlr.gg/player/6238/urango,Americas,488010,216941,IceboxPICK,bo3,1.01,201,14,15,0,50%,125,27%,4,3,0.93
heat,FUR,https://www.vlr.gg/player/8673/heat,Americas,488010,216941,IceboxPICK,bo3,0.84,179,12,15,3,60%,127,59%,1,3,0.8
tuyz,FUR,https://www.vlr.gg/player/2408/tuyz,Americas,488010,216941,IceboxPICK,bo3,0.60,128,8,14,6,65%,83,32%,1,0,0.57
Palla,FUR,https://www.vlr.gg/player/15681/palla,Americas,488010,216941,IceboxPICK,bo3,0.53,125,8,15,2,60%,93,38%,3,3,0.53
C0M,LEV,https://www.vlr.gg/player/619/c0m,Americas,488010,216941,IceboxPICK,bo3,1.44,250,17,10,9,80%,174,33%,2,1,1.7
kiNgg,LEV,https://www.vlr.gg/player/8549/kingg,Americas,488010,216941,IceboxPICK,bo3,1.34,263,19,11,7,80%,159,42%,3,2,1.73
Sato,LEV,https://www.vlr.gg/player/21659/sato,Americas,488010,216941,IceboxPICK,bo3,1.01,196,15,12,2,70%,124,37%,3,3,1.25
tex,LEV,https://www.vlr.gg/player/1818/tex,Americas,488010,216941,IceboxPICK,bo3,0.73,153,11,14,1,60%,103,30%,3,1,0.79
Okeanos,LEV,https://www.vlr.gg/player/8373/okeanos,Americas,488010,216941,IceboxPICK,bo3,0.66,135,10,13,3,55%,89,47%,0,2,0.77
heat,FUR,https://www.vlr.gg/player/8673/heat,Americas,488010,216942,LotusPICK,bo3,1.16,198,17,15,4,71%,132,40%,1,1,1.13
tuyz,FUR,https://www.vlr.gg/player/2408/tuyz,Americas,488010,216942,LotusPICK,bo3,0.88,129,11,15,6,63%,83,45%,2,4,0.73
Palla,FUR,https://www.vlr.gg/player/15681/palla,Americas,488010,216942,LotusPICK,bo3,0.75,206,17,18,2,54%,135,28%,3,8,0.94
woddy,FUR,https://www.vlr.gg/player/3450/woddy,Americas,488010,216942,LotusPICK,bo3,0.72,122,9,16,5,63%,95,43%,1,1,0.56
Urango,FUR,https://www.vlr.gg/player/6238/urango,Americas,488010,216942,LotusPICK,bo3,0.61,129,9,18,8,46%,99,33%,0,3,0.5
Sato,LEV,https://www.vlr.gg/player/21659/sato,Americas,488010,216942,LotusPICK,bo3,1.56,339,28,14,4,79%,209,38%,8,2,2.0
kiNgg,LEV,https://www.vlr.gg/player/8549/kingg,Americas,488010,216942,LotusPICK,bo3,1.24,198,16,11,14,83%,133,33%,5,1,1.45
Okeanos,LEV,https://www.vlr.gg/player/8373/okeanos,Americas,488010,216942,LotusPICK,bo3,1.17,188,15,12,12,92%,115,24%,1,1,1.25
tex,LEV,https://www.vlr.gg/player/1818/tex,Americas,488010,216942,LotusPICK,bo3,0.89,167,14,13,2,71%,115,41%,3,1,1.08
C0M,LEV,https://www.vlr.gg/player/619/c0m,Americas,488010,216942,LotusPICK,bo3,0.61,112,9,14,3,67%,70,26%,0,2,0.64
Cryocells,100T,https://www.vlr.gg/player/4147/cryocells,Americas,488009,216938,HavenPICK,bo3,1.63,294,25,13,4,77%,192,29%,3,1,1.92
Asuna,100T,https://www.vlr.gg/player/601/asuna,Americas,488009,216938,HavenPICK,bo3,1.08,200,16,15,4,64%,120,17%,3,3,1.07
zander,100T,https://www.vlr.gg/player/8082/zander,Americas,488009,216938,HavenPICK,bo3,0.97,204,14,16,11,77%,143,35%,2,3,0.88
eeiu,100T,https://www.vlr.gg/player/796/eeiu,Americas,488009,216938,HavenPICK,bo3,0.83,171,11,13,5,77%,129,30%,2,2,0.85
Boostio,100T,https://www.vlr.gg/player/604/boostio,Americas,488009,216938,HavenPICK,bo3,0.77,124,11,14,4,55%,82,59%,2,1,0.79
OXY,C9,https://www.vlr.gg/player/18796/oxy,Americas,488009,216938,HavenPICK,bo3,1.19,267,21,16,1,68%,144,26%,5,4,1.31
neT,C9,https://www.vlr.gg/player/6582/net,Americas,488009,216938,HavenPICK,bo3,0.99,211,17,15,4,73%,121,29%,2,5,1.13
v1c,C9,https://www.vlr.gg/player/17433/v1c,Americas,488009,216938,HavenPICK,bo3,0.90,168,13,15,8,77%,125,26%,1,2,0.87
Xeppaa,C9,https://www.vlr.gg/player/7871/xeppaa,Americas,488009,216938,HavenPICK,bo3,0.90,166,13,16,6,77%,110,24%,2,0,0.81
mitch,C9,https://www.vlr.gg/player/612/mitch,Americas,488009,216938,HavenPICK,bo3,0.65,110,7,15,11,82%,75,13%,0,1,0.47
Boostio,100T,https://www.vlr.gg/player/604/boostio,Americas,488009,216939,SplitPICK,bo3,1.28,203,14,12,11,76%,152,38%,0,3,1.17
eeiu,100T,https://www.vlr.gg/player/796/eeiu,Americas,488009,216939,SplitPICK,bo3,1.18,251,19,15,3,76%,159,27%,2,1,1.27
Asuna,100T,https://www.vlr.gg/player/601/asuna,Americas,488009,216939,SplitPICK,bo3,1.16,239,18,16,4,76%,167,21%,1,4,1.12
Cryocells,100T,https://www.vlr.gg/player/4147/cryocells,Americas,488009,216939,SplitPICK,bo3,1.02,169,12,14,10,86%,112,23%,1,2,0.86
zander,100T,https://www.vlr.gg/player/8082/zander,Americas,488009,216939,SplitPICK,bo3,0.97,152,13,11,7,76%,102,62%,3,4,1.18
v1c,C9,https://www.vlr.gg/player/17433/v1c,Americas,488009,216939,SplitPICK,bo3,1.35,236,19,14,7,86%,170,41%,3,2,1.36
Xeppaa,C9,https://www.vlr.gg/player/7871/xeppaa,Americas,488009,216939,SplitPICK,bo3,1.03,193,13,14,7,81%,143,44%,3,0,0.93
OXY,C9,https://www.vlr.gg/player/18796/oxy,Americas,488009,216939,SplitPICK,bo3,0.85,179,14,14,2,67%,112,32%,5,4,1.0
neT,C9,https://www.vlr.gg/player/6582/net,Americas,488009,216939,SplitPICK,bo3,0.74,186,10,16,9,71%,132,23%,2,0,0.62
mitch,C9,https://www.vlr.gg/player/612/mitch,Americas,488009,216939,SplitPICK,bo3,0.61,151,12,18,8,62%,85,17%,1,1,0.67
nerve,KRÜ,https://www.vlr.gg/player/754/nerve,Americas,488012,216947,HavenPICK,bo3,1.32,186,19,12,10,77%,123,30%,2,2,1.58
Melser,KRÜ,https://www.vlr.gg/player/1311/melser,Americas,488012,216947,HavenPICK,bo3,1.11,210,21,14,3,77%,124,40%,4,3,1.5
Mazino,KRÜ,https://www.vlr.gg/player/7603/mazino,Americas,488012,216947,HavenPICK,bo3,1.11,210,16,16,12,73%,129,18%,1,1,1.0
adverso,KRÜ,https://www.vlr.gg/player/3826/adverso,Americas,488012,216947,HavenPICK,bo3,0.94,180,16,18,6,73%,112,19%,2,4,0.89
traded,KRÜ,https://www.vlr.gg/player/48017/traded,Americas,488012,216947,HavenPICK,bo3,0.73,167,13,18,5,69%,109,31%,4,3,0.72
Sato,LEV,https://www.vlr.gg/player/21659/sato,Americas,488012,216947,HavenPICK,bo3,1.18,236,20,16,3,73%,146,21%,4,5,1.25
kiNgg,LEV,https://www.vlr.gg/player/8549/kingg,Americas,488012,216947,HavenPICK,bo3,1.12,191,17,14,14,69%,130,31%,2,0,1.21
tex,LEV,https://www.vlr.gg/player/1818/tex,Americas,488012,216947,HavenPICK,bo3,0.98,193,17,19,5,65%,123,42%,4,1,0.89
Okeanos,LEV,https://www.vlr.gg/player/8373/okeanos,Americas,488012,216947,HavenPICK,bo3,0.78,165,15,20,10,65%,94,34%,2,4,0.75
C0M,LEV,https://www.vlr.gg/player/619/c0m,Americas,488012,216947,HavenPICK,bo3,0.56,98,9,16,2,54%,71,32%,1,3,0.56
Mazino,KRÜ,https://www.vlr.gg/player/7603/mazino,Americas,488012,216948,PearlPICK,bo3,2.04,369,22,10,14,100%,252,24%,2,3,2.2
nerve,KRÜ,https://www.vlr.gg/player/754/nerve,Americas,488012,216948,PearlPICK,bo3,1.53,194,17,6,4,89%,129,52%,1,0,2.83
Melser,KRÜ,https://www.vlr.gg/player/1311/melser,Americas,488012,216948,PearlPICK,bo3,1.31,214,15,9,5,89%,159,33%,0,2,1.67
adverso,KRÜ,https://www.vlr.gg/player/3826/adverso,Americas,488012,216948,PearlPICK,bo3,1.03,204,13,12,5,83%,120,18%,3,4,1.08
traded,KRÜ,https://www.vlr.gg/player/48017/traded,Americas,488012,216948,PearlPICK,bo3,0.94,198,14,13,3,78%,126,40%,0,3,1.08
Sato,LEV,https://www.vlr.gg/player/21659/sato,Americas,488012,216948,PearlPICK,bo3,0.89,240,15,17,2,78%,150,38%,5,1,0.88
kiNgg,LEV,https://www.vlr.gg/player/8549/kingg,Americas,488012,216948,PearlPICK,bo3,0.82,155,11,14,3,50%,106,33%,1,1,0.79
C0M,LEV,https://www.vlr.gg/player/619/c0m,Americas,488012,216948,PearlPICK,bo3,0.68,188,11,17,7,67%,129,23%,2,2,0.65
Okeanos,LEV,https://www.vlr.gg/player/8373/okeanos,Americas,488012,216948,PearlPICK,bo3,0.40,138,8,18,3,61%,95,28%,3,1,0.44
tex,LEV,https://www.vlr.gg/player/1818/tex,Americas,488012,216948,PearlPICK,bo3,0.38,92,5,15,5,61%,68,13%,1,1,0.33
skuba,NRG,https://www.vlr.gg/player/11118/skuba,Americas,488013,216950,PearlPICK,bo3,1.49,186,14,7,9,82%,116,24%,1,1,2.0
brawk,NRG,https://www.vlr.gg/player/2172/brawk,Americas,488013,216950,PearlPICK,bo3,1.46,288,17,9,8,88%,211,13%,2,1,1.89
s0m,NRG,https://www.vlr.gg/player/4164/s0m,Americas,488013,216950,PearlPICK,bo3,1.32,302,20,11,3,76%,182,24%,3,0,1.82
mada,NRG,https://www.vlr.gg/player/5132/mada,Americas,488013,216950,PearlPICK,bo3,1.27,253,18,11,2,82%,161,36%,5,2,1.64
Ethan,NRG,https://www.vlr.gg/player/11225/ethan,Americas,488013,216950,PearlPICK,bo3,0.91,152,7,10,16,82%,107,19%,1,1,0.7
jayp,2G,https://www.vlr.gg/player/5300/jayp,Americas,488013,216950,PearlPICK,bo3,1.15,244,14,15,6,65%,172,41%,1,0,0.93
gobera,2G,https://www.vlr.gg/player/14950/gobera,Americas,488013,216950,PearlPICK,bo3,1.05,280,15,17,3,59%,180,26%,3,4,0.88
pryze,2G,https://www.vlr.gg/player/662/pryze,Americas,488013,216950,PearlPICK,bo3,0.62,127,8,15,6,59%,96,19%,0,1,0.53
silentzz,2G,https://www.vlr.gg/player/11921/silentzz,Americas,488013,216950,PearlPICK,bo3,0.57,126,6,15,4,53%,89,27%,1,4,0.4
lz,2G,https://www.vlr.gg/player/6195/lz,Americas,488013,216950,PearlPICK,bo3,0.28,76,5,14,4,59%,40,44%,0,3,0.36
skuba,NRG,https://www.vlr.gg/player/11118/skuba,Americas,488013,216951,HavenPICK,bo3,1.40,299,21,14,4,75%,198,38%,3,2,1.5
mada,NRG,https://www.vlr.gg/player/5132/mada,Americas,488013,216951,HavenPICK,bo3,1.39,258,20,11,2,65%,170,39%,4,4,1.82
s0m,NRG,https://www.vlr.gg/player/4164/s0m,Americas,488013,216951,HavenPICK,bo3,1.31,198,15,10,6,70%,139,19%,0,4,1.5
brawk,NRG,https://www.vlr.gg/player/2172/brawk,Americas,488013,216951,HavenPICK,bo3,1.04,200,15,12,8,85%,133,32%,1,0,1.25
Ethan,NRG,https://www.vlr.gg/player/11225/ethan,Americas,488013,216951,HavenPICK,bo3,0.76,143,9,15,10,75%,95,18%,1,1,0.6
gobera,2G,https://www.vlr.gg/player/14950/gobera,Americas,488013,216951,HavenPICK,bo3,1.10,202,15,14,2,65%,150,35%,4,2,1.07
silentzz,2G,https://www.vlr.gg/player/11921/silentzz,Americas,488013,216951,HavenPICK,bo3,0.88,218,13,18,3,80%,141,23%,3,0,0.72
lz,2G,https://www.vlr.gg/player/6195/lz,Americas,488013,216951,HavenPICK,bo3,0.85,174,13,16,3,65%,109,46%,4,0,0.81
pryze,2G,https://www.vlr.gg/player/662/pryze,Americas,488013,216951,HavenPICK,bo3,0.85,173,11,15,5,75%,133,29%,0,1,0.73
jayp,2G,https://www.vlr.gg/player/5300/jayp,Americas,488013,216951,HavenPICK,bo3,0.32,115,9,17,1,35%,84,20%,0,6,0.53
Mazino,KRÜ,https://www.vlr.gg/player/7603/mazino,Americas,488014,216953,LotusPICK,bo3,0.95,189,15,18,7,83%,121,25%,0,2,0.83
nerve,KRÜ,https://www.vlr.gg/player/754/nerve,Americas,488014,216953,LotusPICK,bo3,0.92,132,12,14,6,61%,91,33%,1,1,0.86
Melser,KRÜ,https://www.vlr.gg/player/1311/melser,Americas,488014,216953,LotusPICK,bo3,0.87,196,16,17,2,61%,121,24%,2,1,0.94
adverso,KRÜ,https://www.vlr.gg/player/3826/adverso,Americas,488014,216953,LotusPICK,bo3,0.80,152,11,16,7,70%,112,18%,2,3,0.69
traded,KRÜ,https://www.vlr.gg/player/48017/traded,Americas,488014,216953,LotusPICK,bo3,0.72,183,14,19,2,52%,125,28%,4,7,0.74
s0m,NRG,https://www.vlr.gg/player/4164/s0m,Americas,488014,216953,LotusPICK,bo3,1.44,274,22,13,15,83%,174,35%,2,1,1.69
mada,NRG,https://www.vlr.gg/player/5132/mada,Americas,488014,216953,LotusPICK,bo3,1.08,253,19,16,7,83%,155,34%,6,4,1.19
skuba,NRG,https://www.vlr.gg/player/11118/skuba,Americas,488014,216953,LotusPICK,bo3,1.08,201,17,13,6,74%,143,25%,1,3,1.31
Ethan,NRG,https://www.vlr.gg/player/11225/ethan,Americas,488014,216953,LotusPICK,bo3,0.92,155,13,14,11,83%,95,33%,5,1,0.93
brawk,NRG,https://www.vlr.gg/player/2172/brawk,Americas,488014,216953,LotusPICK,bo3,0.92,163,13,12,6,87%,120,20%,0,0,1.08
Melser,KRÜ,https://www.vlr.gg/player/1311/melser,Americas,488014,216954,IceboxPICK,bo3,1.01,177,12,13,3,76%,111,30%,1,1,0.92
nerve,KRÜ,https://www.vlr.gg/player/754/nerve,Americas,488014,216954,IceboxPICK,bo3,0.98,201,11,14,5,65%,144,29%,3,1,0.79
Mazino,KRÜ,https://www.vlr.gg/player/7603/mazino,Americas,488014,216954,IceboxPICK,bo3,0.82,192,10,15,6,71%,142,32%,1,0,0.67
traded,KRÜ,https://www.vlr.gg/player/48017/traded,Americas,488014,216954,IceboxPICK,bo3,0.69,179,11,16,4,65%,133,21%,2,4,0.69
adverso,KRÜ,https://www.vlr.gg/player/3826/adverso,Americas,488014,216954,IceboxPICK,bo3,0.44,148,7,15,5,47%,100,28%,0,4,0.47
Ethan,NRG,https://www.vlr.gg/player/11225/ethan,Americas,488014,216954,IceboxPICK,bo3,1.55,229,15,7,11,94%,162,42%,0,1,2.14
skuba,NRG,https://www.vlr.gg/player/11118/skuba,Americas,488014,216954,IceboxPICK,bo3,1.39,253,17,9,3,88%,171,35%,1,1,1.89
mada,NRG,https://www.vlr.gg/player/5132/mada,Americas,488014,216954,IceboxPICK,bo3,1.31,307,19,14,2,82%,185,26%,8,3,1.36
s0m,NRG,https://www.vlr.gg/player/4164/s0m,Americas,488014,216954,IceboxPICK,bo3,1.16,244,15,12,3,82%,175,20%,0,1,1.25
brawk,NRG,https://www.vlr.gg/player/2172/brawk,Americas,488014,216954,IceboxPICK,bo3,0.81,122,7,9,6,76%,76,24%,1,1,0.78
OXY,C9,https://www.vlr.gg/player/18796/oxy,Americas,488015,216956,SplitPICK,bo3,0.99,186,15,15,3,55%,121,35%,3,1,1.0
Xeppaa,C9,https://www.vlr.gg/player/7871/xeppaa,Americas,488015,216956,SplitPICK,bo3,0.97,183,16,16,2,68%,132,27%,1,2,1.0
v1c,C9,https://www.vlr.gg/player/17433/v1c,Americas,488015,216956,SplitPICK,bo3,0.90,159,12,15,7,64%,98,29%,3,4,0.8
mitch,C9,https://www.vlr.gg/player/612/mitch,Americas,488015,216956,SplitPICK,bo3,0.85,185,12,17,11,68%,130,24%,3,3,0.71
neT,C9,https://www.vlr.gg/player/6582/net,Americas,488015,216956,SplitPICK,bo3,0.80,121,8,13,3,64%,81,22%,1,1,0.62
brawk,NRG,https://www.vlr.gg/player/2172/brawk,Americas,488015,216956,SplitPICK,bo3,1.47,267,22,12,11,86%,166,23%,0,1,1.83
mada,NRG,https://www.vlr.gg/player/5132/mada,Americas,488015,216956,SplitPICK,bo3,1.25,240,18,13,5,77%,163,28%,4,4,1.38
skuba,NRG,https://www.vlr.gg/player/11118/skuba,Americas,488015,216956,SplitPICK,bo3,1.02,176,14,12,4,82%,120,17%,2,0,1.17
s0m,NRG,https://www.vlr.gg/player/4164/s0m,Americas,488015,216956,SplitPICK,bo3,0.97,153,12,12,8,77%,103,19%,4,4,1.0
Ethan,NRG,https://www.vlr.gg/player/11225/ethan,Americas,488015,216956,SplitPICK,bo3,0.70,118,10,14,8,68%,72,24%,1,2,0.71
OXY,C9,https://www.vlr.gg/player/18796/oxy,Americas,488015,216957,IceboxPICK,bo3,1.03,225,19,18,2,59%,146,35%,4,6,1.06
v1c,C9,https://www.vlr.gg/player/17433/v1c,Americas,488015,216957,IceboxPICK,bo3,0.97,224,17,17,2,68%,144,27%,1,2,1.0
mitch,C9,https://www.vlr.gg/player/612/mitch,Americas,488015,216957,IceboxPICK,bo3,0.93,225,15,19,5,82%,161,23%,2,2,0.79
Xeppaa,C9,https://www.vlr.gg/player/7871/xeppaa,Americas,488015,216957,IceboxPICK,bo3,0.60,122,9,17,6,59%,83,18%,0,2,0.53
neT,C9,https://www.vlr.gg/player/6582/net,Americas,488015,216957,IceboxPICK,bo3,0.25,100,8,21,2,59%,75,26%,0,3,0.38
mada,NRG,https://www.vlr.gg/player/5132/mada,Americas,488015,216957,IceboxPICK,bo3,1.67,375,29,16,5,86%,232,25%,11,1,1.81
Ethan,NRG,https://www.vlr.gg/player/11225/ethan,Americas,488015,216957,IceboxPICK,bo3,1.24,238,21,15,5,95%,172,43%,1,2,1.4
skuba,NRG,https://www.vlr.gg/player/11118/skuba,Americas,488015,216957,IceboxPICK,bo3,1.10,196,16,13,6,82%,128,33%,0,1,1.23
brawk,NRG,https://www.vlr.gg/player/2172/brawk,Americas,488015,216957,IceboxPICK,bo3,1.03,160,14,12,2,73%,113,31%,2,0,1.17
s0m,NRG,https://www.vlr.gg/player/4164/s0m,Americas,488015,216957,IceboxPICK,bo3,0.86,134,12,12,3,68%,104,28%,1,3,1.0
aspas,MIBR,https://www.vlr.gg/player/8480/aspas,Americas,488016,216959,SplitPICK,bo3,1.53,304,27,15,1,70%,185,38%,9,3,1.8
Verno,MIBR,https://www.vlr.gg/player/21668/verno,Americas,488016,216959,SplitPICK,bo3,1.09,160,12,14,8,78%,110,19%,0,0,0.86
xenom,MIBR,https://www.vlr.gg/player/20240/xenom,Americas,488016,216959,SplitPICK,bo3,1.03,239,18,19,8,78%,160,31%,0,1,0.95
artzin,MIBR,https://www.vlr.gg/player/5957/artzin,Americas,488016,216959,SplitPICK,bo3,0.64,128,10,19,11,65%,84,30%,1,4,0.53
cortezia,MIBR,https://www.vlr.gg/player/5395/cortezia,Americas,488016,216959,SplitPICK,bo3,0.63,128,10,17,7,83%,73,35%,1,4,0.59
skuba,NRG,https://www.vlr.gg/player/11118/skuba,Americas,488016,216959,SplitPICK,bo3,1.44,245,22,12,10,83%,164,36%,1,1,1.83
mada,NRG,https://www.vlr.gg/player/5132/mada,Americas,488016,216959,SplitPICK,bo3,1.27,315,25,18,4,70%,191,20%,7,4,1.39
Ethan,NRG,https://www.vlr.gg/player/11225/ethan,Americas,488016,216959,SplitPICK,bo3,1.18,214,17,14,5,78%,146,31%,1,1,1.21
s0m,NRG,https://www.vlr.gg/player/4164/s0m,Americas,488016,216959,SplitPICK,bo3,0.86,191,16,15,6,87%,114,17%,3,2,1.07
brawk,NRG,https://www.vlr.gg/player/2172/brawk,Americas,488016,216959,SplitPICK,bo3,0.26,82,4,18,6,65%,59,5%,0,3,0.22
aspas,MIBR,https://www.vlr.gg/player/8480/aspas,Americas,488016,216960,IceboxPICK,bo3,1.33,228,24,18,4,79%,167,33%,5,3,1.33
xenom,MIBR,https://www.vlr.gg/player/20240/xenom,Americas,488016,216960,IceboxPICK,bo3,0.97,195,19,22,9,71%,142,20%,2,1,0.86
cortezia,MIBR,https://www.vlr.gg/player/5395/cortezia,Americas,488016,216960,IceboxPICK,bo3,0.83,194,17,21,6,71%,131,31%,4,3,0.81
Verno,MIBR,https://www.vlr.gg/player/21668/verno,Americas,488016,216960,IceboxPICK,bo3,0.82,162,16,21,7,64%,114,15%,1,4,0.76
artzin,MIBR,https://www.vlr.gg/player/5957/artzin,Americas,488016,216960,IceboxPICK,bo3,0.61,160,16,23,11,71%,106,24%,2,3,0.7
brawk,NRG,https://www.vlr.gg/player/2172/brawk,Americas,488016,216960,IceboxPICK,bo3,1.47,271,26,15,11,79%,190,17%,4,1,1.73
mada,NRG,https://www.vlr.gg/player/5132/mada,Americas,488016,216960,IceboxPICK,bo3,1.14,241,25,20,2,82%,158,38%,5,3,1.25
skuba,NRG,https://www.vlr.gg/player/11118/skuba,Americas,488016,216960,IceboxPICK,bo3,0.97,216,21,18,4,61%,146,26%,0,1,1.17
s0m,NRG,https://www.vlr.gg/player/4164/s0m,Americas,488016,216960,IceboxPICK,bo3,0.91,195,18,19,7,68%,137,18%,4,5,0.95
Ethan,NRG,https://www.vlr.gg/player/11225/ethan,Americas,488016,216960,IceboxPICK,bo3,0.74,146,15,20,7,79%,88,29%,1,4,0.75
NaturE,EG,https://www.vlr.gg/player/4927/nature,Americas,488017,216962,IceboxPICK,bo3,1.19,259,25,20,17,82%,174,30%,5,2,1.25
yay,EG,https://www.vlr.gg/player/881/yay,Americas,488017,216962,IceboxPICK,bo3,1.16,274,27,22,4,75%,155,41%,10,2,1.23
Derrek,EG,https://www.vlr.gg/player/1533/derrek,Americas,488017,216962,IceboxPICK,bo3,0.89,177,17,19,8,64%,133,32%,1,1,0.89
supamen,EG,https://www.vlr.gg/player/826/supamen,Americas,488017,216962,IceboxPICK,bo3,0.85,145,14,17,9,68%,100,52%,2,0,0.82
icy,EG,https://www.vlr.gg/player/8402/icy,Americas,488017,216962,IceboxPICK,bo3,0.75,147,16,19,2,61%,101,22%,3,2,0.84
eeiu,100T,https://www.vlr.gg/player/796/eeiu,Americas,488017,216962,IceboxPICK,bo3,1.15,196,20,17,4,64%,135,39%,1,2,1.18
zander,100T,https://www.vlr.gg/player/8082/zander,Americas,488017,216962,IceboxPICK,bo3,1.11,238,20,21,12,64%,148,36%,2,5,0.95
Boostio,100T,https://www.vlr.gg/player/604/boostio,Americas,488017,216962,IceboxPICK,bo3,1.07,217,20,19,4,64%,143,40%,1,3,1.05
Cryocells,100T,https://www.vlr.gg/player/4147/cryocells,Americas,488017,216962,IceboxPICK,bo3,0.95,195,21,22,3,61%,130,27%,3,9,0.95
Asuna,100T,https://www.vlr.gg/player/601/asuna,Americas,488017,216962,IceboxPICK,bo3,0.81,161,16,20,10,71%,106,18%,0,2,0.8
yay,EG,https://www.vlr.gg/player/881/yay,Americas,488017,216963,PearlPICK,bo3,0.90,246,14,16,3,67%,162,30%,3,4,0.88
supamen,EG,https://www.vlr.gg/player/826/supamen,Americas,488017,216963,PearlPICK,bo3,0.88,193,11,14,3,61%,116,58%,5,1,0.79
icy,EG,https://www.vlr.gg/player/8402/icy,Americas,488017,216963,PearlPICK,bo3,0.64,126,9,12,2,44%,85,28%,0,3,0.75
NaturE,EG,https://www.vlr.gg/player/4927/nature,Americas,488017,216963,PearlPICK,bo3,0.55,131,7,14,3,56%,105,21%,0,0,0.5
Derrek,EG,https://www.vlr.gg/player/1533/derrek,Americas,488017,216963,PearlPICK,bo3,0.54,86,5,13,6,56%,58,13%,0,2,0.38
eeiu,100T,https://www.vlr.gg/player/796/eeiu,Americas,488017,216963,PearlPICK,bo3,1.84,312,20,7,6,94%,201,28%,1,0,2.86
Cryocells,100T,https://www.vlr.gg/player/4147/cryocells,Americas,488017,216963,PearlPICK,bo3,1.42,278,19,10,3,83%,163,26%,4,2,1.9
zander,100T,https://www.vlr.gg/player/8082/zander,Americas,488017,216963,PearlPICK,bo3,1.28,190,11,9,16,83%,126,29%,3,1,1.22
Boostio,100T,https://www.vlr.gg/player/604/boostio,Americas,488017,216963,PearlPICK,bo3,1.02,167,11,9,1,61%,118,23%,1,5,1.22
Asuna,100T,https://www.vlr.gg/player/601/asuna,Americas,488017,216963,PearlPICK,bo3,0.76,123,8,11,6,67%,94,23%,1,0,0.73
brawk,NRG,https://www.vlr.gg/player/2172/brawk,Americas,488018,216965,PearlPICK,bo5,1.53,214,14,7,7,94%,171,19%,1,0,2.0
skuba,NRG,https://www.vlr.gg/player/11118/skuba,Americas,488018,216965,PearlPICK,bo5,1.30,215,14,10,11,83%,134,21%,1,2,1.4
Ethan,NRG,https://www.vlr.gg/player/11225/ethan,Americas,488018,216965,PearlPICK,bo5,1.21,270,18,13,10,83%,152,16%,3,0,1.38
mada,NRG,https://www.vlr.gg/player/5132/mada,Americas,488018,216965,PearlPICK,bo5,1.09,270,18,14,1,72%,159,26%,6,3,1.29
s0m,NRG,https://www.vlr.gg/player/4164/s0m,Americas,488018,216965,PearlPICK,bo5,0.91,151,10,10,6,78%,92,40%,1,1,1.0
zander,100T,https://www.vlr.gg/player/8082/zander,Americas,488018,216965,PearlPICK,bo5,1.20,234,15,13,8,61%,156,29%,1,3,1.15
eeiu,100T,https://www.vlr.gg/player/796/eeiu,Americas,488018,216965,PearlPICK,bo5,0.90,151,10,14,5,67%,118,35%,2,1,0.71
Asuna,100T,https://www.vlr.gg/player/601/asuna,Americas,488018,216965,PearlPICK,bo5,0.80,201,11,16,9,72%,146,13%,1,1,0.69
Boostio,100T,https://www.vlr.gg/player/604/boostio,Americas,488018,216965,PearlPICK,bo5,0.59,144,10,15,3,56%,83,32%,1,2,0.67
Cryocells,100T,https://www.vlr.gg/player/4147/cryocells,Americas,488018,216965,PearlPICK,bo5,0.42,121,8,16,2,56%,90,20%,1,5,0.5
s0m,NRG,https://www.vlr.gg/player/4164/s0m,Americas,488018,216966,SplitPICK,bo5,1.51,295,25,15,8,92%,200,34%,4,1,1.67
brawk,NRG,https://www.vlr.gg/player/2172/brawk,Americas,488018,216966,SplitPICK,bo5,0.89,178,15,14,6,54%,115,37%,2,2,1.07
mada,NRG,https://www.vlr.gg/player/5132/mada,Americas,488018,216966,SplitPICK,bo5,0.86,200,17,18,1,71%,126,13%,2,2,0.94
skuba,NRG,https://www.vlr.gg/player/11118/skuba,Americas,488018,216966,SplitPICK,bo5,0.71,160,12,18,7,63%,105,28%,2,3,0.67
Ethan,NRG,https://www.vlr.gg/player/11225/ethan,Americas,488018,216966,SplitPICK,bo5,0.58,114,9,17,7,71%,81,21%,2,4,0.53
eeiu,100T,https://www.vlr.gg/player/796/eeiu,Americas,488018,216966,SplitPICK,bo5,1.55,232,21,11,6,83%,156,12%,2,2,1.91
zander,100T,https://www.vlr.gg/player/8082/zander,Americas,488018,216966,SplitPICK,bo5,1.25,231,20,15,11,83%,155,26%,2,3,1.33
Cryocells,100T,https://www.vlr.gg/player/4147/cryocells,Americas,488018,216966,SplitPICK,bo5,0.99,202,18,18,3,63%,121,24%,3,2,1.0
Boostio,100T,https://www.vlr.gg/player/604/boostio,Americas,488018,216966,SplitPICK,bo5,0.86,118,10,15,10,67%,72,15%,1,0,0.67
Asuna,100T,https://www.vlr.gg/player/601/asuna,Americas,488018,216966,SplitPICK,bo5,0.69,177,13,19,3,63%,123,17%,4,5,0.68
skuba,NRG,https://www.vlr.gg/player/11118/skuba,Americas,488018,216967,HavenPICK,bo5,1.32,250,24,13,2,75%,166,24%,1,4,1.85
s0m,NRG,https://www.vlr.gg/player/4164/s0m,Americas,488018,216967,HavenPICK,bo5,1.28,231,20,15,13,75%,146,31%,3,2,1.33
brawk,NRG,https://www.vlr.gg/player/2172/brawk,Americas,488018,216967,HavenPICK,bo5,1.07,167,15,15,7,88%,127,21%,0,0,1.0
Ethan,NRG,https://www.vlr.gg/player/11225/ethan,Americas,488018,216967,HavenPICK,bo5,1.02,197,15,18,14,88%,124,32%,1,4,0.83
mada,NRG,https://www.vlr.gg/player/5132/mada,Americas,488018,216967,HavenPICK,bo5,0.83,209,15,19,5,71%,138,25%,4,5,0.79
Cryocells,100T,https://www.vlr.gg/player/4147/cryocells,Americas,488018,216967,HavenPICK,bo5,1.34,273,24,17,4,67%,189,28%,3,1,1.41
eeiu,100T,https://www.vlr.gg/player/796/eeiu,Americas,488018,216967,HavenPICK,bo5,0.97,176,15,16,4,67%,120,17%,2,1,0.94
Asuna,100T,https://www.vlr.gg/player/601/asuna,Americas,488018,216967,HavenPICK,bo5,0.87,186,16,19,7,71%,138,23%,4,4,0.84
zander,100T,https://www.vlr.gg/player/8082/zander,Americas,488018,216967,HavenPICK,bo5,0.81,198,16,19,11,67%,114,30%,4,2,0.84
Boostio,100T,https://www.vlr.gg/player/604/boostio,Americas,488018,216967,HavenPICK,bo5,0.50,110,9,18,4,50%,92,40%,2,1,0.5
mada,NRG,https://www.vlr.gg/player/5132/mada,Americas,488018,216968,IceboxPICK,bo5,1.58,340,25,14,3,85%,201,16%,10,5,1.79
s0m,NRG,https://www.vlr.gg/player/4164/s0m,Americas,488018,216968,IceboxPICK,bo5,1.46,277,21,13,4,75%,190,33%,3,0,1.62
Ethan,NRG,https://www.vlr.gg/player/11225/ethan,Americas,488018,216968,IceboxPICK,bo5,1.17,186,14,13,9,80%,119,21%,0,2,1.08
brawk,NRG,https://www.vlr.gg/player/2172/brawk,Americas,488018,216968,IceboxPICK,bo5,1.12,164,11,10,8,80%,122,18%,0,0,1.1
skuba,NRG,https://www.vlr.gg/player/11118/skuba,Americas,488018,216968,IceboxPICK,bo5,0.85,165,11,13,7,75%,108,12%,0,0,0.85
eeiu,100T,https://www.vlr.gg/player/796/eeiu,Americas,488018,216968,IceboxPICK,bo5,1.20,274,18,17,5,75%,181,43%,1,0,1.06
Cryocells,100T,https://www.vlr.gg/player/4147/cryocells,Americas,488018,216968,IceboxPICK,bo5,0.91,169,12,14,2,70%,109,29%,3,4,0.86
zander,100T,https://www.vlr.gg/player/8082/zander,Americas,488018,216968,IceboxPICK,bo5,0.75,208,15,17,2,55%,131,25%,2,2,0.88
Boostio,100T,https://www.vlr.gg/player/604/boostio,Americas,488018,216968,IceboxPICK,bo5,0.63,161,11,16,2,60%,102,22%,1,2,0.69
Asuna,100T,https://www.vlr.gg/player/601/asuna,Americas,488018,216968,IceboxPICK,bo5,0.25,115,7,18,3,50%,83,14%,0,5,0.39
Verno,MIBR,https://www.vlr.gg/player/21668/verno,Americas,488019,216970,LotusPICK,bo3,1.12,228,16,13,1,61%,150,38%,0,1,1.23
xenom,MIBR,https://www.vlr.gg/player/20240/xenom,Americas,488019,216970,LotusPICK,bo3,0.98,273,16,17,1,56%,170,25%,2,2,0.94
cortezia,MIBR,https://www.vlr.gg/player/5395/cortezia,Americas,488019,216970,LotusPICK,bo3,0.85,181,9,14,9,78%,134,33%,1,1,0.64
aspas,MIBR,https://www.vlr.gg/player/8480/aspas,Americas,488019,216970,LotusPICK,bo3,0.78,213,13,16,3,72%,133,22%,1,5,0.81
artzin,MIBR,https://www.vlr.gg/player/5957/artzin,Americas,488019,216970,LotusPICK,bo3,0.34,76,4,17,6,67%,56,33%,0,5,0.24
Derrek,EG,https://www.vlr.gg/player/1533/derrek,Americas,488019,216970,LotusPICK,bo3,1.33,238,16,9,5,78%,145,35%,2,0,1.78
icy,EG,https://www.vlr.gg/player/8402/icy,Americas,488019,216970,LotusPICK,bo3,1.23,229,17,11,3,78%,152,13%,3,2,1.55
supamen,EG,https://www.vlr.gg/player/826/supamen,Americas,488019,216970,LotusPICK,bo3,1.20,202,14,11,6,94%,132,35%,3,1,1.27
yay,EG,https://www.vlr.gg/player/881/yay,Americas,488019,216970,LotusPICK,bo3,1.20,332,21,17,6,94%,216,35%,3,1,1.24
NaturE,EG,https://www.vlr.gg/player/4927/nature,Americas,488019,216970,LotusPICK,bo3,1.14,170,9,10,13,83%,118,21%,3,0,0.9
aspas,MIBR,https://www.vlr.gg/player/8480/aspas,Americas,488019,216971,IceboxPICK,bo3,1.36,263,24,18,4,88%,185,42%,8,2,1.33
Verno,MIBR,https://www.vlr.gg/player/21668/verno,Americas,488019,216971,IceboxPICK,bo3,1.23,195,19,14,7,77%,124,28%,2,3,1.36
cortezia,MIBR,https://www.vlr.gg/player/5395/cortezia,Americas,488019,216971,IceboxPICK,bo3,1.13,197,18,15,4,69%,141,27%,1,2,1.2
artzin,MIBR,https://www.vlr.gg/player/5957/artzin,Americas,488019,216971,IceboxPICK,bo3,0.80,152,13,17,10,69%,111,16%,1,2,0.76
xenom,MIBR,https://www.vlr.gg/player/20240/xenom,Americas,488019,216971,IceboxPICK,bo3,0.77,150,15,17,1,62%,96,33%,1,4,0.88
yay,EG,https://www.vlr.gg/player/881/yay,Americas,488019,216971,IceboxPICK,bo3,1.25,290,27,18,3,58%,173,36%,7,7,1.5
icy,EG,https://www.vlr.gg/player/8402/icy,Americas,488019,216971,IceboxPICK,bo3,1.07,230,21,18,3,73%,150,31%,0,1,1.17
supamen,EG,https://www.vlr.gg/player/826/supamen,Americas,488019,216971,IceboxPICK,bo3,0.90,145,11,17,10,73%,108,25%,1,2,0.65
Derrek,EG,https://www.vlr.gg/player/1533/derrek,Americas,488019,216971,IceboxPICK,bo3,0.77,141,12,16,5,65%,95,17%,3,1,0.75
NaturE,EG,https://www.vlr.gg/player/4927/nature,Americas,488019,216971,IceboxPICK,bo3,0.61,133,10,20,11,58%,76,14%,2,2,0.5
xenom,MIBR,https://www.vlr.gg/player/20240/xenom,Americas,488019,216972,Split,bo3,1.51,192,18,10,14,77%,146,50%,0,1,1.8
aspas,MIBR,https://www.vlr.gg/player/8480/aspas,Americas,488019,216972,Split,bo3,1.23,252,21,15,2,68%,167,32%,2,5,1.4
artzin,MIBR,https://www.vlr.gg/player/5957/artzin,Americas,488019,216972,Split,bo3,0.91,260,18,19,7,73%,182,19%,3,3,0.95
Verno,MIBR,https://www.vlr.gg/player/21668/verno,Americas,488019,216972,Split,bo3,0.84,152,12,14,9,73%,104,19%,0,2,0.86
cortezia,MIBR,https://www.vlr.gg/player/5395/cortezia,Americas,488019,216972,Split,bo3,0.76,186,13,16,6,77%,115,23%,5,1,0.81
Derrek,EG,https://www.vlr.gg/player/1533/derrek,Americas,488019,216972,Split,bo3,1.16,212,17,15,6,64%,147,44%,2,2,1.13
yay,EG,https://www.vlr.gg/player/881/yay,Americas,488019,216972,Split,bo3,1.08,230,17,15,6,82%,152,33%,3,1,1.13
supamen,EG,https://www.vlr.gg/player/826/supamen,Americas,488019,216972,Split,bo3,0.98,184,15,16,3,73%,112,27%,3,3,0.94
icy,EG,https://www.vlr.gg/player/8402/icy,Americas,488019,216972,Split,bo3,0.86,211,16,19,4,68%,135,15%,4,3,0.84
NaturE,EG,https://www.vlr.gg/player/4927/nature,Americas,488019,216972,Split,bo3,0.64,119,9,17,11,77%,77,38%,0,1,0.53
Cryocells,100T,https://www.vlr.gg/player/4147/cryocells,Americas,488020,216973,IceboxPICK,bo5,1.42,293,23,15,0,86%,172,20%,7,3,1.53
Asuna,100T,https://www.vlr.gg/player/601/asuna,Americas,488020,216973,IceboxPICK,bo5,0.97,187,12,16,6,55%,143,27%,0,0,0.75
eeiu,100T,https://www.vlr.gg/player/796/eeiu,Americas,488020,216973,IceboxPICK,bo5,0.90,204,16,17,5,59%,133,32%,2,1,0.94
zander,100T,https://www.vlr.gg/player/8082/zander,Americas,488020,216973,IceboxPICK,bo5,0.70,137,9,17,5,64%,117,30%,2,1,0.53
Boostio,100T,https://www.vlr.gg/player/604/boostio,Americas,488020,216973,IceboxPICK,bo5,0.17,86,7,19,1,36%,56,18%,1,5,0.37
aspas,MIBR,https://www.vlr.gg/player/8480/aspas,Americas,488020,216973,IceboxPICK,bo5,1.54,274,23,12,6,64%,178,26%,2,3,1.92
cortezia,MIBR,https://www.vlr.gg/player/5395/cortezia,Americas,488020,216973,IceboxPICK,bo5,1.42,279,19,14,8,82%,182,23%,4,2,1.36
artzin,MIBR,https://www.vlr.gg/player/5957/artzin,Americas,488020,216973,IceboxPICK,bo5,1.08,226,19,14,2,68%,119,24%,3,2,1.36
xenom,MIBR,https://www.vlr.gg/player/20240/xenom,Americas,488020,216973,IceboxPICK,bo5,0.97,169,15,13,5,77%,131,41%,1,2,1.15
Verno,MIBR,https://www.vlr.gg/player/21668/verno,Americas,488020,216973,IceboxPICK,bo5,0.73,114,8,14,10,64%,82,26%,0,3,0.57
Asuna,100T,https://www.vlr.gg/player/601/asuna,Americas,488020,216974,SplitPICK,bo5,1.20,289,17,15,2,71%,173,20%,5,5,1.13
zander,100T,https://www.vlr.gg/player/8082/zander,Americas,488020,216974,SplitPICK,bo5,0.93,195,11,13,5,65%,110,25%,1,0,0.85
eeiu,100T,https://www.vlr.gg/player/796/eeiu,Americas,488020,216974,SplitPICK,bo5,0.53,160,9,16,1,53%,118,18%,1,2,0.56
Boostio,100T,https://www.vlr.gg/player/604/boostio,Americas,488020,216974,SplitPICK,bo5,0.37,95,5,16,6,47%,70,35%,0,1,0.31
Cryocells,100T,https://www.vlr.gg/player/4147/cryocells,Americas,488020,216974,SplitPICK,bo5,0.33,72,3,14,3,53%,58,29%,0,2,0.21
artzin,MIBR,https://www.vlr.gg/player/5957/artzin,Americas,488020,216974,SplitPICK,bo5,1.74,377,24,10,2,82%,222,20%,5,2,2.4
aspas,MIBR,https://www.vlr.gg/player/8480/aspas,Americas,488020,216974,SplitPICK,bo5,1.37,230,16,9,0,76%,159,28%,0,3,1.78
cortezia,MIBR,https://www.vlr.gg/player/5395/cortezia,Americas,488020,216974,SplitPICK,bo5,1.28,271,16,9,4,88%,183,33%,4,2,1.78
xenom,MIBR,https://www.vlr.gg/player/20240/xenom,Americas,488020,216974,SplitPICK,bo5,1.04,106,6,5,7,88%,71,47%,0,0,1.2
Verno,MIBR,https://www.vlr.gg/player/21668/verno,Americas,488020,216974,SplitPICK,bo5,1.03,207,12,12,7,88%,112,27%,1,0,1.0
Asuna,100T,https://www.vlr.gg/player/601/asuna,Americas,488020,216975,HavenPICK,bo5,1.69,316,18,6,7,88%,196,32%,3,0,3.0
zander,100T,https://www.vlr.gg/player/8082/zander,Americas,488020,216975,HavenPICK,bo5,1.57,245,14,5,4,88%,135,24%,3,0,2.8
eeiu,100T,https://www.vlr.gg/player/796/eeiu,Americas,488020,216975,HavenPICK,bo5,1.23,166,8,6,9,81%,140,17%,3,0,1.33
Cryocells,100T,https://www.vlr.gg/player/4147/cryocells,Americas,488020,216975,HavenPICK,bo5,1.03,151,9,7,2,69%,117,38%,2,1,1.29
Boostio,100T,https://www.vlr.gg/player/604/boostio,Americas,488020,216975,HavenPICK,bo5,0.91,131,9,6,1,69%,75,53%,2,2,1.5
aspas,MIBR,https://www.vlr.gg/player/8480/aspas,Americas,488020,216975,HavenPICK,bo5,1.21,215,11,10,0,56%,147,26%,1,2,1.1
xenom,MIBR,https://www.vlr.gg/player/20240/xenom,Americas,488020,216975,HavenPICK,bo5,0.56,82,3,9,5,63%,59,35%,0,1,0.33
cortezia,MIBR,https://www.vlr.gg/player/5395/cortezia,Americas,488020,216975,HavenPICK,bo5,0.54,161,7,13,1,50%,109,48%,1,3,0.54
Verno,MIBR,https://www.vlr.gg/player/21668/verno,Americas,488020,216975,HavenPICK,bo5,0.54,125,7,12,2,56%,74,44%,1,4,0.58
artzin,MIBR,https://www.vlr.gg/player/5957/artzin,Americas,488020,216975,HavenPICK,bo5,0.10,45,2,14,4,31%,31,21%,0,3,0.14
eeiu,100T,https://www.vlr.gg/player/796/eeiu,Americas,488020,216976,AscentPICK,bo5,1.28,241,17,14,11,83%,177,18%,1,0,1.21
Cryocells,100T,https://www.vlr.gg/player/4147/cryocells,Americas,488020,216976,AscentPICK,bo5,1.11,200,18,14,4,74%,144,23%,3,5,1.29
zander,100T,https://www.vlr.gg/player/8082/zander,Americas,488020,216976,AscentPICK,bo5,1.06,202,18,16,11,70%,111,20%,4,0,1.12
Asuna,100T,https://www.vlr.gg/player/601/asuna,Americas,488020,216976,AscentPICK,bo5,0.96,147,11,13,13,65%,93,16%,1,3,0.85
Boostio,100T,https://www.vlr.gg/player/604/boostio,Americas,488020,216976,AscentPICK,bo5,0.82,177,14,17,3,70%,128,27%,3,3,0.82
aspas,MIBR,https://www.vlr.gg/player/8480/aspas,Americas,488020,216976,AscentPICK,bo5,1.51,313,25,16,4,78%,193,22%,9,1,1.56
xenom,MIBR,https://www.vlr.gg/player/20240/xenom,Americas,488020,216976,AscentPICK,bo5,0.93,150,13,14,10,87%,86,38%,0,1,0.93
Verno,MIBR,https://www.vlr.gg/player/21668/verno,Americas,488020,216976,AscentPICK,bo5,0.92,181,14,17,6,74%,115,14%,1,1,0.82
cortezia,MIBR,https://www.vlr.gg/player/5395/cortezia,Americas,488020,216976,AscentPICK,bo5,0.76,130,9,14,3,61%,89,33%,0,4,0.64
artzin,MIBR,https://www.vlr.gg/player/5957/artzin,Americas,488020,216976,AscentPICK,bo5,0.69,189,13,17,9,65%,123,11%,1,5,0.76
Cryocells,100T,https://www.vlr.gg/player/4147/cryocells,Americas,488020,216977,Pearl,bo5,1.22,248,20,14,2,77%,142,27%,7,2,1.43
eeiu,100T,https://www.vlr.gg/player/796/eeiu,Americas,488020,216977,Pearl,bo5,1.22,223,20,14,9,86%,148,29%,2,1,1.43
Boostio,100T,https://www.vlr.gg/player/604/boostio,Americas,488020,216977,Pearl,bo5,1.09,204,15,13,4,73%,140,28%,1,2,1.15
Asuna,100T,https://www.vlr.gg/player/601/asuna,Americas,488020,216977,Pearl,bo5,0.99,145,10,13,9,82%,99,23%,1,0,0.77
zander,100T,https://www.vlr.gg/player/8082/zander,Americas,488020,216977,Pearl,bo5,0.90,160,11,14,14,77%,111,24%,2,4,0.79
Verno,MIBR,https://www.vlr.gg/player/21668/verno,Americas,488020,216977,Pearl,bo5,1.34,229,18,12,12,77%,142,31%,2,1,1.5
cortezia,MIBR,https://www.vlr.gg/player/5395/cortezia,Americas,488020,216977,Pearl,bo5,1.19,202,16,15,5,77%,147,29%,1,2,1.07
aspas,MIBR,https://www.vlr.gg/player/8480/aspas,Americas,488020,216977,Pearl,bo5,0.94,217,16,17,3,55%,132,27%,6,3,0.94
artzin,MIBR,https://www.vlr.gg/player/5957/artzin,Americas,488020,216977,Pearl,bo5,0.75,177,13,17,6,64%,119,25%,0,5,0.76
xenom,MIBR,https://www.vlr.gg/player/20240/xenom,Americas,488020,216977,Pearl,bo5,0.53,76,5,15,11,50%,49,14%,0,2,0.33
yetujey,FUT,https://www.vlr.gg/player/8369/yetujey,EMEA,487985,216862,Split,bo3,1.46,241,23,12,4,88%,155,28%,3,0,1.92
qRaxs,FUT,https://www.vlr.gg/player/1139/qraxs,EMEA,487985,216862,Split,bo3,1.40,276,24,16,4,75%,183,28%,5,2,1.5
xeus,FUT,https://www.vlr.gg/player/12793/xeus,EMEA,487985,216862,Split,bo3,1.01,237,22,18,3,67%,152,44%,2,1,1.22
AtaKaptan,FUT,https://www.vlr.gg/player/6510/atakaptan,EMEA,487985,216862,Split,bo3,0.65,149,11,19,13,67%,99,28%,3,4,0.58
MrFaliN,FUT,https://www.vlr.gg/player/8044/mrfalin,EMEA,487985,216862,Split,bo3,0.63,137,12,17,3,63%,95,24%,2,2,0.71
SimonD4rk,APK,https://www.vlr.gg/player/1470/simond4rk,EMEA,487985,216862,Split,bo3,1.46,349,29,19,5,71%,217,27%,4,8,1.53
AvovA,APK,https://www.vlr.gg/player/1507/avova,EMEA,487985,216862,Split,bo3,1.24,210,18,17,8,75%,139,40%,1,0,1.06
batujnax,APK,https://www.vlr.gg/player/18615/batujnax,EMEA,487985,216862,Split,bo3,1.00,191,17,17,5,67%,119,30%,2,3,1.0
MOLSI,APK,https://www.vlr.gg/player/1281/molsi,EMEA,487985,216862,Split,bo3,0.68,139,10,18,5,67%,90,30%,1,2,0.56
Tag,APK,https://www.vlr.gg/player/12474/tag,EMEA,487985,216862,Split,bo3,0.34,106,8,21,5,50%,65,22%,1,2,0.38
AtaKaptan,FUT,https://www.vlr.gg/player/6510/atakaptan,EMEA,487985,216863,Lotus,bo3,1.82,316,26,10,12,91%,214,43%,4,0,2.6
MrFaliN,FUT,https://www.vlr.gg/player/8044/mrfalin,EMEA,487985,216863,Lotus,bo3,1.22,161,13,10,13,78%,90,19%,0,1,1.3
xeus,FUT,https://www.vlr.gg/player/12793/xeus,EMEA,487985,216863,Lotus,bo3,1.05,244,21,17,1,65%,136,38%,5,7,1.24
qRaxs,FUT,https://www.vlr.gg/player/1139/qraxs,EMEA,487985,216863,Lotus,bo3,1.01,148,12,11,6,78%,108,61%,1,2,1.09
yetujey,FUT,https://www.vlr.gg/player/8369/yetujey,EMEA,487985,216863,Lotus,bo3,0.85,134,12,11,3,70%,91,18%,2,1,1.09
batujnax,APK,https://www.vlr.gg/player/18615/batujnax,EMEA,487985,216863,Lotus,bo3,1.01,216,17,17,5,70%,130,24%,4,4,1.0
SimonD4rk,APK,https://www.vlr.gg/player/1470/simond4rk,EMEA,487985,216863,Lotus,bo3,0.98,229,18,18,8,74%,145,18%,4,5,1.0
Tag,APK,https://www.vlr.gg/player/12474/tag,EMEA,487985,216863,Lotus,bo3,0.83,149,11,15,4,57%,92,35%,2,2,0.73
AvovA,APK,https://www.vlr.gg/player/1507/avova,EMEA,487985,216863,Lotus,bo3,0.64,103,8,17,7,61%,69,25%,1,1,0.47
MOLSI,APK,https://www.vlr.gg/player/1281/molsi,EMEA,487985,216863,Lotus,bo3,0.59,102,5,17,14,65%,69,14%,0,0,0.29
Derke,VIT,https://www.vlr.gg/player/5022/derke,EMEA,487986,216865,Ascent,bo3,1.65,325,24,13,1,80%,188,24%,8,1,1.85
Sayf,VIT,https://www.vlr.gg/player/312/sayf,EMEA,487986,216865,Ascent,bo3,1.50,291,21,10,6,75%,198,29%,2,1,2.1
Less,VIT,https://www.vlr.gg/player/8447/less,EMEA,487986,216865,Ascent,bo3,1.47,270,20,10,6,85%,185,21%,2,1,2.0
CyvOph,VIT,https://www.vlr.gg/player/13258/cyvoph,EMEA,487986,216865,Ascent,bo3,0.98,152,13,11,4,70%,117,26%,0,1,1.18
Kicks,VIT,https://www.vlr.gg/player/11134/kicks,EMEA,487986,216865,Ascent,bo3,0.56,107,5,13,16,75%,84,25%,1,3,0.38
Cloud,GX,https://www.vlr.gg/player/4181/cloud,EMEA,487986,216865,Ascent,bo3,1.19,277,16,16,5,55%,211,22%,1,3,1.0
grubinho,GX,https://www.vlr.gg/player/5550/grubinho,EMEA,487986,216865,Ascent,bo3,1.06,234,15,18,11,70%,149,31%,3,0,0.83
Flickless,GX,https://www.vlr.gg/player/6959/flickless,EMEA,487986,216865,Ascent,bo3,0.70,124,8,16,10,60%,83,23%,0,2,0.5
ara,GX,https://www.vlr.gg/player/11332/ara,EMEA,487986,216865,Ascent,bo3,0.60,144,11,17,2,60%,90,29%,3,6,0.65
westside,GX,https://www.vlr.gg/player/34684/westside,EMEA,487986,216865,Ascent,bo3,0.52,108,7,16,4,45%,67,50%,0,2,0.44
Derke,VIT,https://www.vlr.gg/player/5022/derke,EMEA,487986,216866,Lotus,bo3,1.13,252,17,16,6,76%,166,24%,6,2,1.06
Sayf,VIT,https://www.vlr.gg/player/312/sayf,EMEA,487986,216866,Lotus,bo3,1.07,175,14,15,14,81%,104,29%,0,1,0.93
CyvOph,VIT,https://www.vlr.gg/player/13258/cyvoph,EMEA,487986,216866,Lotus,bo3,1.02,233,17,16,12,76%,144,40%,0,0,1.06
Kicks,VIT,https://www.vlr.gg/player/11134/kicks,EMEA,487986,216866,Lotus,bo3,0.70,163,12,16,2,52%,131,34%,0,4,0.75
Less,VIT,https://www.vlr.gg/player/8447/less,EMEA,487986,216866,Lotus,bo3,0.63,162,11,16,7,62%,106,31%,2,6,0.69
Cloud,GX,https://www.vlr.gg/player/4181/cloud,EMEA,487986,216866,Lotus,bo3,1.48,285,22,13,5,86%,178,22%,2,1,1.69
ara,GX,https://www.vlr.gg/player/11332/ara,EMEA,487986,216866,Lotus,bo3,1.33,266,19,15,7,76%,163,40%,6,0,1.27
Flickless,GX,https://www.vlr.gg/player/6959/flickless,EMEA,487986,216866,Lotus,bo3,1.03,178,13,14,15,67%,119,36%,1,1,0.93
westside,GX,https://www.vlr.gg/player/34684/westside,EMEA,487986,216866,Lotus,bo3,0.91,170,14,13,6,81%,118,39%,2,3,1.08
grubinho,GX,https://www.vlr.gg/player/5550/grubinho,EMEA,487986,216866,Lotus,bo3,0.66,155,11,16,8,57%,86,20%,2,3,0.69
Derke,VIT,https://www.vlr.gg/player/5022/derke,EMEA,487986,216867,Haven,bo3,1.93,337,20,6,3,94%,196,16%,5,2,3.33
CyvOph,VIT,https://www.vlr.gg/player/13258/cyvoph,EMEA,487986,216867,Haven,bo3,1.42,184,12,7,11,94%,121,19%,2,1,1.71
Sayf,VIT,https://www.vlr.gg/player/312/sayf,EMEA,487986,216867,Haven,bo3,1.18,248,15,9,3,81%,164,24%,5,1,1.67
Less,VIT,https://www.vlr.gg/player/8447/less,EMEA,487986,216867,Haven,bo3,1.11,165,10,7,6,75%,116,16%,0,0,1.43
Kicks,VIT,https://www.vlr.gg/player/11134/kicks,EMEA,487986,216867,Haven,bo3,1.07,178,11,9,6,88%,132,23%,0,0,1.22
westside,GX,https://www.vlr.gg/player/34684/westside,EMEA,487986,216867,Haven,bo3,0.87,180,11,13,1,63%,119,48%,0,1,0.85
Cloud,GX,https://www.vlr.gg/player/4181/cloud,EMEA,487986,216867,Haven,bo3,0.61,168,8,14,3,50%,122,27%,2,2,0.57
Flickless,GX,https://www.vlr.gg/player/6959/flickless,EMEA,487986,216867,Haven,bo3,0.51,111,6,13,2,56%,72,43%,1,3,0.46
ara,GX,https://www.vlr.gg/player/11332/ara,EMEA,487986,216867,Haven,bo3,0.47,128,7,13,1,50%,98,26%,0,2,0.54
grubinho,GX,https://www.vlr.gg/player/5550/grubinho,EMEA,487986,216867,Haven,bo3,0.33,115,6,15,3,50%,66,35%,1,4,0.4
Ruxic,NAVI,https://www.vlr.gg/player/18677/ruxic,EMEA,487987,216868,Fracture,bo3,2.24,424,32,10,13,86%,277,36%,2,0,3.2
hiro,NAVI,https://www.vlr.gg/player/29867/hiro,EMEA,487987,216868,Fracture,bo3,1.62,329,23,14,5,81%,211,21%,4,1,1.64
Shao,NAVI,https://www.vlr.gg/player/384/shao,EMEA,487987,216868,Fracture,bo3,1.22,198,17,11,2,76%,146,44%,1,1,1.55
koalanoob,NAVI,https://www.vlr.gg/player/3722/koalanoob,EMEA,487987,216868,Fracture,bo3,0.46,126,10,17,3,71%,78,26%,4,6,0.59
ANGE1,NAVI,https://www.vlr.gg/player/109/ange1,EMEA,487987,216868,Fracture,bo3,0.14,53,3,15,7,67%,43,12%,0,2,0.2
Minny,M8,https://www.vlr.gg/player/23169/minny,EMEA,487987,216868,Fracture,bo3,1.11,265,18,18,3,62%,172,49%,3,1,1.0
Veqaj,M8,https://www.vlr.gg/player/12928/veqaj,EMEA,487987,216868,Fracture,bo3,1.04,201,15,17,2,52%,136,31%,6,6,0.88
kamyk,M8,https://www.vlr.gg/player/1475/kamyk,EMEA,487987,216868,Fracture,bo3,0.87,193,13,17,12,67%,130,27%,0,2,0.76
Proxh,M8,https://www.vlr.gg/player/45494/proxh,EMEA,487987,216868,Fracture,bo3,0.74,135,11,15,4,62%,95,21%,1,1,0.73
Zyppan,M8,https://www.vlr.gg/player/11/zyppan,EMEA,487987,216868,Fracture,bo3,0.56,141,10,18,5,71%,81,15%,0,1,0.56
Ruxic,NAVI,https://www.vlr.gg/player/18677/ruxic,EMEA,487987,216869,Icebox,bo3,1.32,302,26,18,10,83%,182,43%,1,2,1.44
Shao,NAVI,https://www.vlr.gg/player/384/shao,EMEA,487987,216869,Icebox,bo3,1.17,233,19,16,4,79%,143,31%,3,1,1.19
koalanoob,NAVI,https://www.vlr.gg/player/3722/koalanoob,EMEA,487987,216869,Icebox,bo3,0.99,184,15,14,6,79%,128,20%,5,1,1.07
hiro,NAVI,https://www.vlr.gg/player/29867/hiro,EMEA,487987,216869,Icebox,bo3,0.85,186,16,18,3,63%,129,25%,2,5,0.89
ANGE1,NAVI,https://www.vlr.gg/player/109/ange1,EMEA,487987,216869,Icebox,bo3,0.64,125,11,15,4,75%,91,22%,1,3,0.73
Proxh,M8,https://www.vlr.gg/player/45494/proxh,EMEA,487987,216869,Icebox,bo3,1.28,231,19,16,13,71%,139,39%,1,2,1.19
Veqaj,M8,https://www.vlr.gg/player/12928/veqaj,EMEA,487987,216869,Icebox,bo3,1.08,207,19,15,2,75%,132,20%,4,4,1.27
kamyk,M8,https://www.vlr.gg/player/1475/kamyk,EMEA,487987,216869,Icebox,bo3,1.06,196,15,18,11,75%,125,33%,4,1,0.83
Minny,M8,https://www.vlr.gg/player/23169/minny,EMEA,487987,216869,Icebox,bo3,0.80,190,16,18,2,63%,119,29%,1,3,0.89
Zyppan,M8,https://www.vlr.gg/player/11/zyppan,EMEA,487987,216869,Icebox,bo3,0.67,151,12,20,5,63%,119,28%,2,2,0.6
Avez,KC,https://www.vlr.gg/player/5654/avez,EMEA,487988,216871,Ascent,bo3,1.34,232,28,18,10,78%,140,30%,2,2,1.56
SUYGETSU,KC,https://www.vlr.gg/player/2858/suygetsu,EMEA,487988,216871,Ascent,bo3,1.05,217,27,23,9,81%,137,40%,2,3,1.17
saadhak,KC,https://www.vlr.gg/player/727/saadhak,EMEA,487988,216871,Ascent,bo3,1.02,222,23,24,17,69%,141,26%,3,5,0.96
Elite,KC,https://www.vlr.gg/player/16459/elite,EMEA,487988,216871,Ascent,bo3,1.02,174,19,19,10,72%,124,38%,3,2,1.0
marteen,KC,https://www.vlr.gg/player/10307/marteen,EMEA,487988,216871,Ascent,bo3,0.96,233,26,26,9,78%,149,35%,7,3,1.0
MONSTEERR,MKOI,https://www.vlr.gg/player/3127/monsteerr,EMEA,487988,216871,Ascent,bo3,1.19,239,26,24,9,72%,158,32%,2,2,1.08
Filu,MKOI,https://www.vlr.gg/player/4544/filu,EMEA,487988,216871,Ascent,bo3,1.18,220,26,21,5,78%,135,27%,4,5,1.24
nataNk,MKOI,https://www.vlr.gg/player/5004/natank,EMEA,487988,216871,Ascent,bo3,0.96,168,19,24,17,69%,112,25%,3,6,0.79
flyuh,MKOI,https://www.vlr.gg/player/3685/flyuh,EMEA,487988,216871,Ascent,bo3,0.94,250,26,27,10,75%,173,23%,6,2,0.96
baddyG,MKOI,https://www.vlr.gg/player/2190/baddyg,EMEA,487988,216871,Ascent,bo3,0.45,120,13,27,9,69%,81,9%,0,2,0.48
Elite,KC,https://www.vlr.gg/player/16459/elite,EMEA,487988,216872,Haven,bo3,1.43,196,18,10,1,68%,146,46%,1,0,1.8
SUYGETSU,KC,https://www.vlr.gg/player/2858/suygetsu,EMEA,487988,216872,Haven,bo3,1.42,244,20,13,10,64%,156,41%,4,4,1.54
marteen,KC,https://www.vlr.gg/player/10307/marteen,EMEA,487988,216872,Haven,bo3,1.17,250,19,16,9,77%,160,28%,2,0,1.19
saadhak,KC,https://www.vlr.gg/player/727/saadhak,EMEA,487988,216872,Haven,bo3,0.87,147,11,11,3,77%,88,24%,3,2,1.0
Avez,KC,https://www.vlr.gg/player/5654/avez,EMEA,487988,216872,Haven,bo3,0.82,179,11,15,12,68%,130,22%,3,3,0.73
flyuh,MKOI,https://www.vlr.gg/player/3685/flyuh,EMEA,487988,216872,Haven,bo3,1.31,260,19,14,6,77%,169,32%,2,2,1.36
baddyG,MKOI,https://www.vlr.gg/player/2190/baddyg,EMEA,487988,216872,Haven,bo3,0.82,189,15,16,4,64%,124,19%,2,3,0.94
nataNk,MKOI,https://www.vlr.gg/player/5004/natank,EMEA,487988,216872,Haven,bo3,0.80,110,8,15,9,77%,73,29%,1,0,0.53
Filu,MKOI,https://www.vlr.gg/player/4544/filu,EMEA,487988,216872,Haven,bo3,0.77,161,13,16,2,50%,97,29%,2,3,0.81
MONSTEERR,MKOI,https://www.vlr.gg/player/3127/monsteerr,EMEA,487988,216872,Haven,bo3,0.48,139,10,18,3,41%,102,22%,2,5,0.56
qRaxs,FUT,https://www.vlr.gg/player/1139/qraxs,EMEA,487989,216874,FracturePICK,bo3,1.67,280,20,11,5,84%,168,26%,3,0,1.82
AtaKaptan,FUT,https://www.vlr.gg/player/6510/atakaptan,EMEA,487989,216874,FracturePICK,bo3,1.38,269,17,13,18,89%,164,36%,4,0,1.31
MrFaliN,FUT,https://www.vlr.gg/player/8044/mrfalin,EMEA,487989,216874,FracturePICK,bo3,1.25,198,13,10,11,89%,138,32%,1,1,1.3
yetujey,FUT,https://www.vlr.gg/player/8369/yetujey,EMEA,487989,216874,FracturePICK,bo3,1.17,158,13,10,4,74%,101,19%,1,1,1.3
xeus,FUT,https://www.vlr.gg/player/12793/xeus,EMEA,487989,216874,FracturePICK,bo3,0.83,210,14,14,6,68%,140,36%,5,3,1.0
CyvOph,VIT,https://www.vlr.gg/player/13258/cyvoph,EMEA,487989,216874,FracturePICK,bo3,1.01,225,14,16,7,84%,142,23%,0,2,0.88
Less,VIT,https://www.vlr.gg/player/8447/less,EMEA,487989,216874,FracturePICK,bo3,0.82,187,11,14,3,58%,123,17%,1,2,0.79
Sayf,VIT,https://www.vlr.gg/player/312/sayf,EMEA,487989,216874,FracturePICK,bo3,0.77,151,10,14,8,58%,107,23%,0,1,0.71
Derke,VIT,https://www.vlr.gg/player/5022/derke,EMEA,487989,216874,FracturePICK,bo3,0.66,195,13,17,2,58%,120,23%,3,7,0.76
Kicks,VIT,https://www.vlr.gg/player/11134/kicks,EMEA,487989,216874,FracturePICK,bo3,0.60,152,9,16,3,63%,103,16%,1,2,0.56
AtaKaptan,FUT,https://www.vlr.gg/player/6510/atakaptan,EMEA,487989,216875,HavenPICK,bo3,1.65,294,22,11,9,84%,173,34%,4,0,2.0
yetujey,FUT,https://www.vlr.gg/player/8369/yetujey,EMEA,487989,216875,HavenPICK,bo3,1.26,216,15,11,5,79%,145,30%,2,0,1.36
MrFaliN,FUT,https://www.vlr.gg/player/8044/mrfalin,EMEA,487989,216875,HavenPICK,bo3,1.20,200,10,8,10,84%,145,19%,1,1,1.25
qRaxs,FUT,https://www.vlr.gg/player/1139/qraxs,EMEA,487989,216875,HavenPICK,bo3,0.98,211,14,13,4,84%,133,18%,5,1,1.08
xeus,FUT,https://www.vlr.gg/player/12793/xeus,EMEA,487989,216875,HavenPICK,bo3,0.79,116,10,10,1,63%,81,64%,3,2,1.0
Less,VIT,https://www.vlr.gg/player/8447/less,EMEA,487989,216875,HavenPICK,bo3,1.37,254,17,12,5,68%,161,20%,0,1,1.42
Sayf,VIT,https://www.vlr.gg/player/312/sayf,EMEA,487989,216875,HavenPICK,bo3,1.00,249,14,17,5,84%,152,17%,3,2,0.82
CyvOph,VIT,https://www.vlr.gg/player/13258/cyvoph,EMEA,487989,216875,HavenPICK,bo3,0.66,124,8,14,3,63%,88,18%,0,4,0.57
Derke,VIT,https://www.vlr.gg/player/5022/derke,EMEA,487989,216875,HavenPICK,bo3,0.59,128,9,14,2,53%,85,47%,0,6,0.64
Kicks,VIT,https://www.vlr.gg/player/11134/kicks,EMEA,487989,216875,HavenPICK,bo3,0.46,89,5,14,3,58%,69,17%,1,2,0.36
Ruxic,NAVI,https://www.vlr.gg/player/18677/ruxic,EMEA,487990,216877,HavenPICK,bo3,1.22,264,17,15,6,80%,173,38%,5,1,1.13
Shao,NAVI,https://www.vlr.gg/player/384/shao,EMEA,487990,216877,HavenPICK,bo3,0.92,152,12,14,2,65%,110,29%,0,0,0.86
hiro,NAVI,https://www.vlr.gg/player/29867/hiro,EMEA,487990,216877,HavenPICK,bo3,0.90,175,14,16,3,65%,113,39%,2,1,0.88
ANGE1,NAVI,https://www.vlr.gg/player/109/ange1,EMEA,487990,216877,HavenPICK,bo3,0.62,133,7,16,10,50%,104,40%,0,2,0.44
koalanoob,NAVI,https://www.vlr.gg/player/3722/koalanoob,EMEA,487990,216877,HavenPICK,bo3,0.30,117,7,18,4,45%,75,21%,3,6,0.39
Avez,KC,https://www.vlr.gg/player/5654/avez,EMEA,487990,216877,HavenPICK,bo3,1.59,284,21,11,5,85%,185,43%,3,1,1.91
SUYGETSU,KC,https://www.vlr.gg/player/2858/suygetsu,EMEA,487990,216877,HavenPICK,bo3,1.50,250,17,10,12,90%,175,40%,2,1,1.7
Elite,KC,https://www.vlr.gg/player/16459/elite,EMEA,487990,216877,HavenPICK,bo3,1.24,199,16,10,3,95%,130,53%,0,0,1.6
marteen,KC,https://www.vlr.gg/player/10307/marteen,EMEA,487990,216877,HavenPICK,bo3,1.24,290,22,13,3,65%,164,28%,4,2,1.69
saadhak,KC,https://www.vlr.gg/player/727/saadhak,EMEA,487990,216877,HavenPICK,bo3,0.40,58,3,13,3,75%,56,17%,1,6,0.23
hiro,NAVI,https://www.vlr.gg/player/29867/hiro,EMEA,487990,216878,IceboxPICK,bo3,1.56,312,34,21,7,70%,206,43%,7,4,1.62
koalanoob,NAVI,https://www.vlr.gg/player/3722/koalanoob,EMEA,487990,216878,IceboxPICK,bo3,0.84,183,19,23,10,73%,128,25%,1,4,0.83
ANGE1,NAVI,https://www.vlr.gg/player/109/ange1,EMEA,487990,216878,IceboxPICK,bo3,0.81,171,19,23,3,73%,117,20%,1,2,0.83
Shao,NAVI,https://www.vlr.gg/player/384/shao,EMEA,487990,216878,IceboxPICK,bo3,0.60,150,16,25,4,67%,102,34%,1,5,0.64
Ruxic,NAVI,https://www.vlr.gg/player/18677/ruxic,EMEA,487990,216878,IceboxPICK,bo3,0.59,177,16,27,10,63%,111,18%,3,2,0.59
Avez,KC,https://www.vlr.gg/player/5654/avez,EMEA,487990,216878,IceboxPICK,bo3,1.30,283,30,22,9,83%,185,29%,6,3,1.36
saadhak,KC,https://www.vlr.gg/player/727/saadhak,EMEA,487990,216878,IceboxPICK,bo3,1.23,254,24,22,23,87%,152,17%,5,2,1.09
Elite,KC,https://www.vlr.gg/player/16459/elite,EMEA,487990,216878,IceboxPICK,bo3,1.14,201,25,19,2,77%,143,38%,1,2,1.32
SUYGETSU,KC,https://www.vlr.gg/player/2858/suygetsu,EMEA,487990,216878,IceboxPICK,bo3,1.09,214,18,20,13,77%,157,38%,2,2,0.9
marteen,KC,https://www.vlr.gg/player/10307/marteen,EMEA,487990,216878,IceboxPICK,bo3,0.92,187,22,21,7,73%,103,43%,3,4,1.05
MOLSI,APK,https://www.vlr.gg/player/1281/molsi,EMEA,487992,216883,HavenPICK,bo3,1.71,348,25,15,5,71%,208,47%,2,0,1.67
SimonD4rk,APK,https://www.vlr.gg/player/1470/simond4rk,EMEA,487992,216883,HavenPICK,bo3,0.91,177,13,15,5,67%,112,19%,5,4,0.87
Tag,APK,https://www.vlr.gg/player/12474/tag,EMEA,487992,216883,HavenPICK,bo3,0.65,139,12,14,1,57%,80,34%,1,4,0.86
AvovA,APK,https://www.vlr.gg/player/1507/avova,EMEA,487992,216883,HavenPICK,bo3,0.58,134,9,19,15,71%,82,24%,1,2,0.47
batujnax,APK,https://www.vlr.gg/player/18615/batujnax,EMEA,487992,216883,HavenPICK,bo3,0.57,112,6,18,11,62%,83,23%,0,2,0.33
grubinho,GX,https://www.vlr.gg/player/5550/grubinho,EMEA,487992,216883,HavenPICK,bo3,1.38,282,22,15,10,90%,181,39%,1,0,1.47
Cloud,GX,https://www.vlr.gg/player/4181/cloud,EMEA,487992,216883,HavenPICK,bo3,1.24,199,15,11,7,86%,129,26%,1,1,1.36
Flickless,GX,https://www.vlr.gg/player/6959/flickless,EMEA,487992,216883,HavenPICK,bo3,1.08,189,14,13,16,86%,128,22%,2,2,1.08
ara,GX,https://www.vlr.gg/player/11332/ara,EMEA,487992,216883,HavenPICK,bo3,1.05,205,15,13,3,76%,151,42%,7,5,1.15
westside,GX,https://www.vlr.gg/player/34684/westside,EMEA,487992,216883,HavenPICK,bo3,0.99,165,15,13,5,76%,109,45%,1,1,1.15
batujnax,APK,https://www.vlr.gg/player/18615/batujnax,EMEA,487992,216884,LotusPICK,bo3,1.45,314,25,19,9,79%,212,25%,2,2,1.32
MOLSI,APK,https://www.vlr.gg/player/1281/molsi,EMEA,487992,216884,LotusPICK,bo3,1.01,209,17,20,13,75%,143,45%,2,3,0.85
SimonD4rk,APK,https://www.vlr.gg/player/1470/simond4rk,EMEA,487992,216884,LotusPICK,bo3,0.81,218,18,21,4,79%,140,25%,5,5,0.86
Tag,APK,https://www.vlr.gg/player/12474/tag,EMEA,487992,216884,LotusPICK,bo3,0.72,168,14,20,5,42%,116,29%,1,1,0.7
AvovA,APK,https://www.vlr.gg/player/1507/avova,EMEA,487992,216884,LotusPICK,bo3,0.59,105,8,18,12,58%,74,27%,1,2,0.44
ara,GX,https://www.vlr.gg/player/11332/ara,EMEA,487992,216884,LotusPICK,bo3,1.59,306,29,17,8,88%,193,38%,6,3,1.71
Cloud,GX,https://www.vlr.gg/player/4181/cloud,EMEA,487992,216884,LotusPICK,bo3,1.21,268,22,17,10,83%,176,12%,3,1,1.29
grubinho,GX,https://www.vlr.gg/player/5550/grubinho,EMEA,487992,216884,LotusPICK,bo3,1.04,199,16,17,16,79%,130,18%,2,2,0.94
Flickless,GX,https://www.vlr.gg/player/6959/flickless,EMEA,487992,216884,LotusPICK,bo3,1.00,210,17,17,15,75%,154,32%,1,2,1.0
westside,GX,https://www.vlr.gg/player/34684/westside,EMEA,487992,216884,LotusPICK,bo3,0.92,146,14,14,7,75%,97,37%,1,3,1.0
Minny,M8,https://www.vlr.gg/player/23169/minny,EMEA,487993,216886,Haven,bo3,1.50,262,23,10,3,76%,160,21%,5,4,2.3
Veqaj,M8,https://www.vlr.gg/player/12928/veqaj,EMEA,487993,216886,Haven,bo3,1.43,257,20,12,1,71%,148,18%,7,2,1.67
Zyppan,M8,https://www.vlr.gg/player/11/zyppan,EMEA,487993,216886,Haven,bo3,1.26,227,17,13,9,81%,149,34%,1,0,1.31
kamyk,M8,https://www.vlr.gg/player/1475/kamyk,EMEA,487993,216886,Haven,bo3,1.02,158,11,13,15,86%,101,31%,1,1,0.85
Proxh,M8,https://www.vlr.gg/player/45494/proxh,EMEA,487993,216886,Haven,bo3,0.96,166,11,13,16,90%,115,30%,0,0,0.85
nataNk,MKOI,https://www.vlr.gg/player/5004/natank,EMEA,487993,216886,Haven,bo3,1.05,204,15,16,9,71%,151,33%,0,2,0.94
MONSTEERR,MKOI,https://www.vlr.gg/player/3127/monsteerr,EMEA,487993,216886,Haven,bo3,1.01,215,16,17,5,62%,135,40%,2,3,0.94
baddyG,MKOI,https://www.vlr.gg/player/2190/baddyg,EMEA,487993,216886,Haven,bo3,0.87,177,13,16,8,67%,105,21%,2,3,0.81
Filu,MKOI,https://www.vlr.gg/player/4544/filu,EMEA,487993,216886,Haven,bo3,0.53,141,10,17,1,71%,88,38%,2,4,0.59
flyuh,MKOI,https://www.vlr.gg/player/3685/flyuh,EMEA,487993,216886,Haven,bo3,0.52,108,7,16,7,62%,82,33%,1,2,0.44
Minny,M8,https://www.vlr.gg/player/23169/minny,EMEA,487993,216887,Ascent,bo3,1.28,270,23,16,2,83%,183,29%,5,1,1.44
Zyppan,M8,https://www.vlr.gg/player/11/zyppan,EMEA,487993,216887,Ascent,bo3,1.11,186,14,13,9,70%,137,34%,2,0,1.08
Veqaj,M8,https://www.vlr.gg/player/12928/veqaj,EMEA,487993,216887,Ascent,bo3,1.09,211,18,16,3,74%,134,33%,5,3,1.12
Proxh,M8,https://www.vlr.gg/player/45494/proxh,EMEA,487993,216887,Ascent,bo3,1.04,167,15,14,12,74%,111,34%,2,1,1.07
kamyk,M8,https://www.vlr.gg/player/1475/kamyk,EMEA,487993,216887,Ascent,bo3,1.02,198,14,16,19,87%,136,21%,3,1,0.88
MONSTEERR,MKOI,https://www.vlr.gg/player/3127/monsteerr,EMEA,487993,216887,Ascent,bo3,1.39,275,23,17,7,65%,176,30%,5,1,1.35
Filu,MKOI,https://www.vlr.gg/player/4544/filu,EMEA,487993,216887,Ascent,bo3,1.08,210,17,16,4,78%,132,32%,0,1,1.06
flyuh,MKOI,https://www.vlr.gg/player/3685/flyuh,EMEA,487993,216887,Ascent,bo3,1.00,214,16,17,6,57%,160,29%,0,4,0.94
baddyG,MKOI,https://www.vlr.gg/player/2190/baddyg,EMEA,487993,216887,Ascent,bo3,0.84,114,9,15,11,57%,79,26%,1,5,0.6
nataNk,MKOI,https://www.vlr.gg/player/5004/natank,EMEA,487993,216887,Ascent,bo3,0.41,120,9,19,7,65%,77,13%,0,6,0.47
MrFaliN,FUT,https://www.vlr.gg/player/8044/mrfalin,EMEA,487991,216880,LotusPICK,bo3,1.24,255,19,17,8,83%,171,38%,2,2,1.12
yetujey,FUT,https://www.vlr.gg/player/8369/yetujey,EMEA,487991,216880,LotusPICK,bo3,0.99,199,19,15,2,75%,114,19%,3,3,1.27
AtaKaptan,FUT,https://www.vlr.gg/player/6510/atakaptan,EMEA,487991,216880,LotusPICK,bo3,0.96,176,16,17,5,67%,116,28%,1,1,0.94
xeus,FUT,https://www.vlr.gg/player/12793/xeus,EMEA,487991,216880,LotusPICK,bo3,0.70,171,14,18,3,67%,114,28%,3,6,0.78
qRaxs,FUT,https://www.vlr.gg/player/1139/qraxs,EMEA,487991,216880,LotusPICK,bo3,0.50,95,9,18,5,50%,70,56%,1,2,0.5
Avez,KC,https://www.vlr.gg/player/5654/avez,EMEA,487991,216880,LotusPICK,bo3,1.38,259,23,16,2,75%,174,29%,2,1,1.44
SUYGETSU,KC,https://www.vlr.gg/player/2858/suygetsu,EMEA,487991,216880,LotusPICK,bo3,1.36,234,20,14,14,79%,150,40%,2,2,1.43
marteen,KC,https://www.vlr.gg/player/10307/marteen,EMEA,487991,216880,LotusPICK,bo3,1.11,197,16,15,11,75%,122,60%,6,4,1.07
Elite,KC,https://www.vlr.gg/player/16459/elite,EMEA,487991,216880,LotusPICK,bo3,0.89,196,16,16,4,67%,125,21%,2,0,1.0
saadhak,KC,https://www.vlr.gg/player/727/saadhak,EMEA,487991,216880,LotusPICK,bo3,0.70,143,10,16,10,63%,98,18%,2,3,0.62
xeus,FUT,https://www.vlr.gg/player/12793/xeus,EMEA,487991,216881,AscentPICK,bo3,1.14,312,24,18,4,82%,177,57%,6,2,1.33
MrFaliN,FUT,https://www.vlr.gg/player/8044/mrfalin,EMEA,487991,216881,AscentPICK,bo3,1.12,159,14,11,5,77%,105,31%,1,1,1.27
yetujey,FUT,https://www.vlr.gg/player/8369/yetujey,EMEA,487991,216881,AscentPICK,bo3,1.10,210,16,13,5,82%,148,26%,2,0,1.23
AtaKaptan,FUT,https://www.vlr.gg/player/6510/atakaptan,EMEA,487991,216881,AscentPICK,bo3,0.99,198,15,14,6,73%,143,47%,3,1,1.07
qRaxs,FUT,https://www.vlr.gg/player/1139/qraxs,EMEA,487991,216881,AscentPICK,bo3,0.84,150,13,14,3,73%,108,26%,2,4,0.93
Avez,KC,https://www.vlr.gg/player/5654/avez,EMEA,487991,216881,AscentPICK,bo3,1.38,219,17,14,7,77%,169,32%,1,1,1.21
Elite,KC,https://www.vlr.gg/player/16459/elite,EMEA,487991,216881,AscentPICK,bo3,1.12,189,16,14,4,68%,123,25%,3,3,1.14
saadhak,KC,https://www.vlr.gg/player/727/saadhak,EMEA,487991,216881,AscentPICK,bo3,1.05,207,16,17,10,59%,124,20%,1,5,0.94
SUYGETSU,KC,https://www.vlr.gg/player/2858/suygetsu,EMEA,487991,216881,AscentPICK,bo3,0.89,165,11,16,9,73%,119,36%,2,1,0.69
marteen,KC,https://www.vlr.gg/player/10307/marteen,EMEA,487991,216881,AscentPICK,bo3,0.37,139,10,21,3,55%,90,28%,1,4,0.48
MrFaliN,FUT,https://www.vlr.gg/player/8044/mrfalin,EMEA,487991,216882,Haven,bo3,1.08,221,14,15,7,60%,155,23%,1,1,0.93
qRaxs,FUT,https://www.vlr.gg/player/1139/qraxs,EMEA,487991,216882,Haven,bo3,0.89,186,13,17,4,50%,127,38%,1,0,0.76
yetujey,FUT,https://www.vlr.gg/player/8369/yetujey,EMEA,487991,216882,Haven,bo3,0.78,115,8,14,3,40%,92,30%,1,1,0.57
xeus,FUT,https://www.vlr.gg/player/12793/xeus,EMEA,487991,216882,Haven,bo3,0.48,173,12,19,0,45%,109,56%,4,6,0.63
AtaKaptan,FUT,https://www.vlr.gg/player/6510/atakaptan,EMEA,487991,216882,Haven,bo3,0.39,95,7,16,7,50%,61,40%,0,5,0.44
marteen,KC,https://www.vlr.gg/player/10307/marteen,EMEA,487991,216882,Haven,bo3,2.03,391,29,9,3,90%,252,44%,6,1,3.22
Elite,KC,https://www.vlr.gg/player/16459/elite,EMEA,487991,216882,Haven,bo3,1.22,199,15,9,2,65%,152,34%,2,1,1.67
SUYGETSU,KC,https://www.vlr.gg/player/2858/suygetsu,EMEA,487991,216882,Haven,bo3,1.10,162,11,11,7,85%,110,41%,0,1,1.0
saadhak,KC,https://www.vlr.gg/player/727/saadhak,EMEA,487991,216882,Haven,bo3,1.04,191,12,12,8,75%,125,18%,3,1,1.0
Avez,KC,https://www.vlr.gg/player/5654/avez,EMEA,487991,216882,Haven,bo3,1.03,217,14,13,12,80%,143,34%,2,3,1.08
Shao,NAVI,https://www.vlr.gg/player/384/shao,EMEA,487994,216889,AscentPICK,bo3,1.76,295,24,11,3,80%,180,43%,2,1,2.18
koalanoob,NAVI,https://www.vlr.gg/player/3722/koalanoob,EMEA,487994,216889,AscentPICK,bo3,1.01,218,14,14,5,80%,143,27%,4,2,1.0
Ruxic,NAVI,https://www.vlr.gg/player/18677/ruxic,EMEA,487994,216889,AscentPICK,bo3,0.99,181,13,12,12,85%,103,22%,2,1,1.08
hiro,NAVI,https://www.vlr.gg/player/29867/hiro,EMEA,487994,216889,AscentPICK,bo3,0.80,205,16,16,3,75%,132,37%,2,0,1.0
ANGE1,NAVI,https://www.vlr.gg/player/109/ange1,EMEA,487994,216889,AscentPICK,bo3,0.79,176,14,13,3,65%,130,40%,2,4,1.08
ara,GX,https://www.vlr.gg/player/11332/ara,EMEA,487994,216889,AscentPICK,bo3,1.49,301,23,15,3,75%,190,26%,4,2,1.53
grubinho,GX,https://www.vlr.gg/player/5550/grubinho,EMEA,487994,216889,AscentPICK,bo3,0.94,191,11,16,16,65%,124,23%,1,0,0.69
Cloud,GX,https://www.vlr.gg/player/4181/cloud,EMEA,487994,216889,AscentPICK,bo3,0.80,174,11,16,8,70%,114,15%,0,4,0.69
westside,GX,https://www.vlr.gg/player/34684/westside,EMEA,487994,216889,AscentPICK,bo3,0.79,184,12,18,6,70%,115,37%,2,2,0.67
Flickless,GX,https://www.vlr.gg/player/6959/flickless,EMEA,487994,216889,AscentPICK,bo3,0.71,139,9,16,13,65%,81,22%,1,4,0.56
koalanoob,NAVI,https://www.vlr.gg/player/3722/koalanoob,EMEA,487994,216890,PearlPICK,bo3,1.64,329,25,13,5,86%,197,28%,10,0,1.92
Ruxic,NAVI,https://www.vlr.gg/player/18677/ruxic,EMEA,487994,216890,PearlPICK,bo3,1.48,246,20,11,8,81%,173,35%,3,1,1.82
Shao,NAVI,https://www.vlr.gg/player/384/shao,EMEA,487994,216890,PearlPICK,bo3,1.30,216,16,12,7,81%,170,26%,1,0,1.33
hiro,NAVI,https://www.vlr.gg/player/29867/hiro,EMEA,487994,216890,PearlPICK,bo3,0.80,167,12,15,7,76%,119,24%,1,1,0.8
ANGE1,NAVI,https://www.vlr.gg/player/109/ange1,EMEA,487994,216890,PearlPICK,bo3,0.66,124,10,16,7,62%,81,28%,1,3,0.62
Cloud,GX,https://www.vlr.gg/player/4181/cloud,EMEA,487994,216890,PearlPICK,bo3,1.07,226,16,17,11,81%,163,28%,1,5,0.94
grubinho,GX,https://www.vlr.gg/player/5550/grubinho,EMEA,487994,216890,PearlPICK,bo3,0.98,186,16,16,5,62%,108,30%,1,4,1.0
ara,GX,https://www.vlr.gg/player/11332/ara,EMEA,487994,216890,PearlPICK,bo3,0.75,179,13,17,3,62%,117,42%,1,3,0.76
westside,GX,https://www.vlr.gg/player/34684/westside,EMEA,487994,216890,PearlPICK,bo3,0.72,149,10,16,3,62%,98,57%,1,4,0.62
Flickless,GX,https://www.vlr.gg/player/6959/flickless,EMEA,487994,216890,PearlPICK,bo3,0.71,165,12,17,7,71%,116,19%,1,0,0.71
Kicks,VIT,https://www.vlr.gg/player/11134/kicks,EMEA,487995,216892,SplitPICK,bo3,1.11,222,29,26,8,66%,147,16%,5,2,1.12
Less,VIT,https://www.vlr.gg/player/8447/less,EMEA,487995,216892,SplitPICK,bo3,1.05,249,32,26,12,74%,162,26%,3,0,1.23
Derke,VIT,https://www.vlr.gg/player/5022/derke,EMEA,487995,216892,SplitPICK,bo3,1.04,218,30,27,4,58%,136,28%,7,8,1.11
CyvOph,VIT,https://www.vlr.gg/player/13258/cyvoph,EMEA,487995,216892,SplitPICK,bo3,0.97,181,26,27,18,76%,114,22%,2,3,0.96
Sayf,VIT,https://www.vlr.gg/player/312/sayf,EMEA,487995,216892,SplitPICK,bo3,0.78,159,18,28,16,76%,107,25%,3,5,0.64
Veqaj,M8,https://www.vlr.gg/player/12928/veqaj,EMEA,487995,216892,SplitPICK,bo3,1.30,267,34,28,10,68%,181,27%,7,5,1.21
Minny,M8,https://www.vlr.gg/player/23169/minny,EMEA,487995,216892,SplitPICK,bo3,1.12,260,33,28,9,68%,168,36%,7,7,1.18
kamyk,M8,https://www.vlr.gg/player/1475/kamyk,EMEA,487995,216892,SplitPICK,bo3,1.03,204,29,26,16,68%,126,30%,2,5,1.12
Proxh,M8,https://www.vlr.gg/player/45494/proxh,EMEA,487995,216892,SplitPICK,bo3,0.88,149,18,26,22,74%,89,22%,0,3,0.69
Zyppan,M8,https://www.vlr.gg/player/11/zyppan,EMEA,487995,216892,SplitPICK,bo3,0.78,143,20,27,5,63%,90,19%,2,0,0.74
Derke,VIT,https://www.vlr.gg/player/5022/derke,EMEA,487995,216893,IceboxPICK,bo3,1.60,349,23,12,5,84%,222,18%,7,3,1.92
CyvOph,VIT,https://www.vlr.gg/player/13258/cyvoph,EMEA,487995,216893,IceboxPICK,bo3,1.36,275,20,10,5,84%,181,24%,2,1,2.0
Kicks,VIT,https://www.vlr.gg/player/11134/kicks,EMEA,487995,216893,IceboxPICK,bo3,1.18,167,13,10,5,89%,104,16%,1,0,1.3
Sayf,VIT,https://www.vlr.gg/player/312/sayf,EMEA,487995,216893,IceboxPICK,bo3,0.90,183,12,14,5,74%,122,13%,3,0,0.86
Less,VIT,https://www.vlr.gg/player/8447/less,EMEA,487995,216893,IceboxPICK,bo3,0.80,138,10,11,7,68%,94,27%,0,2,0.91
Proxh,M8,https://www.vlr.gg/player/45494/proxh,EMEA,487995,216893,IceboxPICK,bo3,1.05,198,13,14,6,79%,120,24%,0,2,0.93
Zyppan,M8,https://www.vlr.gg/player/11/zyppan,EMEA,487995,216893,IceboxPICK,bo3,1.03,232,15,15,1,68%,136,32%,1,3,1.0
Veqaj,M8,https://www.vlr.gg/player/12928/veqaj,EMEA,487995,216893,IceboxPICK,bo3,0.84,209,13,17,1,58%,128,55%,5,3,0.76
Minny,M8,https://www.vlr.gg/player/23169/minny,EMEA,487995,216893,IceboxPICK,bo3,0.71,176,12,15,3,79%,119,36%,0,3,0.8
kamyk,M8,https://www.vlr.gg/player/1475/kamyk,EMEA,487995,216893,IceboxPICK,bo3,0.17,71,4,17,4,37%,51,17%,0,2,0.24
Derke,VIT,https://www.vlr.gg/player/5022/derke,EMEA,487995,216894,Haven,bo3,0.97,223,13,15,7,78%,156,28%,3,3,0.87
CyvOph,VIT,https://www.vlr.gg/player/13258/cyvoph,EMEA,487995,216894,Haven,bo3,0.87,157,12,16,7,83%,99,40%,1,1,0.75
Kicks,VIT,https://www.vlr.gg/player/11134/kicks,EMEA,487995,216894,Haven,bo3,0.73,131,7,15,6,61%,94,28%,0,1,0.47
Sayf,VIT,https://www.vlr.gg/player/312/sayf,EMEA,487995,216894,Haven,bo3,0.71,163,9,15,5,72%,117,33%,4,2,0.6
Less,VIT,https://www.vlr.gg/player/8447/less,EMEA,487995,216894,Haven,bo3,0.49,132,8,14,3,56%,86,29%,1,2,0.57
Proxh,M8,https://www.vlr.gg/player/45494/proxh,EMEA,487995,216894,Haven,bo3,1.41,281,18,10,8,89%,166,18%,0,1,1.8
kamyk,M8,https://www.vlr.gg/player/1475/kamyk,EMEA,487995,216894,Haven,bo3,1.32,227,16,10,7,83%,150,29%,2,2,1.6
Zyppan,M8,https://www.vlr.gg/player/11/zyppan,EMEA,487995,216894,Haven,bo3,1.29,211,13,8,8,72%,171,23%,2,0,1.62
Minny,M8,https://www.vlr.gg/player/23169/minny,EMEA,487995,216894,Haven,bo3,1.17,179,12,8,6,83%,121,28%,1,4,1.5
Veqaj,M8,https://www.vlr.gg/player/12928/veqaj,EMEA,487995,216894,Haven,bo3,0.98,240,16,13,1,61%,161,38%,4,2,1.23
koalanoob,NAVI,https://www.vlr.gg/player/3722/koalanoob,EMEA,487996,216895,FracturePICK,bo3,1.27,285,23,19,4,78%,167,31%,6,5,1.21
hiro,NAVI,https://www.vlr.gg/player/29867/hiro,EMEA,487996,216895,FracturePICK,bo3,0.90,189,16,18,5,70%,127,24%,3,3,0.89
Shao,NAVI,https://www.vlr.gg/player/384/shao,EMEA,487996,216895,FracturePICK,bo3,0.81,148,10,17,10,74%,97,20%,1,0,0.59
Ruxic,NAVI,https://www.vlr.gg/player/18677/ruxic,EMEA,487996,216895,FracturePICK,bo3,0.77,163,13,19,9,65%,127,18%,1,0,0.68
ANGE1,NAVI,https://www.vlr.gg/player/109/ange1,EMEA,487996,216895,FracturePICK,bo3,0.61,136,9,17,15,74%,86,27%,1,3,0.53
Veqaj,M8,https://www.vlr.gg/player/12928/veqaj,EMEA,487996,216895,FracturePICK,bo3,1.64,311,28,13,1,83%,188,29%,6,4,2.15
Zyppan,M8,https://www.vlr.gg/player/11/zyppan,EMEA,487996,216895,FracturePICK,bo3,1.55,245,22,10,5,91%,155,28%,1,2,2.2
Proxh,M8,https://www.vlr.gg/player/45494/proxh,EMEA,487996,216895,FracturePICK,bo3,1.05,224,17,16,6,70%,151,13%,2,1,1.06
kamyk,M8,https://www.vlr.gg/player/1475/kamyk,EMEA,487996,216895,FracturePICK,bo3,0.91,133,8,14,22,78%,98,18%,0,1,0.57
Minny,M8,https://www.vlr.gg/player/23169/minny,EMEA,487996,216895,FracturePICK,bo3,0.73,184,15,18,3,61%,113,38%,2,4,0.83
hiro,NAVI,https://www.vlr.gg/player/29867/hiro,EMEA,487996,216896,AscentPICK,bo3,1.49,274,25,12,6,74%,184,23%,2,1,2.08
koalanoob,NAVI,https://www.vlr.gg/player/3722/koalanoob,EMEA,487996,216896,AscentPICK,bo3,1.32,289,24,14,8,83%,185,23%,3,2,1.71
Ruxic,NAVI,https://www.vlr.gg/player/18677/ruxic,EMEA,487996,216896,AscentPICK,bo3,1.15,262,20,16,14,65%,179,37%,4,3,1.25
Shao,NAVI,https://www.vlr.gg/player/384/shao,EMEA,487996,216896,AscentPICK,bo3,1.14,179,15,13,7,83%,138,40%,2,1,1.15
ANGE1,NAVI,https://www.vlr.gg/player/109/ange1,EMEA,487996,216896,AscentPICK,bo3,0.73,109,9,12,5,74%,82,35%,0,5,0.75
Veqaj,M8,https://www.vlr.gg/player/12928/veqaj,EMEA,487996,216896,AscentPICK,bo3,1.30,309,24,20,3,61%,191,21%,6,1,1.2
kamyk,M8,https://www.vlr.gg/player/1475/kamyk,EMEA,487996,216896,AscentPICK,bo3,1.02,184,14,17,11,61%,120,33%,4,2,0.82
Proxh,M8,https://www.vlr.gg/player/45494/proxh,EMEA,487996,216896,AscentPICK,bo3,0.90,194,15,20,13,65%,127,24%,1,3,0.75
Zyppan,M8,https://www.vlr.gg/player/11/zyppan,EMEA,487996,216896,AscentPICK,bo3,0.62,71,6,16,5,43%,56,26%,0,2,0.38
Minny,M8,https://www.vlr.gg/player/23169/minny,EMEA,487996,216896,AscentPICK,bo3,0.48,128,8,20,4,48%,98,40%,1,3,0.4
hiro,NAVI,https://www.vlr.gg/player/29867/hiro,EMEA,487996,216897,Icebox,bo3,2.21,359,23,7,6,94%,232,18%,4,0,3.29
Shao,NAVI,https://www.vlr.gg/player/384/shao,EMEA,487996,216897,Icebox,bo3,1.41,223,15,8,8,82%,166,33%,1,0,1.88
koalanoob,NAVI,https://www.vlr.gg/player/3722/koalanoob,EMEA,487996,216897,Icebox,bo3,1.22,276,17,11,8,88%,171,21%,5,2,1.55
ANGE1,NAVI,https://www.vlr.gg/player/109/ange1,EMEA,487996,216897,Icebox,bo3,1.14,192,12,10,7,100%,120,20%,2,0,1.2
Ruxic,NAVI,https://www.vlr.gg/player/18677/ruxic,EMEA,487996,216897,Icebox,bo3,0.98,192,11,10,9,82%,146,26%,2,1,1.1
kamyk,M8,https://www.vlr.gg/player/1475/kamyk,EMEA,487996,216897,Icebox,bo3,1.01,252,14,16,6,82%,161,35%,0,3,0.88
Minny,M8,https://www.vlr.gg/player/23169/minny,EMEA,487996,216897,Icebox,bo3,0.91,185,11,15,5,59%,120,29%,1,1,0.73
Proxh,M8,https://www.vlr.gg/player/45494/proxh,EMEA,487996,216897,Icebox,bo3,0.62,142,9,16,2,53%,98,38%,1,1,0.56
Zyppan,M8,https://www.vlr.gg/player/11/zyppan,EMEA,487996,216897,Icebox,bo3,0.45,108,6,15,4,41%,84,20%,0,2,0.4
Veqaj,M8,https://www.vlr.gg/player/12928/veqaj,EMEA,487996,216897,Icebox,bo3,0.33,117,6,16,3,65%,79,16%,1,7,0.38
AtaKaptan,FUT,https://www.vlr.gg/player/6510/atakaptan,EMEA,487997,216898,PearlPICK,bo3,1.21,241,24,19,11,75%,154,56%,3,4,1.26
MrFaliN,FUT,https://www.vlr.gg/player/8044/mrfalin,EMEA,487997,216898,PearlPICK,bo3,1.17,231,20,20,8,64%,146,22%,6,1,1.0
yetujey,FUT,https://www.vlr.gg/player/8369/yetujey,EMEA,487997,216898,PearlPICK,bo3,1.09,217,23,17,3,71%,139,35%,1,4,1.35
qRaxs,FUT,https://www.vlr.gg/player/1139/qraxs,EMEA,487997,216898,PearlPICK,bo3,0.84,192,19,23,7,71%,115,33%,4,1,0.83
xeus,FUT,https://www.vlr.gg/player/12793/xeus,EMEA,487997,216898,PearlPICK,bo3,0.58,163,16,25,9,64%,103,39%,0,4,0.64
hiro,NAVI,https://www.vlr.gg/player/29867/hiro,EMEA,487997,216898,PearlPICK,bo3,1.44,303,31,20,10,79%,194,28%,4,3,1.55
Shao,NAVI,https://www.vlr.gg/player/384/shao,EMEA,487997,216898,PearlPICK,bo3,1.32,264,26,18,6,86%,165,26%,3,1,1.44
Ruxic,NAVI,https://www.vlr.gg/player/18677/ruxic,EMEA,487997,216898,PearlPICK,bo3,1.19,236,23,21,9,71%,147,30%,4,3,1.1
ANGE1,NAVI,https://www.vlr.gg/player/109/ange1,EMEA,487997,216898,PearlPICK,bo3,0.71,155,13,20,11,68%,105,24%,2,2,0.65
koalanoob,NAVI,https://www.vlr.gg/player/3722/koalanoob,EMEA,487997,216898,PearlPICK,bo3,0.41,107,11,23,8,61%,84,24%,1,5,0.48
AtaKaptan,FUT,https://www.vlr.gg/player/6510/atakaptan,EMEA,487997,216899,AscentPICK,bo3,1.48,238,17,11,10,75%,151,46%,3,1,1.55
qRaxs,FUT,https://www.vlr.gg/player/1139/qraxs,EMEA,487997,216899,AscentPICK,bo3,1.39,264,20,14,14,80%,171,41%,4,1,1.43
yetujey,FUT,https://www.vlr.gg/player/8369/yetujey,EMEA,487997,216899,AscentPICK,bo3,1.36,228,19,11,0,95%,154,33%,1,2,1.73
MrFaliN,FUT,https://www.vlr.gg/player/8044/mrfalin,EMEA,487997,216899,AscentPICK,bo3,1.09,249,16,14,7,80%,173,20%,1,1,1.14
xeus,FUT,https://www.vlr.gg/player/12793/xeus,EMEA,487997,216899,AscentPICK,bo3,1.00,197,15,11,2,80%,121,24%,4,2,1.36
Shao,NAVI,https://www.vlr.gg/player/384/shao,EMEA,487997,216899,AscentPICK,bo3,0.89,184,12,16,5,60%,145,30%,0,3,0.75
koalanoob,NAVI,https://www.vlr.gg/player/3722/koalanoob,EMEA,487997,216899,AscentPICK,bo3,0.86,224,13,18,8,75%,160,33%,3,4,0.72
Ruxic,NAVI,https://www.vlr.gg/player/18677/ruxic,EMEA,487997,216899,AscentPICK,bo3,0.77,175,12,18,5,70%,140,39%,0,0,0.67
ANGE1,NAVI,https://www.vlr.gg/player/109/ange1,EMEA,487997,216899,AscentPICK,bo3,0.67,165,12,18,2,60%,94,35%,4,4,0.67
hiro,NAVI,https://www.vlr.gg/player/29867/hiro,EMEA,487997,216899,AscentPICK,bo3,0.58,144,11,17,2,60%,93,29%,0,2,0.65
kamo,TL,https://www.vlr.gg/player/14681/kamo,EMEA,487998,216901,HavenPICK,bo3,1.61,321,21,10,4,89%,221,24%,2,2,2.1
Serial,TL,https://www.vlr.gg/player/18162/serial,EMEA,487998,216901,HavenPICK,bo3,1.33,223,14,8,5,74%,137,38%,5,0,1.75
paTiTek,TL,https://www.vlr.gg/player/309/patitek,EMEA,487998,216901,HavenPICK,bo3,1.33,234,17,11,6,89%,166,26%,3,0,1.55
keiko,TL,https://www.vlr.gg/player/11494/keiko,EMEA,487998,216901,HavenPICK,bo3,1.21,198,13,9,5,95%,123,34%,3,2,1.44
nAts,TL,https://www.vlr.gg/player/457/nats,EMEA,487998,216901,HavenPICK,bo3,0.97,153,12,8,4,74%,115,27%,1,1,1.5
xeus,FUT,https://www.vlr.gg/player/12793/xeus,EMEA,487998,216901,HavenPICK,bo3,1.13,267,18,15,4,63%,159,48%,3,3,1.2
yetujey,FUT,https://www.vlr.gg/player/8369/yetujey,EMEA,487998,216901,HavenPICK,bo3,0.76,134,9,13,1,58%,84,26%,0,1,0.69
AtaKaptan,FUT,https://www.vlr.gg/player/6510/atakaptan,EMEA,487998,216901,HavenPICK,bo3,0.58,99,7,16,4,53%,70,35%,0,3,0.44
qRaxs,FUT,https://www.vlr.gg/player/1139/qraxs,EMEA,487998,216901,HavenPICK,bo3,0.40,113,6,16,4,53%,80,36%,1,6,0.38
MrFaliN,FUT,https://www.vlr.gg/player/8044/mrfalin,EMEA,487998,216901,HavenPICK,bo3,0.38,111,6,17,3,53%,76,17%,1,1,0.35
paTiTek,TL,https://www.vlr.gg/player/309/patitek,EMEA,487998,216902,SplitPICK,bo3,1.33,234,19,13,1,77%,151,33%,1,1,1.46
kamo,TL,https://www.vlr.gg/player/14681/kamo,EMEA,487998,216902,SplitPICK,bo3,1.32,264,22,14,1,68%,176,50%,4,5,1.57
nAts,TL,https://www.vlr.gg/player/457/nats,EMEA,487998,216902,SplitPICK,bo3,1.19,207,18,12,5,82%,130,48%,1,3,1.5
Serial,TL,https://www.vlr.gg/player/18162/serial,EMEA,487998,216902,SplitPICK,bo3,1.05,197,14,15,6,82%,159,48%,2,1,0.93
keiko,TL,https://www.vlr.gg/player/11494/keiko,EMEA,487998,216902,SplitPICK,bo3,0.72,146,9,16,5,82%,107,19%,2,2,0.56
xeus,FUT,https://www.vlr.gg/player/12793/xeus,EMEA,487998,216902,SplitPICK,bo3,1.14,247,20,16,4,59%,167,40%,6,4,1.25
MrFaliN,FUT,https://www.vlr.gg/player/8044/mrfalin,EMEA,487998,216902,SplitPICK,bo3,1.04,181,16,15,3,68%,110,27%,2,1,1.07
yetujey,FUT,https://www.vlr.gg/player/8369/yetujey,EMEA,487998,216902,SplitPICK,bo3,0.91,203,15,16,7,77%,140,24%,3,1,0.94
AtaKaptan,FUT,https://www.vlr.gg/player/6510/atakaptan,EMEA,487998,216902,SplitPICK,bo3,0.74,141,11,17,9,73%,88,35%,1,3,0.65
qRaxs,FUT,https://www.vlr.gg/player/1139/qraxs,EMEA,487998,216902,SplitPICK,bo3,0.50,139,8,18,4,64%,105,19%,0,1,0.44
LewN,BBL,https://www.vlr.gg/player/20144/lewn,EMEA,487999,216904,AscentPICK,bo3,1.22,258,20,15,5,73%,167,44%,3,1,1.33
PROFEK,BBL,https://www.vlr.gg/player/5554/profek,EMEA,487999,216904,AscentPICK,bo3,1.14,184,14,12,8,68%,106,13%,3,0,1.17
MAGNUM,BBL,https://www.vlr.gg/player/2173/magnum,EMEA,487999,216904,AscentPICK,bo3,1.13,196,15,15,11,77%,134,20%,1,1,1.0
Jamppi,BBL,https://www.vlr.gg/player/9780/jamppi,EMEA,487999,216904,AscentPICK,bo3,1.09,187,15,13,15,73%,121,21%,1,3,1.15
sociablEE,BBL,https://www.vlr.gg/player/5568/sociablee,EMEA,487999,216904,AscentPICK,bo3,0.96,189,16,15,4,73%,126,17%,6,3,1.07
Elite,KC,https://www.vlr.gg/player/16459/elite,EMEA,487999,216904,AscentPICK,bo3,1.37,228,19,13,2,77%,158,42%,2,0,1.46
saadhak,KC,https://www.vlr.gg/player/727/saadhak,EMEA,487999,216904,AscentPICK,bo3,1.04,210,15,14,10,77%,152,34%,1,3,1.07
marteen,KC,https://www.vlr.gg/player/10307/marteen,EMEA,487999,216904,AscentPICK,bo3,0.88,231,18,21,1,77%,159,47%,4,6,0.86
SUYGETSU,KC,https://www.vlr.gg/player/2858/suygetsu,EMEA,487999,216904,AscentPICK,bo3,0.82,152,11,15,5,59%,98,54%,1,3,0.73
Avez,KC,https://www.vlr.gg/player/5654/avez,EMEA,487999,216904,AscentPICK,bo3,0.48,109,7,17,6,68%,88,60%,0,2,0.41
PROFEK,BBL,https://www.vlr.gg/player/5554/profek,EMEA,487999,216905,HavenPICK,bo3,1.81,314,23,8,7,89%,189,29%,2,0,2.88
sociablEE,BBL,https://www.vlr.gg/player/5568/sociablee,EMEA,487999,216905,HavenPICK,bo3,1.61,293,20,8,7,95%,195,22%,3,0,2.5
Jamppi,BBL,https://www.vlr.gg/player/9780/jamppi,EMEA,487999,216905,HavenPICK,bo3,1.05,186,13,12,12,79%,121,34%,1,0,1.08
MAGNUM,BBL,https://www.vlr.gg/player/2173/magnum,EMEA,487999,216905,HavenPICK,bo3,1.05,204,13,11,8,79%,134,7%,2,3,1.18
LewN,BBL,https://www.vlr.gg/player/20144/lewn,EMEA,487999,216905,HavenPICK,bo3,0.82,161,12,11,1,68%,111,33%,4,4,1.09
Elite,KC,https://www.vlr.gg/player/16459/elite,EMEA,487999,216905,HavenPICK,bo3,0.95,209,14,16,2,58%,145,46%,1,1,0.88
SUYGETSU,KC,https://www.vlr.gg/player/2858/suygetsu,EMEA,487999,216905,HavenPICK,bo3,0.70,140,9,16,3,68%,86,53%,1,3,0.56
saadhak,KC,https://www.vlr.gg/player/727/saadhak,EMEA,487999,216905,HavenPICK,bo3,0.69,117,8,14,3,42%,88,40%,1,1,0.57
marteen,KC,https://www.vlr.gg/player/10307/marteen,EMEA,487999,216905,HavenPICK,bo3,0.68,151,10,17,2,58%,99,39%,1,2,0.59
Avez,KC,https://www.vlr.gg/player/5654/avez,EMEA,487999,216905,HavenPICK,bo3,0.52,154,8,18,3,63%,101,45%,3,5,0.44
keiko,TL,https://www.vlr.gg/player/11494/keiko,EMEA,488000,216907,LotusPICK,bo5,1.24,255,23,18,5,75%,169,47%,1,3,1.28
paTiTek,TL,https://www.vlr.gg/player/309/patitek,EMEA,488000,216907,LotusPICK,bo5,1.04,197,15,16,6,71%,143,25%,3,0,0.94
nAts,TL,https://www.vlr.gg/player/457/nats,EMEA,488000,216907,LotusPICK,bo5,0.89,157,13,16,3,63%,115,31%,5,1,0.81
kamo,TL,https://www.vlr.gg/player/14681/kamo,EMEA,488000,216907,LotusPICK,bo5,0.82,166,14,17,5,63%,121,43%,2,2,0.82
Serial,TL,https://www.vlr.gg/player/18162/serial,EMEA,488000,216907,LotusPICK,bo5,0.69,162,14,20,5,71%,97,29%,5,2,0.7
PROFEK,BBL,https://www.vlr.gg/player/5554/profek,EMEA,488000,216907,LotusPICK,bo5,1.65,269,25,12,10,83%,173,45%,1,2,2.08
Jamppi,BBL,https://www.vlr.gg/player/9780/jamppi,EMEA,488000,216907,LotusPICK,bo5,1.21,261,23,15,8,75%,161,18%,0,2,1.53
MAGNUM,BBL,https://www.vlr.gg/player/2173/magnum,EMEA,488000,216907,LotusPICK,bo5,1.11,211,16,16,7,79%,149,31%,2,2,1.0
sociablEE,BBL,https://www.vlr.gg/player/5568/sociablee,EMEA,488000,216907,LotusPICK,bo5,0.82,169,13,18,6,71%,130,23%,2,1,0.72
LewN,BBL,https://www.vlr.gg/player/20144/lewn,EMEA,488000,216907,LotusPICK,bo5,0.51,117,10,18,3,46%,83,19%,3,9,0.56
kamo,TL,https://www.vlr.gg/player/14681/kamo,EMEA,488000,216908,IceboxPICK,bo5,1.59,322,22,12,4,84%,209,25%,6,1,1.83
paTiTek,TL,https://www.vlr.gg/player/309/patitek,EMEA,488000,216908,IceboxPICK,bo5,1.37,219,16,9,6,79%,151,22%,2,2,1.78
Serial,TL,https://www.vlr.gg/player/18162/serial,EMEA,488000,216908,IceboxPICK,bo5,1.33,246,16,11,8,84%,178,24%,1,3,1.45
keiko,TL,https://www.vlr.gg/player/11494/keiko,EMEA,488000,216908,IceboxPICK,bo5,1.28,187,14,10,3,84%,143,34%,0,0,1.4
nAts,TL,https://www.vlr.gg/player/457/nats,EMEA,488000,216908,IceboxPICK,bo5,0.86,172,12,14,7,79%,120,28%,2,2,0.86
PROFEK,BBL,https://www.vlr.gg/player/5554/profek,EMEA,488000,216908,IceboxPICK,bo5,1.03,227,14,15,6,58%,144,19%,3,2,0.93
MAGNUM,BBL,https://www.vlr.gg/player/2173/magnum,EMEA,488000,216908,IceboxPICK,bo5,0.75,136,10,15,3,53%,90,22%,1,1,0.67
sociablEE,BBL,https://www.vlr.gg/player/5568/sociablee,EMEA,488000,216908,IceboxPICK,bo5,0.73,156,11,16,6,63%,123,28%,0,1,0.69
Jamppi,BBL,https://www.vlr.gg/player/9780/jamppi,EMEA,488000,216908,IceboxPICK,bo5,0.65,156,8,16,12,53%,111,22%,1,2,0.5
LewN,BBL,https://www.vlr.gg/player/20144/lewn,EMEA,488000,216908,IceboxPICK,bo5,0.64,235,13,18,4,47%,145,24%,3,5,0.72
kamo,TL,https://www.vlr.gg/player/14681/kamo,EMEA,488000,216909,AscentPICK,bo5,1.05,271,23,18,4,71%,178,38%,6,5,1.28
keiko,TL,https://www.vlr.gg/player/11494/keiko,EMEA,488000,216909,AscentPICK,bo5,1.04,184,15,16,6,71%,118,47%,2,1,0.94
Serial,TL,https://www.vlr.gg/player/18162/serial,EMEA,488000,216909,AscentPICK,bo5,0.99,193,17,16,5,67%,125,46%,3,1,1.06
paTiTek,TL,https://www.vlr.gg/player/309/patitek,EMEA,488000,216909,AscentPICK,bo5,0.80,168,15,18,3,79%,108,27%,2,1,0.83
nAts,TL,https://www.vlr.gg/player/457/nats,EMEA,488000,216909,AscentPICK,bo5,0.77,178,14,17,2,67%,126,33%,0,3,0.82
LewN,BBL,https://www.vlr.gg/player/20144/lewn,EMEA,488000,216909,AscentPICK,bo5,1.22,230,20,16,4,63%,141,34%,4,5,1.25
PROFEK,BBL,https://www.vlr.gg/player/5554/profek,EMEA,488000,216909,AscentPICK,bo5,1.21,196,18,13,9,83%,126,31%,4,2,1.38
Jamppi,BBL,https://www.vlr.gg/player/9780/jamppi,EMEA,488000,216909,AscentPICK,bo5,1.07,198,17,18,14,71%,128,32%,1,2,0.94
MAGNUM,BBL,https://www.vlr.gg/player/2173/magnum,EMEA,488000,216909,AscentPICK,bo5,0.93,193,15,18,9,71%,121,25%,1,3,0.83
sociablEE,BBL,https://www.vlr.gg/player/5568/sociablee,EMEA,488000,216909,AscentPICK,bo5,0.86,184,15,19,5,63%,110,19%,1,1,0.79
nAts,TL,https://www.vlr.gg/player/457/nats,EMEA,488000,216910,HavenPICK,bo5,1.16,225,19,18,7,71%,144,35%,4,1,1.06
paTiTek,TL,https://www.vlr.gg/player/309/patitek,EMEA,488000,216910,HavenPICK,bo5,1.11,218,17,17,3,58%,155,22%,1,2,1.0
keiko,TL,https://www.vlr.gg/player/11494/keiko,EMEA,488000,216910,HavenPICK,bo5,0.76,138,12,17,6,58%,94,37%,0,3,0.71
Serial,TL,https://www.vlr.gg/player/18162/serial,EMEA,488000,216910,HavenPICK,bo5,0.70,171,13,20,3,46%,110,35%,2,3,0.65
kamo,TL,https://www.vlr.gg/player/14681/kamo,EMEA,488000,216910,HavenPICK,bo5,0.69,171,14,20,4,63%,124,25%,4,4,0.7
Jamppi,BBL,https://www.vlr.gg/player/9780/jamppi,EMEA,488000,216910,HavenPICK,bo5,1.38,243,22,13,9,75%,158,30%,1,2,1.69
sociablEE,BBL,https://www.vlr.gg/player/5568/sociablee,EMEA,488000,216910,HavenPICK,bo5,1.26,198,17,13,7,79%,133,24%,2,1,1.31
PROFEK,BBL,https://www.vlr.gg/player/5554/profek,EMEA,488000,216910,HavenPICK,bo5,1.20,254,20,16,11,75%,163,26%,2,1,1.25
LewN,BBL,https://www.vlr.gg/player/20144/lewn,EMEA,488000,216910,HavenPICK,bo5,1.11,256,22,17,5,71%,169,25%,8,3,1.29
MAGNUM,BBL,https://www.vlr.gg/player/2173/magnum,EMEA,488000,216910,HavenPICK,bo5,0.69,136,11,16,7,71%,92,15%,0,4,0.69
MrFaliN,FUT,https://www.vlr.gg/player/8044/mrfalin,EMEA,488001,216912,AscentPICK,bo3,1.30,248,17,17,10,74%,175,23%,1,2,1.0
qRaxs,FUT,https://www.vlr.gg/player/1139/qraxs,EMEA,488001,216912,AscentPICK,bo3,0.97,192,15,17,9,65%,113,29%,3,3,0.88
AtaKaptan,FUT,https://www.vlr.gg/player/6510/atakaptan,EMEA,488001,216912,AscentPICK,bo3,0.75,155,14,18,4,61%,96,28%,0,1,0.78
yetujey,FUT,https://www.vlr.gg/player/8369/yetujey,EMEA,488001,216912,AscentPICK,bo3,0.68,106,9,17,6,61%,68,20%,3,2,0.53
xeus,FUT,https://www.vlr.gg/player/12793/xeus,EMEA,488001,216912,AscentPICK,bo3,0.68,192,15,19,2,57%,136,41%,3,5,0.79
SUYGETSU,KC,https://www.vlr.gg/player/2858/suygetsu,EMEA,488001,216912,AscentPICK,bo3,1.52,296,25,13,13,91%,197,48%,4,0,1.92
Avez,KC,https://www.vlr.gg/player/5654/avez,EMEA,488001,216912,AscentPICK,bo3,1.32,255,19,15,13,74%,178,38%,0,3,1.27
marteen,KC,https://www.vlr.gg/player/10307/marteen,EMEA,488001,216912,AscentPICK,bo3,1.11,219,20,14,3,78%,135,29%,5,3,1.43
saadhak,KC,https://www.vlr.gg/player/727/saadhak,EMEA,488001,216912,AscentPICK,bo3,0.98,155,11,14,12,74%,91,20%,3,4,0.79
Elite,KC,https://www.vlr.gg/player/16459/elite,EMEA,488001,216912,AscentPICK,bo3,0.89,144,13,14,7,74%,96,52%,1,0,0.93
qRaxs,FUT,https://www.vlr.gg/player/1139/qraxs,EMEA,488001,216913,HavenPICK,bo3,1.03,238,16,16,3,65%,147,36%,2,2,1.0
yetujey,FUT,https://www.vlr.gg/player/8369/yetujey,EMEA,488001,216913,HavenPICK,bo3,1.00,151,11,12,0,50%,101,30%,1,5,0.92
xeus,FUT,https://www.vlr.gg/player/12793/xeus,EMEA,488001,216913,HavenPICK,bo3,0.91,203,13,16,5,60%,135,42%,1,3,0.81
MrFaliN,FUT,https://www.vlr.gg/player/8044/mrfalin,EMEA,488001,216913,HavenPICK,bo3,0.58,112,5,14,8,60%,92,35%,0,3,0.36
AtaKaptan,FUT,https://www.vlr.gg/player/6510/atakaptan,EMEA,488001,216913,HavenPICK,bo3,0.58,141,9,17,9,60%,86,35%,1,2,0.53
Avez,KC,https://www.vlr.gg/player/5654/avez,EMEA,488001,216913,HavenPICK,bo3,1.56,282,18,10,9,90%,189,38%,3,0,1.8
marteen,KC,https://www.vlr.gg/player/10307/marteen,EMEA,488001,216913,HavenPICK,bo3,1.48,266,21,12,1,75%,187,35%,3,2,1.75
Elite,KC,https://www.vlr.gg/player/16459/elite,EMEA,488001,216913,HavenPICK,bo3,1.00,129,11,7,2,95%,102,59%,2,0,1.57
SUYGETSU,KC,https://www.vlr.gg/player/2858/suygetsu,EMEA,488001,216913,HavenPICK,bo3,0.92,173,14,12,5,90%,120,41%,2,0,1.17
saadhak,KC,https://www.vlr.gg/player/727/saadhak,EMEA,488001,216913,HavenPICK,bo3,0.82,179,11,13,6,80%,117,21%,5,3,0.85
keiko,TL,https://www.vlr.gg/player/11494/keiko,EMEA,488002,216915,SplitPICK,bo5,1.30,259,21,12,1,65%,163,33%,5,2,1.75
nAts,TL,https://www.vlr.gg/player/457/nats,EMEA,488002,216915,SplitPICK,bo5,1.29,254,17,12,7,75%,159,33%,2,1,1.42
paTiTek,TL,https://www.vlr.gg/player/309/patitek,EMEA,488002,216915,SplitPICK,bo5,1.29,204,16,9,6,85%,132,29%,3,2,1.78
Serial,TL,https://www.vlr.gg/player/18162/serial,EMEA,488002,216915,SplitPICK,bo5,1.17,218,15,12,7,85%,132,45%,1,1,1.25
kamo,TL,https://www.vlr.gg/player/14681/kamo,EMEA,488002,216915,SplitPICK,bo5,0.64,119,8,12,4,75%,84,35%,1,2,0.67
Avez,KC,https://www.vlr.gg/player/5654/avez,EMEA,488002,216915,SplitPICK,bo5,1.01,239,15,16,4,55%,169,24%,2,4,0.94
Elite,KC,https://www.vlr.gg/player/16459/elite,EMEA,488002,216915,SplitPICK,bo5,0.89,163,11,13,3,60%,109,27%,0,0,0.85
marteen,KC,https://www.vlr.gg/player/10307/marteen,EMEA,488002,216915,SplitPICK,bo5,0.77,193,13,17,3,55%,128,37%,3,5,0.76
SUYGETSU,KC,https://www.vlr.gg/player/2858/suygetsu,EMEA,488002,216915,SplitPICK,bo5,0.73,130,10,14,5,50%,69,82%,2,2,0.71
saadhak,KC,https://www.vlr.gg/player/727/saadhak,EMEA,488002,216915,SplitPICK,bo5,0.60,132,8,17,5,55%,96,29%,1,1,0.47
keiko,TL,https://www.vlr.gg/player/11494/keiko,EMEA,488002,216916,IceboxPICK,bo5,1.36,225,17,13,3,89%,174,59%,1,0,1.31
nAts,TL,https://www.vlr.gg/player/457/nats,EMEA,488002,216916,IceboxPICK,bo5,1.13,291,18,17,3,78%,201,36%,3,2,1.06
paTiTek,TL,https://www.vlr.gg/player/309/patitek,EMEA,488002,216916,IceboxPICK,bo5,0.81,192,11,15,6,72%,138,29%,2,1,0.73
Serial,TL,https://www.vlr.gg/player/18162/serial,EMEA,488002,216916,IceboxPICK,bo5,0.70,181,11,15,3,67%,122,28%,1,1,0.73
kamo,TL,https://www.vlr.gg/player/14681/kamo,EMEA,488002,216916,IceboxPICK,bo5,0.30,124,7,16,5,56%,103,36%,2,5,0.44
SUYGETSU,KC,https://www.vlr.gg/player/2858/suygetsu,EMEA,488002,216916,IceboxPICK,bo5,1.81,329,22,11,9,83%,210,54%,1,1,2.0
Elite,KC,https://www.vlr.gg/player/16459/elite,EMEA,488002,216916,IceboxPICK,bo5,1.29,242,16,11,3,89%,172,35%,2,1,1.45
Avez,KC,https://www.vlr.gg/player/5654/avez,EMEA,488002,216916,IceboxPICK,bo5,1.23,255,17,13,3,83%,157,43%,2,1,1.31
marteen,KC,https://www.vlr.gg/player/10307/marteen,EMEA,488002,216916,IceboxPICK,bo5,0.97,197,13,14,6,78%,141,40%,2,2,0.93
saadhak,KC,https://www.vlr.gg/player/727/saadhak,EMEA,488002,216916,IceboxPICK,bo5,0.56,139,8,15,9,72%,92,15%,2,4,0.53
keiko,TL,https://www.vlr.gg/player/11494/keiko,EMEA,488002,216917,LotusPICK,bo5,1.39,242,23,15,6,74%,165,40%,3,3,1.53
nAts,TL,https://www.vlr.gg/player/457/nats,EMEA,488002,216917,LotusPICK,bo5,0.90,202,14,17,4,61%,148,26%,2,2,0.82
kamo,TL,https://www.vlr.gg/player/14681/kamo,EMEA,488002,216917,LotusPICK,bo5,0.89,198,16,17,0,70%,113,41%,3,2,0.94
paTiTek,TL,https://www.vlr.gg/player/309/patitek,EMEA,488002,216917,LotusPICK,bo5,0.60,103,7,17,4,52%,67,13%,1,0,0.41
Serial,TL,https://www.vlr.gg/player/18162/serial,EMEA,488002,216917,LotusPICK,bo5,0.29,56,4,18,7,65%,43,28%,0,7,0.22
Avez,KC,https://www.vlr.gg/player/5654/avez,EMEA,488002,216917,LotusPICK,bo5,1.70,385,30,15,8,83%,234,24%,7,3,2.0
SUYGETSU,KC,https://www.vlr.gg/player/2858/suygetsu,EMEA,488002,216917,LotusPICK,bo5,1.13,166,15,13,12,87%,109,60%,1,0,1.15
marteen,KC,https://www.vlr.gg/player/10307/marteen,EMEA,488002,216917,LotusPICK,bo5,1.05,221,16,15,8,78%,139,41%,5,3,1.07
Elite,KC,https://www.vlr.gg/player/16459/elite,EMEA,488002,216917,LotusPICK,bo5,1.02,125,11,10,3,83%,92,42%,1,0,1.1
saadhak,KC,https://www.vlr.gg/player/727/saadhak,EMEA,488002,216917,LotusPICK,bo5,0.83,126,12,12,5,78%,86,36%,0,3,1.0
kamo,TL,https://www.vlr.gg/player/14681/kamo,EMEA,488002,216918,HavenPICK,bo5,1.14,268,21,15,5,77%,165,17%,5,4,1.4
Serial,TL,https://www.vlr.gg/player/18162/serial,EMEA,488002,216918,HavenPICK,bo5,1.12,227,17,14,3,77%,168,30%,5,0,1.21
paTiTek,TL,https://www.vlr.gg/player/309/patitek,EMEA,488002,216918,HavenPICK,bo5,0.94,235,19,19,4,82%,145,21%,3,0,1.0
keiko,TL,https://www.vlr.gg/player/11494/keiko,EMEA,488002,216918,HavenPICK,bo5,0.70,154,12,16,7,73%,90,27%,2,0,0.75
nAts,TL,https://www.vlr.gg/player/457/nats,EMEA,488002,216918,HavenPICK,bo5,0.66,148,12,17,3,64%,107,30%,3,0,0.71
Avez,KC,https://www.vlr.gg/player/5654/avez,EMEA,488002,216918,HavenPICK,bo5,1.62,333,26,16,3,73%,233,42%,1,4,1.62
SUYGETSU,KC,https://www.vlr.gg/player/2858/suygetsu,EMEA,488002,216918,HavenPICK,bo5,1.31,235,19,16,6,73%,148,58%,1,4,1.19
saadhak,KC,https://www.vlr.gg/player/727/saadhak,EMEA,488002,216918,HavenPICK,bo5,0.89,174,13,17,6,77%,115,26%,2,3,0.76
Elite,KC,https://www.vlr.gg/player/16459/elite,EMEA,488002,216918,HavenPICK,bo5,0.85,154,13,16,3,68%,93,55%,0,2,0.81
marteen,KC,https://www.vlr.gg/player/10307/marteen,EMEA,488002,216918,HavenPICK,bo5,0.63,138,10,16,5,50%,99,37%,0,5,0.62
d4v41,PRX,https://www.vlr.gg/player/9803/d4v41,Pacific,489422,217160,Sunset,bo1,1.47,278,23,11,10,91%,175,31%,0,1,2.09
something,PRX,https://www.vlr.gg/player/17086/something,Pacific,489422,217160,Sunset,bo1,1.26,224,19,14,6,77%,148,41%,3,1,1.36
Jinggg,PRX,https://www.vlr.gg/player/7378/jinggg,Pacific,489422,217160,Sunset,bo1,1.14,243,17,14,7,73%,170,21%,7,6,1.21
f0rsakeN,PRX,https://www.vlr.gg/player/9801/f0rsaken,Pacific,489422,217160,Sunset,bo1,1.10,189,17,14,10,91%,139,31%,1,1,1.21
mindfreak,PRX,https://www.vlr.gg/player/9800/mindfreak,Pacific,489422,217160,Sunset,bo1,1.00,197,16,14,4,77%,137,29%,0,2,1.14
JitBoyS,TLN,https://www.vlr.gg/player/13788/jitboys,Pacific,489422,217160,Sunset,bo1,0.98,218,17,17,4,68%,133,44%,4,6,1.0
primmie,TLN,https://www.vlr.gg/player/25255/primmie,Pacific,489422,217160,Sunset,bo1,0.95,218,15,18,5,82%,138,35%,2,2,0.83
Killua,TLN,https://www.vlr.gg/player/13784/killua,Pacific,489422,217160,Sunset,bo1,0.92,170,14,19,7,64%,121,32%,0,0,0.74
thyy,TLN,https://www.vlr.gg/player/42901/thyy,Pacific,489422,217160,Sunset,bo1,0.80,164,14,18,3,64%,102,40%,3,0,0.78
Crws,TLN,https://www.vlr.gg/player/3977/crws,Pacific,489422,217160,Sunset,bo1,0.44,118,7,20,8,68%,91,17%,2,3,0.35
BuZz,T1,https://www.vlr.gg/player/804/buzz,Pacific,489423,217161,Ascent,bo1,1.06,248,18,17,1,50%,135,22%,4,5,1.06
iZu,T1,https://www.vlr.gg/player/29833/izu,Pacific,489423,217161,Ascent,bo1,0.88,177,12,16,5,65%,131,21%,0,0,0.75
stax,T1,https://www.vlr.gg/player/485/stax,Pacific,489423,217161,Ascent,bo1,0.75,190,13,16,2,70%,153,34%,1,2,0.81
Meteor,T1,https://www.vlr.gg/player/13039/meteor,Pacific,489423,217161,Ascent,bo1,0.70,176,11,18,5,50%,122,35%,5,1,0.61
DH,T1,https://www.vlr.gg/player/43057/dh,Pacific,489423,217161,Ascent,bo1,0.49,145,9,18,5,70%,101,31%,0,2,0.5
UdoTan,GE,https://www.vlr.gg/player/4428/udotan,Pacific,489423,217161,Ascent,bo1,1.45,270,23,11,3,80%,177,20%,2,3,2.09
Kr1stal,GE,https://www.vlr.gg/player/5796/kr1stal,Pacific,489423,217161,Ascent,bo1,1.37,251,19,13,5,95%,164,22%,2,3,1.46
yoman,GE,https://www.vlr.gg/player/25081/yoman,Pacific,489423,217161,Ascent,bo1,1.35,213,17,12,16,90%,129,20%,1,0,1.42
Deryeon,GE,https://www.vlr.gg/player/9152/deryeon,Pacific,489423,217161,Ascent,bo1,1.00,226,16,15,5,80%,148,26%,3,0,1.07
Papi,GE,https://www.vlr.gg/player/13219/papi,Pacific,489423,217161,Ascent,bo1,0.95,153,10,12,9,85%,110,15%,2,4,0.83
something,PRX,https://www.vlr.gg/player/17086/something,Pacific,489424,217162,Lotus,bo1,1.50,263,21,11,6,81%,167,43%,4,3,1.91
f0rsakeN,PRX,https://www.vlr.gg/player/9801/f0rsaken,Pacific,489424,217162,Lotus,bo1,1.21,210,16,11,9,76%,134,30%,1,1,1.45
d4v41,PRX,https://www.vlr.gg/player/9803/d4v41,Pacific,489424,217162,Lotus,bo1,1.17,209,16,11,6,81%,147,28%,1,1,1.45
Jinggg,PRX,https://www.vlr.gg/player/7378/jinggg,Pacific,489424,217162,Lotus,bo1,1.14,262,18,12,5,76%,173,22%,4,4,1.5
mindfreak,PRX,https://www.vlr.gg/player/9800/mindfreak,Pacific,489424,217162,Lotus,bo1,1.09,148,12,9,12,76%,88,26%,1,1,1.33
stax,T1,https://www.vlr.gg/player/485/stax,Pacific,489424,217162,Lotus,bo1,0.99,211,15,17,3,67%,155,43%,1,1,0.88
BuZz,T1,https://www.vlr.gg/player/804/buzz,Pacific,489424,217162,Lotus,bo1,0.83,211,13,17,2,57%,145,28%,6,3,0.76
iZu,T1,https://www.vlr.gg/player/29833/izu,Pacific,489424,217162,Lotus,bo1,0.76,118,8,15,2,57%,81,22%,0,1,0.53
Meteor,T1,https://www.vlr.gg/player/13039/meteor,Pacific,489424,217162,Lotus,bo1,0.72,158,11,18,3,48%,110,34%,3,3,0.61
DH,T1,https://www.vlr.gg/player/43057/dh,Pacific,489424,217162,Lotus,bo1,0.51,95,7,16,3,48%,60,44%,0,3,0.44
Killua,TLN,https://www.vlr.gg/player/13784/killua,Pacific,489425,217163,Ascent,bo1,1.15,231,19,15,6,74%,156,45%,2,2,1.27
primmie,TLN,https://www.vlr.gg/player/25255/primmie,Pacific,489425,217163,Ascent,bo1,1.02,243,19,18,2,57%,150,32%,3,2,1.06
JitBoyS,TLN,https://www.vlr.gg/player/13788/jitboys,Pacific,489425,217163,Ascent,bo1,0.80,192,16,19,4,65%,123,41%,1,2,0.84
Crws,TLN,https://www.vlr.gg/player/3977/crws,Pacific,489425,217163,Ascent,bo1,0.78,152,12,18,6,74%,114,36%,0,2,0.67
thyy,TLN,https://www.vlr.gg/player/42901/thyy,Pacific,489425,217163,Ascent,bo1,0.46,123,10,19,8,61%,81,42%,2,7,0.53
Papi,GE,https://www.vlr.gg/player/13219/papi,Pacific,489425,217163,Ascent,bo1,1.26,192,19,11,4,83%,122,24%,4,2,1.73
Kr1stal,GE,https://www.vlr.gg/player/5796/kr1stal,Pacific,489425,217163,Ascent,bo1,1.15,227,18,16,7,70%,146,13%,3,2,1.12
yoman,GE,https://www.vlr.gg/player/25081/yoman,Pacific,489425,217163,Ascent,bo1,1.12,216,17,16,12,91%,142,23%,2,0,1.06
Deryeon,GE,https://www.vlr.gg/player/9152/deryeon,Pacific,489425,217163,Ascent,bo1,1.11,234,20,16,7,83%,137,27%,4,1,1.25
UdoTan,GE,https://www.vlr.gg/player/4428/udotan,Pacific,489425,217163,Ascent,bo1,0.86,190,15,17,3,65%,130,19%,2,3,0.88
f0rsakeN,PRX,https://www.vlr.gg/player/9801/f0rsaken,Pacific,489426,217164,Icebox,bo1,1.66,289,22,11,8,81%,184,45%,2,2,2.0
mindfreak,PRX,https://www.vlr.gg/player/9800/mindfreak,Pacific,489426,217164,Icebox,bo1,1.12,149,12,10,2,81%,115,48%,1,0,1.2
something,PRX,https://www.vlr.gg/player/17086/something,Pacific,489426,217164,Icebox,bo1,0.90,208,16,15,4,62%,135,27%,4,4,1.07
Jinggg,PRX,https://www.vlr.gg/player/7378/jinggg,Pacific,489426,217164,Icebox,bo1,0.74,151,11,15,5,57%,101,32%,3,2,0.73
d4v41,PRX,https://www.vlr.gg/player/9803/d4v41,Pacific,489426,217164,Icebox,bo1,0.72,155,12,15,2,67%,104,33%,2,1,0.8
Deryeon,GE,https://www.vlr.gg/player/9152/deryeon,Pacific,489426,217164,Icebox,bo1,1.53,335,25,15,2,76%,230,41%,2,1,1.67
yoman,GE,https://www.vlr.gg/player/25081/yoman,Pacific,489426,217164,Icebox,bo1,0.89,166,12,15,10,67%,95,23%,1,2,0.8
Kr1stal,GE,https://www.vlr.gg/player/5796/kr1stal,Pacific,489426,217164,Icebox,bo1,0.78,118,9,14,4,71%,90,23%,0,3,0.64
Papi,GE,https://www.vlr.gg/player/13219/papi,Pacific,489426,217164,Icebox,bo1,0.78,111,7,12,9,67%,70,33%,1,2,0.58
UdoTan,GE,https://www.vlr.gg/player/4428/udotan,Pacific,489426,217164,Icebox,bo1,0.74,170,13,17,1,52%,104,32%,5,4,0.76
primmie,TLN,https://www.vlr.gg/player/25255/primmie,Pacific,489427,217165,Sunset,bo1,1.20,273,18,16,3,65%,198,28%,5,3,1.12
JitBoyS,TLN,https://www.vlr.gg/player/13788/jitboys,Pacific,489427,217165,Sunset,bo1,1.06,209,18,17,2,65%,125,38%,3,2,1.06
Crws,TLN,https://www.vlr.gg/player/3977/crws,Pacific,489427,217165,Sunset,bo1,0.63,132,7,17,8,65%,102,17%,0,3,0.41
Killua,TLN,https://www.vlr.gg/player/13784/killua,Pacific,489427,217165,Sunset,bo1,0.62,141,9,16,8,80%,93,36%,1,2,0.56
thyy,TLN,https://www.vlr.gg/player/42901/thyy,Pacific,489427,217165,Sunset,bo1,0.56,106,7,16,3,50%,70,44%,0,1,0.44
iZu,T1,https://www.vlr.gg/player/29833/izu,Pacific,489427,217165,Sunset,bo1,1.63,267,21,9,4,90%,155,38%,2,2,2.33
stax,T1,https://www.vlr.gg/player/485/stax,Pacific,489427,217165,Sunset,bo1,1.12,229,16,13,8,85%,139,28%,2,1,1.23
DH,T1,https://www.vlr.gg/player/43057/dh,Pacific,489427,217165,Sunset,bo1,1.05,162,11,11,15,80%,124,41%,1,2,1.0
BuZz,T1,https://www.vlr.gg/player/804/buzz,Pacific,489427,217165,Sunset,bo1,1.04,229,18,14,6,85%,132,28%,2,3,1.29
Meteor,T1,https://www.vlr.gg/player/13039/meteor,Pacific,489427,217165,Sunset,bo1,1.02,200,16,12,3,85%,140,35%,4,1,1.33
HYUNMIN,KRX,https://www.vlr.gg/player/28400/hyunmin,Pacific,489428,217166,Icebox,bo1,1.72,321,30,14,5,81%,221,30%,3,2,2.14
MaKo,KRX,https://www.vlr.gg/player/4462/mako,Pacific,489428,217166,Icebox,bo1,1.37,237,21,14,9,77%,153,29%,3,1,1.5
Estrella,KRX,https://www.vlr.gg/player/25025/estrella,Pacific,489428,217166,Icebox,bo1,0.93,189,16,19,10,65%,125,30%,6,4,0.84
free1ng,KRX,https://www.vlr.gg/player/1916/free1ng,Pacific,489428,217166,Icebox,bo1,0.84,127,12,15,4,73%,87,20%,2,2,0.8
BeYN,KRX,https://www.vlr.gg/player/4678/beyn,Pacific,489428,217166,Icebox,bo1,0.63,112,10,14,1,65%,77,24%,1,2,0.71
dos9,BME,https://www.vlr.gg/player/16215/dos9,Pacific,489428,217166,Icebox,bo1,1.12,219,20,17,1,58%,142,29%,4,7,1.18
BerserX,BME,https://www.vlr.gg/player/4874/berserx,Pacific,489428,217166,Icebox,bo1,0.99,160,14,14,2,77%,117,20%,1,1,1.0
Famouz,BME,https://www.vlr.gg/player/2348/famouz,Pacific,489428,217166,Icebox,bo1,0.78,183,17,20,4,58%,117,52%,3,4,0.85
NcSlasher,BME,https://www.vlr.gg/player/7043/ncslasher,Pacific,489428,217166,Icebox,bo1,0.71,138,12,19,9,65%,91,46%,1,2,0.63
Shiro,BME,https://www.vlr.gg/player/10739/shiro,Pacific,489428,217166,Icebox,bo1,0.70,151,13,19,3,46%,103,20%,2,1,0.68
Dambi,NS,https://www.vlr.gg/player/31827/dambi,Pacific,489429,217167,Pearl,bo1,1.35,318,24,19,3,73%,193,26%,7,4,1.26
Ivy,NS,https://www.vlr.gg/player/31829/ivy,Pacific,489429,217167,Pearl,bo1,1.06,180,13,14,6,68%,128,37%,0,0,0.93
Persia,NS,https://www.vlr.gg/player/4122/persia,Pacific,489429,217167,Pearl,bo1,0.97,175,12,15,10,64%,118,24%,1,0,0.8
Francis,NS,https://www.vlr.gg/player/31828/francis,Pacific,489429,217167,Pearl,bo1,0.72,163,11,17,9,64%,113,13%,2,4,0.65
margaret,NS,https://www.vlr.gg/player/33576/margaret,Pacific,489429,217167,Pearl,bo1,0.44,121,8,19,3,55%,96,28%,0,4,0.42
kellyS,TS,https://www.vlr.gg/player/7437/kellys,Pacific,489429,217167,Pearl,bo1,1.37,232,18,12,6,82%,160,30%,4,0,1.5
ZesBeeW,TS,https://www.vlr.gg/player/2380/zesbeew,Pacific,489429,217167,Pearl,bo1,1.20,220,19,12,4,64%,135,25%,1,2,1.58
invy,TS,https://www.vlr.gg/player/8504/invy,Pacific,489429,217167,Pearl,bo1,1.07,205,16,14,7,77%,148,25%,2,2,1.14
Wild0reoo,TS,https://www.vlr.gg/player/9740/wild0reoo,Pacific,489429,217167,Pearl,bo1,1.00,222,17,15,2,68%,128,19%,4,5,1.13
n1zzy,TS,https://www.vlr.gg/player/14225/n1zzy,Pacific,489429,217167,Pearl,bo1,0.88,187,14,15,3,82%,129,32%,1,1,0.93
free1ng,KRX,https://www.vlr.gg/player/1916/free1ng,Pacific,489430,217168,Haven,bo1,1.12,230,20,18,7,63%,132,38%,4,4,1.11
MaKo,KRX,https://www.vlr.gg/player/4462/mako,Pacific,489430,217168,Haven,bo1,1.10,209,19,16,9,71%,142,33%,2,2,1.19
BeYN,KRX,https://www.vlr.gg/player/4678/beyn,Pacific,489430,217168,Haven,bo1,1.02,210,15,16,8,75%,140,28%,2,2,0.94
Estrella,KRX,https://www.vlr.gg/player/25025/estrella,Pacific,489430,217168,Haven,bo1,1.01,199,16,15,10,88%,145,41%,1,1,1.07
HYUNMIN,KRX,https://www.vlr.gg/player/28400/hyunmin,Pacific,489430,217168,Haven,bo1,0.51,118,10,18,3,67%,82,42%,2,4,0.56
Persia,NS,https://www.vlr.gg/player/4122/persia,Pacific,489430,217168,Haven,bo1,1.51,254,22,16,15,83%,158,25%,4,0,1.38
Dambi,NS,https://www.vlr.gg/player/31827/dambi,Pacific,489430,217168,Haven,bo1,1.23,206,17,15,13,79%,123,22%,1,3,1.13
Ivy,NS,https://www.vlr.gg/player/31829/ivy,Pacific,489430,217168,Haven,bo1,1.05,218,18,16,7,67%,142,46%,4,3,1.12
Francis,NS,https://www.vlr.gg/player/31828/francis,Pacific,489430,217168,Haven,bo1,0.83,183,15,19,5,71%,123,19%,3,4,0.79
margaret,NS,https://www.vlr.gg/player/33576/margaret,Pacific,489430,217168,Haven,bo1,0.75,132,11,14,2,50%,93,29%,1,1,0.79
BerserX,BME,https://www.vlr.gg/player/4874/berserx,Pacific,489431,217169,Lotus,bo1,1.40,252,22,14,5,96%,165,29%,3,0,1.57
NcSlasher,BME,https://www.vlr.gg/player/7043/ncslasher,Pacific,489431,217169,Lotus,bo1,1.16,214,19,12,8,71%,119,33%,2,3,1.58
dos9,BME,https://www.vlr.gg/player/16215/dos9,Pacific,489431,217169,Lotus,bo1,1.05,227,18,18,15,75%,158,33%,1,1,1.0
Shiro,BME,https://www.vlr.gg/player/10739/shiro,Pacific,489431,217169,Lotus,bo1,0.97,212,16,20,15,83%,141,28%,4,1,0.8
Famouz,BME,https://www.vlr.gg/player/2348/famouz,Pacific,489431,217169,Lotus,bo1,0.72,122,10,16,5,67%,89,13%,4,5,0.62
invy,TS,https://www.vlr.gg/player/8504/invy,Pacific,489431,217169,Lotus,bo1,1.34,284,25,18,5,83%,203,27%,2,1,1.39
n1zzy,TS,https://www.vlr.gg/player/14225/n1zzy,Pacific,489431,217169,Lotus,bo1,1.16,189,16,12,5,79%,113,48%,3,1,1.33
ZesBeeW,TS,https://www.vlr.gg/player/2380/zesbeew,Pacific,489431,217169,Lotus,bo1,0.86,173,16,19,5,63%,95,21%,0,2,0.84
kellyS,TS,https://www.vlr.gg/player/7437/kellys,Pacific,489431,217169,Lotus,bo1,0.64,132,11,19,8,50%,97,22%,2,3,0.58
Wild0reoo,TS,https://www.vlr.gg/player/9740/wild0reoo,Pacific,489431,217169,Lotus,bo1,0.57,138,12,19,6,63%,96,23%,3,7,0.63
MaKo,KRX,https://www.vlr.gg/player/4462/mako,Pacific,489432,217170,Split,bo1,1.60,272,18,8,5,88%,172,37%,2,0,2.25
BeYN,KRX,https://www.vlr.gg/player/4678/beyn,Pacific,489432,217170,Split,bo1,1.57,315,19,9,5,94%,185,31%,3,0,2.11
free1ng,KRX,https://www.vlr.gg/player/1916/free1ng,Pacific,489432,217170,Split,bo1,1.13,203,14,10,2,71%,152,39%,1,0,1.4
Estrella,KRX,https://www.vlr.gg/player/25025/estrella,Pacific,489432,217170,Split,bo1,0.73,112,6,9,7,65%,72,13%,1,2,0.67
HYUNMIN,KRX,https://www.vlr.gg/player/28400/hyunmin,Pacific,489432,217170,Split,bo1,0.42,156,8,13,4,76%,95,23%,3,5,0.62
invy,TS,https://www.vlr.gg/player/8504/invy,Pacific,489432,217170,Split,bo1,1.07,224,13,13,4,71%,147,33%,0,0,1.0
kellyS,TS,https://www.vlr.gg/player/7437/kellys,Pacific,489432,217170,Split,bo1,0.88,205,11,14,4,71%,137,31%,1,2,0.79
ZesBeeW,TS,https://www.vlr.gg/player/2380/zesbeew,Pacific,489432,217170,Split,bo1,0.82,130,9,10,5,76%,73,31%,1,1,0.9
n1zzy,TS,https://www.vlr.gg/player/14225/n1zzy,Pacific,489432,217170,Split,bo1,0.63,146,8,14,4,53%,100,35%,1,1,0.57
Wild0reoo,TS,https://www.vlr.gg/player/9740/wild0reoo,Pacific,489432,217170,Split,bo1,0.58,133,8,14,0,65%,78,21%,4,6,0.57
dos9,BME,https://www.vlr.gg/player/16215/dos9,Pacific,489433,217171,Sunset,bo1,1.84,349,22,10,11,89%,209,25%,5,2,2.2
Shiro,BME,https://www.vlr.gg/player/10739/shiro,Pacific,489433,217171,Sunset,bo1,1.21,203,13,9,5,74%,144,20%,1,3,1.44
Famouz,BME,https://www.vlr.gg/player/2348/famouz,Pacific,489433,217171,Sunset,bo1,1.10,209,14,12,5,74%,140,38%,4,0,1.17
BerserX,BME,https://www.vlr.gg/player/4874/berserx,Pacific,489433,217171,Sunset,bo1,1.05,137,11,8,2,79%,98,27%,1,0,1.38
NcSlasher,BME,https://www.vlr.gg/player/7043/ncslasher,Pacific,489433,217171,Sunset,bo1,1.04,174,13,10,2,63%,114,30%,1,2,1.3
margaret,NS,https://www.vlr.gg/player/33576/margaret,Pacific,489433,217171,Sunset,bo1,0.89,160,10,14,6,68%,105,21%,1,1,0.71
Francis,NS,https://www.vlr.gg/player/31828/francis,Pacific,489433,217171,Sunset,bo1,0.81,127,8,13,8,58%,81,17%,0,0,0.62
Dambi,NS,https://www.vlr.gg/player/31827/dambi,Pacific,489433,217171,Sunset,bo1,0.79,188,13,14,3,63%,113,24%,3,6,0.93
Ivy,NS,https://www.vlr.gg/player/31829/ivy,Pacific,489433,217171,Sunset,bo1,0.59,127,9,15,2,47%,75,29%,0,3,0.6
Persia,NS,https://www.vlr.gg/player/4122/persia,Pacific,489433,217171,Sunset,bo1,0.57,148,9,17,5,58%,90,15%,3,2,0.53
mindfreak,PRX,https://www.vlr.gg/player/9800/mindfreak,Pacific,489434,217172,Pearl,bo3,1.48,214,14,8,7,83%,133,31%,1,0,1.75
Jinggg,PRX,https://www.vlr.gg/player/7378/jinggg,Pacific,489434,217172,Pearl,bo3,1.30,256,17,11,3,61%,160,33%,5,5,1.55
d4v41,PRX,https://www.vlr.gg/player/9803/d4v41,Pacific,489434,217172,Pearl,bo3,1.17,214,14,12,5,78%,130,17%,1,0,1.17
something,PRX,https://www.vlr.gg/player/17086/something,Pacific,489434,217172,Pearl,bo3,1.11,218,13,13,5,67%,145,21%,2,1,1.0
f0rsakeN,PRX,https://www.vlr.gg/player/9801/f0rsaken,Pacific,489434,217172,Pearl,bo3,0.73,147,9,12,7,56%,90,41%,0,3,0.75
kellyS,TS,https://www.vlr.gg/player/7437/kellys,Pacific,489434,217172,Pearl,bo3,1.14,223,16,12,5,67%,148,35%,1,2,1.33
invy,TS,https://www.vlr.gg/player/8504/invy,Pacific,489434,217172,Pearl,bo3,1.13,255,16,13,4,72%,172,19%,3,2,1.23
ZesBeeW,TS,https://www.vlr.gg/player/2380/zesbeew,Pacific,489434,217172,Pearl,bo3,0.84,168,10,13,4,78%,109,28%,1,1,0.77
Wild0reoo,TS,https://www.vlr.gg/player/9740/wild0reoo,Pacific,489434,217172,Pearl,bo3,0.67,139,8,13,5,56%,76,22%,2,3,0.62
n1zzy,TS,https://www.vlr.gg/player/14225/n1zzy,Pacific,489434,217172,Pearl,bo3,0.31,123,6,16,3,44%,85,23%,2,1,0.38
f0rsakeN,PRX,https://www.vlr.gg/player/9801/f0rsaken,Pacific,489434,217173,Split,bo3,1.42,266,24,13,8,79%,180,24%,3,2,1.85
Jinggg,PRX,https://www.vlr.gg/player/7378/jinggg,Pacific,489434,217173,Split,bo3,1.21,237,22,16,4,79%,150,23%,5,2,1.38
mindfreak,PRX,https://www.vlr.gg/player/9800/mindfreak,Pacific,489434,217173,Split,bo3,1.01,146,14,15,7,79%,99,48%,1,1,0.93
something,PRX,https://www.vlr.gg/player/17086/something,Pacific,489434,217173,Split,bo3,0.94,207,16,18,11,71%,135,23%,2,3,0.89
d4v41,PRX,https://www.vlr.gg/player/9803/d4v41,Pacific,489434,217173,Split,bo3,0.87,212,16,18,12,75%,143,25%,2,3,0.89
ZesBeeW,TS,https://www.vlr.gg/player/2380/zesbeew,Pacific,489434,217173,Split,bo3,1.52,209,20,13,9,75%,138,37%,0,0,1.54
invy,TS,https://www.vlr.gg/player/8504/invy,Pacific,489434,217173,Split,bo3,0.95,237,19,20,4,54%,148,37%,4,2,0.95
kellyS,TS,https://www.vlr.gg/player/7437/kellys,Pacific,489434,217173,Split,bo3,0.82,169,15,19,4,67%,113,34%,3,4,0.79
Wild0reoo,TS,https://www.vlr.gg/player/9740/wild0reoo,Pacific,489434,217173,Split,bo3,0.75,193,16,21,7,71%,134,26%,2,6,0.76
n1zzy,TS,https://www.vlr.gg/player/14225/n1zzy,Pacific,489434,217173,Split,bo3,0.62,143,10,19,8,63%,99,15%,2,1,0.53
HYUNMIN,KRX,https://www.vlr.gg/player/28400/hyunmin,Pacific,489435,217175,Haven,bo3,1.22,269,22,16,2,65%,192,26%,1,3,1.38
MaKo,KRX,https://www.vlr.gg/player/4462/mako,Pacific,489435,217175,Haven,bo3,1.04,198,17,16,10,65%,123,29%,3,4,1.06
free1ng,KRX,https://www.vlr.gg/player/1916/free1ng,Pacific,489435,217175,Haven,bo3,1.00,234,18,17,4,65%,162,31%,3,3,1.06
BeYN,KRX,https://www.vlr.gg/player/4678/beyn,Pacific,489435,217175,Haven,bo3,0.87,154,12,13,9,78%,105,30%,2,1,0.92
Estrella,KRX,https://www.vlr.gg/player/25025/estrella,Pacific,489435,217175,Haven,bo3,0.78,170,15,15,4,83%,114,50%,2,1,1.0
Kr1stal,GE,https://www.vlr.gg/player/5796/kr1stal,Pacific,489435,217175,Haven,bo3,1.48,305,23,17,9,78%,211,27%,4,1,1.35
Deryeon,GE,https://www.vlr.gg/player/9152/deryeon,Pacific,489435,217175,Haven,bo3,1.19,180,16,13,3,83%,115,28%,1,2,1.23
Papi,GE,https://www.vlr.gg/player/13219/papi,Pacific,489435,217175,Haven,bo3,1.02,189,13,18,17,74%,128,33%,0,1,0.72
yoman,GE,https://www.vlr.gg/player/25081/yoman,Pacific,489435,217175,Haven,bo3,0.95,181,15,17,10,70%,113,25%,3,1,0.88
UdoTan,GE,https://www.vlr.gg/player/4428/udotan,Pacific,489435,217175,Haven,bo3,0.54,132,10,20,8,74%,89,23%,4,6,0.5
free1ng,KRX,https://www.vlr.gg/player/1916/free1ng,Pacific,489435,217176,Sunset,bo3,1.64,287,22,11,7,86%,192,34%,2,1,2.0
BeYN,KRX,https://www.vlr.gg/player/4678/beyn,Pacific,489435,217176,Sunset,bo3,1.23,233,17,12,9,86%,154,28%,3,2,1.42
MaKo,KRX,https://www.vlr.gg/player/4462/mako,Pacific,489435,217176,Sunset,bo3,1.06,179,14,12,10,86%,105,31%,1,1,1.17
Estrella,KRX,https://www.vlr.gg/player/25025/estrella,Pacific,489435,217176,Sunset,bo3,1.02,161,13,12,6,81%,101,24%,0,2,1.08
HYUNMIN,KRX,https://www.vlr.gg/player/28400/hyunmin,Pacific,489435,217176,Sunset,bo3,0.93,215,15,16,7,57%,145,40%,5,4,0.94
yoman,GE,https://www.vlr.gg/player/25081/yoman,Pacific,489435,217176,Sunset,bo3,1.14,187,14,13,9,71%,137,27%,0,3,1.08
Deryeon,GE,https://www.vlr.gg/player/9152/deryeon,Pacific,489435,217176,Sunset,bo3,1.06,210,16,15,5,67%,131,30%,3,1,1.07
Kr1stal,GE,https://www.vlr.gg/player/5796/kr1stal,Pacific,489435,217176,Sunset,bo3,1.02,207,12,16,7,71%,140,16%,2,1,0.75
UdoTan,GE,https://www.vlr.gg/player/4428/udotan,Pacific,489435,217176,Sunset,bo3,0.66,188,15,21,6,62%,102,15%,5,5,0.71
Papi,GE,https://www.vlr.gg/player/13219/papi,Pacific,489435,217176,Sunset,bo3,0.45,93,6,16,8,52%,64,10%,0,1,0.38
f0rsakeN,PRX,https://www.vlr.gg/player/9801/f0rsaken,Pacific,489436,217178,Ascent,bo5,1.15,228,15,15,8,71%,166,39%,0,0,1.0
something,PRX,https://www.vlr.gg/player/17086/something,Pacific,489436,217178,Ascent,bo5,0.94,219,16,17,4,67%,133,25%,3,4,0.94
Jinggg,PRX,https://www.vlr.gg/player/7378/jinggg,Pacific,489436,217178,Ascent,bo5,0.89,156,12,14,6,62%,94,48%,3,3,0.86
d4v41,PRX,https://www.vlr.gg/player/9803/d4v41,Pacific,489436,217178,Ascent,bo5,0.70,142,11,16,2,52%,91,41%,3,1,0.69
mindfreak,PRX,https://www.vlr.gg/player/9800/mindfreak,Pacific,489436,217178,Ascent,bo5,0.63,119,9,17,9,62%,77,33%,1,3,0.53
MaKo,KRX,https://www.vlr.gg/player/4462/mako,Pacific,489436,217178,Ascent,bo5,1.48,298,23,13,5,90%,189,39%,5,2,1.77
Estrella,KRX,https://www.vlr.gg/player/25025/estrella,Pacific,489436,217178,Ascent,bo5,1.40,201,16,9,5,81%,147,39%,0,1,1.78
HYUNMIN,KRX,https://www.vlr.gg/player/28400/hyunmin,Pacific,489436,217178,Ascent,bo5,1.28,249,20,14,2,76%,165,45%,3,3,1.43
free1ng,KRX,https://www.vlr.gg/player/1916/free1ng,Pacific,489436,217178,Ascent,bo5,0.88,179,13,13,6,81%,122,22%,2,2,1.0
BeYN,KRX,https://www.vlr.gg/player/4678/beyn,Pacific,489436,217178,Ascent,bo5,0.54,105,7,14,2,67%,68,27%,1,2,0.5
f0rsakeN,PRX,https://www.vlr.gg/player/9801/f0rsaken,Pacific,489436,217179,Sunset,bo5,1.43,229,17,9,10,85%,152,21%,3,0,1.89
d4v41,PRX,https://www.vlr.gg/player/9803/d4v41,Pacific,489436,217179,Sunset,bo5,1.29,242,17,11,10,85%,166,38%,2,1,1.55
Jinggg,PRX,https://www.vlr.gg/player/7378/jinggg,Pacific,489436,217179,Sunset,bo5,1.26,281,19,13,3,75%,183,25%,6,1,1.46
mindfreak,PRX,https://www.vlr.gg/player/9800/mindfreak,Pacific,489436,217179,Sunset,bo5,1.09,190,15,10,1,70%,122,29%,2,2,1.5
something,PRX,https://www.vlr.gg/player/17086/something,Pacific,489436,217179,Sunset,bo5,0.83,159,13,13,2,75%,117,40%,1,2,1.0
HYUNMIN,KRX,https://www.vlr.gg/player/28400/hyunmin,Pacific,489436,217179,Sunset,bo5,1.10,275,18,17,4,65%,180,43%,4,2,1.06
MaKo,KRX,https://www.vlr.gg/player/4462/mako,Pacific,489436,217179,Sunset,bo5,0.96,170,11,15,8,65%,115,35%,1,1,0.73
BeYN,KRX,https://www.vlr.gg/player/4678/beyn,Pacific,489436,217179,Sunset,bo5,0.76,133,9,15,2,60%,98,29%,0,2,0.6
Estrella,KRX,https://www.vlr.gg/player/25025/estrella,Pacific,489436,217179,Sunset,bo5,0.74,133,9,15,3,60%,90,41%,1,4,0.6
free1ng,KRX,https://www.vlr.gg/player/1916/free1ng,Pacific,489436,217179,Sunset,bo5,0.45,140,8,19,2,45%,93,26%,0,5,0.42
something,PRX,https://www.vlr.gg/player/17086/something,Pacific,489436,217180,Lotus,bo5,1.66,330,27,15,5,79%,200,47%,8,3,1.8
Jinggg,PRX,https://www.vlr.gg/player/7378/jinggg,Pacific,489436,217180,Lotus,bo5,1.43,263,24,16,4,92%,161,35%,5,1,1.5
d4v41,PRX,https://www.vlr.gg/player/9803/d4v41,Pacific,489436,217180,Lotus,bo5,0.93,132,12,14,5,75%,102,30%,0,1,0.86
f0rsakeN,PRX,https://www.vlr.gg/player/9801/f0rsaken,Pacific,489436,217180,Lotus,bo5,0.92,162,12,14,16,79%,119,22%,1,1,0.86
mindfreak,PRX,https://www.vlr.gg/player/9800/mindfreak,Pacific,489436,217180,Lotus,bo5,0.68,120,10,17,8,75%,80,21%,0,4,0.59
MaKo,KRX,https://www.vlr.gg/player/4462/mako,Pacific,489436,217180,Lotus,bo5,1.16,234,20,17,7,67%,147,26%,3,4,1.18
BeYN,KRX,https://www.vlr.gg/player/4678/beyn,Pacific,489436,217180,Lotus,bo5,1.09,210,18,16,6,71%,139,19%,2,2,1.12
free1ng,KRX,https://www.vlr.gg/player/1916/free1ng,Pacific,489436,217180,Lotus,bo5,0.73,127,14,15,1,75%,96,28%,1,2,0.93
HYUNMIN,KRX,https://www.vlr.gg/player/28400/hyunmin,Pacific,489436,217180,Lotus,bo5,0.64,155,12,18,4,58%,111,35%,3,5,0.67
Estrella,KRX,https://www.vlr.gg/player/25025/estrella,Pacific,489436,217180,Lotus,bo5,0.55,159,12,19,7,67%,95,28%,1,1,0.63
something,PRX,https://www.vlr.gg/player/17086/something,Pacific,489436,217181,Icebox,bo5,1.64,302,22,9,3,84%,189,20%,5,0,2.44
f0rsakeN,PRX,https://www.vlr.gg/player/9801/f0rsaken,Pacific,489436,217181,Icebox,bo5,1.50,249,17,9,3,84%,191,33%,2,1,1.89
d4v41,PRX,https://www.vlr.gg/player/9803/d4v41,Pacific,489436,217181,Icebox,bo5,1.08,189,14,11,3,84%,119,28%,3,1,1.27
mindfreak,PRX,https://www.vlr.gg/player/9800/mindfreak,Pacific,489436,217181,Icebox,bo5,0.95,149,13,10,2,68%,89,26%,0,3,1.3
Jinggg,PRX,https://www.vlr.gg/player/7378/jinggg,Pacific,489436,217181,Icebox,bo5,0.81,200,12,15,9,74%,147,26%,3,1,0.8
BeYN,KRX,https://www.vlr.gg/player/4678/beyn,Pacific,489436,217181,Icebox,bo5,1.22,260,16,16,4,74%,171,15%,1,0,1.0
MaKo,KRX,https://www.vlr.gg/player/4462/mako,Pacific,489436,217181,Icebox,bo5,0.83,182,12,15,4,53%,128,47%,1,7,0.8
HYUNMIN,KRX,https://www.vlr.gg/player/28400/hyunmin,Pacific,489436,217181,Icebox,bo5,0.82,175,11,16,4,63%,117,20%,2,1,0.69
free1ng,KRX,https://www.vlr.gg/player/1916/free1ng,Pacific,489436,217181,Icebox,bo5,0.76,153,10,15,2,68%,107,15%,2,0,0.67
Estrella,KRX,https://www.vlr.gg/player/25025/estrella,Pacific,489436,217181,Icebox,bo5,0.22,79,5,16,3,32%,55,14%,0,5,0.31
