Player,Org,ProfileURL,Region,MatchID,MapNum,MapName,SeriesFormat,R2.0,ACS,K,D,A,KAST,ADR,HS%,FK,FD,K:D
cortezia,SEN,https://www.vlr.gg/player/5395/cortezia,Americas,674838,268098,PearlPICK,bo3,1.2,244.0,21.0,18.0,5.0,58%,171.0,31%,4.0,3.0,1.17
johnqt,SEN,https://www.vlr.gg/player/1265/johnqt,Americas,674838,268098,PearlPICK,bo3,1.03,182.0,18.0,18.0,9.0,65%,122.0,27%,1.0,0.0,1.0
JonahP,SEN,https://www.vlr.gg/player/4581/jonahp,Americas,674838,268098,PearlPICK,bo3,0.88,203.0,19.0,21.0,12.0,62%,119.0,21%,1.0,3.0,0.9
Reduxx,SEN,https://www.vlr.gg/player/8419/reduxx,Americas,674838,268098,PearlPICK,bo3,0.85,225.0,20.0,22.0,6.0,73%,142.0,15%,4.0,2.0,0.91
Jerrwin,SEN,https://www.vlr.gg/player/34057/jerrwin,Americas,674838,268098,PearlPICK,bo3,0.78,209.0,16.0,23.0,8.0,65%,151.0,27%,5.0,3.0,0.7
zerona,EG,https://www.vlr.gg/player/14048/zerona,Americas,674838,268098,PearlPICK,bo3,1.65,373.0,34.0,19.0,12.0,81%,226.0,19%,4.0,5.0,1.79
Paincakes,EG,https://www.vlr.gg/player/2164/paincakes,Americas,674838,268098,PearlPICK,bo3,1.02,192.0,18.0,17.0,10.0,81%,107.0,30%,0.0,2.0,1.06
dgzin,EG,https://www.vlr.gg/player/8873/dgzin,Americas,674838,268098,PearlPICK,bo3,0.94,218.0,19.0,21.0,11.0,69%,144.0,24%,4.0,5.0,0.9
bao,EG,https://www.vlr.gg/player/34400/bao,Americas,674838,268098,PearlPICK,bo3,0.91,158.0,16.0,19.0,6.0,69%,106.0,27%,0.0,1.0,0.84
supamen,EG,https://www.vlr.gg/player/826/supamen,Americas,674838,268098,PearlPICK,bo3,0.88,162.0,15.0,18.0,11.0,62%,101.0,30%,3.0,2.0,0.83
Jerrwin,SEN,https://www.vlr.gg/player/34057/jerrwin,Americas,674838,268099,SplitPICK,bo3,1.68,347.0,22.0,11.0,3.0,83%,216.0,20%,5.0,2.0,2.0
JonahP,SEN,https://www.vlr.gg/player/4581/jonahp,Americas,674838,268099,SplitPICK,bo3,1.49,192.0,16.0,6.0,5.0,89%,128.0,22%,2.0,0.0,2.67
Reduxx,SEN,https://www.vlr.gg/player/8419/reduxx,Americas,674838,268099,SplitPICK,bo3,1.36,231.0,17.0,9.0,2.0,94%,139.0,11%,4.0,1.0,1.89
cortezia,SEN,https://www.vlr.gg/player/5395/cortezia,Americas,674838,268099,SplitPICK,bo3,1.07,179.0,11.0,9.0,6.0,78%,132.0,23%,2.0,1.0,1.22
johnqt,SEN,https://www.vlr.gg/player/1265/johnqt,Americas,674838,268099,SplitPICK,bo3,0.68,84.0,4.0,10.0,7.0,67%,57.0,4%,0.0,1.0,0.4
dgzin,EG,https://www.vlr.gg/player/8873/dgzin,Americas,674838,268099,SplitPICK,bo3,1.32,292.0,18.0,14.0,3.0,78%,179.0,23%,3.0,4.0,1.29
Paincakes,EG,https://www.vlr.gg/player/2164/paincakes,Americas,674838,268099,SplitPICK,bo3,0.69,167.0,10.0,15.0,5.0,67%,108.0,27%,0.0,3.0,0.67
bao,EG,https://www.vlr.gg/player/34400/bao,Americas,674838,268099,SplitPICK,bo3,0.63,113.0,7.0,14.0,8.0,72%,66.0,27%,1.0,0.0,0.5
supamen,EG,https://www.vlr.gg/player/826/supamen,Americas,674838,268099,SplitPICK,bo3,0.52,94.0,5.0,12.0,2.0,67%,67.0,21%,1.0,1.0,0.42
zerona,EG,https://www.vlr.gg/player/14048/zerona,Americas,674838,268099,SplitPICK,bo3,0.3,91.0,5.0,15.0,1.0,39%,65.0,11%,0.0,5.0,0.33
cortezia,SEN,https://www.vlr.gg/player/5395/cortezia,Americas,674838,268100,Fracture,bo3,0.94,187.0,10.0,10.0,3.0,63%,110.0,26%,1.0,1.0,1.0
johnqt,SEN,https://www.vlr.gg/player/1265/johnqt,Americas,674838,268100,Fracture,bo3,0.85,182.0,10.0,14.0,5.0,69%,116.0,37%,0.0,1.0,0.71
JonahP,SEN,https://www.vlr.gg/player/4581/jonahp,Americas,674838,268100,Fracture,bo3,0.72,158.0,8.0,15.0,3.0,69%,102.0,19%,0.0,2.0,0.53
Reduxx,SEN,https://www.vlr.gg/player/8419/reduxx,Americas,674838,268100,Fracture,bo3,0.67,163.0,9.0,15.0,2.0,50%,93.0,10%,2.0,2.0,0.6
Jerrwin,SEN,https://www.vlr.gg/player/34057/jerrwin,Americas,674838,268100,Fracture,bo3,0.39,123.0,6.0,15.0,6.0,63%,90.0,18%,1.0,6.0,0.4
dgzin,EG,https://www.vlr.gg/player/8873/dgzin,Americas,674838,268100,Fracture,bo3,1.72,359.0,21.0,10.0,3.0,100%,213.0,26%,7.0,0.0,2.1
Paincakes,EG,https://www.vlr.gg/player/2164/paincakes,Americas,674838,268100,Fracture,bo3,1.33,218.0,13.0,6.0,8.0,94%,145.0,25%,0.0,1.0,2.17
zerona,EG,https://www.vlr.gg/player/14048/zerona,Americas,674838,268100,Fracture,bo3,1.07,199.0,14.0,9.0,2.0,69%,126.0,23%,2.0,2.0,1.56
supamen,EG,https://www.vlr.gg/player/826/supamen,Americas,674838,268100,Fracture,bo3,1.02,166.0,10.0,9.0,8.0,81%,117.0,33%,2.0,0.0,1.11
bao,EG,https://www.vlr.gg/player/34400/bao,Americas,674838,268100,Fracture,bo3,0.96,189.0,11.0,9.0,5.0,81%,110.0,57%,1.0,1.0,1.22
Notexxd,C9,https://www.vlr.gg/player/39021/notexxd,Americas,674839,268101,Ascent,bo3,1.55,360.0,32.0,22.0,9.0,92%,218.0,28%,3.0,0.0,1.45
Zellsis,C9,https://www.vlr.gg/player/729/zellsis,Americas,674839,268101,Ascent,bo3,1.42,260.0,27.0,16.0,3.0,81%,175.0,27%,3.0,3.0,1.69
Jackk,C9,https://www.vlr.gg/player/44842/jackk,Americas,674839,268101,Ascent,bo3,1.0,173.0,14.0,15.0,13.0,81%,139.0,35%,1.0,1.0,0.93
OXY,C9,https://www.vlr.gg/player/18796/oxy,Americas,674839,268101,Ascent,bo3,0.75,184.0,15.0,20.0,5.0,81%,108.0,22%,7.0,4.0,0.75
Veer,C9,https://www.vlr.gg/player/3877/veer,Americas,674839,268101,Ascent,bo3,0.63,112.0,9.0,17.0,13.0,73%,63.0,16%,0.0,4.0,0.53
Demon1,ENVY,https://www.vlr.gg/player/26171/demon1,Americas,674839,268101,Ascent,bo3,1.11,230.0,22.0,20.0,3.0,73%,154.0,33%,2.0,3.0,1.1
Rossy,ENVY,https://www.vlr.gg/player/1129/rossy,Americas,674839,268101,Ascent,bo3,1.01,207.0,18.0,20.0,11.0,73%,129.0,21%,4.0,0.0,0.9
keznit,ENVY,https://www.vlr.gg/player/2462/keznit,Americas,674839,268101,Ascent,bo3,0.86,205.0,21.0,21.0,3.0,62%,119.0,27%,2.0,5.0,1.0
P0PPIN,ENVY,https://www.vlr.gg/player/21778/p0ppin,Americas,674839,268101,Ascent,bo3,0.85,143.0,12.0,17.0,8.0,73%,104.0,37%,2.0,1.0,0.71
nightz,ENVY,https://www.vlr.gg/player/41798/nightz,Americas,674839,268101,Ascent,bo3,0.81,176.0,16.0,19.0,8.0,65%,123.0,38%,2.0,5.0,0.84
OXY,C9,https://www.vlr.gg/player/18796/oxy,Americas,674839,268102,Breeze,bo3,1.17,272.0,20.0,18.0,3.0,76%,184.0,43%,2.0,5.0,1.11
Jackk,C9,https://www.vlr.gg/player/44842/jackk,Americas,674839,268102,Breeze,bo3,1.07,204.0,16.0,16.0,6.0,71%,132.0,39%,1.0,2.0,1.0
Veer,C9,https://www.vlr.gg/player/3877/veer,Americas,674839,268102,Breeze,bo3,0.88,155.0,12.0,16.0,4.0,52%,98.0,17%,2.0,0.0,0.75
Zellsis,C9,https://www.vlr.gg/player/729/zellsis,Americas,674839,268102,Breeze,bo3,0.84,176.0,12.0,17.0,13.0,71%,111.0,17%,0.0,1.0,0.71
Notexxd,C9,https://www.vlr.gg/player/39021/notexxd,Americas,674839,268102,Breeze,bo3,0.43,140.0,9.0,18.0,4.0,71%,112.0,28%,1.0,7.0,0.5
nightz,ENVY,https://www.vlr.gg/player/41798/nightz,Americas,674839,268102,Breeze,bo3,1.52,233.0,20.0,11.0,8.0,81%,165.0,41%,2.0,0.0,1.82
keznit,ENVY,https://www.vlr.gg/player/2462/keznit,Americas,674839,268102,Breeze,bo3,1.29,256.0,19.0,12.0,3.0,76%,184.0,28%,3.0,2.0,1.58
Demon1,ENVY,https://www.vlr.gg/player/26171/demon1,Americas,674839,268102,Breeze,bo3,1.26,312.0,24.0,18.0,3.0,76%,197.0,42%,8.0,1.0,1.33
Rossy,ENVY,https://www.vlr.gg/player/1129/rossy,Americas,674839,268102,Breeze,bo3,0.79,187.0,13.0,15.0,4.0,57%,133.0,33%,1.0,2.0,0.87
P0PPIN,ENVY,https://www.vlr.gg/player/21778/p0ppin,Americas,674839,268102,Breeze,bo3,0.76,135.0,9.0,13.0,3.0,71%,96.0,21%,1.0,1.0,0.69
OXY,C9,https://www.vlr.gg/player/18796/oxy,Americas,674839,268103,Pearl,bo3,1.3,284.0,21.0,17.0,3.0,68%,203.0,40%,2.0,2.0,1.24
Zellsis,C9,https://www.vlr.gg/player/729/zellsis,Americas,674839,268103,Pearl,bo3,1.17,185.0,14.0,15.0,13.0,77%,118.0,14%,0.0,4.0,0.93
Jackk,C9,https://www.vlr.gg/player/44842/jackk,Americas,674839,268103,Pearl,bo3,1.09,202.0,14.0,15.0,7.0,68%,127.0,30%,2.0,3.0,0.93
Veer,C9,https://www.vlr.gg/player/3877/veer,Americas,674839,268103,Pearl,bo3,0.88,187.0,13.0,18.0,6.0,59%,126.0,18%,3.0,1.0,0.72
Notexxd,C9,https://www.vlr.gg/player/39021/notexxd,Americas,674839,268103,Pearl,bo3,0.55,130.0,9.0,18.0,8.0,59%,95.0,33%,1.0,4.0,0.5
keznit,ENVY,https://www.vlr.gg/player/2462/keznit,Americas,674839,268103,Pearl,bo3,1.22,263.0,21.0,16.0,6.0,68%,154.0,20%,4.0,1.0,1.31
P0PPIN,ENVY,https://www.vlr.gg/player/21778/p0ppin,Americas,674839,268103,Pearl,bo3,1.21,219.0,16.0,12.0,9.0,77%,156.0,26%,2.0,2.0,1.33
nightz,ENVY,https://www.vlr.gg/player/41798/nightz,Americas,674839,268103,Pearl,bo3,1.09,266.0,22.0,16.0,4.0,59%,182.0,52%,5.0,2.0,1.38
Demon1,ENVY,https://www.vlr.gg/player/26171/demon1,Americas,674839,268103,Pearl,bo3,1.0,168.0,12.0,13.0,9.0,59%,110.0,18%,1.0,0.0,0.92
Rossy,ENVY,https://www.vlr.gg/player/1129/rossy,Americas,674839,268103,Pearl,bo3,0.78,166.0,12.0,14.0,5.0,68%,111.0,22%,2.0,3.0,0.86
zerona,EG,https://www.vlr.gg/player/14048/zerona,Americas,674840,268104,Ascent,bo3,1.33,261.0,23.0,17.0,8.0,85%,167.0,24%,2.0,1.0,1.35
dgzin,EG,https://www.vlr.gg/player/8873/dgzin,Americas,674840,268104,Ascent,bo3,1.14,253.0,24.0,19.0,5.0,69%,161.0,30%,3.0,3.0,1.26
Paincakes,EG,https://www.vlr.gg/player/2164/paincakes,Americas,674840,268104,Ascent,bo3,0.99,202.0,17.0,18.0,4.0,69%,142.0,24%,1.0,2.0,0.94
bao,EG,https://www.vlr.gg/player/34400/bao,Americas,674840,268104,Ascent,bo3,0.76,148.0,14.0,17.0,8.0,77%,98.0,14%,2.0,3.0,0.82
supamen,EG,https://www.vlr.gg/player/826/supamen,Americas,674840,268104,Ascent,bo3,0.38,114.0,10.0,21.0,2.0,50%,72.0,53%,3.0,6.0,0.48
keznit,ENVY,https://www.vlr.gg/player/2462/keznit,Americas,674840,268104,Ascent,bo3,1.29,255.0,25.0,18.0,4.0,65%,166.0,34%,4.0,6.0,1.39
nightz,ENVY,https://www.vlr.gg/player/41798/nightz,Americas,674840,268104,Ascent,bo3,1.27,251.0,22.0,18.0,10.0,85%,171.0,31%,1.0,0.0,1.22
Rossy,ENVY,https://www.vlr.gg/player/1129/rossy,Americas,674840,268104,Ascent,bo3,1.11,193.0,18.0,15.0,7.0,81%,118.0,23%,2.0,1.0,1.2
P0PPIN,ENVY,https://www.vlr.gg/player/21778/p0ppin,Americas,674840,268104,Ascent,bo3,0.85,139.0,13.0,16.0,5.0,73%,94.0,26%,1.0,0.0,0.81
Demon1,ENVY,https://www.vlr.gg/player/26171/demon1,Americas,674840,268104,Ascent,bo3,0.65,174.0,14.0,21.0,5.0,69%,117.0,35%,7.0,4.0,0.67
supamen,EG,https://www.vlr.gg/player/826/supamen,Americas,674840,268105,Haven,bo3,1.34,247.0,26.0,20.0,18.0,83%,155.0,50%,1.0,1.0,1.3
zerona,EG,https://www.vlr.gg/player/14048/zerona,Americas,674840,268105,Haven,bo3,1.23,234.0,26.0,19.0,12.0,73%,143.0,26%,4.0,3.0,1.37
Paincakes,EG,https://www.vlr.gg/player/2164/paincakes,Americas,674840,268105,Haven,bo3,1.07,211.0,21.0,21.0,12.0,83%,132.0,17%,4.0,0.0,1.0
bao,EG,https://www.vlr.gg/player/34400/bao,Americas,674840,268105,Haven,bo3,1.04,187.0,19.0,19.0,5.0,77%,136.0,22%,1.0,1.0,1.0
dgzin,EG,https://www.vlr.gg/player/8873/dgzin,Americas,674840,268105,Haven,bo3,0.91,227.0,22.0,26.0,11.0,63%,146.0,28%,8.0,7.0,0.85
keznit,ENVY,https://www.vlr.gg/player/2462/keznit,Americas,674840,268105,Haven,bo3,1.2,241.0,26.0,20.0,5.0,70%,172.0,26%,1.0,2.0,1.3
Rossy,ENVY,https://www.vlr.gg/player/1129/rossy,Americas,674840,268105,Haven,bo3,1.08,204.0,23.0,22.0,7.0,67%,137.0,31%,3.0,2.0,1.05
Demon1,ENVY,https://www.vlr.gg/player/26171/demon1,Americas,674840,268105,Haven,bo3,0.85,192.0,21.0,22.0,3.0,63%,135.0,43%,3.0,6.0,0.95
nightz,ENVY,https://www.vlr.gg/player/41798/nightz,Americas,674840,268105,Haven,bo3,0.73,169.0,19.0,25.0,4.0,60%,112.0,36%,2.0,4.0,0.76
P0PPIN,ENVY,https://www.vlr.gg/player/21778/p0ppin,Americas,674840,268105,Haven,bo3,0.64,154.0,16.0,25.0,6.0,63%,105.0,23%,3.0,4.0,0.64
supamen,EG,https://www.vlr.gg/player/826/supamen,Americas,674840,268106,Pearl,bo3,1.4,268.0,21.0,12.0,9.0,86%,161.0,36%,2.0,0.0,1.75
dgzin,EG,https://www.vlr.gg/player/8873/dgzin,Americas,674840,268106,Pearl,bo3,1.21,262.0,23.0,15.0,0.0,82%,162.0,26%,4.0,2.0,1.53
bao,EG,https://www.vlr.gg/player/34400/bao,Americas,674840,268106,Pearl,bo3,1.18,200.0,15.0,13.0,7.0,91%,147.0,31%,4.0,1.0,1.15
zerona,EG,https://www.vlr.gg/player/14048/zerona,Americas,674840,268106,Pearl,bo3,1.15,230.0,16.0,14.0,8.0,77%,154.0,30%,4.0,2.0,1.14
Paincakes,EG,https://www.vlr.gg/player/2164/paincakes,Americas,674840,268106,Pearl,bo3,0.86,126.0,10.0,11.0,8.0,73%,81.0,16%,1.0,2.0,0.91
keznit,ENVY,https://www.vlr.gg/player/2462/keznit,Americas,674840,268106,Pearl,bo3,1.28,257.0,22.0,15.0,2.0,68%,167.0,29%,4.0,1.0,1.47
Rossy,ENVY,https://www.vlr.gg/player/1129/rossy,Americas,674840,268106,Pearl,bo3,0.83,143.0,10.0,17.0,10.0,68%,100.0,20%,0.0,0.0,0.59
Demon1,ENVY,https://www.vlr.gg/player/26171/demon1,Americas,674840,268106,Pearl,bo3,0.72,169.0,12.0,18.0,5.0,55%,111.0,48%,1.0,4.0,0.67
P0PPIN,ENVY,https://www.vlr.gg/player/21778/p0ppin,Americas,674840,268106,Pearl,bo3,0.7,141.0,10.0,18.0,6.0,64%,89.0,18%,1.0,2.0,0.56
nightz,ENVY,https://www.vlr.gg/player/41798/nightz,Americas,674840,268106,Pearl,bo3,0.64,135.0,11.0,17.0,4.0,50%,94.0,50%,1.0,8.0,0.65
JonahP,SEN,https://www.vlr.gg/player/4581/jonahp,Americas,674842,268110,Lotus,bo3,1.24,208.0,16.0,14.0,10.0,82%,133.0,17%,1.0,0.0,1.14
johnqt,SEN,https://www.vlr.gg/player/1265/johnqt,Americas,674842,268110,Lotus,bo3,1.17,196.0,17.0,12.0,10.0,91%,119.0,41%,0.0,3.0,1.42
Reduxx,SEN,https://www.vlr.gg/player/8419/reduxx,Americas,674842,268110,Lotus,bo3,1.11,253.0,19.0,17.0,1.0,77%,158.0,15%,3.0,3.0,1.12
Jerrwin,SEN,https://www.vlr.gg/player/34057/jerrwin,Americas,674842,268110,Lotus,bo3,1.0,206.0,15.0,16.0,5.0,73%,140.0,16%,4.0,3.0,0.94
cortezia,SEN,https://www.vlr.gg/player/5395/cortezia,Americas,674842,268110,Lotus,bo3,0.85,155.0,12.0,14.0,6.0,68%,102.0,19%,2.0,3.0,0.86
OXY,C9,https://www.vlr.gg/player/18796/oxy,Americas,674842,268110,Lotus,bo3,1.29,267.0,19.0,15.0,3.0,77%,167.0,33%,7.0,0.0,1.27
Jackk,C9,https://www.vlr.gg/player/44842/jackk,Americas,674842,268110,Lotus,bo3,1.06,199.0,16.0,13.0,7.0,82%,131.0,37%,0.0,1.0,1.23
Veer,C9,https://www.vlr.gg/player/3877/veer,Americas,674842,268110,Lotus,bo3,0.85,143.0,12.0,14.0,6.0,73%,99.0,40%,1.0,1.0,0.86
Zellsis,C9,https://www.vlr.gg/player/729/zellsis,Americas,674842,268110,Lotus,bo3,0.57,173.0,12.0,17.0,4.0,55%,125.0,25%,2.0,4.0,0.71
Notexxd,C9,https://www.vlr.gg/player/39021/notexxd,Americas,674842,268110,Lotus,bo3,0.52,160.0,14.0,20.0,2.0,68%,115.0,41%,2.0,4.0,0.7
johnqt,SEN,https://www.vlr.gg/player/1265/johnqt,Americas,674842,268111,Pearl,bo3,1.79,258.0,19.0,6.0,15.0,95%,168.0,26%,1.0,1.0,3.17
Reduxx,SEN,https://www.vlr.gg/player/8419/reduxx,Americas,674842,268111,Pearl,bo3,1.65,345.0,26.0,11.0,4.0,90%,206.0,20%,5.0,0.0,2.36
Jerrwin,SEN,https://www.vlr.gg/player/34057/jerrwin,Americas,674842,268111,Pearl,bo3,1.26,230.0,18.0,12.0,4.0,80%,120.0,19%,3.0,4.0,1.5
cortezia,SEN,https://www.vlr.gg/player/5395/cortezia,Americas,674842,268111,Pearl,bo3,1.13,172.0,12.0,9.0,10.0,75%,114.0,24%,1.0,1.0,1.33
JonahP,SEN,https://www.vlr.gg/player/4581/jonahp,Americas,674842,268111,Pearl,bo3,0.92,168.0,12.0,12.0,7.0,80%,108.0,23%,2.0,2.0,1.0
Zellsis,C9,https://www.vlr.gg/player/729/zellsis,Americas,674842,268111,Pearl,bo3,1.03,214.0,15.0,16.0,2.0,60%,152.0,29%,0.0,2.0,0.94
Veer,C9,https://www.vlr.gg/player/3877/veer,Americas,674842,268111,Pearl,bo3,0.76,153.0,10.0,16.0,6.0,70%,111.0,16%,0.0,2.0,0.62
Notexxd,C9,https://www.vlr.gg/player/39021/notexxd,Americas,674842,268111,Pearl,bo3,0.52,147.0,11.0,19.0,2.0,55%,93.0,23%,2.0,5.0,0.58
Jackk,C9,https://www.vlr.gg/player/44842/jackk,Americas,674842,268111,Pearl,bo3,0.45,104.0,6.0,17.0,7.0,60%,69.0,18%,1.0,0.0,0.35
OXY,C9,https://www.vlr.gg/player/18796/oxy,Americas,674842,268111,Pearl,bo3,0.33,134.0,8.0,20.0,6.0,55%,82.0,32%,5.0,3.0,0.4
keznit,ENVY,https://www.vlr.gg/player/2462/keznit,Americas,674843,268113,BreezePICK,bo3,0.95,170.0,11.0,13.0,1.0,72%,114.0,38%,1.0,1.0,0.85
nightz,ENVY,https://www.vlr.gg/player/41798/nightz,Americas,674843,268113,BreezePICK,bo3,0.81,196.0,12.0,16.0,5.0,72%,126.0,50%,2.0,2.0,0.75
Rossy,ENVY,https://www.vlr.gg/player/1129/rossy,Americas,674843,268113,BreezePICK,bo3,0.76,155.0,9.0,13.0,1.0,61%,114.0,38%,2.0,2.0,0.69
P0PPIN,ENVY,https://www.vlr.gg/player/21778/p0ppin,Americas,674843,268113,BreezePICK,bo3,0.58,128.0,8.0,16.0,8.0,72%,79.0,21%,0.0,5.0,0.5
Demon1,ENVY,https://www.vlr.gg/player/26171/demon1,Americas,674843,268113,BreezePICK,bo3,0.56,118.0,7.0,15.0,2.0,56%,86.0,36%,1.0,2.0,0.47
cortezia,SEN,https://www.vlr.gg/player/5395/cortezia,Americas,674843,268113,BreezePICK,bo3,1.81,253.0,19.0,6.0,6.0,89%,170.0,42%,3.0,0.0,3.17
johnqt,SEN,https://www.vlr.gg/player/1265/johnqt,Americas,674843,268113,BreezePICK,bo3,1.72,280.0,18.0,7.0,9.0,89%,186.0,25%,0.0,0.0,2.57
Reduxx,SEN,https://www.vlr.gg/player/8419/reduxx,Americas,674843,268113,BreezePICK,bo3,1.02,216.0,14.0,12.0,7.0,94%,121.0,14%,4.0,0.0,1.17
JonahP,SEN,https://www.vlr.gg/player/4581/jonahp,Americas,674843,268113,BreezePICK,bo3,0.91,131.0,7.0,8.0,8.0,78%,102.0,40%,0.0,3.0,0.88
Jerrwin,SEN,https://www.vlr.gg/player/34057/jerrwin,Americas,674843,268113,BreezePICK,bo3,0.89,249.0,15.0,14.0,2.0,61%,153.0,33%,5.0,3.0,1.07
keznit,ENVY,https://www.vlr.gg/player/2462/keznit,Americas,674843,268114,LotusPICK,bo3,1.26,249.0,17.0,15.0,5.0,70%,177.0,21%,1.0,0.0,1.13
nightz,ENVY,https://www.vlr.gg/player/41798/nightz,Americas,674843,268114,LotusPICK,bo3,0.97,187.0,13.0,13.0,9.0,85%,127.0,44%,2.0,1.0,1.0
Rossy,ENVY,https://www.vlr.gg/player/1129/rossy,Americas,674843,268114,LotusPICK,bo3,0.9,185.0,13.0,14.0,5.0,70%,125.0,25%,0.0,2.0,0.93
P0PPIN,ENVY,https://www.vlr.gg/player/21778/p0ppin,Americas,674843,268114,LotusPICK,bo3,0.79,174.0,13.0,17.0,3.0,70%,114.0,19%,1.0,0.0,0.76
Demon1,ENVY,https://www.vlr.gg/player/26171/demon1,Americas,674843,268114,LotusPICK,bo3,0.41,125.0,9.0,18.0,1.0,50%,83.0,23%,3.0,10.0,0.5
Jerrwin,SEN,https://www.vlr.gg/player/34057/jerrwin,Americas,674843,268114,LotusPICK,bo3,1.18,260.0,19.0,13.0,1.0,70%,164.0,21%,3.0,3.0,1.46
johnqt,SEN,https://www.vlr.gg/player/1265/johnqt,Americas,674843,268114,LotusPICK,bo3,1.14,182.0,12.0,11.0,10.0,80%,124.0,52%,0.0,0.0,1.09
cortezia,SEN,https://www.vlr.gg/player/5395/cortezia,Americas,674843,268114,LotusPICK,bo3,1.14,197.0,16.0,12.0,2.0,75%,121.0,41%,4.0,1.0,1.33
JonahP,SEN,https://www.vlr.gg/player/4581/jonahp,Americas,674843,268114,LotusPICK,bo3,1.1,227.0,17.0,13.0,4.0,65%,137.0,17%,3.0,1.0,1.31
Reduxx,SEN,https://www.vlr.gg/player/8419/reduxx,Americas,674843,268114,LotusPICK,bo3,0.89,209.0,13.0,16.0,7.0,75%,156.0,13%,3.0,2.0,0.81
zerona,EG,https://www.vlr.gg/player/14048/zerona,Americas,674841,268107,SplitPICK,bo3,1.53,309.0,21.0,12.0,2.0,74%,192.0,32%,4.0,1.0,1.75
Paincakes,EG,https://www.vlr.gg/player/2164/paincakes,Americas,674841,268107,SplitPICK,bo3,1.2,206.0,14.0,12.0,4.0,68%,135.0,26%,0.0,1.0,1.17
bao,EG,https://www.vlr.gg/player/34400/bao,Americas,674841,268107,SplitPICK,bo3,1.04,174.0,13.0,11.0,7.0,84%,101.0,23%,1.0,0.0,1.18
dgzin,EG,https://www.vlr.gg/player/8873/dgzin,Americas,674841,268107,SplitPICK,bo3,1.03,209.0,14.0,12.0,1.0,58%,133.0,24%,4.0,5.0,1.17
supamen,EG,https://www.vlr.gg/player/826/supamen,Americas,674841,268107,SplitPICK,bo3,0.62,106.0,6.0,12.0,4.0,63%,76.0,38%,1.0,2.0,0.5
Reduxx,SEN,https://www.vlr.gg/player/8419/reduxx,Americas,674841,268107,SplitPICK,bo3,1.29,255.0,17.0,12.0,3.0,84%,156.0,21%,3.0,3.0,1.42
cortezia,SEN,https://www.vlr.gg/player/5395/cortezia,Americas,674841,268107,SplitPICK,bo3,0.98,226.0,13.0,12.0,3.0,68%,159.0,26%,1.0,0.0,1.08
johnqt,SEN,https://www.vlr.gg/player/1265/johnqt,Americas,674841,268107,SplitPICK,bo3,0.7,110.0,8.0,12.0,4.0,79%,67.0,39%,0.0,0.0,0.67
JonahP,SEN,https://www.vlr.gg/player/4581/jonahp,Americas,674841,268107,SplitPICK,bo3,0.69,175.0,10.0,15.0,4.0,63%,113.0,29%,2.0,3.0,0.67
Jerrwin,SEN,https://www.vlr.gg/player/34057/jerrwin,Americas,674841,268107,SplitPICK,bo3,0.61,164.0,11.0,17.0,4.0,68%,96.0,11%,3.0,4.0,0.65
bao,EG,https://www.vlr.gg/player/34400/bao,Americas,674841,268108,HavenPICK,bo3,0.82,214.0,13.0,16.0,1.0,61%,134.0,34%,2.0,1.0,0.81
dgzin,EG,https://www.vlr.gg/player/8873/dgzin,Americas,674841,268108,HavenPICK,bo3,0.68,202.0,11.0,18.0,6.0,61%,120.0,11%,4.0,2.0,0.61
Paincakes,EG,https://www.vlr.gg/player/2164/paincakes,Americas,674841,268108,HavenPICK,bo3,0.63,153.0,10.0,15.0,5.0,61%,96.0,30%,0.0,3.0,0.67
zerona,EG,https://www.vlr.gg/player/14048/zerona,Americas,674841,268108,HavenPICK,bo3,0.58,126.0,9.0,15.0,4.0,44%,85.0,9%,1.0,3.0,0.6
supamen,EG,https://www.vlr.gg/player/826/supamen,Americas,674841,268108,HavenPICK,bo3,0.44,91.0,5.0,15.0,4.0,56%,64.0,39%,0.0,2.0,0.33
Reduxx,SEN,https://www.vlr.gg/player/8419/reduxx,Americas,674841,268108,HavenPICK,bo3,1.59,288.0,20.0,11.0,8.0,89%,171.0,23%,1.0,1.0,1.82
cortezia,SEN,https://www.vlr.gg/player/5395/cortezia,Americas,674841,268108,HavenPICK,bo3,1.52,273.0,20.0,8.0,2.0,67%,162.0,23%,2.0,2.0,2.5
JonahP,SEN,https://www.vlr.gg/player/4581/jonahp,Americas,674841,268108,HavenPICK,bo3,1.42,196.0,12.0,6.0,8.0,89%,126.0,16%,0.0,0.0,2.0
Jerrwin,SEN,https://www.vlr.gg/player/34057/jerrwin,Americas,674841,268108,HavenPICK,bo3,1.2,256.0,18.0,13.0,5.0,83%,161.0,30%,7.0,4.0,1.38
johnqt,SEN,https://www.vlr.gg/player/1265/johnqt,Americas,674841,268108,HavenPICK,bo3,0.9,157.0,9.0,10.0,8.0,72%,98.0,27%,1.0,0.0,0.9
bao,EG,https://www.vlr.gg/player/34400/bao,Americas,674841,268109,Pearl,bo3,0.67,166.0,6.0,13.0,2.0,50%,109.0,13%,1.0,1.0,0.46
zerona,EG,https://www.vlr.gg/player/14048/zerona,Americas,674841,268109,Pearl,bo3,0.56,148.0,5.0,13.0,4.0,36%,110.0,16%,1.0,3.0,0.38
Paincakes,EG,https://www.vlr.gg/player/2164/paincakes,Americas,674841,268109,Pearl,bo3,0.51,117.0,5.0,13.0,4.0,36%,82.0,17%,0.0,2.0,0.38
dgzin,EG,https://www.vlr.gg/player/8873/dgzin,Americas,674841,268109,Pearl,bo3,0.44,152.0,8.0,14.0,1.0,36%,102.0,17%,2.0,4.0,0.57
supamen,EG,https://www.vlr.gg/player/826/supamen,Americas,674841,268109,Pearl,bo3,0.4,98.0,5.0,13.0,4.0,57%,59.0,42%,0.0,0.0,0.38
johnqt,SEN,https://www.vlr.gg/player/1265/johnqt,Americas,674841,268109,Pearl,bo3,1.89,254.0,12.0,3.0,11.0,93%,161.0,27%,2.0,0.0,4.0
cortezia,SEN,https://www.vlr.gg/player/5395/cortezia,Americas,674841,268109,Pearl,bo3,1.75,252.0,15.0,5.0,1.0,93%,148.0,35%,3.0,0.0,3.0
Reduxx,SEN,https://www.vlr.gg/player/8419/reduxx,Americas,674841,268109,Pearl,bo3,1.38,308.0,17.0,7.0,3.0,79%,181.0,25%,2.0,0.0,2.43
JonahP,SEN,https://www.vlr.gg/player/4581/jonahp,Americas,674841,268109,Pearl,bo3,1.26,236.0,12.0,6.0,4.0,86%,156.0,46%,1.0,0.0,2.0
Jerrwin,SEN,https://www.vlr.gg/player/34057/jerrwin,Americas,674841,268109,Pearl,bo3,1.07,180.0,10.0,8.0,5.0,79%,114.0,15%,2.0,4.0,1.25
Sato,LEV,https://www.vlr.gg/player/21659/sato,Americas,681328,269518,Breeze,bo3,1.15,211.0,18.0,15.0,9.0,83%,136.0,30%,2.0,2.0,1.2
spike,LEV,https://www.vlr.gg/player/21661/spike,Americas,681328,269518,Breeze,bo3,1.09,239.0,19.0,17.0,2.0,67%,156.0,17%,8.0,4.0,1.12
Neon,LEV,https://www.vlr.gg/player/29243/neon,Americas,681328,269518,Breeze,bo3,1.07,224.0,20.0,16.0,1.0,79%,147.0,29%,3.0,3.0,1.25
blowz,LEV,https://www.vlr.gg/player/21251/blowz,Americas,681328,269518,Breeze,bo3,0.92,131.0,10.0,12.0,7.0,79%,91.0,33%,0.0,1.0,0.83
kiNgg,LEV,https://www.vlr.gg/player/8549/kingg,Americas,681328,269518,Breeze,bo3,0.72,127.0,11.0,15.0,5.0,79%,88.0,40%,0.0,1.0,0.73
cortezia,SEN,https://www.vlr.gg/player/5395/cortezia,Americas,681328,269518,Breeze,bo3,1.38,204.0,18.0,12.0,8.0,75%,146.0,24%,3.0,3.0,1.5
JonahP,SEN,https://www.vlr.gg/player/4581/jonahp,Americas,681328,269518,Breeze,bo3,1.13,211.0,15.0,16.0,11.0,79%,155.0,20%,3.0,1.0,0.94
Reduxx,SEN,https://www.vlr.gg/player/8419/reduxx,Americas,681328,269518,Breeze,bo3,1.01,195.0,18.0,18.0,11.0,67%,126.0,30%,4.0,3.0,1.0
johnqt,SEN,https://www.vlr.gg/player/1265/johnqt,Americas,681328,269518,Breeze,bo3,0.9,141.0,12.0,15.0,10.0,79%,93.0,30%,0.0,2.0,0.8
Jerrwin,SEN,https://www.vlr.gg/player/34057/jerrwin,Americas,681328,269518,Breeze,bo3,0.69,144.0,12.0,17.0,3.0,54%,96.0,19%,1.0,4.0,0.71
kiNgg,LEV,https://www.vlr.gg/player/8549/kingg,Americas,681328,269519,Split,bo3,1.83,340.0,23.0,8.0,4.0,88%,221.0,20%,0.0,0.0,2.88
spike,LEV,https://www.vlr.gg/player/21661/spike,Americas,681328,269519,Split,bo3,1.54,300.0,20.0,9.0,2.0,71%,188.0,38%,4.0,3.0,2.22
Neon,LEV,https://www.vlr.gg/player/29243/neon,Americas,681328,269519,Split,bo3,1.18,202.0,13.0,8.0,6.0,76%,141.0,38%,2.0,0.0,1.62
Sato,LEV,https://www.vlr.gg/player/21659/sato,Americas,681328,269519,Split,bo3,0.97,211.0,13.0,10.0,6.0,76%,142.0,38%,3.0,3.0,1.3
blowz,LEV,https://www.vlr.gg/player/21251/blowz,Americas,681328,269519,Split,bo3,0.87,99.0,5.0,7.0,5.0,76%,72.0,24%,1.0,1.0,0.71
cortezia,SEN,https://www.vlr.gg/player/5395/cortezia,Americas,681328,269519,Split,bo3,1.07,234.0,12.0,15.0,4.0,71%,159.0,35%,1.0,1.0,0.8
JonahP,SEN,https://www.vlr.gg/player/4581/jonahp,Americas,681328,269519,Split,bo3,0.85,169.0,10.0,14.0,3.0,71%,110.0,26%,2.0,1.0,0.71
johnqt,SEN,https://www.vlr.gg/player/1265/johnqt,Americas,681328,269519,Split,bo3,0.68,123.0,7.0,14.0,8.0,71%,83.0,26%,0.0,1.0,0.5
Reduxx,SEN,https://www.vlr.gg/player/8419/reduxx,Americas,681328,269519,Split,bo3,0.66,152.0,8.0,15.0,2.0,47%,95.0,26%,1.0,1.0,0.53
Jerrwin,SEN,https://www.vlr.gg/player/34057/jerrwin,Americas,681328,269519,Split,bo3,0.22,92.0,5.0,16.0,2.0,47%,65.0,10%,3.0,6.0,0.31
kiNgg,LEV,https://www.vlr.gg/player/8549/kingg,Americas,681328,269520,Haven,bo3,1.58,268.0,20.0,9.0,9.0,95%,156.0,30%,2.0,2.0,2.22
blowz,LEV,https://www.vlr.gg/player/21251/blowz,Americas,681328,269520,Haven,bo3,1.47,244.0,16.0,9.0,7.0,84%,156.0,37%,1.0,1.0,1.78
Sato,LEV,https://www.vlr.gg/player/21659/sato,Americas,681328,269520,Haven,bo3,1.13,232.0,15.0,13.0,10.0,79%,165.0,36%,2.0,1.0,1.15
Neon,LEV,https://www.vlr.gg/player/29243/neon,Americas,681328,269520,Haven,bo3,0.8,89.0,7.0,9.0,2.0,79%,58.0,24%,1.0,2.0,0.78
spike,LEV,https://www.vlr.gg/player/21661/spike,Americas,681328,269520,Haven,bo3,0.74,227.0,14.0,17.0,7.0,74%,139.0,12%,2.0,5.0,0.82
Reduxx,SEN,https://www.vlr.gg/player/8419/reduxx,Americas,681328,269520,Haven,bo3,1.08,237.0,15.0,14.0,5.0,74%,150.0,35%,5.0,0.0,1.07
johnqt,SEN,https://www.vlr.gg/player/1265/johnqt,Americas,681328,269520,Haven,bo3,1.06,203.0,14.0,13.0,5.0,68%,130.0,41%,1.0,2.0,1.08
cortezia,SEN,https://www.vlr.gg/player/5395/cortezia,Americas,681328,269520,Haven,bo3,0.84,169.0,11.0,13.0,0.0,53%,101.0,29%,3.0,1.0,0.85
JonahP,SEN,https://www.vlr.gg/player/4581/jonahp,Americas,681328,269520,Haven,bo3,0.76,142.0,9.0,14.0,5.0,63%,87.0,44%,0.0,2.0,0.64
Jerrwin,SEN,https://www.vlr.gg/player/34057/jerrwin,Americas,681328,269520,Haven,bo3,0.41,133.0,8.0,18.0,5.0,63%,76.0,17%,2.0,3.0,0.44
aspas,MIBR,https://www.vlr.gg/player/8480/aspas,Americas,681329,269521,Fracture,bo3,1.67,328.0,25.0,10.0,3.0,85%,199.0,23%,9.0,0.0,2.5
zekken,MIBR,https://www.vlr.gg/player/4004/zekken,Americas,681329,269521,Fracture,bo3,1.27,264.0,20.0,13.0,4.0,90%,170.0,19%,3.0,0.0,1.54
Mazino,MIBR,https://www.vlr.gg/player/7603/mazino,Americas,681329,269521,Fracture,bo3,1.13,183.0,12.0,10.0,14.0,85%,125.0,20%,0.0,1.0,1.2
tex,MIBR,https://www.vlr.gg/player/1818/tex,Americas,681329,269521,Fracture,bo3,1.13,192.0,14.0,13.0,7.0,80%,140.0,26%,2.0,2.0,1.08
Verno,MIBR,https://www.vlr.gg/player/21668/verno,Americas,681329,269521,Fracture,bo3,1.06,160.0,11.0,10.0,13.0,80%,117.0,19%,1.0,2.0,1.1
Less,KRÜ,https://www.vlr.gg/player/8447/less,Americas,681329,269521,Fracture,bo3,0.92,227.0,14.0,16.0,6.0,65%,152.0,39%,1.0,3.0,0.88
saadhak,KRÜ,https://www.vlr.gg/player/727/saadhak,Americas,681329,269521,Fracture,bo3,0.89,179.0,13.0,15.0,4.0,75%,117.0,18%,1.0,2.0,0.87
mwzera,KRÜ,https://www.vlr.gg/player/939/mwzera,Americas,681329,269521,Fracture,bo3,0.73,140.0,10.0,16.0,2.0,55%,111.0,19%,0.0,2.0,0.62
Dantedeu5,KRÜ,https://www.vlr.gg/player/41135/dantedeu5,Americas,681329,269521,Fracture,bo3,0.67,159.0,9.0,17.0,9.0,55%,100.0,18%,0.0,4.0,0.53
silentzz,KRÜ,https://www.vlr.gg/player/11921/silentzz,Americas,681329,269521,Fracture,bo3,0.5,136.0,10.0,18.0,2.0,65%,89.0,35%,3.0,4.0,0.56
Verno,MIBR,https://www.vlr.gg/player/21668/verno,Americas,681329,269522,Lotus,bo3,1.83,360.0,25.0,13.0,13.0,90%,225.0,24%,1.0,1.0,1.92
tex,MIBR,https://www.vlr.gg/player/1818/tex,Americas,681329,269522,Lotus,bo3,1.32,242.0,19.0,12.0,3.0,85%,144.0,46%,2.0,3.0,1.58
aspas,MIBR,https://www.vlr.gg/player/8480/aspas,Americas,681329,269522,Lotus,bo3,1.12,250.0,18.0,15.0,4.0,80%,146.0,16%,1.0,6.0,1.2
zekken,MIBR,https://www.vlr.gg/player/4004/zekken,Americas,681329,269522,Lotus,bo3,0.88,180.0,14.0,14.0,6.0,80%,120.0,22%,1.0,4.0,1.0
Mazino,MIBR,https://www.vlr.gg/player/7603/mazino,Americas,681329,269522,Lotus,bo3,0.8,143.0,10.0,13.0,6.0,95%,100.0,24%,1.0,0.0,0.77
Less,KRÜ,https://www.vlr.gg/player/8447/less,Americas,681329,269522,Lotus,bo3,1.16,274.0,18.0,18.0,7.0,80%,183.0,28%,4.0,2.0,1.0
silentzz,KRÜ,https://www.vlr.gg/player/11921/silentzz,Americas,681329,269522,Lotus,bo3,1.05,181.0,15.0,15.0,3.0,70%,129.0,29%,2.0,1.0,1.0
mwzera,KRÜ,https://www.vlr.gg/player/939/mwzera,Americas,681329,269522,Lotus,bo3,0.96,178.0,13.0,15.0,6.0,65%,118.0,17%,2.0,0.0,0.87
Dantedeu5,KRÜ,https://www.vlr.gg/player/41135/dantedeu5,Americas,681329,269522,Lotus,bo3,0.73,205.0,14.0,18.0,4.0,75%,137.0,21%,3.0,1.0,0.78
saadhak,KRÜ,https://www.vlr.gg/player/727/saadhak,Americas,681329,269522,Lotus,bo3,0.23,128.0,7.0,20.0,7.0,70%,81.0,10%,3.0,2.0,0.35
Asuna,100T,https://www.vlr.gg/player/601/asuna,Americas,681330,269524,Ascent,bo3,1.66,276.0,18.0,9.0,7.0,76%,186.0,17%,2.0,0.0,2.0
bang,100T,https://www.vlr.gg/player/3880/bang,Americas,681330,269524,Ascent,bo3,1.3,189.0,12.0,8.0,11.0,82%,116.0,22%,0.0,1.0,1.5
Cryocells,100T,https://www.vlr.gg/player/4147/cryocells,Americas,681330,269524,Ascent,bo3,1.12,216.0,14.0,11.0,6.0,71%,126.0,24%,1.0,2.0,1.27
vora,100T,https://www.vlr.gg/player/20140/vora,Americas,681330,269524,Ascent,bo3,1.01,185.0,11.0,10.0,10.0,71%,137.0,13%,0.0,1.0,1.1
Timotino,100T,https://www.vlr.gg/player/29893/timotino,Americas,681330,269524,Ascent,bo3,0.86,213.0,12.0,14.0,6.0,59%,125.0,7%,6.0,4.0,0.86
nerve,FUR,https://www.vlr.gg/player/754/nerve,Americas,681330,269524,Ascent,bo3,1.2,229.0,13.0,12.0,10.0,88%,145.0,36%,2.0,1.0,1.08
eeiu,FUR,https://www.vlr.gg/player/796/eeiu,Americas,681330,269524,Ascent,bo3,1.17,256.0,14.0,14.0,2.0,65%,173.0,27%,2.0,0.0,1.0
alym,FUR,https://www.vlr.gg/player/48025/alym,Americas,681330,269524,Ascent,bo3,0.87,198.0,10.0,13.0,4.0,59%,146.0,36%,2.0,3.0,0.77
artzin,FUR,https://www.vlr.gg/player/5957/artzin,Americas,681330,269524,Ascent,bo3,0.73,148.0,9.0,13.0,6.0,76%,99.0,25%,1.0,2.0,0.69
koalanoob,FUR,https://www.vlr.gg/player/3722/koalanoob,Americas,681330,269524,Ascent,bo3,0.41,109.0,6.0,15.0,1.0,47%,75.0,25%,1.0,3.0,0.4
bang,100T,https://www.vlr.gg/player/3880/bang,Americas,681330,269525,Breeze,bo3,1.55,286.0,23.0,12.0,6.0,86%,169.0,38%,3.0,1.0,1.92
Asuna,100T,https://www.vlr.gg/player/601/asuna,Americas,681330,269525,Breeze,bo3,1.28,296.0,23.0,15.0,9.0,64%,215.0,24%,3.0,5.0,1.53
Timotino,100T,https://www.vlr.gg/player/29893/timotino,Americas,681330,269525,Breeze,bo3,0.96,190.0,15.0,16.0,2.0,73%,111.0,15%,4.0,2.0,0.94
Cryocells,100T,https://www.vlr.gg/player/4147/cryocells,Americas,681330,269525,Breeze,bo3,0.96,138.0,13.0,13.0,3.0,68%,92.0,27%,2.0,0.0,1.0
vora,100T,https://www.vlr.gg/player/20140/vora,Americas,681330,269525,Breeze,bo3,0.91,135.0,10.0,11.0,6.0,73%,94.0,23%,0.0,2.0,0.91
nerve,FUR,https://www.vlr.gg/player/754/nerve,Americas,681330,269525,Breeze,bo3,1.18,212.0,15.0,14.0,2.0,68%,147.0,27%,1.0,1.0,1.07
artzin,FUR,https://www.vlr.gg/player/5957/artzin,Americas,681330,269525,Breeze,bo3,1.04,265.0,18.0,18.0,10.0,64%,180.0,20%,4.0,4.0,1.0
koalanoob,FUR,https://www.vlr.gg/player/3722/koalanoob,Americas,681330,269525,Breeze,bo3,0.76,207.0,16.0,19.0,3.0,41%,136.0,30%,3.0,5.0,0.84
alym,FUR,https://www.vlr.gg/player/48025/alym,Americas,681330,269525,Breeze,bo3,0.71,122.0,8.0,15.0,7.0,55%,82.0,33%,2.0,1.0,0.53
eeiu,FUR,https://www.vlr.gg/player/796/eeiu,Americas,681330,269525,Breeze,bo3,0.69,145.0,10.0,18.0,5.0,64%,110.0,20%,0.0,1.0,0.56
erde,LOUD,https://www.vlr.gg/player/29242/erde,Americas,681331,269527,Breeze,bo3,1.28,198.0,19.0,14.0,6.0,75%,131.0,26%,5.0,3.0,1.36
cauanzin,LOUD,https://www.vlr.gg/player/6193/cauanzin,Americas,681331,269527,Breeze,bo3,1.24,235.0,18.0,17.0,5.0,75%,164.0,39%,1.0,2.0,1.06
lukxo,LOUD,https://www.vlr.gg/player/28716/lukxo,Americas,681331,269527,Breeze,bo3,1.14,227.0,19.0,15.0,10.0,63%,156.0,30%,2.0,2.0,1.27
Darker,LOUD,https://www.vlr.gg/player/10557/darker,Americas,681331,269527,Breeze,bo3,1.03,143.0,13.0,12.0,6.0,71%,109.0,32%,0.0,2.0,1.08
Virtyy,LOUD,https://www.vlr.gg/player/3983/virtyy,Americas,681331,269527,Breeze,bo3,0.74,164.0,13.0,16.0,3.0,63%,100.0,31%,2.0,5.0,0.81
brawk,NRG,https://www.vlr.gg/player/2172/brawk,Americas,681331,269527,Breeze,bo3,1.14,207.0,18.0,16.0,2.0,71%,132.0,34%,2.0,1.0,1.12
mada,NRG,https://www.vlr.gg/player/5132/mada,Americas,681331,269527,Breeze,bo3,0.93,172.0,14.0,14.0,7.0,63%,113.0,39%,2.0,1.0,1.0
Ethan,NRG,https://www.vlr.gg/player/11225/ethan,Americas,681331,269527,Breeze,bo3,0.83,151.0,13.0,16.0,8.0,63%,91.0,32%,2.0,2.0,0.81
keiko,NRG,https://www.vlr.gg/player/11494/keiko,Americas,681331,269527,Breeze,bo3,0.78,164.0,14.0,19.0,4.0,71%,104.0,33%,7.0,3.0,0.74
skuba,NRG,https://www.vlr.gg/player/11118/skuba,Americas,681331,269527,Breeze,bo3,0.75,159.0,15.0,17.0,4.0,63%,117.0,29%,1.0,3.0,0.88
Virtyy,LOUD,https://www.vlr.gg/player/3983/virtyy,Americas,681331,269528,Ascent,bo3,1.68,322.0,27.0,13.0,1.0,75%,205.0,27%,7.0,3.0,2.08
erde,LOUD,https://www.vlr.gg/player/29242/erde,Americas,681331,269528,Ascent,bo3,1.41,230.0,15.0,12.0,24.0,90%,143.0,17%,1.0,0.0,1.25
Darker,LOUD,https://www.vlr.gg/player/10557/darker,Americas,681331,269528,Ascent,bo3,1.25,192.0,15.0,12.0,9.0,80%,136.0,29%,2.0,0.0,1.25
cauanzin,LOUD,https://www.vlr.gg/player/6193/cauanzin,Americas,681331,269528,Ascent,bo3,1.18,207.0,14.0,13.0,11.0,70%,152.0,17%,1.0,0.0,1.08
lukxo,LOUD,https://www.vlr.gg/player/28716/lukxo,Americas,681331,269528,Ascent,bo3,0.69,153.0,9.0,15.0,10.0,70%,108.0,13%,1.0,5.0,0.6
brawk,NRG,https://www.vlr.gg/player/2172/brawk,Americas,681331,269528,Ascent,bo3,1.29,243.0,17.0,14.0,6.0,70%,166.0,18%,1.0,3.0,1.21
mada,NRG,https://www.vlr.gg/player/5132/mada,Americas,681331,269528,Ascent,bo3,0.94,262.0,18.0,18.0,3.0,60%,176.0,48%,3.0,2.0,1.0
Ethan,NRG,https://www.vlr.gg/player/11225/ethan,Americas,681331,269528,Ascent,bo3,0.9,214.0,12.0,16.0,12.0,75%,134.0,16%,3.0,3.0,0.75
keiko,NRG,https://www.vlr.gg/player/11494/keiko,Americas,681331,269528,Ascent,bo3,0.69,136.0,9.0,16.0,9.0,60%,88.0,19%,1.0,2.0,0.56
skuba,NRG,https://www.vlr.gg/player/11118/skuba,Americas,681331,269528,Ascent,bo3,0.58,137.0,9.0,16.0,6.0,55%,88.0,23%,0.0,2.0,0.56
Neon,LEV,https://www.vlr.gg/player/29243/neon,Americas,681332,269530,SplitPICK,bo5,1.19,200.0,15.0,14.0,7.0,77%,133.0,38%,2.0,2.0,1.07
Sato,LEV,https://www.vlr.gg/player/21659/sato,Americas,681332,269530,SplitPICK,bo5,0.89,207.0,15.0,18.0,6.0,77%,135.0,47%,2.0,2.0,0.83
blowz,LEV,https://www.vlr.gg/player/21251/blowz,Americas,681332,269530,SplitPICK,bo5,0.81,197.0,15.0,15.0,6.0,59%,119.0,32%,1.0,0.0,1.0
kiNgg,LEV,https://www.vlr.gg/player/8549/kingg,Americas,681332,269530,SplitPICK,bo5,0.69,108.0,8.0,12.0,3.0,64%,85.0,19%,0.0,4.0,0.67
spike,LEV,https://www.vlr.gg/player/21661/spike,Americas,681332,269530,SplitPICK,bo5,0.56,175.0,12.0,18.0,4.0,68%,132.0,25%,2.0,7.0,0.67
zekken,MIBR,https://www.vlr.gg/player/4004/zekken,Americas,681332,269530,SplitPICK,bo5,1.38,247.0,21.0,11.0,2.0,73%,138.0,16%,7.0,4.0,1.91
Verno,MIBR,https://www.vlr.gg/player/21668/verno,Americas,681332,269530,SplitPICK,bo5,1.37,206.0,16.0,12.0,10.0,86%,139.0,19%,0.0,0.0,1.33
Mazino,MIBR,https://www.vlr.gg/player/7603/mazino,Americas,681332,269530,SplitPICK,bo5,1.2,167.0,15.0,10.0,3.0,73%,102.0,20%,2.0,1.0,1.5
tex,MIBR,https://www.vlr.gg/player/1818/tex,Americas,681332,269530,SplitPICK,bo5,1.07,187.0,14.0,12.0,4.0,77%,134.0,30%,3.0,1.0,1.17
aspas,MIBR,https://www.vlr.gg/player/8480/aspas,Americas,681332,269530,SplitPICK,bo5,0.61,180.0,11.0,20.0,8.0,68%,145.0,24%,3.0,1.0,0.55
Sato,LEV,https://www.vlr.gg/player/21659/sato,Americas,681332,269531,BreezePICK,bo5,0.95,212.0,15.0,16.0,4.0,70%,143.0,47%,2.0,2.0,0.94
kiNgg,LEV,https://www.vlr.gg/player/8549/kingg,Americas,681332,269531,BreezePICK,bo5,0.88,185.0,14.0,16.0,3.0,70%,117.0,34%,1.0,1.0,0.88
blowz,LEV,https://www.vlr.gg/player/21251/blowz,Americas,681332,269531,BreezePICK,bo5,0.72,153.0,10.0,15.0,6.0,60%,113.0,27%,0.0,1.0,0.67
spike,LEV,https://www.vlr.gg/player/21661/spike,Americas,681332,269531,BreezePICK,bo5,0.65,170.0,10.0,18.0,4.0,45%,104.0,16%,3.0,4.0,0.56
Neon,LEV,https://www.vlr.gg/player/29243/neon,Americas,681332,269531,BreezePICK,bo5,0.58,141.0,8.0,16.0,4.0,70%,102.0,30%,3.0,3.0,0.5
Verno,MIBR,https://www.vlr.gg/player/21668/verno,Americas,681332,269531,BreezePICK,bo5,1.83,308.0,22.0,9.0,9.0,85%,192.0,31%,2.0,1.0,2.44
aspas,MIBR,https://www.vlr.gg/player/8480/aspas,Americas,681332,269531,BreezePICK,bo5,1.38,293.0,22.0,12.0,5.0,85%,193.0,22%,3.0,2.0,1.83
tex,MIBR,https://www.vlr.gg/player/1818/tex,Americas,681332,269531,BreezePICK,bo5,1.13,240.0,16.0,13.0,4.0,75%,135.0,44%,4.0,2.0,1.23
zekken,MIBR,https://www.vlr.gg/player/4004/zekken,Americas,681332,269531,BreezePICK,bo5,1.01,180.0,13.0,12.0,10.0,85%,128.0,46%,1.0,2.0,1.08
Mazino,MIBR,https://www.vlr.gg/player/7603/mazino,Americas,681332,269531,BreezePICK,bo5,0.95,135.0,8.0,11.0,13.0,75%,102.0,21%,1.0,2.0,0.73
Sato,LEV,https://www.vlr.gg/player/21659/sato,Americas,681332,269532,AscentPICK,bo5,1.11,238.0,20.0,19.0,8.0,69%,172.0,44%,3.0,1.0,1.05
spike,LEV,https://www.vlr.gg/player/21661/spike,Americas,681332,269532,AscentPICK,bo5,1.05,220.0,20.0,19.0,5.0,73%,134.0,34%,4.0,4.0,1.05
blowz,LEV,https://www.vlr.gg/player/21251/blowz,Americas,681332,269532,AscentPICK,bo5,1.0,193.0,17.0,18.0,8.0,62%,140.0,24%,1.0,2.0,0.94
kiNgg,LEV,https://www.vlr.gg/player/8549/kingg,Americas,681332,269532,AscentPICK,bo5,0.75,160.0,15.0,20.0,12.0,69%,97.0,20%,2.0,2.0,0.75
Neon,LEV,https://www.vlr.gg/player/29243/neon,Americas,681332,269532,AscentPICK,bo5,0.7,135.0,12.0,16.0,2.0,65%,86.0,17%,5.0,2.0,0.75
Mazino,MIBR,https://www.vlr.gg/player/7603/mazino,Americas,681332,269532,AscentPICK,bo5,1.53,296.0,28.0,16.0,11.0,77%,196.0,26%,1.0,1.0,1.75
aspas,MIBR,https://www.vlr.gg/player/8480/aspas,Americas,681332,269532,AscentPICK,bo5,1.35,242.0,24.0,16.0,3.0,85%,163.0,31%,3.0,1.0,1.5
Verno,MIBR,https://www.vlr.gg/player/21668/verno,Americas,681332,269532,AscentPICK,bo5,0.92,143.0,9.0,15.0,14.0,69%,122.0,14%,0.0,1.0,0.6
zekken,MIBR,https://www.vlr.gg/player/4004/zekken,Americas,681332,269532,AscentPICK,bo5,0.87,201.0,19.0,21.0,8.0,81%,112.0,12%,5.0,7.0,0.9
tex,MIBR,https://www.vlr.gg/player/1818/tex,Americas,681332,269532,AscentPICK,bo5,0.79,128.0,12.0,16.0,3.0,69%,80.0,42%,2.0,5.0,0.75
Reduxx,SEN,https://www.vlr.gg/player/8419/reduxx,Americas,681334,269540,HavenPICK,bo3,1.11,245.0,16.0,16.0,7.0,72%,162.0,33%,1.0,1.0,1.0
JonahP,SEN,https://www.vlr.gg/player/4581/jonahp,Americas,681334,269540,HavenPICK,bo3,1.02,197.0,14.0,14.0,2.0,78%,121.0,19%,4.0,2.0,1.0
cortezia,SEN,https://www.vlr.gg/player/5395/cortezia,Americas,681334,269540,HavenPICK,bo3,0.97,245.0,15.0,15.0,1.0,78%,146.0,26%,2.0,2.0,1.0
Jerrwin,SEN,https://www.vlr.gg/player/34057/jerrwin,Americas,681334,269540,HavenPICK,bo3,0.76,163.0,11.0,16.0,3.0,67%,95.0,23%,2.0,2.0,0.69
johnqt,SEN,https://www.vlr.gg/player/1265/johnqt,Americas,681334,269540,HavenPICK,bo3,0.55,137.0,6.0,16.0,8.0,78%,100.0,30%,0.0,2.0,0.38
saadhak,KRÜ,https://www.vlr.gg/player/727/saadhak,Americas,681334,269540,HavenPICK,bo3,1.36,282.0,16.0,12.0,13.0,89%,203.0,18%,1.0,2.0,1.33
Dantedeu5,KRÜ,https://www.vlr.gg/player/41135/dantedeu5,Americas,681334,269540,HavenPICK,bo3,1.33,271.0,20.0,12.0,0.0,72%,196.0,33%,2.0,2.0,1.67
mwzera,KRÜ,https://www.vlr.gg/player/939/mwzera,Americas,681334,269540,HavenPICK,bo3,1.3,267.0,18.0,12.0,3.0,83%,183.0,42%,2.0,1.0,1.5
silentzz,KRÜ,https://www.vlr.gg/player/11921/silentzz,Americas,681334,269540,HavenPICK,bo3,0.84,147.0,10.0,11.0,2.0,67%,100.0,50%,0.0,1.0,0.91
Less,KRÜ,https://www.vlr.gg/player/8447/less,Americas,681334,269540,HavenPICK,bo3,0.76,200.0,13.0,15.0,3.0,67%,135.0,36%,4.0,3.0,0.87
Reduxx,SEN,https://www.vlr.gg/player/8419/reduxx,Americas,681334,269541,BreezePICK,bo3,1.4,256.0,26.0,14.0,1.0,73%,175.0,40%,3.0,0.0,1.86
cortezia,SEN,https://www.vlr.gg/player/5395/cortezia,Americas,681334,269541,BreezePICK,bo3,1.12,173.0,16.0,14.0,6.0,73%,123.0,40%,2.0,3.0,1.14
Jerrwin,SEN,https://www.vlr.gg/player/34057/jerrwin,Americas,681334,269541,BreezePICK,bo3,1.05,254.0,23.0,20.0,2.0,58%,163.0,21%,7.0,6.0,1.15
johnqt,SEN,https://www.vlr.gg/player/1265/johnqt,Americas,681334,269541,BreezePICK,bo3,0.94,158.0,13.0,17.0,14.0,69%,90.0,17%,2.0,0.0,0.76
JonahP,SEN,https://www.vlr.gg/player/4581/jonahp,Americas,681334,269541,BreezePICK,bo3,0.85,136.0,11.0,16.0,3.0,62%,100.0,42%,1.0,2.0,0.69
mwzera,KRÜ,https://www.vlr.gg/player/939/mwzera,Americas,681334,269541,BreezePICK,bo3,1.16,259.0,23.0,18.0,6.0,77%,180.0,15%,3.0,0.0,1.28
Dantedeu5,KRÜ,https://www.vlr.gg/player/41135/dantedeu5,Americas,681334,269541,BreezePICK,bo3,1.05,240.0,21.0,19.0,1.0,58%,139.0,25%,4.0,5.0,1.11
silentzz,KRÜ,https://www.vlr.gg/player/11921/silentzz,Americas,681334,269541,BreezePICK,bo3,0.88,155.0,14.0,16.0,6.0,58%,98.0,67%,1.0,1.0,0.88
saadhak,KRÜ,https://www.vlr.gg/player/727/saadhak,Americas,681334,269541,BreezePICK,bo3,0.75,146.0,11.0,17.0,13.0,65%,88.0,9%,1.0,4.0,0.65
Less,KRÜ,https://www.vlr.gg/player/8447/less,Americas,681334,269541,BreezePICK,bo3,0.6,142.0,12.0,19.0,4.0,46%,95.0,14%,2.0,5.0,0.63
Reduxx,SEN,https://www.vlr.gg/player/8419/reduxx,Americas,681334,269542,Ascent,bo3,1.38,308.0,21.0,15.0,5.0,70%,195.0,34%,5.0,1.0,1.4
JonahP,SEN,https://www.vlr.gg/player/4581/jonahp,Americas,681334,269542,Ascent,bo3,1.22,184.0,16.0,10.0,3.0,65%,121.0,27%,1.0,1.0,1.6
Jerrwin,SEN,https://www.vlr.gg/player/34057/jerrwin,Americas,681334,269542,Ascent,bo3,1.02,231.0,16.0,14.0,2.0,50%,146.0,21%,3.0,5.0,1.14
johnqt,SEN,https://www.vlr.gg/player/1265/johnqt,Americas,681334,269542,Ascent,bo3,0.95,158.0,12.0,11.0,6.0,70%,112.0,21%,0.0,0.0,1.09
cortezia,SEN,https://www.vlr.gg/player/5395/cortezia,Americas,681334,269542,Ascent,bo3,0.77,135.0,10.0,13.0,2.0,70%,97.0,28%,1.0,3.0,0.77
mwzera,KRÜ,https://www.vlr.gg/player/939/mwzera,Americas,681334,269542,Ascent,bo3,1.43,281.0,18.0,14.0,5.0,80%,213.0,29%,1.0,0.0,1.29
Less,KRÜ,https://www.vlr.gg/player/8447/less,Americas,681334,269542,Ascent,bo3,1.17,251.0,17.0,14.0,5.0,70%,154.0,18%,6.0,2.0,1.21
silentzz,KRÜ,https://www.vlr.gg/player/11921/silentzz,Americas,681334,269542,Ascent,bo3,0.82,187.0,13.0,17.0,6.0,60%,136.0,22%,1.0,1.0,0.76
saadhak,KRÜ,https://www.vlr.gg/player/727/saadhak,Americas,681334,269542,Ascent,bo3,0.61,122.0,7.0,15.0,6.0,70%,96.0,31%,1.0,5.0,0.47
Dantedeu5,KRÜ,https://www.vlr.gg/player/41135/dantedeu5,Americas,681334,269542,Ascent,bo3,0.59,109.0,8.0,15.0,1.0,55%,69.0,14%,1.0,2.0,0.53
Asuna,100T,https://www.vlr.gg/player/601/asuna,Americas,681333,269535,HavenPICK,bo5,1.31,225.0,19.0,12.0,3.0,60%,150.0,39%,3.0,2.0,1.58
Timotino,100T,https://www.vlr.gg/player/29893/timotino,Americas,681333,269535,HavenPICK,bo5,1.18,226.0,16.0,12.0,6.0,75%,144.0,17%,2.0,3.0,1.33
vora,100T,https://www.vlr.gg/player/20140/vora,Americas,681333,269535,HavenPICK,bo5,1.13,210.0,13.0,11.0,9.0,65%,145.0,19%,1.0,1.0,1.18
Cryocells,100T,https://www.vlr.gg/player/4147/cryocells,Americas,681333,269535,HavenPICK,bo5,1.06,180.0,13.0,11.0,4.0,80%,115.0,17%,4.0,2.0,1.18
bang,100T,https://www.vlr.gg/player/3880/bang,Americas,681333,269535,HavenPICK,bo5,0.97,132.0,10.0,11.0,9.0,75%,77.0,50%,1.0,1.0,0.91
Virtyy,LOUD,https://www.vlr.gg/player/3983/virtyy,Americas,681333,269535,HavenPICK,bo5,1.19,259.0,18.0,15.0,4.0,65%,166.0,22%,5.0,7.0,1.2
erde,LOUD,https://www.vlr.gg/player/29242/erde,Americas,681333,269535,HavenPICK,bo5,1.02,208.0,13.0,15.0,6.0,70%,163.0,37%,1.0,1.0,0.87
lukxo,LOUD,https://www.vlr.gg/player/28716/lukxo,Americas,681333,269535,HavenPICK,bo5,0.86,179.0,13.0,14.0,5.0,60%,126.0,37%,0.0,0.0,0.93
cauanzin,LOUD,https://www.vlr.gg/player/6193/cauanzin,Americas,681333,269535,HavenPICK,bo5,0.77,130.0,7.0,14.0,7.0,60%,96.0,13%,1.0,1.0,0.5
Darker,LOUD,https://www.vlr.gg/player/10557/darker,Americas,681333,269535,HavenPICK,bo5,0.62,96.0,6.0,13.0,4.0,60%,61.0,23%,2.0,2.0,0.46
Asuna,100T,https://www.vlr.gg/player/601/asuna,Americas,681333,269536,SplitPICK,bo5,1.13,260.0,16.0,13.0,10.0,94%,158.0,22%,3.0,0.0,1.23
vora,100T,https://www.vlr.gg/player/20140/vora,Americas,681333,269536,SplitPICK,bo5,1.11,224.0,14.0,11.0,5.0,72%,140.0,40%,2.0,1.0,1.27
Cryocells,100T,https://www.vlr.gg/player/4147/cryocells,Americas,681333,269536,SplitPICK,bo5,1.07,224.0,15.0,12.0,5.0,78%,159.0,16%,1.0,1.0,1.25
bang,100T,https://www.vlr.gg/player/3880/bang,Americas,681333,269536,SplitPICK,bo5,0.84,147.0,10.0,11.0,8.0,83%,108.0,40%,1.0,3.0,0.91
Timotino,100T,https://www.vlr.gg/player/29893/timotino,Americas,681333,269536,SplitPICK,bo5,0.83,185.0,13.0,13.0,2.0,78%,101.0,14%,4.0,2.0,1.0
Virtyy,LOUD,https://www.vlr.gg/player/3983/virtyy,Americas,681333,269536,SplitPICK,bo5,1.42,295.0,19.0,13.0,3.0,72%,172.0,32%,3.0,1.0,1.46
Darker,LOUD,https://www.vlr.gg/player/10557/darker,Americas,681333,269536,SplitPICK,bo5,0.99,206.0,12.0,13.0,7.0,94%,130.0,27%,0.0,1.0,0.92
lukxo,LOUD,https://www.vlr.gg/player/28716/lukxo,Americas,681333,269536,SplitPICK,bo5,0.84,184.0,10.0,15.0,4.0,56%,138.0,28%,2.0,3.0,0.67
erde,LOUD,https://www.vlr.gg/player/29242/erde,Americas,681333,269536,SplitPICK,bo5,0.8,147.0,9.0,13.0,3.0,61%,100.0,28%,1.0,2.0,0.69
cauanzin,LOUD,https://www.vlr.gg/player/6193/cauanzin,Americas,681333,269536,SplitPICK,bo5,0.55,127.0,9.0,14.0,2.0,50%,92.0,35%,1.0,4.0,0.64
Cryocells,100T,https://www.vlr.gg/player/4147/cryocells,Americas,681333,269537,PearlPICK,bo5,1.69,323.0,28.0,14.0,1.0,78%,200.0,11%,6.0,0.0,2.0
bang,100T,https://www.vlr.gg/player/3880/bang,Americas,681333,269537,PearlPICK,bo5,1.24,198.0,18.0,12.0,9.0,78%,125.0,52%,2.0,0.0,1.5
vora,100T,https://www.vlr.gg/player/20140/vora,Americas,681333,269537,PearlPICK,bo5,1.03,151.0,12.0,12.0,8.0,83%,103.0,40%,2.0,0.0,1.0
Asuna,100T,https://www.vlr.gg/player/601/asuna,Americas,681333,269537,PearlPICK,bo5,0.98,214.0,15.0,16.0,12.0,83%,147.0,24%,3.0,3.0,0.94
Timotino,100T,https://www.vlr.gg/player/29893/timotino,Americas,681333,269537,PearlPICK,bo5,0.8,180.0,14.0,17.0,6.0,74%,127.0,25%,2.0,5.0,0.82
erde,LOUD,https://www.vlr.gg/player/29242/erde,Americas,681333,269537,PearlPICK,bo5,1.62,280.0,24.0,15.0,8.0,74%,180.0,47%,3.0,1.0,1.6
Darker,LOUD,https://www.vlr.gg/player/10557/darker,Americas,681333,269537,PearlPICK,bo5,0.85,204.0,15.0,19.0,10.0,83%,129.0,18%,1.0,4.0,0.79
lukxo,LOUD,https://www.vlr.gg/player/28716/lukxo,Americas,681333,269537,PearlPICK,bo5,0.79,196.0,16.0,18.0,8.0,74%,130.0,30%,3.0,8.0,0.89
Virtyy,LOUD,https://www.vlr.gg/player/3983/virtyy,Americas,681333,269537,PearlPICK,bo5,0.62,121.0,9.0,17.0,4.0,61%,74.0,11%,1.0,2.0,0.53
cauanzin,LOUD,https://www.vlr.gg/player/6193/cauanzin,Americas,681333,269537,PearlPICK,bo5,0.5,110.0,7.0,18.0,4.0,57%,79.0,14%,0.0,0.0,0.39
koalanoob,FUR,https://www.vlr.gg/player/3722/koalanoob,Americas,681335,269543,LotusPICK,bo3,1.03,284.0,20.0,20.0,6.0,77%,197.0,16%,8.0,2.0,1.0
artzin,FUR,https://www.vlr.gg/player/5957/artzin,Americas,681335,269543,LotusPICK,bo3,0.88,159.0,12.0,16.0,6.0,64%,102.0,25%,3.0,0.0,0.75
nerve,FUR,https://www.vlr.gg/player/754/nerve,Americas,681335,269543,LotusPICK,bo3,0.86,126.0,11.0,15.0,7.0,55%,91.0,29%,0.0,0.0,0.73
eeiu,FUR,https://www.vlr.gg/player/796/eeiu,Americas,681335,269543,LotusPICK,bo3,0.66,161.0,13.0,20.0,9.0,59%,103.0,22%,1.0,0.0,0.65
alym,FUR,https://www.vlr.gg/player/48025/alym,Americas,681335,269543,LotusPICK,bo3,0.52,148.0,12.0,20.0,6.0,50%,107.0,37%,2.0,6.0,0.6
mada,NRG,https://www.vlr.gg/player/5132/mada,Americas,681335,269543,LotusPICK,bo3,1.48,273.0,22.0,12.0,7.0,77%,183.0,29%,3.0,7.0,1.83
keiko,NRG,https://www.vlr.gg/player/11494/keiko,Americas,681335,269543,LotusPICK,bo3,1.26,261.0,21.0,15.0,7.0,82%,154.0,26%,2.0,1.0,1.4
brawk,NRG,https://www.vlr.gg/player/2172/brawk,Americas,681335,269543,LotusPICK,bo3,1.19,234.0,18.0,15.0,5.0,77%,144.0,18%,1.0,1.0,1.2
Ethan,NRG,https://www.vlr.gg/player/11225/ethan,Americas,681335,269543,LotusPICK,bo3,1.15,205.0,16.0,13.0,7.0,86%,127.0,30%,2.0,1.0,1.23
skuba,NRG,https://www.vlr.gg/player/11118/skuba,Americas,681335,269543,LotusPICK,bo3,0.96,172.0,14.0,13.0,5.0,82%,115.0,26%,0.0,4.0,1.08
koalanoob,FUR,https://www.vlr.gg/player/3722/koalanoob,Americas,681335,269544,HavenPICK,bo3,1.47,315.0,30.0,20.0,10.0,65%,211.0,36%,4.0,5.0,1.5
eeiu,FUR,https://www.vlr.gg/player/796/eeiu,Americas,681335,269544,HavenPICK,bo3,1.09,169.0,16.0,15.0,6.0,73%,128.0,36%,0.0,3.0,1.07
artzin,FUR,https://www.vlr.gg/player/5957/artzin,Americas,681335,269544,HavenPICK,bo3,0.83,194.0,18.0,20.0,7.0,65%,116.0,17%,1.0,3.0,0.9
nerve,FUR,https://www.vlr.gg/player/754/nerve,Americas,681335,269544,HavenPICK,bo3,0.78,127.0,11.0,17.0,10.0,73%,80.0,20%,2.0,0.0,0.65
alym,FUR,https://www.vlr.gg/player/48025/alym,Americas,681335,269544,HavenPICK,bo3,0.42,138.0,11.0,21.0,3.0,46%,83.0,18%,1.0,7.0,0.52
mada,NRG,https://www.vlr.gg/player/5132/mada,Americas,681335,269544,HavenPICK,bo3,1.34,251.0,23.0,16.0,5.0,73%,163.0,22%,7.0,3.0,1.44
brawk,NRG,https://www.vlr.gg/player/2172/brawk,Americas,681335,269544,HavenPICK,bo3,1.17,228.0,18.0,17.0,13.0,73%,162.0,13%,2.0,1.0,1.06
Ethan,NRG,https://www.vlr.gg/player/11225/ethan,Americas,681335,269544,HavenPICK,bo3,1.14,197.0,19.0,17.0,9.0,73%,122.0,19%,2.0,0.0,1.12
keiko,NRG,https://www.vlr.gg/player/11494/keiko,Americas,681335,269544,HavenPICK,bo3,1.13,226.0,17.0,18.0,14.0,77%,167.0,34%,3.0,2.0,0.94
skuba,NRG,https://www.vlr.gg/player/11118/skuba,Americas,681335,269544,HavenPICK,bo3,0.73,149.0,16.0,18.0,1.0,65%,86.0,26%,4.0,2.0,0.89
cauanzin,LOUD,https://www.vlr.gg/player/6193/cauanzin,Americas,681336,269546,BreezePICK,bo3,1.18,220.0,18.0,16.0,8.0,64%,145.0,24%,1.0,0.0,1.12
lukxo,LOUD,https://www.vlr.gg/player/28716/lukxo,Americas,681336,269546,BreezePICK,bo3,1.14,234.0,18.0,17.0,8.0,77%,165.0,25%,0.0,6.0,1.06
Virtyy,LOUD,https://www.vlr.gg/player/3983/virtyy,Americas,681336,269546,BreezePICK,bo3,0.86,181.0,14.0,17.0,5.0,55%,119.0,24%,2.0,5.0,0.82
erde,LOUD,https://www.vlr.gg/player/29242/erde,Americas,681336,269546,BreezePICK,bo3,0.72,127.0,9.0,14.0,5.0,73%,82.0,30%,2.0,3.0,0.64
Darker,LOUD,https://www.vlr.gg/player/10557/darker,Americas,681336,269546,BreezePICK,bo3,0.68,128.0,10.0,16.0,4.0,68%,84.0,36%,1.0,2.0,0.62
johnqt,SEN,https://www.vlr.gg/player/1265/johnqt,Americas,681336,269546,BreezePICK,bo3,1.35,212.0,18.0,11.0,9.0,86%,152.0,39%,1.0,0.0,1.64
cortezia,SEN,https://www.vlr.gg/player/5395/cortezia,Americas,681336,269546,BreezePICK,bo3,1.3,205.0,17.0,11.0,6.0,73%,158.0,52%,2.0,2.0,1.55
Jerrwin,SEN,https://www.vlr.gg/player/34057/jerrwin,Americas,681336,269546,BreezePICK,bo3,1.13,270.0,21.0,16.0,1.0,73%,160.0,31%,3.0,2.0,1.31
JonahP,SEN,https://www.vlr.gg/player/4581/jonahp,Americas,681336,269546,BreezePICK,bo3,0.84,163.0,13.0,15.0,3.0,82%,117.0,24%,6.0,0.0,0.87
Reduxx,SEN,https://www.vlr.gg/player/8419/reduxx,Americas,681336,269546,BreezePICK,bo3,0.81,162.0,11.0,16.0,12.0,73%,107.0,14%,4.0,2.0,0.69
Darker,LOUD,https://www.vlr.gg/player/10557/darker,Americas,681336,269547,LotusPICK,bo3,1.28,201.0,18.0,13.0,3.0,74%,141.0,33%,0.0,1.0,1.38
Virtyy,LOUD,https://www.vlr.gg/player/3983/virtyy,Americas,681336,269547,LotusPICK,bo3,1.1,233.0,21.0,18.0,3.0,78%,154.0,40%,3.0,3.0,1.17
lukxo,LOUD,https://www.vlr.gg/player/28716/lukxo,Americas,681336,269547,LotusPICK,bo3,1.0,226.0,16.0,19.0,5.0,74%,154.0,29%,5.0,3.0,0.84
cauanzin,LOUD,https://www.vlr.gg/player/6193/cauanzin,Americas,681336,269547,LotusPICK,bo3,0.8,181.0,14.0,19.0,12.0,74%,130.0,23%,0.0,3.0,0.74
erde,LOUD,https://www.vlr.gg/player/29242/erde,Americas,681336,269547,LotusPICK,bo3,0.45,155.0,12.0,23.0,7.0,61%,102.0,28%,1.0,4.0,0.52
JonahP,SEN,https://www.vlr.gg/player/4581/jonahp,Americas,681336,269547,LotusPICK,bo3,1.55,268.0,25.0,12.0,5.0,74%,174.0,24%,2.0,0.0,2.08
cortezia,SEN,https://www.vlr.gg/player/5395/cortezia,Americas,681336,269547,LotusPICK,bo3,1.18,249.0,21.0,15.0,3.0,65%,153.0,41%,4.0,4.0,1.4
Reduxx,SEN,https://www.vlr.gg/player/8419/reduxx,Americas,681336,269547,LotusPICK,bo3,1.07,251.0,21.0,18.0,3.0,83%,179.0,22%,4.0,1.0,1.17
johnqt,SEN,https://www.vlr.gg/player/1265/johnqt,Americas,681336,269547,LotusPICK,bo3,1.0,190.0,14.0,15.0,14.0,74%,118.0,25%,1.0,1.0,0.93
Jerrwin,SEN,https://www.vlr.gg/player/34057/jerrwin,Americas,681336,269547,LotusPICK,bo3,0.51,155.0,11.0,21.0,9.0,83%,104.0,11%,3.0,3.0,0.52
erde,LOUD,https://www.vlr.gg/player/29242/erde,Americas,681336,269548,Pearl,bo3,1.42,219.0,17.0,11.0,9.0,80%,144.0,27%,1.0,1.0,1.55
cauanzin,LOUD,https://www.vlr.gg/player/6193/cauanzin,Americas,681336,269548,Pearl,bo3,1.24,271.0,19.0,15.0,8.0,85%,169.0,18%,2.0,0.0,1.27
Darker,LOUD,https://www.vlr.gg/player/10557/darker,Americas,681336,269548,Pearl,bo3,1.13,215.0,15.0,15.0,9.0,85%,149.0,23%,0.0,1.0,1.0
Virtyy,LOUD,https://www.vlr.gg/player/3983/virtyy,Americas,681336,269548,Pearl,bo3,0.99,191.0,14.0,13.0,3.0,70%,119.0,21%,2.0,3.0,1.08
lukxo,LOUD,https://www.vlr.gg/player/28716/lukxo,Americas,681336,269548,Pearl,bo3,0.89,211.0,15.0,17.0,7.0,70%,146.0,39%,5.0,5.0,0.88
cortezia,SEN,https://www.vlr.gg/player/5395/cortezia,Americas,681336,269548,Pearl,bo3,1.12,222.0,17.0,13.0,2.0,65%,137.0,37%,3.0,0.0,1.31
Jerrwin,SEN,https://www.vlr.gg/player/34057/jerrwin,Americas,681336,269548,Pearl,bo3,1.05,241.0,16.0,17.0,10.0,90%,164.0,21%,3.0,3.0,0.94
Reduxx,SEN,https://www.vlr.gg/player/8419/reduxx,Americas,681336,269548,Pearl,bo3,0.96,246.0,18.0,16.0,4.0,75%,142.0,26%,3.0,3.0,1.12
johnqt,SEN,https://www.vlr.gg/player/1265/johnqt,Americas,681336,269548,Pearl,bo3,0.95,215.0,15.0,15.0,6.0,100%,124.0,37%,1.0,0.0,1.0
JonahP,SEN,https://www.vlr.gg/player/4581/jonahp,Americas,681336,269548,Pearl,bo3,0.19,97.0,5.0,19.0,5.0,50%,78.0,33%,0.0,4.0,0.26
blowz,LEV,https://www.vlr.gg/player/21251/blowz,Americas,681337,269549,PearlPICK,bo3,1.05,193.0,17.0,15.0,11.0,79%,124.0,21%,0.0,2.0,1.13
kiNgg,LEV,https://www.vlr.gg/player/8549/kingg,Americas,681337,269549,PearlPICK,bo3,1.01,169.0,14.0,14.0,11.0,79%,105.0,23%,5.0,0.0,1.0
Sato,LEV,https://www.vlr.gg/player/21659/sato,Americas,681337,269549,PearlPICK,bo3,0.99,196.0,18.0,19.0,9.0,79%,134.0,39%,0.0,1.0,0.95
Neon,LEV,https://www.vlr.gg/player/29243/neon,Americas,681337,269549,PearlPICK,bo3,0.72,125.0,11.0,15.0,2.0,63%,86.0,30%,0.0,2.0,0.73
spike,LEV,https://www.vlr.gg/player/21661/spike,Americas,681337,269549,PearlPICK,bo3,0.62,186.0,15.0,20.0,7.0,67%,122.0,19%,5.0,9.0,0.75
keiko,NRG,https://www.vlr.gg/player/11494/keiko,Americas,681337,269549,PearlPICK,bo3,1.66,321.0,29.0,15.0,9.0,83%,214.0,49%,3.0,0.0,1.93
skuba,NRG,https://www.vlr.gg/player/11118/skuba,Americas,681337,269549,PearlPICK,bo3,1.21,191.0,18.0,12.0,8.0,75%,123.0,38%,2.0,0.0,1.5
mada,NRG,https://www.vlr.gg/player/5132/mada,Americas,681337,269549,PearlPICK,bo3,0.91,201.0,16.0,15.0,4.0,75%,125.0,9%,4.0,7.0,1.07
brawk,NRG,https://www.vlr.gg/player/2172/brawk,Americas,681337,269549,PearlPICK,bo3,0.73,119.0,8.0,16.0,10.0,83%,99.0,11%,1.0,2.0,0.5
Ethan,NRG,https://www.vlr.gg/player/11225/ethan,Americas,681337,269549,PearlPICK,bo3,0.71,150.0,12.0,17.0,5.0,71%,100.0,18%,4.0,1.0,0.71
Neon,LEV,https://www.vlr.gg/player/29243/neon,Americas,681337,269550,LotusPICK,bo3,1.18,228.0,22.0,17.0,9.0,77%,139.0,30%,2.0,4.0,1.29
spike,LEV,https://www.vlr.gg/player/21661/spike,Americas,681337,269550,LotusPICK,bo3,1.07,256.0,22.0,21.0,5.0,77%,147.0,19%,8.0,2.0,1.05
kiNgg,LEV,https://www.vlr.gg/player/8549/kingg,Americas,681337,269550,LotusPICK,bo3,0.91,178.0,17.0,17.0,6.0,65%,112.0,16%,1.0,2.0,1.0
Sato,LEV,https://www.vlr.gg/player/21659/sato,Americas,681337,269550,LotusPICK,bo3,0.76,168.0,13.0,22.0,13.0,77%,114.0,52%,0.0,6.0,0.59
blowz,LEV,https://www.vlr.gg/player/21251/blowz,Americas,681337,269550,LotusPICK,bo3,0.63,124.0,13.0,22.0,9.0,69%,84.0,44%,0.0,1.0,0.59
keiko,NRG,https://www.vlr.gg/player/11494/keiko,Americas,681337,269550,LotusPICK,bo3,1.35,274.0,26.0,18.0,9.0,81%,180.0,38%,2.0,0.0,1.44
skuba,NRG,https://www.vlr.gg/player/11118/skuba,Americas,681337,269550,LotusPICK,bo3,1.24,243.0,23.0,18.0,7.0,77%,173.0,29%,4.0,1.0,1.28
mada,NRG,https://www.vlr.gg/player/5132/mada,Americas,681337,269550,LotusPICK,bo3,1.22,223.0,21.0,15.0,2.0,65%,148.0,26%,5.0,4.0,1.4
brawk,NRG,https://www.vlr.gg/player/2172/brawk,Americas,681337,269550,LotusPICK,bo3,0.98,190.0,16.0,16.0,8.0,81%,123.0,10%,2.0,2.0,1.0
Ethan,NRG,https://www.vlr.gg/player/11225/ethan,Americas,681337,269550,LotusPICK,bo3,0.65,155.0,13.0,20.0,13.0,69%,107.0,24%,2.0,4.0,0.65
lukxo,LOUD,https://www.vlr.gg/player/28716/lukxo,Americas,681338,269552,PearlPICK,bo5,1.48,300.0,25.0,17.0,6.0,74%,188.0,39%,3.0,4.0,1.47
cauanzin,LOUD,https://www.vlr.gg/player/6193/cauanzin,Americas,681338,269552,PearlPICK,bo5,0.87,184.0,13.0,18.0,10.0,74%,113.0,16%,2.0,0.0,0.72
Virtyy,LOUD,https://www.vlr.gg/player/3983/virtyy,Americas,681338,269552,PearlPICK,bo5,0.76,196.0,16.0,18.0,3.0,48%,131.0,28%,4.0,8.0,0.89
erde,LOUD,https://www.vlr.gg/player/29242/erde,Americas,681338,269552,PearlPICK,bo5,0.69,150.0,12.0,18.0,12.0,78%,99.0,19%,2.0,0.0,0.67
Darker,LOUD,https://www.vlr.gg/player/10557/darker,Americas,681338,269552,PearlPICK,bo5,0.56,123.0,11.0,17.0,5.0,70%,74.0,19%,0.0,0.0,0.65
Ethan,NRG,https://www.vlr.gg/player/11225/ethan,Americas,681338,269552,PearlPICK,bo5,1.51,286.0,25.0,16.0,6.0,83%,172.0,16%,3.0,0.0,1.56
brawk,NRG,https://www.vlr.gg/player/2172/brawk,Americas,681338,269552,PearlPICK,bo5,1.26,217.0,16.0,15.0,12.0,83%,159.0,24%,2.0,0.0,1.07
skuba,NRG,https://www.vlr.gg/player/11118/skuba,Americas,681338,269552,PearlPICK,bo5,1.11,185.0,15.0,13.0,11.0,74%,106.0,26%,2.0,1.0,1.15
mada,NRG,https://www.vlr.gg/player/5132/mada,Americas,681338,269552,PearlPICK,bo5,1.05,214.0,18.0,17.0,9.0,65%,124.0,23%,2.0,4.0,1.06
keiko,NRG,https://www.vlr.gg/player/11494/keiko,Americas,681338,269552,PearlPICK,bo5,0.81,164.0,14.0,16.0,6.0,57%,104.0,30%,3.0,6.0,0.88
erde,LOUD,https://www.vlr.gg/player/29242/erde,Americas,681338,269553,LotusPICK,bo5,1.21,243.0,15.0,14.0,10.0,85%,158.0,36%,2.0,2.0,1.07
Darker,LOUD,https://www.vlr.gg/player/10557/darker,Americas,681338,269553,LotusPICK,bo5,1.09,187.0,14.0,12.0,5.0,75%,116.0,31%,2.0,0.0,1.17
cauanzin,LOUD,https://www.vlr.gg/player/6193/cauanzin,Americas,681338,269553,LotusPICK,bo5,0.99,210.0,16.0,14.0,4.0,80%,127.0,13%,1.0,1.0,1.14
lukxo,LOUD,https://www.vlr.gg/player/28716/lukxo,Americas,681338,269553,LotusPICK,bo5,0.92,193.0,13.0,14.0,3.0,65%,124.0,33%,4.0,4.0,0.93
Virtyy,LOUD,https://www.vlr.gg/player/3983/virtyy,Americas,681338,269553,LotusPICK,bo5,0.39,117.0,8.0,18.0,5.0,60%,79.0,25%,1.0,3.0,0.44
keiko,NRG,https://www.vlr.gg/player/11494/keiko,Americas,681338,269553,LotusPICK,bo5,1.28,234.0,18.0,12.0,5.0,75%,148.0,37%,1.0,0.0,1.5
Ethan,NRG,https://www.vlr.gg/player/11225/ethan,Americas,681338,269553,LotusPICK,bo5,1.15,199.0,16.0,11.0,1.0,65%,126.0,33%,1.0,3.0,1.45
skuba,NRG,https://www.vlr.gg/player/11118/skuba,Americas,681338,269553,LotusPICK,bo5,1.13,213.0,15.0,14.0,6.0,65%,159.0,31%,1.0,3.0,1.07
brawk,NRG,https://www.vlr.gg/player/2172/brawk,Americas,681338,269553,LotusPICK,bo5,0.96,181.0,11.0,14.0,8.0,70%,126.0,20%,2.0,1.0,0.79
mada,NRG,https://www.vlr.gg/player/5132/mada,Americas,681338,269553,LotusPICK,bo5,0.79,162.0,12.0,15.0,2.0,75%,109.0,29%,5.0,3.0,0.8
Darker,LOUD,https://www.vlr.gg/player/10557/darker,Americas,681338,269554,HavenPICK,bo5,1.1,204.0,13.0,13.0,3.0,78%,130.0,18%,1.0,1.0,1.0
lukxo,LOUD,https://www.vlr.gg/player/28716/lukxo,Americas,681338,269554,HavenPICK,bo5,1.04,249.0,16.0,15.0,4.0,61%,169.0,36%,2.0,2.0,1.07
erde,LOUD,https://www.vlr.gg/player/29242/erde,Americas,681338,269554,HavenPICK,bo5,1.01,208.0,11.0,14.0,9.0,78%,127.0,24%,3.0,2.0,0.79
cauanzin,LOUD,https://www.vlr.gg/player/6193/cauanzin,Americas,681338,269554,HavenPICK,bo5,0.64,116.0,5.0,14.0,5.0,61%,90.0,14%,0.0,1.0,0.36
Virtyy,LOUD,https://www.vlr.gg/player/3983/virtyy,Americas,681338,269554,HavenPICK,bo5,0.28,70.0,4.0,15.0,3.0,50%,46.0,24%,1.0,5.0,0.27
brawk,NRG,https://www.vlr.gg/player/2172/brawk,Americas,681338,269554,HavenPICK,bo5,1.73,288.0,21.0,7.0,4.0,67%,200.0,22%,1.0,1.0,3.0
keiko,NRG,https://www.vlr.gg/player/11494/keiko,Americas,681338,269554,HavenPICK,bo5,1.38,268.0,17.0,10.0,7.0,89%,196.0,41%,1.0,2.0,1.7
Ethan,NRG,https://www.vlr.gg/player/11225/ethan,Americas,681338,269554,HavenPICK,bo5,1.24,218.0,13.0,10.0,9.0,72%,140.0,24%,2.0,0.0,1.3
mada,NRG,https://www.vlr.gg/player/5132/mada,Americas,681338,269554,HavenPICK,bo5,1.02,174.0,11.0,10.0,3.0,72%,109.0,20%,4.0,3.0,1.1
skuba,NRG,https://www.vlr.gg/player/11118/skuba,Americas,681338,269554,HavenPICK,bo5,0.79,158.0,9.0,12.0,9.0,61%,99.0,19%,3.0,1.0,0.75
hiro,NAVI,https://www.vlr.gg/player/29867/hiro,EMEA,673538,268068,Pearl,bo3,1.18,221.0,22.0,17.0,6.0,81%,136.0,42%,3.0,3.0,1.29
chloric,NAVI,https://www.vlr.gg/player/15639/chloric,EMEA,673538,268068,Pearl,bo3,0.98,195.0,18.0,18.0,5.0,65%,135.0,25%,2.0,2.0,1.0
Ruxic,NAVI,https://www.vlr.gg/player/18677/ruxic,EMEA,673538,268068,Pearl,bo3,0.98,203.0,17.0,18.0,11.0,85%,132.0,29%,1.0,1.0,0.94
ExiT,NAVI,https://www.vlr.gg/player/11917/exit,EMEA,673538,268068,Pearl,bo3,0.84,210.0,17.0,21.0,4.0,69%,137.0,21%,5.0,2.0,0.81
Filu,NAVI,https://www.vlr.gg/player/4544/filu,EMEA,673538,268068,Pearl,bo3,0.81,157.0,16.0,19.0,3.0,69%,104.0,43%,1.0,6.0,0.84
seven,PCF,https://www.vlr.gg/player/8376/seven,EMEA,673538,268068,Pearl,bo3,1.4,275.0,25.0,16.0,9.0,81%,186.0,31%,4.0,3.0,1.56
cNed,PCF,https://www.vlr.gg/player/573/cned,EMEA,673538,268068,Pearl,bo3,1.24,253.0,24.0,19.0,5.0,77%,163.0,19%,5.0,1.0,1.26
NINJA,PCF,https://www.vlr.gg/player/28948/ninja,EMEA,673538,268068,Pearl,bo3,1.07,188.0,17.0,16.0,6.0,77%,144.0,31%,0.0,2.0,1.06
al0rante,PCF,https://www.vlr.gg/player/5292/al0rante,EMEA,673538,268068,Pearl,bo3,0.87,211.0,19.0,21.0,2.0,69%,135.0,57%,5.0,4.0,0.9
qpert,PCF,https://www.vlr.gg/player/7105/qpert,EMEA,673538,268068,Pearl,bo3,0.5,87.0,8.0,18.0,7.0,73%,53.0,24%,0.0,2.0,0.44
Ruxic,NAVI,https://www.vlr.gg/player/18677/ruxic,EMEA,673538,268069,Fracture,bo3,1.21,220.0,19.0,12.0,5.0,91%,138.0,31%,2.0,2.0,1.58
hiro,NAVI,https://www.vlr.gg/player/29867/hiro,EMEA,673538,268069,Fracture,bo3,1.16,212.0,17.0,15.0,7.0,78%,139.0,20%,3.0,3.0,1.13
chloric,NAVI,https://www.vlr.gg/player/15639/chloric,EMEA,673538,268069,Fracture,bo3,1.08,132.0,11.0,10.0,10.0,74%,91.0,24%,0.0,1.0,1.1
Filu,NAVI,https://www.vlr.gg/player/4544/filu,EMEA,673538,268069,Fracture,bo3,0.98,197.0,17.0,14.0,1.0,65%,120.0,39%,1.0,3.0,1.21
ExiT,NAVI,https://www.vlr.gg/player/11917/exit,EMEA,673538,268069,Fracture,bo3,0.69,178.0,15.0,18.0,4.0,65%,109.0,13%,3.0,5.0,0.83
cNed,PCF,https://www.vlr.gg/player/573/cned,EMEA,673538,268069,Fracture,bo3,1.24,257.0,22.0,15.0,3.0,65%,156.0,12%,6.0,5.0,1.47
qpert,PCF,https://www.vlr.gg/player/7105/qpert,EMEA,673538,268069,Fracture,bo3,1.17,202.0,16.0,15.0,11.0,74%,126.0,34%,2.0,2.0,1.07
NINJA,PCF,https://www.vlr.gg/player/28948/ninja,EMEA,673538,268069,Fracture,bo3,0.8,130.0,10.0,16.0,4.0,65%,93.0,22%,3.0,0.0,0.62
al0rante,PCF,https://www.vlr.gg/player/5292/al0rante,EMEA,673538,268069,Fracture,bo3,0.79,154.0,11.0,17.0,4.0,61%,103.0,29%,0.0,0.0,0.65
seven,PCF,https://www.vlr.gg/player/8376/seven,EMEA,673538,268069,Fracture,bo3,0.65,129.0,10.0,16.0,4.0,70%,80.0,18%,3.0,2.0,0.62
hiro,NAVI,https://www.vlr.gg/player/29867/hiro,EMEA,673538,268070,Ascent,bo3,1.7,278.0,26.0,11.0,6.0,81%,172.0,51%,2.0,3.0,2.36
Ruxic,NAVI,https://www.vlr.gg/player/18677/ruxic,EMEA,673538,268070,Ascent,bo3,1.26,258.0,25.0,17.0,9.0,81%,180.0,31%,2.0,3.0,1.47
ExiT,NAVI,https://www.vlr.gg/player/11917/exit,EMEA,673538,268070,Ascent,bo3,0.86,212.0,19.0,19.0,2.0,65%,119.0,10%,8.0,4.0,1.0
chloric,NAVI,https://www.vlr.gg/player/15639/chloric,EMEA,673538,268070,Ascent,bo3,0.73,116.0,8.0,17.0,9.0,58%,79.0,7%,1.0,1.0,0.47
Filu,NAVI,https://www.vlr.gg/player/4544/filu,EMEA,673538,268070,Ascent,bo3,0.71,100.0,9.0,16.0,5.0,65%,72.0,29%,1.0,1.0,0.56
cNed,PCF,https://www.vlr.gg/player/573/cned,EMEA,673538,268070,Ascent,bo3,1.23,213.0,18.0,16.0,3.0,73%,147.0,19%,6.0,2.0,1.12
al0rante,PCF,https://www.vlr.gg/player/5292/al0rante,EMEA,673538,268070,Ascent,bo3,1.21,263.0,26.0,19.0,6.0,73%,166.0,39%,3.0,2.0,1.37
NINJA,PCF,https://www.vlr.gg/player/28948/ninja,EMEA,673538,268070,Ascent,bo3,0.89,178.0,16.0,17.0,4.0,73%,132.0,36%,0.0,1.0,0.94
seven,PCF,https://www.vlr.gg/player/8376/seven,EMEA,673538,268070,Ascent,bo3,0.68,176.0,15.0,20.0,3.0,54%,117.0,30%,2.0,8.0,0.75
qpert,PCF,https://www.vlr.gg/player/7105/qpert,EMEA,673538,268070,Ascent,bo3,0.62,78.0,5.0,15.0,9.0,62%,55.0,25%,1.0,1.0,0.33
LewN,KC,https://www.vlr.gg/player/20144/lewn,EMEA,673539,268071,PearlPICK,bo3,1.68,358.0,26.0,13.0,7.0,80%,221.0,29%,6.0,3.0,2.0
SUYGETSU,KC,https://www.vlr.gg/player/2858/suygetsu,EMEA,673539,268071,PearlPICK,bo3,1.48,235.0,18.0,9.0,2.0,95%,147.0,33%,2.0,1.0,2.0
N4RRATE,KC,https://www.vlr.gg/player/36245/n4rrate,EMEA,673539,268071,PearlPICK,bo3,1.1,208.0,15.0,12.0,6.0,85%,135.0,30%,1.0,2.0,1.25
dos9,KC,https://www.vlr.gg/player/16215/dos9,EMEA,673539,268071,PearlPICK,bo3,1.1,193.0,14.0,12.0,5.0,75%,132.0,28%,1.0,1.0,1.17
Avez,KC,https://www.vlr.gg/player/5654/avez,EMEA,673539,268071,PearlPICK,bo3,0.63,144.0,11.0,14.0,2.0,70%,95.0,32%,0.0,3.0,0.79
Flickless,GX,https://www.vlr.gg/player/6959/flickless,EMEA,673539,268071,PearlPICK,bo3,1.03,198.0,13.0,16.0,9.0,60%,128.0,26%,2.0,2.0,0.81
Cloud,GX,https://www.vlr.gg/player/4181/cloud,EMEA,673539,268071,PearlPICK,bo3,0.96,224.0,16.0,18.0,4.0,65%,167.0,28%,2.0,0.0,0.89
ara,GX,https://www.vlr.gg/player/11332/ara,EMEA,673539,268071,PearlPICK,bo3,0.74,158.0,12.0,16.0,2.0,60%,98.0,33%,4.0,4.0,0.75
grubinho,GX,https://www.vlr.gg/player/5550/grubinho,EMEA,673539,268071,PearlPICK,bo3,0.61,133.0,8.0,17.0,8.0,45%,94.0,17%,1.0,2.0,0.47
westside,GX,https://www.vlr.gg/player/34684/westside,EMEA,673539,268071,PearlPICK,bo3,0.61,170.0,11.0,17.0,1.0,65%,122.0,52%,1.0,2.0,0.65
Avez,KC,https://www.vlr.gg/player/5654/avez,EMEA,673539,268072,HavenPICK,bo3,1.63,261.0,17.0,6.0,6.0,76%,173.0,14%,2.0,0.0,2.83
SUYGETSU,KC,https://www.vlr.gg/player/2858/suygetsu,EMEA,673539,268072,HavenPICK,bo3,1.6,286.0,19.0,7.0,3.0,82%,185.0,26%,2.0,0.0,2.71
dos9,KC,https://www.vlr.gg/player/16215/dos9,EMEA,673539,268072,HavenPICK,bo3,1.34,191.0,11.0,8.0,13.0,88%,108.0,12%,1.0,1.0,1.38
LewN,KC,https://www.vlr.gg/player/20144/lewn,EMEA,673539,268072,HavenPICK,bo3,1.02,194.0,13.0,11.0,2.0,82%,124.0,18%,4.0,1.0,1.18
N4RRATE,KC,https://www.vlr.gg/player/36245/n4rrate,EMEA,673539,268072,HavenPICK,bo3,0.98,196.0,11.0,10.0,9.0,76%,149.0,25%,4.0,2.0,1.1
ara,GX,https://www.vlr.gg/player/11332/ara,EMEA,673539,268072,HavenPICK,bo3,0.97,194.0,11.0,14.0,2.0,53%,115.0,23%,1.0,3.0,0.79
westside,GX,https://www.vlr.gg/player/34684/westside,EMEA,673539,268072,HavenPICK,bo3,0.91,202.0,12.0,15.0,3.0,53%,132.0,39%,1.0,2.0,0.8
Flickless,GX,https://www.vlr.gg/player/6959/flickless,EMEA,673539,268072,HavenPICK,bo3,0.66,113.0,7.0,13.0,2.0,53%,84.0,30%,1.0,1.0,0.54
Cloud,GX,https://www.vlr.gg/player/4181/cloud,EMEA,673539,268072,HavenPICK,bo3,0.52,137.0,7.0,14.0,4.0,53%,101.0,29%,1.0,3.0,0.5
grubinho,GX,https://www.vlr.gg/player/5550/grubinho,EMEA,673539,268072,HavenPICK,bo3,0.4,83.0,5.0,15.0,6.0,59%,59.0,42%,0.0,4.0,0.33
Ruxic,NAVI,https://www.vlr.gg/player/18677/ruxic,EMEA,673540,268074,Pearl,bo3,1.8,297.0,21.0,6.0,2.0,76%,195.0,33%,0.0,0.0,3.5
Filu,NAVI,https://www.vlr.gg/player/4544/filu,EMEA,673540,268074,Pearl,bo3,1.77,348.0,21.0,10.0,11.0,88%,224.0,38%,3.0,2.0,2.1
chloric,NAVI,https://www.vlr.gg/player/15639/chloric,EMEA,673540,268074,Pearl,bo3,1.33,197.0,11.0,7.0,7.0,88%,133.0,15%,0.0,0.0,1.57
ExiT,NAVI,https://www.vlr.gg/player/11917/exit,EMEA,673540,268074,Pearl,bo3,1.15,240.0,14.0,14.0,8.0,88%,146.0,8%,8.0,2.0,1.0
hiro,NAVI,https://www.vlr.gg/player/29867/hiro,EMEA,673540,268074,Pearl,bo3,0.75,116.0,8.0,8.0,2.0,65%,75.0,64%,1.0,1.0,1.0
dos9,KC,https://www.vlr.gg/player/16215/dos9,EMEA,673540,268074,Pearl,bo3,0.84,199.0,12.0,14.0,2.0,53%,118.0,30%,2.0,3.0,0.86
LewN,KC,https://www.vlr.gg/player/20144/lewn,EMEA,673540,268074,Pearl,bo3,0.71,183.0,11.0,15.0,1.0,53%,125.0,44%,2.0,3.0,0.73
Avez,KC,https://www.vlr.gg/player/5654/avez,EMEA,673540,268074,Pearl,bo3,0.68,139.0,8.0,15.0,3.0,41%,101.0,34%,0.0,0.0,0.53
N4RRATE,KC,https://www.vlr.gg/player/36245/n4rrate,EMEA,673540,268074,Pearl,bo3,0.47,149.0,6.0,16.0,6.0,53%,120.0,29%,1.0,2.0,0.38
SUYGETSU,KC,https://www.vlr.gg/player/2858/suygetsu,EMEA,673540,268074,Pearl,bo3,0.42,123.0,8.0,15.0,1.0,41%,80.0,30%,0.0,4.0,0.53
ExiT,NAVI,https://www.vlr.gg/player/11917/exit,EMEA,673540,268075,Split,bo3,1.64,380.0,22.0,12.0,2.0,88%,232.0,14%,5.0,4.0,1.83
Ruxic,NAVI,https://www.vlr.gg/player/18677/ruxic,EMEA,673540,268075,Split,bo3,1.44,263.0,15.0,9.0,12.0,88%,163.0,21%,0.0,0.0,1.67
chloric,NAVI,https://www.vlr.gg/player/15639/chloric,EMEA,673540,268075,Split,bo3,1.31,152.0,10.0,5.0,6.0,81%,93.0,24%,1.0,0.0,2.0
hiro,NAVI,https://www.vlr.gg/player/29867/hiro,EMEA,673540,268075,Split,bo3,0.9,181.0,11.0,9.0,5.0,75%,115.0,27%,2.0,2.0,1.22
Filu,NAVI,https://www.vlr.gg/player/4544/filu,EMEA,673540,268075,Split,bo3,0.88,166.0,11.0,11.0,2.0,75%,123.0,38%,1.0,1.0,1.0
LewN,KC,https://www.vlr.gg/player/20144/lewn,EMEA,673540,268075,Split,bo3,1.0,223.0,13.0,14.0,1.0,44%,146.0,23%,2.0,2.0,0.93
N4RRATE,KC,https://www.vlr.gg/player/36245/n4rrate,EMEA,673540,268075,Split,bo3,0.79,173.0,8.0,14.0,5.0,75%,133.0,15%,1.0,2.0,0.57
SUYGETSU,KC,https://www.vlr.gg/player/2858/suygetsu,EMEA,673540,268075,Split,bo3,0.68,159.0,10.0,12.0,1.0,75%,92.0,10%,1.0,1.0,0.83
Avez,KC,https://www.vlr.gg/player/5654/avez,EMEA,673540,268075,Split,bo3,0.55,165.0,8.0,15.0,2.0,56%,114.0,26%,2.0,2.0,0.53
dos9,KC,https://www.vlr.gg/player/16215/dos9,EMEA,673540,268075,Split,bo3,0.53,149.0,7.0,14.0,3.0,50%,93.0,20%,1.0,2.0,0.5
al0rante,PCF,https://www.vlr.gg/player/5292/al0rante,EMEA,673541,268077,Lotus,bo3,1.2,261.0,20.0,13.0,2.0,70%,156.0,53%,1.0,0.0,1.54
seven,PCF,https://www.vlr.gg/player/8376/seven,EMEA,673541,268077,Lotus,bo3,0.85,246.0,16.0,17.0,4.0,75%,167.0,17%,6.0,2.0,0.94
cNed,PCF,https://www.vlr.gg/player/573/cned,EMEA,673541,268077,Lotus,bo3,0.82,179.0,12.0,16.0,4.0,50%,131.0,35%,2.0,5.0,0.75
NINJA,PCF,https://www.vlr.gg/player/28948/ninja,EMEA,673541,268077,Lotus,bo3,0.77,135.0,9.0,12.0,7.0,65%,101.0,25%,0.0,0.0,0.75
qpert,PCF,https://www.vlr.gg/player/7105/qpert,EMEA,673541,268077,Lotus,bo3,0.2,53.0,3.0,14.0,10.0,75%,25.0,8%,1.0,3.0,0.21
Cloud,GX,https://www.vlr.gg/player/4181/cloud,EMEA,673541,268077,Lotus,bo3,1.38,242.0,16.0,11.0,8.0,80%,167.0,42%,1.0,2.0,1.45
grubinho,GX,https://www.vlr.gg/player/5550/grubinho,EMEA,673541,268077,Lotus,bo3,1.36,223.0,16.0,11.0,9.0,80%,134.0,28%,2.0,2.0,1.45
westside,GX,https://www.vlr.gg/player/34684/westside,EMEA,673541,268077,Lotus,bo3,1.06,199.0,15.0,14.0,1.0,65%,135.0,52%,5.0,0.0,1.07
ara,GX,https://www.vlr.gg/player/11332/ara,EMEA,673541,268077,Lotus,bo3,1.01,221.0,16.0,13.0,3.0,75%,141.0,34%,2.0,3.0,1.23
Flickless,GX,https://www.vlr.gg/player/6959/flickless,EMEA,673541,268077,Lotus,bo3,0.83,130.0,9.0,11.0,6.0,85%,74.0,38%,0.0,3.0,0.82
seven,PCF,https://www.vlr.gg/player/8376/seven,EMEA,673541,268078,Breeze,bo3,1.78,343.0,30.0,15.0,3.0,83%,236.0,31%,4.0,3.0,2.0
al0rante,PCF,https://www.vlr.gg/player/5292/al0rante,EMEA,673541,268078,Breeze,bo3,1.05,196.0,17.0,16.0,4.0,71%,134.0,49%,2.0,1.0,1.06
cNed,PCF,https://www.vlr.gg/player/573/cned,EMEA,673541,268078,Breeze,bo3,0.93,162.0,14.0,16.0,3.0,63%,121.0,30%,3.0,5.0,0.88
qpert,PCF,https://www.vlr.gg/player/7105/qpert,EMEA,673541,268078,Breeze,bo3,0.79,125.0,10.0,15.0,6.0,63%,80.0,27%,1.0,2.0,0.67
NINJA,PCF,https://www.vlr.gg/player/28948/ninja,EMEA,673541,268078,Breeze,bo3,0.71,137.0,12.0,17.0,3.0,58%,97.0,37%,2.0,1.0,0.71
Flickless,GX,https://www.vlr.gg/player/6959/flickless,EMEA,673541,268078,Breeze,bo3,1.2,244.0,21.0,16.0,9.0,79%,161.0,31%,4.0,3.0,1.31
grubinho,GX,https://www.vlr.gg/player/5550/grubinho,EMEA,673541,268078,Breeze,bo3,0.86,179.0,15.0,17.0,8.0,83%,105.0,41%,1.0,3.0,0.88
westside,GX,https://www.vlr.gg/player/34684/westside,EMEA,673541,268078,Breeze,bo3,0.85,173.0,14.0,15.0,4.0,58%,115.0,53%,3.0,3.0,0.93
ara,GX,https://www.vlr.gg/player/11332/ara,EMEA,673541,268078,Breeze,bo3,0.85,187.0,15.0,17.0,2.0,79%,116.0,32%,3.0,1.0,0.88
Cloud,GX,https://www.vlr.gg/player/4181/cloud,EMEA,673541,268078,Breeze,bo3,0.76,173.0,14.0,18.0,3.0,63%,122.0,33%,1.0,2.0,0.78
NINJA,PCF,https://www.vlr.gg/player/28948/ninja,EMEA,673541,268079,Ascent,bo3,1.08,220.0,15.0,14.0,5.0,70%,154.0,31%,0.0,1.0,1.07
cNed,PCF,https://www.vlr.gg/player/573/cned,EMEA,673541,268079,Ascent,bo3,1.06,215.0,15.0,14.0,3.0,65%,148.0,21%,1.0,2.0,1.07
seven,PCF,https://www.vlr.gg/player/8376/seven,EMEA,673541,268079,Ascent,bo3,1.02,221.0,14.0,14.0,4.0,75%,135.0,38%,4.0,7.0,1.0
al0rante,PCF,https://www.vlr.gg/player/5292/al0rante,EMEA,673541,268079,Ascent,bo3,0.92,184.0,15.0,14.0,2.0,55%,138.0,41%,1.0,2.0,1.07
qpert,PCF,https://www.vlr.gg/player/7105/qpert,EMEA,673541,268079,Ascent,bo3,0.4,102.0,5.0,18.0,10.0,65%,75.0,38%,1.0,1.0,0.28
ara,GX,https://www.vlr.gg/player/11332/ara,EMEA,673541,268079,Ascent,bo3,1.46,242.0,19.0,11.0,4.0,85%,160.0,23%,3.0,2.0,1.73
grubinho,GX,https://www.vlr.gg/player/5550/grubinho,EMEA,673541,268079,Ascent,bo3,1.37,222.0,17.0,11.0,8.0,80%,145.0,33%,1.0,2.0,1.55
Cloud,GX,https://www.vlr.gg/player/4181/cloud,EMEA,673541,268079,Ascent,bo3,1.09,233.0,16.0,14.0,7.0,55%,150.0,35%,5.0,1.0,1.14
Flickless,GX,https://www.vlr.gg/player/6959/flickless,EMEA,673541,268079,Ascent,bo3,1.08,214.0,14.0,14.0,12.0,85%,145.0,16%,2.0,0.0,1.0
westside,GX,https://www.vlr.gg/player/34684/westside,EMEA,673541,268079,Ascent,bo3,0.68,99.0,8.0,14.0,4.0,65%,78.0,33%,2.0,2.0,0.57
LewN,KC,https://www.vlr.gg/player/20144/lewn,EMEA,673542,268080,AscentPICK,bo3,1.95,414.0,24.0,8.0,3.0,87%,239.0,20%,8.0,1.0,3.0
Avez,KC,https://www.vlr.gg/player/5654/avez,EMEA,673542,268080,AscentPICK,bo3,1.63,285.0,16.0,7.0,7.0,93%,207.0,43%,3.0,0.0,2.29
dos9,KC,https://www.vlr.gg/player/16215/dos9,EMEA,673542,268080,AscentPICK,bo3,1.21,123.0,9.0,5.0,6.0,80%,82.0,26%,0.0,1.0,1.8
SUYGETSU,KC,https://www.vlr.gg/player/2858/suygetsu,EMEA,673542,268080,AscentPICK,bo3,1.19,195.0,9.0,7.0,11.0,93%,151.0,40%,1.0,0.0,1.29
N4RRATE,KC,https://www.vlr.gg/player/36245/n4rrate,EMEA,673542,268080,AscentPICK,bo3,0.99,193.0,10.0,7.0,9.0,73%,140.0,28%,1.0,0.0,1.43
westside,GX,https://www.vlr.gg/player/34684/westside,EMEA,673542,268080,AscentPICK,bo3,1.02,175.0,10.0,12.0,2.0,60%,108.0,38%,0.0,0.0,0.83
grubinho,GX,https://www.vlr.gg/player/5550/grubinho,EMEA,673542,268080,AscentPICK,bo3,0.7,166.0,8.0,13.0,2.0,60%,99.0,18%,0.0,2.0,0.62
Flickless,GX,https://www.vlr.gg/player/6959/flickless,EMEA,673542,268080,AscentPICK,bo3,0.59,175.0,6.0,15.0,5.0,53%,122.0,25%,1.0,4.0,0.4
ara,GX,https://www.vlr.gg/player/11332/ara,EMEA,673542,268080,AscentPICK,bo3,0.54,157.0,7.0,15.0,2.0,53%,117.0,48%,1.0,5.0,0.47
Cloud,GX,https://www.vlr.gg/player/4181/cloud,EMEA,673542,268080,AscentPICK,bo3,0.32,65.0,3.0,13.0,2.0,47%,48.0,13%,0.0,2.0,0.23
LewN,KC,https://www.vlr.gg/player/20144/lewn,EMEA,673542,268081,HavenPICK,bo3,1.7,358.0,24.0,12.0,6.0,89%,224.0,44%,4.0,2.0,2.0
N4RRATE,KC,https://www.vlr.gg/player/36245/n4rrate,EMEA,673542,268081,HavenPICK,bo3,1.67,230.0,15.0,7.0,6.0,89%,155.0,37%,4.0,0.0,2.14
SUYGETSU,KC,https://www.vlr.gg/player/2858/suygetsu,EMEA,673542,268081,HavenPICK,bo3,1.19,221.0,15.0,10.0,5.0,84%,154.0,33%,2.0,2.0,1.5
Avez,KC,https://www.vlr.gg/player/5654/avez,EMEA,673542,268081,HavenPICK,bo3,1.1,142.0,9.0,8.0,10.0,68%,101.0,23%,0.0,3.0,1.12
dos9,KC,https://www.vlr.gg/player/16215/dos9,EMEA,673542,268081,HavenPICK,bo3,0.84,131.0,10.0,9.0,2.0,74%,89.0,26%,1.0,1.0,1.11
Cloud,GX,https://www.vlr.gg/player/4181/cloud,EMEA,673542,268081,HavenPICK,bo3,0.89,204.0,13.0,15.0,4.0,58%,132.0,24%,1.0,2.0,0.87
westside,GX,https://www.vlr.gg/player/34684/westside,EMEA,673542,268081,HavenPICK,bo3,0.83,192.0,11.0,14.0,2.0,63%,132.0,32%,2.0,0.0,0.79
ara,GX,https://www.vlr.gg/player/11332/ara,EMEA,673542,268081,HavenPICK,bo3,0.6,159.0,11.0,16.0,1.0,68%,100.0,18%,4.0,4.0,0.69
grubinho,GX,https://www.vlr.gg/player/5550/grubinho,EMEA,673542,268081,HavenPICK,bo3,0.57,110.0,6.0,15.0,9.0,58%,78.0,19%,0.0,2.0,0.4
Flickless,GX,https://www.vlr.gg/player/6959/flickless,EMEA,673542,268081,HavenPICK,bo3,0.45,64.0,5.0,13.0,0.0,58%,46.0,40%,1.0,3.0,0.38
sociablEE,FUT,https://www.vlr.gg/player/5568/sociablee,EMEA,674854,268116,Fracture,bo3,1.63,262.0,21.0,9.0,5.0,70%,170.0,33%,1.0,1.0,2.33
s0pp,FUT,https://www.vlr.gg/player/39357/s0pp,EMEA,674854,268116,Fracture,bo3,1.28,250.0,17.0,12.0,5.0,80%,153.0,22%,4.0,1.0,1.42
yetujey,FUT,https://www.vlr.gg/player/8369/yetujey,EMEA,674854,268116,Fracture,bo3,1.22,244.0,19.0,12.0,3.0,70%,155.0,27%,1.0,4.0,1.58
KROSTALY,FUT,https://www.vlr.gg/player/15735/krostaly,EMEA,674854,268116,Fracture,bo3,0.97,169.0,13.0,11.0,4.0,90%,93.0,36%,0.0,1.0,1.18
xeus,FUT,https://www.vlr.gg/player/12793/xeus,EMEA,674854,268116,Fracture,bo3,0.85,196.0,13.0,16.0,5.0,80%,126.0,40%,2.0,5.0,0.81
hiro,NAVI,https://www.vlr.gg/player/29867/hiro,EMEA,674854,268116,Fracture,bo3,0.9,221.0,15.0,17.0,2.0,60%,147.0,31%,1.0,0.0,0.88
Ruxic,NAVI,https://www.vlr.gg/player/18677/ruxic,EMEA,674854,268116,Fracture,bo3,0.9,196.0,13.0,16.0,7.0,65%,130.0,20%,3.0,0.0,0.81
chloric,NAVI,https://www.vlr.gg/player/15639/chloric,EMEA,674854,268116,Fracture,bo3,0.82,147.0,11.0,14.0,2.0,65%,90.0,21%,2.0,2.0,0.79
Filu,NAVI,https://www.vlr.gg/player/4544/filu,EMEA,674854,268116,Fracture,bo3,0.64,155.0,10.0,17.0,4.0,50%,107.0,15%,1.0,0.0,0.59
ExiT,NAVI,https://www.vlr.gg/player/11917/exit,EMEA,674854,268116,Fracture,bo3,0.57,179.0,11.0,19.0,7.0,75%,102.0,22%,5.0,6.0,0.58
yetujey,FUT,https://www.vlr.gg/player/8369/yetujey,EMEA,674854,268117,Lotus,bo3,1.36,276.0,25.0,16.0,5.0,83%,181.0,21%,3.0,1.0,1.56
KROSTALY,FUT,https://www.vlr.gg/player/15735/krostaly,EMEA,674854,268117,Lotus,bo3,0.97,168.0,16.0,14.0,5.0,75%,95.0,18%,2.0,1.0,1.14
xeus,FUT,https://www.vlr.gg/player/12793/xeus,EMEA,674854,268117,Lotus,bo3,0.97,225.0,19.0,18.0,1.0,75%,146.0,31%,2.0,1.0,1.06
sociablEE,FUT,https://www.vlr.gg/player/5568/sociablee,EMEA,674854,268117,Lotus,bo3,0.94,192.0,17.0,18.0,11.0,63%,107.0,31%,4.0,2.0,0.94
s0pp,FUT,https://www.vlr.gg/player/39357/s0pp,EMEA,674854,268117,Lotus,bo3,0.78,203.0,16.0,19.0,6.0,71%,133.0,18%,5.0,3.0,0.84
Ruxic,NAVI,https://www.vlr.gg/player/18677/ruxic,EMEA,674854,268117,Lotus,bo3,1.35,220.0,22.0,15.0,8.0,71%,127.0,22%,1.0,2.0,1.47
Filu,NAVI,https://www.vlr.gg/player/4544/filu,EMEA,674854,268117,Lotus,bo3,1.14,277.0,23.0,20.0,6.0,83%,175.0,32%,1.0,3.0,1.15
hiro,NAVI,https://www.vlr.gg/player/29867/hiro,EMEA,674854,268117,Lotus,bo3,0.91,177.0,14.0,17.0,5.0,63%,116.0,25%,0.0,1.0,0.82
chloric,NAVI,https://www.vlr.gg/player/15639/chloric,EMEA,674854,268117,Lotus,bo3,0.7,171.0,14.0,19.0,9.0,63%,121.0,35%,1.0,3.0,0.74
ExiT,NAVI,https://www.vlr.gg/player/11917/exit,EMEA,674854,268117,Lotus,bo3,0.48,151.0,12.0,22.0,5.0,71%,91.0,17%,5.0,7.0,0.55
kamo,TL,https://www.vlr.gg/player/14681/kamo,EMEA,674855,268119,LotusPICK,bo3,1.33,298.0,23.0,17.0,4.0,83%,194.0,41%,6.0,1.0,1.35
MiniBoo,TL,https://www.vlr.gg/player/18350/miniboo,EMEA,674855,268119,LotusPICK,bo3,1.21,213.0,17.0,13.0,3.0,87%,131.0,26%,5.0,1.0,1.31
purp0,TL,https://www.vlr.gg/player/1885/purp0,EMEA,674855,268119,LotusPICK,bo3,1.01,142.0,12.0,12.0,2.0,65%,101.0,28%,1.0,1.0,1.0
wayne,TL,https://www.vlr.gg/player/24628/wayne,EMEA,674855,268119,LotusPICK,bo3,0.67,134.0,10.0,16.0,10.0,65%,86.0,19%,1.0,2.0,0.62
GSR,TL,https://www.vlr.gg/player/50813/gsr,EMEA,674855,268119,LotusPICK,bo3,0.42,90.0,7.0,17.0,4.0,57%,68.0,26%,1.0,4.0,0.41
marteen,M8,https://www.vlr.gg/player/10307/marteen,EMEA,674855,268119,LotusPICK,bo3,1.32,245.0,20.0,14.0,4.0,74%,180.0,22%,0.0,1.0,1.43
bipo,M8,https://www.vlr.gg/player/18400/bipo,EMEA,674855,268119,LotusPICK,bo3,1.16,176.0,15.0,11.0,2.0,65%,119.0,28%,0.0,0.0,1.36
GLYPH,M8,https://www.vlr.gg/player/8286/glyph,EMEA,674855,268119,LotusPICK,bo3,1.02,168.0,10.0,14.0,20.0,78%,120.0,20%,1.0,2.0,0.71
starxo,M8,https://www.vlr.gg/player/565/starxo,EMEA,674855,268119,LotusPICK,bo3,0.94,137.0,12.0,13.0,4.0,70%,88.0,28%,1.0,1.0,0.92
Minny,M8,https://www.vlr.gg/player/23169/minny,EMEA,674855,268119,LotusPICK,bo3,0.92,225.0,18.0,17.0,3.0,61%,140.0,31%,7.0,10.0,1.06
MiniBoo,TL,https://www.vlr.gg/player/18350/miniboo,EMEA,674855,268120,AscentPICK,bo3,1.24,244.0,19.0,15.0,2.0,81%,148.0,30%,4.0,2.0,1.27
kamo,TL,https://www.vlr.gg/player/14681/kamo,EMEA,674855,268120,AscentPICK,bo3,1.24,232.0,17.0,14.0,7.0,67%,141.0,23%,6.0,3.0,1.21
purp0,TL,https://www.vlr.gg/player/1885/purp0,EMEA,674855,268120,AscentPICK,bo3,0.79,183.0,15.0,16.0,1.0,62%,118.0,42%,0.0,1.0,0.94
wayne,TL,https://www.vlr.gg/player/24628/wayne,EMEA,674855,268120,AscentPICK,bo3,0.78,142.0,9.0,17.0,10.0,67%,100.0,46%,0.0,0.0,0.53
GSR,TL,https://www.vlr.gg/player/50813/gsr,EMEA,674855,268120,AscentPICK,bo3,0.47,113.0,6.0,16.0,10.0,62%,73.0,20%,2.0,3.0,0.38
marteen,M8,https://www.vlr.gg/player/10307/marteen,EMEA,674855,268120,AscentPICK,bo3,1.51,228.0,19.0,9.0,5.0,90%,165.0,28%,0.0,0.0,2.11
bipo,M8,https://www.vlr.gg/player/18400/bipo,EMEA,674855,268120,AscentPICK,bo3,1.51,318.0,25.0,15.0,5.0,76%,194.0,47%,2.0,0.0,1.67
Minny,M8,https://www.vlr.gg/player/23169/minny,EMEA,674855,268120,AscentPICK,bo3,0.92,187.0,15.0,13.0,1.0,67%,116.0,36%,4.0,6.0,1.15
starxo,M8,https://www.vlr.gg/player/565/starxo,EMEA,674855,268120,AscentPICK,bo3,0.76,196.0,12.0,15.0,7.0,67%,131.0,19%,2.0,3.0,0.8
GLYPH,M8,https://www.vlr.gg/player/8286/glyph,EMEA,674855,268120,AscentPICK,bo3,0.61,108.0,7.0,14.0,13.0,57%,63.0,10%,1.0,3.0,0.5
crashies,FNC,https://www.vlr.gg/player/4/crashies,EMEA,674856,268122,Breeze,bo3,1.71,244.0,20.0,10.0,9.0,85%,165.0,37%,2.0,1.0,2.0
Boaster,FNC,https://www.vlr.gg/player/438/boaster,EMEA,674856,268122,Breeze,bo3,1.46,279.0,21.0,14.0,5.0,85%,181.0,49%,2.0,3.0,1.5
kaajak,FNC,https://www.vlr.gg/player/9554/kaajak,EMEA,674856,268122,Breeze,bo3,0.97,202.0,16.0,16.0,2.0,65%,133.0,50%,5.0,2.0,1.0
CyvOph,FNC,https://www.vlr.gg/player/13258/cyvoph,EMEA,674856,268122,Breeze,bo3,0.62,150.0,7.0,17.0,16.0,70%,108.0,15%,0.0,2.0,0.41
Alfajer,FNC,https://www.vlr.gg/player/9810/alfajer,EMEA,674856,268122,Breeze,bo3,0.57,148.0,9.0,16.0,6.0,60%,108.0,15%,1.0,2.0,0.56
Lar0k,BBL,https://www.vlr.gg/player/31305/lar0k,EMEA,674856,268122,Breeze,bo3,1.4,295.0,21.0,14.0,5.0,75%,196.0,35%,6.0,2.0,1.5
Crewen,BBL,https://www.vlr.gg/player/12795/crewen,EMEA,674856,268122,Breeze,bo3,1.13,226.0,16.0,12.0,1.0,75%,157.0,31%,0.0,0.0,1.33
Loita,BBL,https://www.vlr.gg/player/24344/loita,EMEA,674856,268122,Breeze,bo3,1.09,208.0,14.0,14.0,5.0,75%,144.0,30%,1.0,1.0,1.0
lovers rock,BBL,https://www.vlr.gg/player/40935/lovers-rock,EMEA,674856,268122,Breeze,bo3,0.83,225.0,16.0,17.0,3.0,70%,139.0,7%,3.0,5.0,0.94
Rosé,BBL,https://www.vlr.gg/player/5565/ros,EMEA,674856,268122,Breeze,bo3,0.38,85.0,6.0,16.0,3.0,60%,70.0,22%,0.0,2.0,0.38
kaajak,FNC,https://www.vlr.gg/player/9554/kaajak,EMEA,674856,268123,Split,bo3,1.44,315.0,22.0,12.0,3.0,95%,203.0,45%,4.0,1.0,1.83
CyvOph,FNC,https://www.vlr.gg/player/13258/cyvoph,EMEA,674856,268123,Split,bo3,1.42,246.0,19.0,8.0,3.0,84%,161.0,25%,2.0,1.0,2.38
crashies,FNC,https://www.vlr.gg/player/4/crashies,EMEA,674856,268123,Split,bo3,1.23,168.0,12.0,7.0,10.0,79%,107.0,21%,2.0,1.0,1.71
Boaster,FNC,https://www.vlr.gg/player/438/boaster,EMEA,674856,268123,Split,bo3,0.95,183.0,12.0,11.0,10.0,79%,107.0,22%,3.0,0.0,1.09
Alfajer,FNC,https://www.vlr.gg/player/9810/alfajer,EMEA,674856,268123,Split,bo3,0.75,166.0,12.0,14.0,6.0,68%,102.0,24%,3.0,2.0,0.86
Crewen,BBL,https://www.vlr.gg/player/12795/crewen,EMEA,674856,268123,Split,bo3,1.08,202.0,13.0,15.0,5.0,68%,131.0,12%,1.0,1.0,0.87
Lar0k,BBL,https://www.vlr.gg/player/31305/lar0k,EMEA,674856,268123,Split,bo3,0.92,214.0,13.0,17.0,4.0,63%,147.0,28%,2.0,3.0,0.76
lovers rock,BBL,https://www.vlr.gg/player/40935/lovers-rock,EMEA,674856,268123,Split,bo3,0.89,119.0,9.0,11.0,3.0,63%,79.0,3%,1.0,4.0,0.82
Loita,BBL,https://www.vlr.gg/player/24344/loita,EMEA,674856,268123,Split,bo3,0.89,177.0,12.0,15.0,5.0,58%,112.0,38%,1.0,2.0,0.8
Rosé,BBL,https://www.vlr.gg/player/5565/ros,EMEA,674856,268123,Split,bo3,0.23,78.0,5.0,19.0,3.0,37%,67.0,25%,0.0,4.0,0.26
N4RRATE,KC,https://www.vlr.gg/player/36245/n4rrate,EMEA,674857,268125,FracturePICK,bo3,1.66,316.0,26.0,15.0,9.0,78%,202.0,23%,4.0,3.0,1.73
Avez,KC,https://www.vlr.gg/player/5654/avez,EMEA,674857,268125,FracturePICK,bo3,1.25,219.0,19.0,15.0,11.0,83%,137.0,20%,2.0,1.0,1.27
dos9,KC,https://www.vlr.gg/player/16215/dos9,EMEA,674857,268125,FracturePICK,bo3,1.25,240.0,19.0,16.0,14.0,87%,156.0,18%,3.0,1.0,1.19
LewN,KC,https://www.vlr.gg/player/20144/lewn,EMEA,674857,268125,FracturePICK,bo3,0.75,154.0,12.0,17.0,4.0,61%,94.0,17%,5.0,3.0,0.71
SUYGETSU,KC,https://www.vlr.gg/player/2858/suygetsu,EMEA,674857,268125,FracturePICK,bo3,0.56,111.0,9.0,16.0,3.0,70%,83.0,25%,1.0,0.0,0.56
audaz,EF,https://www.vlr.gg/player/40843/audaz,EMEA,674857,268125,FracturePICK,bo3,1.32,291.0,23.0,18.0,8.0,87%,171.0,24%,5.0,1.0,1.28
Favian,EF,https://www.vlr.gg/player/41720/favian,EMEA,674857,268125,FracturePICK,bo3,1.04,224.0,18.0,16.0,4.0,70%,140.0,14%,1.0,4.0,1.12
echo,EF,https://www.vlr.gg/player/49346/echo,EMEA,674857,268125,FracturePICK,bo3,0.94,189.0,14.0,15.0,5.0,52%,151.0,45%,0.0,3.0,0.93
Izzy,EF,https://www.vlr.gg/player/10160/izzy,EMEA,674857,268125,FracturePICK,bo3,0.75,185.0,14.0,18.0,4.0,70%,122.0,25%,2.0,5.0,0.78
nekky,EF,https://www.vlr.gg/player/12670/nekky,EMEA,674857,268125,FracturePICK,bo3,0.58,116.0,9.0,18.0,5.0,65%,92.0,33%,0.0,2.0,0.5
N4RRATE,KC,https://www.vlr.gg/player/36245/n4rrate,EMEA,674857,268126,PearlPICK,bo3,1.23,263.0,19.0,16.0,9.0,70%,182.0,37%,4.0,1.0,1.19
Avez,KC,https://www.vlr.gg/player/5654/avez,EMEA,674857,268126,PearlPICK,bo3,1.19,257.0,22.0,16.0,3.0,74%,142.0,19%,1.0,1.0,1.38
dos9,KC,https://www.vlr.gg/player/16215/dos9,EMEA,674857,268126,PearlPICK,bo3,0.8,127.0,10.0,15.0,14.0,65%,89.0,28%,1.0,3.0,0.67
SUYGETSU,KC,https://www.vlr.gg/player/2858/suygetsu,EMEA,674857,268126,PearlPICK,bo3,0.72,198.0,16.0,20.0,6.0,57%,140.0,33%,3.0,1.0,0.8
LewN,KC,https://www.vlr.gg/player/20144/lewn,EMEA,674857,268126,PearlPICK,bo3,0.52,142.0,12.0,19.0,3.0,61%,93.0,39%,2.0,6.0,0.63
echo,EF,https://www.vlr.gg/player/49346/echo,EMEA,674857,268126,PearlPICK,bo3,1.36,244.0,21.0,14.0,6.0,83%,164.0,42%,2.0,0.0,1.5
nekky,EF,https://www.vlr.gg/player/12670/nekky,EMEA,674857,268126,PearlPICK,bo3,1.05,194.0,16.0,15.0,6.0,65%,119.0,22%,4.0,0.0,1.07
audaz,EF,https://www.vlr.gg/player/40843/audaz,EMEA,674857,268126,PearlPICK,bo3,1.03,188.0,15.0,15.0,7.0,74%,125.0,44%,1.0,0.0,1.0
Izzy,EF,https://www.vlr.gg/player/10160/izzy,EMEA,674857,268126,PearlPICK,bo3,0.98,206.0,19.0,17.0,1.0,70%,128.0,36%,3.0,8.0,1.12
Favian,EF,https://www.vlr.gg/player/41720/favian,EMEA,674857,268126,PearlPICK,bo3,0.94,205.0,15.0,18.0,8.0,70%,128.0,20%,2.0,3.0,0.83
N4RRATE,KC,https://www.vlr.gg/player/36245/n4rrate,EMEA,674857,268127,Ascent,bo3,1.42,328.0,27.0,16.0,8.0,83%,211.0,24%,5.0,1.0,1.69
LewN,KC,https://www.vlr.gg/player/20144/lewn,EMEA,674857,268127,Ascent,bo3,1.27,233.0,20.0,14.0,5.0,78%,151.0,26%,7.0,1.0,1.43
dos9,KC,https://www.vlr.gg/player/16215/dos9,EMEA,674857,268127,Ascent,bo3,1.13,179.0,16.0,11.0,5.0,78%,135.0,25%,0.0,2.0,1.45
Avez,KC,https://www.vlr.gg/player/5654/avez,EMEA,674857,268127,Ascent,bo3,0.88,136.0,11.0,12.0,8.0,70%,96.0,27%,0.0,2.0,0.92
SUYGETSU,KC,https://www.vlr.gg/player/2858/suygetsu,EMEA,674857,268127,Ascent,bo3,0.84,127.0,9.0,14.0,7.0,65%,86.0,22%,5.0,0.0,0.64
echo,EF,https://www.vlr.gg/player/49346/echo,EMEA,674857,268127,Ascent,bo3,1.72,346.0,27.0,17.0,6.0,65%,216.0,45%,4.0,4.0,1.59
audaz,EF,https://www.vlr.gg/player/40843/audaz,EMEA,674857,268127,Ascent,bo3,0.85,153.0,11.0,15.0,9.0,78%,105.0,43%,0.0,1.0,0.73
Favian,EF,https://www.vlr.gg/player/41720/favian,EMEA,674857,268127,Ascent,bo3,0.76,101.0,7.0,14.0,9.0,74%,64.0,39%,1.0,3.0,0.5
Izzy,EF,https://www.vlr.gg/player/10160/izzy,EMEA,674857,268127,Ascent,bo3,0.67,151.0,13.0,18.0,4.0,48%,103.0,18%,1.0,6.0,0.72
nekky,EF,https://www.vlr.gg/player/12670/nekky,EMEA,674857,268127,Ascent,bo3,0.52,124.0,9.0,19.0,3.0,52%,87.0,21%,0.0,3.0,0.47
yetujey,FUT,https://www.vlr.gg/player/8369/yetujey,EMEA,674858,268128,HavenPICK,bo3,1.33,235.0,22.0,16.0,7.0,81%,169.0,22%,1.0,0.0,1.38
s0pp,FUT,https://www.vlr.gg/player/39357/s0pp,EMEA,674858,268128,HavenPICK,bo3,1.09,240.0,21.0,18.0,5.0,73%,143.0,22%,6.0,5.0,1.17
KROSTALY,FUT,https://www.vlr.gg/player/15735/krostaly,EMEA,674858,268128,HavenPICK,bo3,0.93,191.0,16.0,20.0,6.0,58%,138.0,26%,2.0,1.0,0.8
sociablEE,FUT,https://www.vlr.gg/player/5568/sociablee,EMEA,674858,268128,HavenPICK,bo3,0.67,166.0,15.0,21.0,8.0,62%,89.0,23%,3.0,2.0,0.71
xeus,FUT,https://www.vlr.gg/player/12793/xeus,EMEA,674858,268128,HavenPICK,bo3,0.65,174.0,16.0,22.0,1.0,69%,108.0,42%,3.0,3.0,0.73
Minny,M8,https://www.vlr.gg/player/23169/minny,EMEA,674858,268128,HavenPICK,bo3,1.31,285.0,27.0,20.0,4.0,73%,169.0,27%,7.0,7.0,1.35
marteen,M8,https://www.vlr.gg/player/10307/marteen,EMEA,674858,268128,HavenPICK,bo3,1.2,254.0,23.0,19.0,7.0,85%,172.0,39%,4.0,3.0,1.21
starxo,M8,https://www.vlr.gg/player/565/starxo,EMEA,674858,268128,HavenPICK,bo3,1.03,216.0,19.0,18.0,11.0,73%,135.0,31%,0.0,3.0,1.06
bipo,M8,https://www.vlr.gg/player/18400/bipo,EMEA,674858,268128,HavenPICK,bo3,0.9,170.0,16.0,17.0,2.0,62%,109.0,41%,0.0,1.0,0.94
GLYPH,M8,https://www.vlr.gg/player/8286/glyph,EMEA,674858,268128,HavenPICK,bo3,0.83,128.0,12.0,16.0,12.0,77%,97.0,28%,0.0,1.0,0.75
yetujey,FUT,https://www.vlr.gg/player/8369/yetujey,EMEA,674858,268129,FracturePICK,bo3,1.09,211.0,17.0,14.0,6.0,64%,146.0,19%,2.0,3.0,1.21
sociablEE,FUT,https://www.vlr.gg/player/5568/sociablee,EMEA,674858,268129,FracturePICK,bo3,1.01,193.0,14.0,14.0,8.0,82%,124.0,26%,2.0,0.0,1.0
KROSTALY,FUT,https://www.vlr.gg/player/15735/krostaly,EMEA,674858,268129,FracturePICK,bo3,0.86,150.0,14.0,13.0,2.0,64%,92.0,37%,3.0,5.0,1.08
xeus,FUT,https://www.vlr.gg/player/12793/xeus,EMEA,674858,268129,FracturePICK,bo3,0.78,161.0,12.0,17.0,8.0,73%,110.0,33%,0.0,1.0,0.71
s0pp,FUT,https://www.vlr.gg/player/39357/s0pp,EMEA,674858,268129,FracturePICK,bo3,0.75,223.0,15.0,19.0,9.0,73%,160.0,18%,3.0,3.0,0.79
marteen,M8,https://www.vlr.gg/player/10307/marteen,EMEA,674858,268129,FracturePICK,bo3,1.28,241.0,17.0,16.0,8.0,82%,168.0,34%,2.0,1.0,1.06
bipo,M8,https://www.vlr.gg/player/18400/bipo,EMEA,674858,268129,FracturePICK,bo3,1.23,231.0,19.0,13.0,2.0,73%,141.0,23%,3.0,1.0,1.46
starxo,M8,https://www.vlr.gg/player/565/starxo,EMEA,674858,268129,FracturePICK,bo3,0.97,179.0,14.0,13.0,6.0,86%,105.0,27%,2.0,1.0,1.08
GLYPH,M8,https://www.vlr.gg/player/8286/glyph,EMEA,674858,268129,FracturePICK,bo3,0.9,152.0,12.0,14.0,10.0,86%,90.0,23%,1.0,1.0,0.86
Minny,M8,https://www.vlr.gg/player/23169/minny,EMEA,674858,268129,FracturePICK,bo3,0.89,200.0,15.0,16.0,5.0,86%,134.0,32%,4.0,6.0,0.94
yetujey,FUT,https://www.vlr.gg/player/8369/yetujey,EMEA,674858,268130,AscentPICK,bo3,1.44,283.0,21.0,13.0,3.0,81%,191.0,28%,1.0,0.0,1.62
s0pp,FUT,https://www.vlr.gg/player/39357/s0pp,EMEA,674858,268130,AscentPICK,bo3,1.1,271.0,20.0,17.0,4.0,71%,159.0,21%,9.0,4.0,1.18
KROSTALY,FUT,https://www.vlr.gg/player/15735/krostaly,EMEA,674858,268130,AscentPICK,bo3,0.83,169.0,12.0,15.0,4.0,76%,125.0,33%,0.0,0.0,0.8
sociablEE,FUT,https://www.vlr.gg/player/5568/sociablee,EMEA,674858,268130,AscentPICK,bo3,0.8,159.0,13.0,15.0,4.0,67%,91.0,21%,0.0,1.0,0.87
xeus,FUT,https://www.vlr.gg/player/12793/xeus,EMEA,674858,268130,AscentPICK,bo3,0.53,127.0,8.0,16.0,9.0,71%,80.0,24%,2.0,4.0,0.5
GLYPH,M8,https://www.vlr.gg/player/8286/glyph,EMEA,674858,268130,AscentPICK,bo3,1.27,233.0,17.0,14.0,5.0,67%,141.0,27%,2.0,5.0,1.21
starxo,M8,https://www.vlr.gg/player/565/starxo,EMEA,674858,268130,AscentPICK,bo3,1.16,251.0,18.0,14.0,6.0,81%,168.0,42%,1.0,0.0,1.29
marteen,M8,https://www.vlr.gg/player/10307/marteen,EMEA,674858,268130,AscentPICK,bo3,1.1,237.0,17.0,16.0,7.0,67%,165.0,41%,1.0,2.0,1.06
Minny,M8,https://www.vlr.gg/player/23169/minny,EMEA,674858,268130,AscentPICK,bo3,1.06,198.0,15.0,13.0,4.0,71%,139.0,25%,3.0,4.0,1.15
bipo,M8,https://www.vlr.gg/player/18400/bipo,EMEA,674858,268130,AscentPICK,bo3,0.68,132.0,9.0,17.0,2.0,52%,93.0,17%,2.0,1.0,0.53
Filu,NAVI,https://www.vlr.gg/player/4544/filu,EMEA,674860,268134,Lotus,bo3,1.42,263.0,23.0,16.0,3.0,70%,171.0,40%,2.0,2.0,1.44
Ruxic,NAVI,https://www.vlr.gg/player/18677/ruxic,EMEA,674860,268134,Lotus,bo3,1.26,245.0,19.0,14.0,12.0,83%,152.0,37%,2.0,1.0,1.36
chloric,NAVI,https://www.vlr.gg/player/15639/chloric,EMEA,674860,268134,Lotus,bo3,1.12,194.0,18.0,14.0,8.0,87%,129.0,26%,1.0,1.0,1.29
ExiT,NAVI,https://www.vlr.gg/player/11917/exit,EMEA,674860,268134,Lotus,bo3,1.04,233.0,18.0,16.0,8.0,83%,161.0,23%,5.0,4.0,1.12
hiro,NAVI,https://www.vlr.gg/player/29867/hiro,EMEA,674860,268134,Lotus,bo3,0.83,166.0,12.0,15.0,6.0,70%,111.0,23%,3.0,2.0,0.8
purp0,TL,https://www.vlr.gg/player/1885/purp0,EMEA,674860,268134,Lotus,bo3,1.21,181.0,16.0,14.0,3.0,78%,133.0,42%,2.0,1.0,1.14
nAts,TL,https://www.vlr.gg/player/457/nats,EMEA,674860,268134,Lotus,bo3,0.91,201.0,18.0,18.0,4.0,74%,141.0,36%,1.0,2.0,1.0
wayne,TL,https://www.vlr.gg/player/24628/wayne,EMEA,674860,268134,Lotus,bo3,0.86,189.0,14.0,19.0,13.0,83%,123.0,33%,0.0,2.0,0.74
MiniBoo,TL,https://www.vlr.gg/player/18350/miniboo,EMEA,674860,268134,Lotus,bo3,0.72,182.0,15.0,21.0,4.0,57%,117.0,28%,3.0,2.0,0.71
kamo,TL,https://www.vlr.gg/player/14681/kamo,EMEA,674860,268134,Lotus,bo3,0.71,158.0,12.0,18.0,4.0,65%,105.0,29%,4.0,6.0,0.67
Filu,NAVI,https://www.vlr.gg/player/4544/filu,EMEA,674860,268135,Ascent,bo3,1.35,251.0,21.0,15.0,7.0,83%,169.0,35%,3.0,2.0,1.4
ExiT,NAVI,https://www.vlr.gg/player/11917/exit,EMEA,674860,268135,Ascent,bo3,1.24,220.0,19.0,14.0,6.0,63%,126.0,21%,3.0,4.0,1.36
chloric,NAVI,https://www.vlr.gg/player/15639/chloric,EMEA,674860,268135,Ascent,bo3,1.11,210.0,16.0,14.0,7.0,79%,142.0,10%,3.0,0.0,1.14
hiro,NAVI,https://www.vlr.gg/player/29867/hiro,EMEA,674860,268135,Ascent,bo3,1.01,198.0,18.0,15.0,6.0,67%,121.0,35%,2.0,3.0,1.2
Ruxic,NAVI,https://www.vlr.gg/player/18677/ruxic,EMEA,674860,268135,Ascent,bo3,0.62,158.0,13.0,20.0,9.0,71%,104.0,17%,1.0,3.0,0.65
nAts,TL,https://www.vlr.gg/player/457/nats,EMEA,674860,268135,Ascent,bo3,1.26,215.0,20.0,14.0,3.0,75%,146.0,27%,2.0,0.0,1.43
MiniBoo,TL,https://www.vlr.gg/player/18350/miniboo,EMEA,674860,268135,Ascent,bo3,0.97,244.0,19.0,21.0,3.0,71%,150.0,22%,7.0,4.0,0.9
kamo,TL,https://www.vlr.gg/player/14681/kamo,EMEA,674860,268135,Ascent,bo3,0.92,181.0,15.0,17.0,13.0,67%,124.0,55%,0.0,2.0,0.88
purp0,TL,https://www.vlr.gg/player/1885/purp0,EMEA,674860,268135,Ascent,bo3,0.82,167.0,13.0,16.0,5.0,71%,128.0,34%,2.0,1.0,0.81
wayne,TL,https://www.vlr.gg/player/24628/wayne,EMEA,674860,268135,Ascent,bo3,0.58,125.0,11.0,19.0,7.0,75%,82.0,34%,1.0,5.0,0.58
CyvOph,FNC,https://www.vlr.gg/player/13258/cyvoph,EMEA,674859,268131,LotusPICK,bo3,1.31,264.0,20.0,15.0,4.0,59%,179.0,29%,4.0,0.0,1.33
crashies,FNC,https://www.vlr.gg/player/4/crashies,EMEA,674859,268131,LotusPICK,bo3,0.95,164.0,13.0,15.0,5.0,77%,122.0,50%,1.0,0.0,0.87
kaajak,FNC,https://www.vlr.gg/player/9554/kaajak,EMEA,674859,268131,LotusPICK,bo3,0.9,208.0,15.0,16.0,4.0,55%,140.0,24%,5.0,6.0,0.94
Alfajer,FNC,https://www.vlr.gg/player/9810/alfajer,EMEA,674859,268131,LotusPICK,bo3,0.86,187.0,16.0,16.0,3.0,64%,122.0,36%,1.0,3.0,1.0
Boaster,FNC,https://www.vlr.gg/player/438/boaster,EMEA,674859,268131,LotusPICK,bo3,0.56,109.0,8.0,16.0,5.0,50%,75.0,30%,0.0,2.0,0.5
dos9,KC,https://www.vlr.gg/player/16215/dos9,EMEA,674859,268131,LotusPICK,bo3,1.37,297.0,24.0,16.0,4.0,68%,187.0,38%,2.0,3.0,1.5
Avez,KC,https://www.vlr.gg/player/5654/avez,EMEA,674859,268131,LotusPICK,bo3,1.13,196.0,15.0,12.0,4.0,73%,124.0,19%,3.0,1.0,1.25
N4RRATE,KC,https://www.vlr.gg/player/36245/n4rrate,EMEA,674859,268131,LotusPICK,bo3,0.98,173.0,14.0,13.0,3.0,55%,108.0,12%,1.0,3.0,1.08
SUYGETSU,KC,https://www.vlr.gg/player/2858/suygetsu,EMEA,674859,268131,LotusPICK,bo3,0.94,190.0,14.0,15.0,6.0,64%,139.0,19%,2.0,1.0,0.93
LewN,KC,https://www.vlr.gg/player/20144/lewn,EMEA,674859,268131,LotusPICK,bo3,0.75,134.0,11.0,16.0,3.0,64%,94.0,54%,3.0,3.0,0.69
Alfajer,FNC,https://www.vlr.gg/player/9810/alfajer,EMEA,674859,268132,HavenPICK,bo3,0.96,212.0,13.0,14.0,3.0,67%,148.0,45%,4.0,2.0,0.93
CyvOph,FNC,https://www.vlr.gg/player/13258/cyvoph,EMEA,674859,268132,HavenPICK,bo3,0.85,198.0,12.0,14.0,1.0,56%,138.0,50%,3.0,1.0,0.86
kaajak,FNC,https://www.vlr.gg/player/9554/kaajak,EMEA,674859,268132,HavenPICK,bo3,0.66,171.0,11.0,15.0,1.0,56%,104.0,22%,2.0,3.0,0.73
Boaster,FNC,https://www.vlr.gg/player/438/boaster,EMEA,674859,268132,HavenPICK,bo3,0.66,134.0,7.0,13.0,3.0,50%,99.0,10%,0.0,0.0,0.54
crashies,FNC,https://www.vlr.gg/player/4/crashies,EMEA,674859,268132,HavenPICK,bo3,0.39,127.0,7.0,15.0,1.0,61%,84.0,35%,0.0,3.0,0.47
SUYGETSU,KC,https://www.vlr.gg/player/2858/suygetsu,EMEA,674859,268132,HavenPICK,bo3,1.6,263.0,18.0,8.0,2.0,78%,197.0,34%,1.0,2.0,2.25
N4RRATE,KC,https://www.vlr.gg/player/36245/n4rrate,EMEA,674859,268132,HavenPICK,bo3,1.59,270.0,18.0,8.0,7.0,78%,169.0,26%,2.0,1.0,2.25
LewN,KC,https://www.vlr.gg/player/20144/lewn,EMEA,674859,268132,HavenPICK,bo3,1.31,258.0,17.0,11.0,1.0,67%,151.0,10%,6.0,1.0,1.55
dos9,KC,https://www.vlr.gg/player/16215/dos9,EMEA,674859,268132,HavenPICK,bo3,1.0,167.0,10.0,10.0,7.0,61%,107.0,33%,0.0,3.0,1.0
Avez,KC,https://www.vlr.gg/player/5654/avez,EMEA,674859,268132,HavenPICK,bo3,0.71,135.0,8.0,13.0,6.0,67%,85.0,10%,0.0,2.0,0.62
Alfajer,FNC,https://www.vlr.gg/player/9810/alfajer,EMEA,674859,268133,FracturePICK,bo3,1.65,263.0,17.0,7.0,2.0,88%,185.0,50%,2.0,0.0,2.43
Boaster,FNC,https://www.vlr.gg/player/438/boaster,EMEA,674859,268133,FracturePICK,bo3,1.39,188.0,10.0,7.0,17.0,82%,116.0,21%,1.0,1.0,1.43
CyvOph,FNC,https://www.vlr.gg/player/13258/cyvoph,EMEA,674859,268133,FracturePICK,bo3,1.35,285.0,18.0,10.0,7.0,82%,174.0,23%,4.0,3.0,1.8
kaajak,FNC,https://www.vlr.gg/player/9554/kaajak,EMEA,674859,268133,FracturePICK,bo3,1.04,211.0,14.0,11.0,4.0,82%,148.0,14%,1.0,3.0,1.27
crashies,FNC,https://www.vlr.gg/player/4/crashies,EMEA,674859,268133,FracturePICK,bo3,0.98,175.0,11.0,11.0,6.0,82%,125.0,32%,0.0,2.0,1.0
N4RRATE,KC,https://www.vlr.gg/player/36245/n4rrate,EMEA,674859,268133,FracturePICK,bo3,1.29,273.0,14.0,14.0,7.0,76%,195.0,21%,3.0,0.0,1.0
Avez,KC,https://www.vlr.gg/player/5654/avez,EMEA,674859,268133,FracturePICK,bo3,0.92,174.0,10.0,13.0,5.0,71%,104.0,8%,1.0,0.0,0.77
SUYGETSU,KC,https://www.vlr.gg/player/2858/suygetsu,EMEA,674859,268133,FracturePICK,bo3,0.67,168.0,11.0,15.0,1.0,53%,110.0,33%,2.0,4.0,0.73
LewN,KC,https://www.vlr.gg/player/20144/lewn,EMEA,674859,268133,FracturePICK,bo3,0.6,146.0,8.0,14.0,3.0,59%,92.0,15%,3.0,2.0,0.57
dos9,KC,https://www.vlr.gg/player/16215/dos9,EMEA,674859,268133,FracturePICK,bo3,0.29,61.0,3.0,14.0,9.0,53%,36.0,27%,0.0,2.0,0.21
Alfajer,FNC,https://www.vlr.gg/player/9810/alfajer,EMEA,674859,270579,AscentPICK,bo3,1.29,269.0,23.0,17.0,4.0,74%,181.0,34%,3.0,3.0,1.35
crashies,FNC,https://www.vlr.gg/player/4/crashies,EMEA,674859,270579,AscentPICK,bo3,1.15,184.0,14.0,14.0,11.0,74%,143.0,28%,1.0,1.0,1.0
Boaster,FNC,https://www.vlr.gg/player/438/boaster,EMEA,674859,270579,AscentPICK,bo3,0.94,196.0,14.0,17.0,12.0,70%,119.0,30%,0.0,1.0,0.82
CyvOph,FNC,https://www.vlr.gg/player/13258/cyvoph,EMEA,674859,270579,AscentPICK,bo3,0.89,165.0,13.0,17.0,11.0,87%,117.0,23%,1.0,0.0,0.76
kaajak,FNC,https://www.vlr.gg/player/9554/kaajak,EMEA,674859,270579,AscentPICK,bo3,0.84,219.0,18.0,19.0,4.0,52%,135.0,19%,5.0,8.0,0.95
SUYGETSU,KC,https://www.vlr.gg/player/2858/suygetsu,EMEA,674859,270579,AscentPICK,bo3,1.22,235.0,20.0,17.0,4.0,78%,162.0,40%,3.0,1.0,1.18
N4RRATE,KC,https://www.vlr.gg/player/36245/n4rrate,EMEA,674859,270579,AscentPICK,bo3,1.14,209.0,19.0,14.0,3.0,70%,136.0,33%,3.0,3.0,1.36
dos9,KC,https://www.vlr.gg/player/16215/dos9,EMEA,674859,270579,AscentPICK,bo3,1.02,201.0,15.0,16.0,12.0,87%,119.0,13%,2.0,2.0,0.94
LewN,KC,https://www.vlr.gg/player/20144/lewn,EMEA,674859,270579,AscentPICK,bo3,0.9,185.0,15.0,17.0,7.0,65%,115.0,30%,2.0,1.0,0.88
Avez,KC,https://www.vlr.gg/player/5654/avez,EMEA,674859,270579,AscentPICK,bo3,0.77,171.0,15.0,18.0,4.0,65%,124.0,35%,3.0,3.0,0.83
kaajak,FNC,https://www.vlr.gg/player/9554/kaajak,EMEA,674859,270582,Breeze,bo3,1.12,287.0,25.0,20.0,3.0,57%,180.0,43%,7.0,7.0,1.25
Alfajer,FNC,https://www.vlr.gg/player/9810/alfajer,EMEA,674859,270582,Breeze,bo3,1.11,239.0,20.0,19.0,4.0,70%,176.0,38%,1.0,3.0,1.05
Boaster,FNC,https://www.vlr.gg/player/438/boaster,EMEA,674859,270582,Breeze,bo3,0.85,150.0,11.0,15.0,7.0,74%,114.0,21%,1.0,2.0,0.73
CyvOph,FNC,https://www.vlr.gg/player/13258/cyvoph,EMEA,674859,270582,Breeze,bo3,0.81,158.0,13.0,18.0,4.0,52%,117.0,27%,1.0,0.0,0.72
crashies,FNC,https://www.vlr.gg/player/4/crashies,EMEA,674859,270582,Breeze,bo3,0.62,122.0,9.0,17.0,7.0,61%,88.0,27%,0.0,1.0,0.53
SUYGETSU,KC,https://www.vlr.gg/player/2858/suygetsu,EMEA,674859,270582,Breeze,bo3,1.39,247.0,23.0,14.0,3.0,83%,185.0,30%,1.0,1.0,1.64
dos9,KC,https://www.vlr.gg/player/16215/dos9,EMEA,674859,270582,Breeze,bo3,1.28,248.0,18.0,15.0,8.0,78%,154.0,27%,4.0,3.0,1.2
Avez,KC,https://www.vlr.gg/player/5654/avez,EMEA,674859,270582,Breeze,bo3,1.11,217.0,16.0,15.0,14.0,91%,149.0,24%,3.0,2.0,1.07
N4RRATE,KC,https://www.vlr.gg/player/36245/n4rrate,EMEA,674859,270582,Breeze,bo3,0.99,185.0,17.0,17.0,2.0,70%,134.0,21%,4.0,2.0,1.0
LewN,KC,https://www.vlr.gg/player/20144/lewn,EMEA,674859,270582,Breeze,bo3,0.8,169.0,15.0,17.0,2.0,70%,111.0,33%,1.0,2.0,0.88
lovers rock,BBL,https://www.vlr.gg/player/40935/lovers-rock,EMEA,674861,268137,Breeze,bo3,1.76,306.0,27.0,12.0,1.0,77%,188.0,24%,4.0,1.0,2.25
Rosé,BBL,https://www.vlr.gg/player/5565/ros,EMEA,674861,268137,Breeze,bo3,1.38,252.0,20.0,13.0,9.0,73%,185.0,21%,1.0,2.0,1.54
Loita,BBL,https://www.vlr.gg/player/24344/loita,EMEA,674861,268137,Breeze,bo3,0.8,153.0,12.0,15.0,4.0,59%,99.0,37%,0.0,2.0,0.8
Lar0k,BBL,https://www.vlr.gg/player/31305/lar0k,EMEA,674861,268137,Breeze,bo3,0.78,139.0,10.0,16.0,5.0,64%,93.0,23%,2.0,3.0,0.62
Crewen,BBL,https://www.vlr.gg/player/12795/crewen,EMEA,674861,268137,Breeze,bo3,0.74,162.0,12.0,17.0,6.0,68%,117.0,35%,2.0,5.0,0.71
Favian,EF,https://www.vlr.gg/player/41720/favian,EMEA,674861,268137,Breeze,bo3,1.06,222.0,18.0,16.0,7.0,77%,147.0,42%,1.0,1.0,1.12
audaz,EF,https://www.vlr.gg/player/40843/audaz,EMEA,674861,268137,Breeze,bo3,1.03,198.0,16.0,15.0,10.0,68%,127.0,35%,1.0,1.0,1.07
Izzy,EF,https://www.vlr.gg/player/10160/izzy,EMEA,674861,268137,Breeze,bo3,1.0,233.0,19.0,17.0,1.0,73%,137.0,16%,6.0,3.0,1.12
echo,EF,https://www.vlr.gg/player/49346/echo,EMEA,674861,268137,Breeze,bo3,0.79,163.0,9.0,16.0,13.0,77%,107.0,27%,4.0,3.0,0.56
nekky,EF,https://www.vlr.gg/player/12670/nekky,EMEA,674861,268137,Breeze,bo3,0.68,131.0,11.0,17.0,6.0,64%,95.0,12%,1.0,1.0,0.65
lovers rock,BBL,https://www.vlr.gg/player/40935/lovers-rock,EMEA,674861,268138,Lotus,bo3,1.3,295.0,32.0,23.0,3.0,75%,182.0,14%,6.0,4.0,1.39
Loita,BBL,https://www.vlr.gg/player/24344/loita,EMEA,674861,268138,Lotus,bo3,1.19,180.0,19.0,18.0,17.0,84%,116.0,32%,1.0,2.0,1.06
Lar0k,BBL,https://www.vlr.gg/player/31305/lar0k,EMEA,674861,268138,Lotus,bo3,0.97,188.0,22.0,20.0,2.0,69%,135.0,21%,4.0,7.0,1.1
Crewen,BBL,https://www.vlr.gg/player/12795/crewen,EMEA,674861,268138,Lotus,bo3,0.97,194.0,23.0,23.0,7.0,59%,127.0,25%,1.0,2.0,1.0
Rosé,BBL,https://www.vlr.gg/player/5565/ros,EMEA,674861,268138,Lotus,bo3,0.88,163.0,17.0,22.0,10.0,72%,119.0,22%,4.0,1.0,0.77
echo,EF,https://www.vlr.gg/player/49346/echo,EMEA,674861,268138,Lotus,bo3,1.06,183.0,22.0,19.0,4.0,63%,122.0,36%,4.0,2.0,1.16
Izzy,EF,https://www.vlr.gg/player/10160/izzy,EMEA,674861,268138,Lotus,bo3,1.06,243.0,27.0,24.0,5.0,63%,154.0,26%,9.0,7.0,1.12
nekky,EF,https://www.vlr.gg/player/12670/nekky,EMEA,674861,268138,Lotus,bo3,0.95,214.0,25.0,23.0,3.0,72%,131.0,24%,2.0,2.0,1.09
audaz,EF,https://www.vlr.gg/player/40843/audaz,EMEA,674861,268138,Lotus,bo3,0.87,158.0,17.0,23.0,13.0,75%,105.0,30%,0.0,1.0,0.74
Favian,EF,https://www.vlr.gg/player/41720/favian,EMEA,674861,268138,Lotus,bo3,0.69,157.0,15.0,24.0,8.0,72%,113.0,16%,1.0,4.0,0.62
Alfajer,FNC,https://www.vlr.gg/player/9810/alfajer,EMEA,674862,268140,AscentPICK,bo3,1.17,191.0,20.0,15.0,6.0,75%,130.0,46%,5.0,2.0,1.33
kaajak,FNC,https://www.vlr.gg/player/9554/kaajak,EMEA,674862,268140,AscentPICK,bo3,1.16,231.0,23.0,18.0,3.0,79%,162.0,30%,3.0,3.0,1.28
crashies,FNC,https://www.vlr.gg/player/4/crashies,EMEA,674862,268140,AscentPICK,bo3,1.13,205.0,18.0,17.0,11.0,71%,159.0,33%,2.0,2.0,1.06
CyvOph,FNC,https://www.vlr.gg/player/13258/cyvoph,EMEA,674862,268140,AscentPICK,bo3,1.05,200.0,18.0,20.0,15.0,75%,132.0,31%,3.0,3.0,0.9
Boaster,FNC,https://www.vlr.gg/player/438/boaster,EMEA,674862,268140,AscentPICK,bo3,0.75,178.0,16.0,19.0,12.0,68%,119.0,31%,4.0,1.0,0.84
hiro,NAVI,https://www.vlr.gg/player/29867/hiro,EMEA,674862,268140,AscentPICK,bo3,1.22,216.0,23.0,18.0,4.0,68%,152.0,36%,0.0,0.0,1.28
Filu,NAVI,https://www.vlr.gg/player/4544/filu,EMEA,674862,268140,AscentPICK,bo3,1.07,220.0,21.0,20.0,7.0,68%,149.0,35%,2.0,3.0,1.05
chloric,NAVI,https://www.vlr.gg/player/15639/chloric,EMEA,674862,268140,AscentPICK,bo3,1.0,147.0,12.0,16.0,8.0,68%,109.0,20%,1.0,3.0,0.75
Ruxic,NAVI,https://www.vlr.gg/player/18677/ruxic,EMEA,674862,268140,AscentPICK,bo3,0.97,185.0,19.0,19.0,12.0,75%,123.0,37%,0.0,2.0,1.0
ExiT,NAVI,https://www.vlr.gg/player/11917/exit,EMEA,674862,268140,AscentPICK,bo3,0.63,156.0,14.0,22.0,4.0,61%,99.0,17%,8.0,9.0,0.64
CyvOph,FNC,https://www.vlr.gg/player/13258/cyvoph,EMEA,674862,268141,SplitPICK,bo3,1.4,259.0,21.0,17.0,10.0,58%,176.0,27%,4.0,2.0,1.24
crashies,FNC,https://www.vlr.gg/player/4/crashies,EMEA,674862,268141,SplitPICK,bo3,1.13,153.0,13.0,13.0,10.0,75%,92.0,23%,2.0,1.0,1.0
Alfajer,FNC,https://www.vlr.gg/player/9810/alfajer,EMEA,674862,268141,SplitPICK,bo3,0.94,188.0,16.0,16.0,1.0,67%,141.0,25%,1.0,2.0,1.0
Boaster,FNC,https://www.vlr.gg/player/438/boaster,EMEA,674862,268141,SplitPICK,bo3,0.92,179.0,15.0,17.0,6.0,71%,118.0,32%,2.0,2.0,0.88
kaajak,FNC,https://www.vlr.gg/player/9554/kaajak,EMEA,674862,268141,SplitPICK,bo3,0.66,156.0,14.0,21.0,7.0,63%,124.0,16%,2.0,6.0,0.67
ExiT,NAVI,https://www.vlr.gg/player/11917/exit,EMEA,674862,268141,SplitPICK,bo3,1.06,232.0,21.0,17.0,3.0,79%,128.0,21%,6.0,7.0,1.24
Filu,NAVI,https://www.vlr.gg/player/4544/filu,EMEA,674862,268141,SplitPICK,bo3,1.05,223.0,18.0,17.0,8.0,75%,151.0,10%,3.0,1.0,1.06
chloric,NAVI,https://www.vlr.gg/player/15639/chloric,EMEA,674862,268141,SplitPICK,bo3,0.97,178.0,16.0,15.0,8.0,79%,109.0,22%,0.0,0.0,1.07
hiro,NAVI,https://www.vlr.gg/player/29867/hiro,EMEA,674862,268141,SplitPICK,bo3,0.91,178.0,15.0,15.0,2.0,58%,126.0,43%,2.0,2.0,1.0
Ruxic,NAVI,https://www.vlr.gg/player/18677/ruxic,EMEA,674862,268141,SplitPICK,bo3,0.88,151.0,14.0,15.0,8.0,71%,98.0,32%,2.0,1.0,0.93
Boaster,FNC,https://www.vlr.gg/player/438/boaster,EMEA,674862,268142,Fracture,bo3,1.09,178.0,15.0,15.0,7.0,75%,122.0,35%,0.0,0.0,1.0
CyvOph,FNC,https://www.vlr.gg/player/13258/cyvoph,EMEA,674862,268142,Fracture,bo3,1.03,233.0,19.0,18.0,5.0,83%,144.0,37%,2.0,2.0,1.06
Alfajer,FNC,https://www.vlr.gg/player/9810/alfajer,EMEA,674862,268142,Fracture,bo3,0.98,246.0,21.0,19.0,2.0,67%,153.0,34%,4.0,3.0,1.11
crashies,FNC,https://www.vlr.gg/player/4/crashies,EMEA,674862,268142,Fracture,bo3,0.95,186.0,17.0,16.0,5.0,79%,119.0,29%,4.0,1.0,1.06
kaajak,FNC,https://www.vlr.gg/player/9554/kaajak,EMEA,674862,268142,Fracture,bo3,0.89,192.0,16.0,17.0,5.0,71%,125.0,27%,4.0,4.0,0.94
Ruxic,NAVI,https://www.vlr.gg/player/18677/ruxic,EMEA,674862,268142,Fracture,bo3,1.46,236.0,22.0,14.0,6.0,79%,150.0,19%,3.0,1.0,1.57
Filu,NAVI,https://www.vlr.gg/player/4544/filu,EMEA,674862,268142,Fracture,bo3,0.86,179.0,17.0,18.0,3.0,63%,115.0,28%,1.0,5.0,0.94
ExiT,NAVI,https://www.vlr.gg/player/11917/exit,EMEA,674862,268142,Fracture,bo3,0.86,218.0,17.0,20.0,7.0,63%,145.0,23%,5.0,6.0,0.85
hiro,NAVI,https://www.vlr.gg/player/29867/hiro,EMEA,674862,268142,Fracture,bo3,0.8,213.0,18.0,20.0,5.0,50%,123.0,34%,1.0,1.0,0.9
chloric,NAVI,https://www.vlr.gg/player/15639/chloric,EMEA,674862,268142,Fracture,bo3,0.74,116.0,11.0,16.0,2.0,58%,77.0,19%,0.0,1.0,0.69
xeus,FUT,https://www.vlr.gg/player/12793/xeus,EMEA,674863,268143,PearlPICK,bo3,1.34,270.0,25.0,16.0,4.0,75%,187.0,44%,7.0,4.0,1.56
s0pp,FUT,https://www.vlr.gg/player/39357/s0pp,EMEA,674863,268143,PearlPICK,bo3,1.0,246.0,22.0,20.0,3.0,67%,160.0,27%,3.0,1.0,1.1
KROSTALY,FUT,https://www.vlr.gg/player/15735/krostaly,EMEA,674863,268143,PearlPICK,bo3,0.75,129.0,9.0,16.0,8.0,67%,95.0,37%,2.0,0.0,0.56
sociablEE,FUT,https://www.vlr.gg/player/5568/sociablee,EMEA,674863,268143,PearlPICK,bo3,0.75,169.0,15.0,18.0,2.0,63%,108.0,33%,3.0,2.0,0.83
yetujey,FUT,https://www.vlr.gg/player/8369/yetujey,EMEA,674863,268143,PearlPICK,bo3,0.46,123.0,7.0,18.0,5.0,58%,98.0,16%,1.0,1.0,0.39
Loita,BBL,https://www.vlr.gg/player/24344/loita,EMEA,674863,268143,PearlPICK,bo3,1.78,321.0,30.0,13.0,8.0,71%,197.0,51%,2.0,2.0,2.31
Crewen,BBL,https://www.vlr.gg/player/12795/crewen,EMEA,674863,268143,PearlPICK,bo3,1.69,286.0,25.0,13.0,9.0,75%,195.0,43%,0.0,1.0,1.92
Lar0k,BBL,https://www.vlr.gg/player/31305/lar0k,EMEA,674863,268143,PearlPICK,bo3,0.99,184.0,14.0,16.0,10.0,71%,113.0,13%,5.0,4.0,0.88
Rosé,BBL,https://www.vlr.gg/player/5565/ros,EMEA,674863,268143,PearlPICK,bo3,0.66,144.0,11.0,19.0,8.0,71%,90.0,19%,0.0,2.0,0.58
lovers rock,BBL,https://www.vlr.gg/player/40935/lovers-rock,EMEA,674863,268143,PearlPICK,bo3,0.59,118.0,8.0,17.0,6.0,71%,73.0,9%,1.0,7.0,0.47
xeus,FUT,https://www.vlr.gg/player/12793/xeus,EMEA,674863,268144,HavenPICK,bo3,1.53,226.0,17.0,8.0,4.0,89%,163.0,49%,1.0,2.0,2.12
KROSTALY,FUT,https://www.vlr.gg/player/15735/krostaly,EMEA,674863,268144,HavenPICK,bo3,1.34,249.0,17.0,10.0,9.0,72%,162.0,25%,1.0,2.0,1.7
s0pp,FUT,https://www.vlr.gg/player/39357/s0pp,EMEA,674863,268144,HavenPICK,bo3,1.28,229.0,14.0,10.0,7.0,94%,158.0,24%,6.0,1.0,1.4
sociablEE,FUT,https://www.vlr.gg/player/5568/sociablee,EMEA,674863,268144,HavenPICK,bo3,1.05,206.0,13.0,11.0,10.0,94%,136.0,20%,3.0,1.0,1.18
yetujey,FUT,https://www.vlr.gg/player/8369/yetujey,EMEA,674863,268144,HavenPICK,bo3,0.99,188.0,13.0,9.0,4.0,83%,121.0,16%,1.0,0.0,1.44
lovers rock,BBL,https://www.vlr.gg/player/40935/lovers-rock,EMEA,674863,268144,HavenPICK,bo3,0.95,211.0,14.0,15.0,1.0,78%,120.0,16%,2.0,4.0,0.93
Rosé,BBL,https://www.vlr.gg/player/5565/ros,EMEA,674863,268144,HavenPICK,bo3,0.71,175.0,11.0,16.0,6.0,78%,99.0,27%,2.0,0.0,0.69
Loita,BBL,https://www.vlr.gg/player/24344/loita,EMEA,674863,268144,HavenPICK,bo3,0.71,151.0,9.0,13.0,5.0,72%,96.0,43%,0.0,4.0,0.69
Lar0k,BBL,https://www.vlr.gg/player/31305/lar0k,EMEA,674863,268144,HavenPICK,bo3,0.62,140.0,7.0,16.0,4.0,72%,106.0,38%,2.0,1.0,0.44
Crewen,BBL,https://www.vlr.gg/player/12795/crewen,EMEA,674863,268144,HavenPICK,bo3,0.41,107.0,7.0,14.0,1.0,72%,73.0,18%,0.0,3.0,0.5
s0pp,FUT,https://www.vlr.gg/player/39357/s0pp,EMEA,674863,268145,Lotus,bo3,1.01,226.0,16.0,12.0,3.0,78%,141.0,22%,3.0,1.0,1.33
sociablEE,FUT,https://www.vlr.gg/player/5568/sociablee,EMEA,674863,268145,Lotus,bo3,0.87,217.0,12.0,15.0,8.0,78%,130.0,11%,3.0,0.0,0.8
xeus,FUT,https://www.vlr.gg/player/12793/xeus,EMEA,674863,268145,Lotus,bo3,0.75,200.0,12.0,16.0,3.0,67%,132.0,27%,4.0,4.0,0.75
KROSTALY,FUT,https://www.vlr.gg/player/15735/krostaly,EMEA,674863,268145,Lotus,bo3,0.74,165.0,10.0,13.0,7.0,67%,128.0,26%,0.0,2.0,0.77
yetujey,FUT,https://www.vlr.gg/player/8369/yetujey,EMEA,674863,268145,Lotus,bo3,0.19,71.0,2.0,14.0,6.0,50%,52.0,19%,1.0,0.0,0.14
lovers rock,BBL,https://www.vlr.gg/player/40935/lovers-rock,EMEA,674863,268145,Lotus,bo3,1.51,282.0,20.0,9.0,3.0,89%,164.0,12%,2.0,3.0,2.22
Lar0k,BBL,https://www.vlr.gg/player/31305/lar0k,EMEA,674863,268145,Lotus,bo3,1.51,254.0,17.0,10.0,3.0,83%,157.0,26%,2.0,2.0,1.7
Crewen,BBL,https://www.vlr.gg/player/12795/crewen,EMEA,674863,268145,Lotus,bo3,1.2,181.0,12.0,9.0,6.0,72%,112.0,23%,1.0,1.0,1.33
Rosé,BBL,https://www.vlr.gg/player/5565/ros,EMEA,674863,268145,Lotus,bo3,1.19,243.0,16.0,12.0,5.0,67%,133.0,37%,2.0,2.0,1.33
Loita,BBL,https://www.vlr.gg/player/24344/loita,EMEA,674863,268145,Lotus,bo3,0.62,104.0,5.0,12.0,11.0,72%,68.0,32%,0.0,3.0,0.42
Ruxic,NAVI,https://www.vlr.gg/player/18677/ruxic,EMEA,674864,268146,PearlPICK,bo5,1.23,225.0,15.0,14.0,8.0,55%,140.0,17%,2.0,2.0,1.07
ExiT,NAVI,https://www.vlr.gg/player/11917/exit,EMEA,674864,268146,PearlPICK,bo5,1.01,207.0,14.0,14.0,4.0,80%,124.0,20%,3.0,4.0,1.0
Filu,NAVI,https://www.vlr.gg/player/4544/filu,EMEA,674864,268146,PearlPICK,bo5,0.75,194.0,11.0,17.0,5.0,70%,127.0,26%,1.0,3.0,0.65
hiro,NAVI,https://www.vlr.gg/player/29867/hiro,EMEA,674864,268146,PearlPICK,bo5,0.63,126.0,8.0,14.0,2.0,55%,89.0,42%,1.0,3.0,0.57
chloric,NAVI,https://www.vlr.gg/player/15639/chloric,EMEA,674864,268146,PearlPICK,bo5,0.52,118.0,8.0,17.0,12.0,65%,68.0,22%,0.0,1.0,0.47
Lar0k,BBL,https://www.vlr.gg/player/31305/lar0k,EMEA,674864,268146,PearlPICK,bo5,1.55,304.0,22.0,12.0,9.0,90%,183.0,33%,4.0,1.0,1.83
lovers rock,BBL,https://www.vlr.gg/player/40935/lovers-rock,EMEA,674864,268146,PearlPICK,bo5,1.54,299.0,21.0,10.0,10.0,80%,187.0,13%,5.0,4.0,2.1
Crewen,BBL,https://www.vlr.gg/player/12795/crewen,EMEA,674864,268146,PearlPICK,bo5,1.09,181.0,12.0,10.0,1.0,70%,117.0,33%,4.0,0.0,1.2
Rosé,BBL,https://www.vlr.gg/player/5565/ros,EMEA,674864,268146,PearlPICK,bo5,0.95,160.0,11.0,12.0,8.0,75%,107.0,11%,0.0,1.0,0.92
Loita,BBL,https://www.vlr.gg/player/24344/loita,EMEA,674864,268146,PearlPICK,bo5,0.85,144.0,10.0,12.0,9.0,80%,99.0,48%,0.0,1.0,0.83
Filu,NAVI,https://www.vlr.gg/player/4544/filu,EMEA,674864,268147,AscentPICK,bo5,1.19,252.0,21.0,18.0,5.0,79%,174.0,32%,1.0,2.0,1.17
chloric,NAVI,https://www.vlr.gg/player/15639/chloric,EMEA,674864,268147,AscentPICK,bo5,1.07,190.0,16.0,15.0,8.0,75%,130.0,27%,1.0,0.0,1.07
Ruxic,NAVI,https://www.vlr.gg/player/18677/ruxic,EMEA,674864,268147,AscentPICK,bo5,1.02,188.0,17.0,15.0,14.0,71%,117.0,9%,2.0,4.0,1.13
ExiT,NAVI,https://www.vlr.gg/player/11917/exit,EMEA,674864,268147,AscentPICK,bo5,0.8,187.0,15.0,17.0,6.0,67%,118.0,21%,5.0,4.0,0.88
hiro,NAVI,https://www.vlr.gg/player/29867/hiro,EMEA,674864,268147,AscentPICK,bo5,0.76,139.0,12.0,17.0,6.0,63%,93.0,26%,3.0,2.0,0.71
Rosé,BBL,https://www.vlr.gg/player/5565/ros,EMEA,674864,268147,AscentPICK,bo5,1.49,267.0,22.0,14.0,7.0,83%,186.0,34%,3.0,1.0,1.57
Loita,BBL,https://www.vlr.gg/player/24344/loita,EMEA,674864,268147,AscentPICK,bo5,1.29,241.0,21.0,16.0,9.0,71%,165.0,33%,1.0,2.0,1.31
lovers rock,BBL,https://www.vlr.gg/player/40935/lovers-rock,EMEA,674864,268147,AscentPICK,bo5,1.05,198.0,15.0,16.0,3.0,54%,132.0,28%,6.0,2.0,0.94
Lar0k,BBL,https://www.vlr.gg/player/31305/lar0k,EMEA,674864,268147,AscentPICK,bo5,0.76,161.0,13.0,18.0,6.0,58%,106.0,36%,0.0,3.0,0.72
Crewen,BBL,https://www.vlr.gg/player/12795/crewen,EMEA,674864,268147,AscentPICK,bo5,0.65,124.0,11.0,17.0,4.0,71%,70.0,28%,2.0,4.0,0.65
hiro,NAVI,https://www.vlr.gg/player/29867/hiro,EMEA,674864,268148,BreezePICK,bo5,1.3,266.0,26.0,17.0,3.0,71%,172.0,35%,2.0,1.0,1.53
Ruxic,NAVI,https://www.vlr.gg/player/18677/ruxic,EMEA,674864,268148,BreezePICK,bo5,1.26,211.0,21.0,17.0,6.0,68%,140.0,31%,2.0,0.0,1.24
chloric,NAVI,https://www.vlr.gg/player/15639/chloric,EMEA,674864,268148,BreezePICK,bo5,1.1,174.0,18.0,15.0,6.0,79%,109.0,21%,2.0,1.0,1.2
Filu,NAVI,https://www.vlr.gg/player/4544/filu,EMEA,674864,268148,BreezePICK,bo5,0.68,170.0,15.0,22.0,8.0,64%,126.0,36%,4.0,7.0,0.68
ExiT,NAVI,https://www.vlr.gg/player/11917/exit,EMEA,674864,268148,BreezePICK,bo5,0.54,129.0,12.0,22.0,6.0,54%,87.0,25%,3.0,6.0,0.55
lovers rock,BBL,https://www.vlr.gg/player/40935/lovers-rock,EMEA,674864,268148,BreezePICK,bo5,1.28,258.0,24.0,16.0,5.0,68%,156.0,18%,7.0,4.0,1.5
Loita,BBL,https://www.vlr.gg/player/24344/loita,EMEA,674864,268148,BreezePICK,bo5,1.13,225.0,23.0,19.0,7.0,86%,150.0,40%,3.0,0.0,1.21
Rosé,BBL,https://www.vlr.gg/player/5565/ros,EMEA,674864,268148,BreezePICK,bo5,1.11,183.0,19.0,18.0,8.0,68%,123.0,26%,1.0,1.0,1.06
Crewen,BBL,https://www.vlr.gg/player/12795/crewen,EMEA,674864,268148,BreezePICK,bo5,0.74,157.0,14.0,19.0,3.0,50%,98.0,24%,1.0,3.0,0.74
Lar0k,BBL,https://www.vlr.gg/player/31305/lar0k,EMEA,674864,268148,BreezePICK,bo5,0.65,141.0,13.0,20.0,4.0,79%,101.0,32%,3.0,5.0,0.65
eKo,ZETA,https://www.vlr.gg/player/1960/eko,Pacific,673529,268050,Split,bo3,1.11,216.0,26.0,24.0,10.0,74%,148.0,26%,3.0,2.0,1.08
Xdll,ZETA,https://www.vlr.gg/player/25221/xdll,Pacific,673529,268050,Split,bo3,0.99,253.0,29.0,27.0,13.0,82%,174.0,18%,3.0,5.0,1.07
Absol,ZETA,https://www.vlr.gg/player/34776/absol,Pacific,673529,268050,Split,bo3,0.96,211.0,24.0,27.0,11.0,62%,134.0,15%,4.0,6.0,0.89
SugarZ3ro,ZETA,https://www.vlr.gg/player/6668/sugarz3ro,Pacific,673529,268050,Split,bo3,0.89,197.0,25.0,27.0,7.0,71%,124.0,23%,4.0,0.0,0.93
SyouTa,ZETA,https://www.vlr.gg/player/12990/syouta,Pacific,673529,268050,Split,bo3,0.82,179.0,20.0,25.0,8.0,76%,132.0,19%,4.0,3.0,0.8
Zexy,VL,https://www.vlr.gg/player/37532/zexy,Pacific,673529,268050,Split,bo3,1.38,264.0,32.0,21.0,4.0,79%,171.0,25%,5.0,2.0,1.52
oonzmlp,VL,https://www.vlr.gg/player/34926/oonzmlp,Pacific,673529,268050,Split,bo3,1.33,258.0,32.0,24.0,9.0,85%,168.0,33%,2.0,2.0,1.33
XuNa,VL,https://www.vlr.gg/player/42733/xuna,Pacific,673529,268050,Split,bo3,1.05,198.0,23.0,24.0,11.0,68%,131.0,33%,1.0,3.0,0.96
Foxy9,VL,https://www.vlr.gg/player/11600/foxy9,Pacific,673529,268050,Split,bo3,0.96,209.0,24.0,25.0,6.0,65%,150.0,30%,3.0,6.0,0.96
Klaus,VL,https://www.vlr.gg/player/4426/klaus,Pacific,673529,268050,Split,bo3,0.64,172.0,19.0,30.0,7.0,71%,109.0,19%,5.0,5.0,0.63
eKo,ZETA,https://www.vlr.gg/player/1960/eko,Pacific,673529,268051,Lotus,bo3,1.26,233.0,23.0,16.0,4.0,77%,137.0,21%,4.0,1.0,1.44
SugarZ3ro,ZETA,https://www.vlr.gg/player/6668/sugarz3ro,Pacific,673529,268051,Lotus,bo3,0.9,193.0,17.0,19.0,9.0,69%,123.0,38%,1.0,2.0,0.89
Absol,ZETA,https://www.vlr.gg/player/34776/absol,Pacific,673529,268051,Lotus,bo3,0.87,226.0,20.0,20.0,6.0,69%,141.0,24%,4.0,3.0,1.0
Xdll,ZETA,https://www.vlr.gg/player/25221/xdll,Pacific,673529,268051,Lotus,bo3,0.81,182.0,14.0,20.0,11.0,77%,133.0,19%,3.0,3.0,0.7
SyouTa,ZETA,https://www.vlr.gg/player/12990/syouta,Pacific,673529,268051,Lotus,bo3,0.77,185.0,18.0,19.0,4.0,58%,114.0,23%,2.0,3.0,0.95
Klaus,VL,https://www.vlr.gg/player/4426/klaus,Pacific,673529,268051,Lotus,bo3,1.33,286.0,27.0,16.0,2.0,77%,174.0,18%,5.0,7.0,1.69
Zexy,VL,https://www.vlr.gg/player/37532/zexy,Pacific,673529,268051,Lotus,bo3,1.0,215.0,21.0,22.0,2.0,62%,138.0,32%,2.0,3.0,0.95
Foxy9,VL,https://www.vlr.gg/player/11600/foxy9,Pacific,673529,268051,Lotus,bo3,0.97,203.0,16.0,18.0,5.0,73%,133.0,30%,3.0,0.0,0.89
oonzmlp,VL,https://www.vlr.gg/player/34926/oonzmlp,Pacific,673529,268051,Lotus,bo3,0.96,209.0,17.0,19.0,9.0,77%,142.0,36%,1.0,2.0,0.89
XuNa,VL,https://www.vlr.gg/player/42733/xuna,Pacific,673529,268051,Lotus,bo3,0.85,153.0,13.0,17.0,4.0,54%,103.0,32%,1.0,2.0,0.76
Karon,GEN,https://www.vlr.gg/player/34974/karon,Pacific,673530,268053,Haven,bo3,1.94,283.0,17.0,5.0,11.0,88%,175.0,23%,0.0,0.0,3.4
t3xture,GEN,https://www.vlr.gg/player/9196/t3xture,Pacific,673530,268053,Haven,bo3,1.62,273.0,17.0,7.0,2.0,94%,167.0,27%,6.0,1.0,2.43
Ash,GEN,https://www.vlr.gg/player/25017/ash,Pacific,673530,268053,Haven,bo3,1.3,260.0,17.0,9.0,4.0,88%,152.0,29%,2.0,4.0,1.89
ZynX,GEN,https://www.vlr.gg/player/51099/zynx,Pacific,673530,268053,Haven,bo3,1.16,206.0,11.0,8.0,5.0,81%,143.0,27%,2.0,0.0,1.38
Lakia,GEN,https://www.vlr.gg/player/773/lakia,Pacific,673530,268053,Haven,bo3,0.98,162.0,7.0,10.0,14.0,88%,121.0,11%,0.0,1.0,0.7
kellyS,TS,https://www.vlr.gg/player/7437/kellys,Pacific,673530,268053,Haven,bo3,0.76,167.0,8.0,14.0,6.0,69%,114.0,16%,1.0,2.0,0.57
Zeus,TS,https://www.vlr.gg/player/46135/zeus,Pacific,673530,268053,Haven,bo3,0.75,200.0,11.0,14.0,1.0,81%,115.0,17%,2.0,4.0,0.79
BerserX,TS,https://www.vlr.gg/player/4874/berserx,Pacific,673530,268053,Haven,bo3,0.72,171.0,10.0,13.0,2.0,56%,113.0,32%,3.0,2.0,0.77
Sylvan,TS,https://www.vlr.gg/player/4056/sylvan,Pacific,673530,268053,Haven,bo3,0.51,103.0,5.0,13.0,5.0,50%,57.0,17%,0.0,1.0,0.38
JessieVash,TS,https://www.vlr.gg/player/2334/jessievash,Pacific,673530,268053,Haven,bo3,0.43,116.0,5.0,15.0,4.0,50%,94.0,22%,0.0,1.0,0.33
t3xture,GEN,https://www.vlr.gg/player/9196/t3xture,Pacific,673530,268054,Breeze,bo3,1.24,267.0,18.0,14.0,3.0,65%,173.0,24%,6.0,5.0,1.29
Karon,GEN,https://www.vlr.gg/player/34974/karon,Pacific,673530,268054,Breeze,bo3,1.24,249.0,18.0,15.0,4.0,70%,169.0,44%,1.0,2.0,1.2
ZynX,GEN,https://www.vlr.gg/player/51099/zynx,Pacific,673530,268054,Breeze,bo3,0.55,143.0,9.0,17.0,4.0,45%,103.0,13%,1.0,0.0,0.53
Lakia,GEN,https://www.vlr.gg/player/773/lakia,Pacific,673530,268054,Breeze,bo3,0.52,107.0,6.0,15.0,4.0,50%,79.0,27%,0.0,0.0,0.4
Ash,GEN,https://www.vlr.gg/player/25017/ash,Pacific,673530,268054,Breeze,bo3,0.27,104.0,7.0,17.0,2.0,45%,61.0,27%,2.0,3.0,0.41
kellyS,TS,https://www.vlr.gg/player/7437/kellys,Pacific,673530,268054,Breeze,bo3,1.9,341.0,27.0,10.0,7.0,75%,198.0,25%,2.0,0.0,2.7
Sylvan,TS,https://www.vlr.gg/player/4056/sylvan,Pacific,673530,268054,Breeze,bo3,1.38,210.0,17.0,8.0,1.0,85%,141.0,50%,1.0,1.0,2.12
Zeus,TS,https://www.vlr.gg/player/46135/zeus,Pacific,673530,268054,Breeze,bo3,1.21,248.0,17.0,15.0,7.0,85%,164.0,33%,4.0,4.0,1.13
BerserX,TS,https://www.vlr.gg/player/4874/berserx,Pacific,673530,268054,Breeze,bo3,1.01,161.0,10.0,11.0,5.0,85%,113.0,23%,1.0,1.0,0.91
JessieVash,TS,https://www.vlr.gg/player/2334/jessievash,Pacific,673530,268054,Breeze,bo3,0.53,111.0,7.0,14.0,4.0,60%,73.0,31%,2.0,4.0,0.5
Ash,GEN,https://www.vlr.gg/player/25017/ash,Pacific,673530,268055,Lotus,bo3,1.35,264.0,20.0,14.0,0.0,57%,147.0,28%,2.0,3.0,1.43
ZynX,GEN,https://www.vlr.gg/player/51099/zynx,Pacific,673530,268055,Lotus,bo3,0.86,175.0,13.0,17.0,4.0,52%,120.0,48%,0.0,5.0,0.76
t3xture,GEN,https://www.vlr.gg/player/9196/t3xture,Pacific,673530,268055,Lotus,bo3,0.7,152.0,10.0,17.0,6.0,67%,96.0,15%,2.0,3.0,0.59
Lakia,GEN,https://www.vlr.gg/player/773/lakia,Pacific,673530,268055,Lotus,bo3,0.64,133.0,11.0,18.0,3.0,62%,88.0,23%,0.0,1.0,0.61
Karon,GEN,https://www.vlr.gg/player/34974/karon,Pacific,673530,268055,Lotus,bo3,0.53,92.0,4.0,17.0,11.0,67%,67.0,31%,2.0,3.0,0.24
BerserX,TS,https://www.vlr.gg/player/4874/berserx,Pacific,673530,268055,Lotus,bo3,1.51,264.0,20.0,9.0,7.0,81%,170.0,57%,4.0,2.0,2.22
Zeus,TS,https://www.vlr.gg/player/46135/zeus,Pacific,673530,268055,Lotus,bo3,1.28,282.0,22.0,12.0,2.0,86%,185.0,29%,5.0,2.0,1.83
Sylvan,TS,https://www.vlr.gg/player/4056/sylvan,Pacific,673530,268055,Lotus,bo3,1.23,189.0,14.0,11.0,15.0,95%,135.0,26%,2.0,0.0,1.27
kellyS,TS,https://www.vlr.gg/player/7437/kellys,Pacific,673530,268055,Lotus,bo3,1.19,228.0,16.0,12.0,7.0,90%,163.0,29%,2.0,0.0,1.33
JessieVash,TS,https://www.vlr.gg/player/2334/jessievash,Pacific,673530,268055,Lotus,bo3,0.69,132.0,11.0,14.0,2.0,76%,72.0,25%,2.0,2.0,0.79
XuNa,VL,https://www.vlr.gg/player/42733/xuna,Pacific,673531,268056,Split,bo3,1.23,263.0,23.0,16.0,3.0,67%,182.0,35%,2.0,2.0,1.44
oonzmlp,VL,https://www.vlr.gg/player/34926/oonzmlp,Pacific,673531,268056,Split,bo3,1.16,186.0,16.0,14.0,9.0,79%,140.0,35%,1.0,3.0,1.14
Foxy9,VL,https://www.vlr.gg/player/11600/foxy9,Pacific,673531,268056,Split,bo3,0.81,186.0,16.0,19.0,5.0,63%,117.0,47%,1.0,4.0,0.84
Zexy,VL,https://www.vlr.gg/player/37532/zexy,Pacific,673531,268056,Split,bo3,0.77,185.0,14.0,19.0,2.0,67%,132.0,27%,2.0,2.0,0.74
Klaus,VL,https://www.vlr.gg/player/4426/klaus,Pacific,673531,268056,Split,bo3,0.31,114.0,8.0,20.0,4.0,71%,70.0,12%,1.0,6.0,0.4
Zeus,TS,https://www.vlr.gg/player/46135/zeus,Pacific,673531,268056,Split,bo3,1.66,335.0,28.0,16.0,3.0,88%,199.0,35%,6.0,1.0,1.75
Sylvan,TS,https://www.vlr.gg/player/4056/sylvan,Pacific,673531,268056,Split,bo3,1.1,198.0,18.0,15.0,7.0,79%,118.0,35%,1.0,2.0,1.2
BerserX,TS,https://www.vlr.gg/player/4874/berserx,Pacific,673531,268056,Split,bo3,1.02,167.0,14.0,13.0,6.0,79%,102.0,17%,3.0,1.0,1.08
kellyS,TS,https://www.vlr.gg/player/7437/kellys,Pacific,673531,268056,Split,bo3,0.96,191.0,16.0,18.0,7.0,75%,121.0,20%,5.0,3.0,0.89
JessieVash,TS,https://www.vlr.gg/player/2334/jessievash,Pacific,673531,268056,Split,bo3,0.9,158.0,12.0,15.0,8.0,83%,109.0,18%,2.0,0.0,0.8
XuNa,VL,https://www.vlr.gg/player/42733/xuna,Pacific,673531,268057,Lotus,bo3,1.2,211.0,26.0,19.0,1.0,69%,144.0,28%,1.0,3.0,1.37
Zexy,VL,https://www.vlr.gg/player/37532/zexy,Pacific,673531,268057,Lotus,bo3,1.05,191.0,22.0,21.0,4.0,72%,129.0,19%,2.0,2.0,1.05
Klaus,VL,https://www.vlr.gg/player/4426/klaus,Pacific,673531,268057,Lotus,bo3,0.85,177.0,20.0,23.0,8.0,75%,125.0,41%,2.0,5.0,0.87
Foxy9,VL,https://www.vlr.gg/player/11600/foxy9,Pacific,673531,268057,Lotus,bo3,0.85,238.0,24.0,25.0,10.0,72%,145.0,14%,7.0,5.0,0.96
oonzmlp,VL,https://www.vlr.gg/player/34926/oonzmlp,Pacific,673531,268057,Lotus,bo3,0.79,170.0,17.0,23.0,9.0,72%,106.0,23%,2.0,3.0,0.74
kellyS,TS,https://www.vlr.gg/player/7437/kellys,Pacific,673531,268057,Lotus,bo3,1.43,294.0,30.0,21.0,15.0,84%,205.0,17%,6.0,2.0,1.43
Zeus,TS,https://www.vlr.gg/player/46135/zeus,Pacific,673531,268057,Lotus,bo3,1.24,273.0,29.0,24.0,7.0,78%,182.0,24%,7.0,8.0,1.21
BerserX,TS,https://www.vlr.gg/player/4874/berserx,Pacific,673531,268057,Lotus,bo3,1.13,198.0,24.0,18.0,7.0,69%,126.0,17%,2.0,1.0,1.33
Sylvan,TS,https://www.vlr.gg/player/4056/sylvan,Pacific,673531,268057,Lotus,bo3,0.74,139.0,15.0,23.0,10.0,66%,89.0,28%,2.0,2.0,0.65
JessieVash,TS,https://www.vlr.gg/player/2334/jessievash,Pacific,673531,268057,Lotus,bo3,0.69,123.0,13.0,23.0,12.0,78%,89.0,28%,1.0,1.0,0.57
Foxy9,VL,https://www.vlr.gg/player/11600/foxy9,Pacific,673531,268058,Fracture,bo3,1.21,250.0,26.0,21.0,5.0,82%,151.0,24%,2.0,1.0,1.24
XuNa,VL,https://www.vlr.gg/player/42733/xuna,Pacific,673531,268058,Fracture,bo3,1.17,177.0,17.0,18.0,21.0,86%,111.0,30%,0.0,2.0,0.94
Klaus,VL,https://www.vlr.gg/player/4426/klaus,Pacific,673531,268058,Fracture,bo3,1.12,249.0,24.0,21.0,4.0,71%,170.0,33%,4.0,5.0,1.14
oonzmlp,VL,https://www.vlr.gg/player/34926/oonzmlp,Pacific,673531,268058,Fracture,bo3,0.99,191.0,19.0,19.0,10.0,71%,129.0,24%,2.0,3.0,1.0
Zexy,VL,https://www.vlr.gg/player/37532/zexy,Pacific,673531,268058,Fracture,bo3,0.66,179.0,16.0,22.0,4.0,61%,120.0,18%,3.0,6.0,0.73
Zeus,TS,https://www.vlr.gg/player/46135/zeus,Pacific,673531,268058,Fracture,bo3,1.51,323.0,34.0,19.0,5.0,82%,194.0,15%,8.0,5.0,1.79
kellyS,TS,https://www.vlr.gg/player/7437/kellys,Pacific,673531,268058,Fracture,bo3,1.39,225.0,26.0,17.0,8.0,79%,142.0,19%,4.0,1.0,1.53
Sylvan,TS,https://www.vlr.gg/player/4056/sylvan,Pacific,673531,268058,Fracture,bo3,0.9,218.0,17.0,22.0,21.0,82%,144.0,25%,3.0,2.0,0.77
BerserX,TS,https://www.vlr.gg/player/4874/berserx,Pacific,673531,268058,Fracture,bo3,0.56,115.0,10.0,20.0,8.0,61%,79.0,8%,2.0,3.0,0.5
JessieVash,TS,https://www.vlr.gg/player/2334/jessievash,Pacific,673531,268058,Fracture,bo3,0.52,149.0,14.0,24.0,8.0,75%,97.0,18%,0.0,0.0,0.58
eKo,ZETA,https://www.vlr.gg/player/1960/eko,Pacific,673533,268062,Ascent,bo3,1.29,253.0,15.0,15.0,8.0,74%,171.0,31%,5.0,0.0,1.0
Xdll,ZETA,https://www.vlr.gg/player/25221/xdll,Pacific,673533,268062,Ascent,bo3,1.09,213.0,15.0,14.0,2.0,68%,126.0,21%,2.0,2.0,1.07
SyouTa,ZETA,https://www.vlr.gg/player/12990/syouta,Pacific,673533,268062,Ascent,bo3,0.91,179.0,12.0,15.0,6.0,58%,125.0,31%,1.0,1.0,0.8
SugarZ3ro,ZETA,https://www.vlr.gg/player/6668/sugarz3ro,Pacific,673533,268062,Ascent,bo3,0.62,141.0,9.0,16.0,7.0,68%,103.0,18%,0.0,1.0,0.56
Absol,ZETA,https://www.vlr.gg/player/34776/absol,Pacific,673533,268062,Ascent,bo3,0.47,158.0,9.0,18.0,5.0,53%,109.0,12%,3.0,4.0,0.5
ZynX,GEN,https://www.vlr.gg/player/51099/zynx,Pacific,673533,268062,Ascent,bo3,1.47,254.0,19.0,11.0,3.0,79%,176.0,32%,0.0,0.0,1.73
Lakia,GEN,https://www.vlr.gg/player/773/lakia,Pacific,673533,268062,Ascent,bo3,1.25,249.0,15.0,10.0,12.0,74%,184.0,39%,1.0,2.0,1.5
t3xture,GEN,https://www.vlr.gg/player/9196/t3xture,Pacific,673533,268062,Ascent,bo3,1.07,234.0,17.0,13.0,0.0,63%,136.0,22%,4.0,5.0,1.31
Ash,GEN,https://www.vlr.gg/player/25017/ash,Pacific,673533,268062,Ascent,bo3,1.04,203.0,15.0,13.0,5.0,63%,131.0,22%,0.0,2.0,1.15
Karon,GEN,https://www.vlr.gg/player/34974/karon,Pacific,673533,268062,Ascent,bo3,0.95,182.0,12.0,13.0,8.0,89%,119.0,29%,3.0,2.0,0.92
Xdll,ZETA,https://www.vlr.gg/player/25221/xdll,Pacific,673533,268063,Haven,bo3,1.25,229.0,21.0,17.0,3.0,67%,138.0,36%,2.0,1.0,1.24
eKo,ZETA,https://www.vlr.gg/player/1960/eko,Pacific,673533,268063,Haven,bo3,1.24,214.0,17.0,15.0,5.0,79%,144.0,31%,0.0,2.0,1.13
SugarZ3ro,ZETA,https://www.vlr.gg/player/6668/sugarz3ro,Pacific,673533,268063,Haven,bo3,0.97,212.0,16.0,20.0,12.0,71%,135.0,24%,2.0,1.0,0.8
SyouTa,ZETA,https://www.vlr.gg/player/12990/syouta,Pacific,673533,268063,Haven,bo3,0.96,215.0,16.0,19.0,6.0,71%,143.0,38%,1.0,3.0,0.84
Absol,ZETA,https://www.vlr.gg/player/34776/absol,Pacific,673533,268063,Haven,bo3,0.33,117.0,9.0,22.0,1.0,67%,71.0,10%,3.0,9.0,0.41
t3xture,GEN,https://www.vlr.gg/player/9196/t3xture,Pacific,673533,268063,Haven,bo3,1.38,271.0,25.0,14.0,2.0,88%,171.0,20%,6.0,0.0,1.79
Lakia,GEN,https://www.vlr.gg/player/773/lakia,Pacific,673533,268063,Haven,bo3,1.29,264.0,20.0,17.0,18.0,83%,163.0,14%,2.0,2.0,1.18
Karon,GEN,https://www.vlr.gg/player/34974/karon,Pacific,673533,268063,Haven,bo3,1.08,205.0,16.0,14.0,19.0,79%,129.0,35%,1.0,0.0,1.14
Ash,GEN,https://www.vlr.gg/player/25017/ash,Pacific,673533,268063,Haven,bo3,0.95,201.0,18.0,16.0,5.0,67%,118.0,25%,4.0,3.0,1.12
ZynX,GEN,https://www.vlr.gg/player/51099/zynx,Pacific,673533,268063,Haven,bo3,0.71,161.0,14.0,18.0,9.0,67%,102.0,24%,3.0,3.0,0.78
kellyS,TS,https://www.vlr.gg/player/7437/kellys,Pacific,673534,268065,PearlPICK,bo3,1.38,268.0,24.0,14.0,6.0,77%,184.0,23%,5.0,1.0,1.71
Sylvan,TS,https://www.vlr.gg/player/4056/sylvan,Pacific,673534,268065,PearlPICK,bo3,1.02,178.0,15.0,17.0,11.0,77%,122.0,24%,0.0,5.0,0.88
Zeus,TS,https://www.vlr.gg/player/46135/zeus,Pacific,673534,268065,PearlPICK,bo3,0.95,228.0,20.0,19.0,5.0,65%,140.0,16%,3.0,4.0,1.05
BerserX,TS,https://www.vlr.gg/player/4874/berserx,Pacific,673534,268065,PearlPICK,bo3,0.93,174.0,15.0,17.0,3.0,69%,112.0,33%,3.0,0.0,0.88
JessieVash,TS,https://www.vlr.gg/player/2334/jessievash,Pacific,673534,268065,PearlPICK,bo3,0.63,110.0,9.0,18.0,9.0,65%,75.0,19%,1.0,4.0,0.5
Karon,GEN,https://www.vlr.gg/player/34974/karon,Pacific,673534,268065,PearlPICK,bo3,1.6,261.0,26.0,13.0,8.0,81%,172.0,54%,2.0,0.0,2.0
t3xture,GEN,https://www.vlr.gg/player/9196/t3xture,Pacific,673534,268065,PearlPICK,bo3,1.12,246.0,21.0,18.0,8.0,73%,157.0,35%,3.0,4.0,1.17
ZynX,GEN,https://www.vlr.gg/player/51099/zynx,Pacific,673534,268065,PearlPICK,bo3,1.01,177.0,17.0,16.0,7.0,65%,124.0,40%,5.0,1.0,1.06
Ash,GEN,https://www.vlr.gg/player/25017/ash,Pacific,673534,268065,PearlPICK,bo3,0.86,177.0,15.0,18.0,9.0,69%,104.0,23%,2.0,4.0,0.83
Lakia,GEN,https://www.vlr.gg/player/773/lakia,Pacific,673534,268065,PearlPICK,bo3,0.59,88.0,6.0,18.0,11.0,65%,59.0,24%,2.0,3.0,0.33
kellyS,TS,https://www.vlr.gg/player/7437/kellys,Pacific,673534,268066,BreezePICK,bo3,1.0,227.0,14.0,18.0,11.0,89%,174.0,21%,1.0,1.0,0.78
BerserX,TS,https://www.vlr.gg/player/4874/berserx,Pacific,673534,268066,BreezePICK,bo3,0.99,205.0,13.0,16.0,7.0,74%,131.0,17%,0.0,1.0,0.81
Zeus,TS,https://www.vlr.gg/player/46135/zeus,Pacific,673534,268066,BreezePICK,bo3,0.89,205.0,15.0,16.0,1.0,53%,109.0,24%,4.0,6.0,0.94
Sylvan,TS,https://www.vlr.gg/player/4056/sylvan,Pacific,673534,268066,BreezePICK,bo3,0.8,195.0,13.0,17.0,5.0,84%,138.0,23%,2.0,0.0,0.76
JessieVash,TS,https://www.vlr.gg/player/2334/jessievash,Pacific,673534,268066,BreezePICK,bo3,0.21,85.0,4.0,18.0,5.0,47%,63.0,17%,1.0,3.0,0.22
t3xture,GEN,https://www.vlr.gg/player/9196/t3xture,Pacific,673534,268066,BreezePICK,bo3,1.93,366.0,26.0,11.0,1.0,95%,229.0,37%,5.0,2.0,2.36
Ash,GEN,https://www.vlr.gg/player/25017/ash,Pacific,673534,268066,BreezePICK,bo3,1.17,247.0,18.0,13.0,3.0,89%,152.0,23%,3.0,2.0,1.38
Karon,GEN,https://www.vlr.gg/player/34974/karon,Pacific,673534,268066,BreezePICK,bo3,1.12,230.0,16.0,13.0,8.0,84%,137.0,47%,1.0,2.0,1.23
ZynX,GEN,https://www.vlr.gg/player/51099/zynx,Pacific,673534,268066,BreezePICK,bo3,0.96,157.0,10.0,9.0,6.0,84%,111.0,33%,2.0,0.0,1.11
Lakia,GEN,https://www.vlr.gg/player/773/lakia,Pacific,673534,268066,BreezePICK,bo3,0.93,197.0,15.0,13.0,5.0,79%,129.0,29%,0.0,2.0,1.15
oonzmlp,VL,https://www.vlr.gg/player/34926/oonzmlp,Pacific,673532,268059,Haven,bo3,1.02,186.0,9.0,13.0,9.0,63%,139.0,22%,0.0,1.0,0.69
Zexy,VL,https://www.vlr.gg/player/37532/zexy,Pacific,673532,268059,Haven,bo3,0.81,182.0,9.0,15.0,6.0,63%,130.0,27%,3.0,2.0,0.6
Klaus,VL,https://www.vlr.gg/player/4426/klaus,Pacific,673532,268059,Haven,bo3,0.51,126.0,6.0,16.0,4.0,50%,88.0,29%,0.0,2.0,0.38
XuNa,VL,https://www.vlr.gg/player/42733/xuna,Pacific,673532,268059,Haven,bo3,0.51,138.0,7.0,15.0,4.0,50%,96.0,32%,0.0,1.0,0.47
Foxy9,VL,https://www.vlr.gg/player/11600/foxy9,Pacific,673532,268059,Haven,bo3,0.5,149.0,8.0,16.0,2.0,50%,97.0,40%,3.0,4.0,0.5
t3xture,GEN,https://www.vlr.gg/player/9196/t3xture,Pacific,673532,268059,Haven,bo3,1.61,301.0,18.0,7.0,3.0,94%,182.0,33%,2.0,0.0,2.57
Karon,GEN,https://www.vlr.gg/player/34974/karon,Pacific,673532,268059,Haven,bo3,1.6,333.0,21.0,9.0,8.0,88%,206.0,27%,3.0,0.0,2.33
ZynX,GEN,https://www.vlr.gg/player/51099/zynx,Pacific,673532,268059,Haven,bo3,1.55,259.0,15.0,6.0,6.0,88%,164.0,29%,4.0,1.0,2.5
Ash,GEN,https://www.vlr.gg/player/25017/ash,Pacific,673532,268059,Haven,bo3,1.14,193.0,10.0,8.0,8.0,88%,140.0,24%,1.0,3.0,1.25
Lakia,GEN,https://www.vlr.gg/player/773/lakia,Pacific,673532,268059,Haven,bo3,0.94,168.0,11.0,9.0,8.0,75%,128.0,28%,0.0,2.0,1.22
oonzmlp,VL,https://www.vlr.gg/player/34926/oonzmlp,Pacific,673532,268060,Split,bo3,1.21,218.0,19.0,14.0,4.0,74%,140.0,37%,3.0,3.0,1.36
Foxy9,VL,https://www.vlr.gg/player/11600/foxy9,Pacific,673532,268060,Split,bo3,0.92,197.0,16.0,16.0,3.0,52%,124.0,22%,1.0,2.0,1.0
XuNa,VL,https://www.vlr.gg/player/42733/xuna,Pacific,673532,268060,Split,bo3,0.83,108.0,9.0,12.0,2.0,70%,76.0,33%,0.0,3.0,0.75
Klaus,VL,https://www.vlr.gg/player/4426/klaus,Pacific,673532,268060,Split,bo3,0.73,172.0,13.0,17.0,3.0,78%,96.0,16%,4.0,2.0,0.76
Zexy,VL,https://www.vlr.gg/player/37532/zexy,Pacific,673532,268060,Split,bo3,0.57,137.0,10.0,18.0,6.0,70%,108.0,13%,1.0,4.0,0.56
Karon,GEN,https://www.vlr.gg/player/34974/karon,Pacific,673532,268060,Split,bo3,1.21,188.0,15.0,10.0,8.0,78%,143.0,43%,1.0,2.0,1.5
t3xture,GEN,https://www.vlr.gg/player/9196/t3xture,Pacific,673532,268060,Split,bo3,1.13,229.0,20.0,16.0,3.0,74%,123.0,10%,4.0,3.0,1.25
Ash,GEN,https://www.vlr.gg/player/25017/ash,Pacific,673532,268060,Split,bo3,1.08,253.0,20.0,17.0,3.0,91%,146.0,13%,6.0,2.0,1.18
Lakia,GEN,https://www.vlr.gg/player/773/lakia,Pacific,673532,268060,Split,bo3,1.0,156.0,13.0,12.0,7.0,91%,111.0,24%,0.0,1.0,1.08
ZynX,GEN,https://www.vlr.gg/player/51099/zynx,Pacific,673532,268060,Split,bo3,0.91,136.0,9.0,12.0,9.0,65%,95.0,13%,3.0,1.0,0.75
JitBoyS,FS,https://www.vlr.gg/player/13788/jitboys,Pacific,675201,268247,Pearl,bo3,1.28,229.0,20.0,15.0,11.0,77%,160.0,27%,2.0,3.0,1.33
primmie,FS,https://www.vlr.gg/player/25255/primmie,Pacific,675201,268247,Pearl,bo3,1.12,246.0,22.0,16.0,4.0,69%,146.0,23%,7.0,3.0,1.38
Killua,FS,https://www.vlr.gg/player/13784/killua,Pacific,675201,268247,Pearl,bo3,0.98,160.0,13.0,16.0,7.0,62%,99.0,19%,3.0,0.0,0.81
Crws,FS,https://www.vlr.gg/player/3977/crws,Pacific,675201,268247,Pearl,bo3,0.89,159.0,13.0,16.0,4.0,62%,126.0,29%,1.0,5.0,0.81
Leviathan,FS,https://www.vlr.gg/player/27254/leviathan,Pacific,675201,268247,Pearl,bo3,0.88,147.0,14.0,16.0,6.0,69%,101.0,35%,1.0,1.0,0.88
t3xture,GEN,https://www.vlr.gg/player/9196/t3xture,Pacific,675201,268247,Pearl,bo3,1.59,312.0,29.0,16.0,2.0,77%,204.0,32%,5.0,1.0,1.81
Karon,GEN,https://www.vlr.gg/player/34974/karon,Pacific,675201,268247,Pearl,bo3,1.01,169.0,17.0,15.0,6.0,69%,117.0,29%,1.0,0.0,1.13
ZynX,GEN,https://www.vlr.gg/player/51099/zynx,Pacific,675201,268247,Pearl,bo3,0.83,143.0,13.0,17.0,6.0,65%,97.0,25%,1.0,2.0,0.76
Ash,GEN,https://www.vlr.gg/player/25017/ash,Pacific,675201,268247,Pearl,bo3,0.64,127.0,11.0,17.0,9.0,69%,80.0,13%,3.0,9.0,0.65
Lakia,GEN,https://www.vlr.gg/player/773/lakia,Pacific,675201,268247,Pearl,bo3,0.59,105.0,9.0,17.0,6.0,58%,64.0,10%,2.0,2.0,0.53
JitBoyS,FS,https://www.vlr.gg/player/13788/jitboys,Pacific,675201,268248,Haven,bo3,1.03,239.0,14.0,14.0,4.0,67%,163.0,33%,3.0,1.0,1.0
Crws,FS,https://www.vlr.gg/player/3977/crws,Pacific,675201,268248,Haven,bo3,0.93,198.0,13.0,13.0,1.0,67%,121.0,19%,2.0,0.0,1.0
Leviathan,FS,https://www.vlr.gg/player/27254/leviathan,Pacific,675201,268248,Haven,bo3,0.72,134.0,7.0,13.0,6.0,50%,92.0,25%,0.0,3.0,0.54
Killua,FS,https://www.vlr.gg/player/13784/killua,Pacific,675201,268248,Haven,bo3,0.41,119.0,7.0,15.0,2.0,61%,74.0,47%,2.0,3.0,0.47
primmie,FS,https://www.vlr.gg/player/25255/primmie,Pacific,675201,268248,Haven,bo3,0.4,112.0,7.0,16.0,0.0,33%,60.0,29%,1.0,3.0,0.44
t3xture,GEN,https://www.vlr.gg/player/9196/t3xture,Pacific,675201,268248,Haven,bo3,1.77,336.0,23.0,7.0,1.0,89%,195.0,21%,4.0,0.0,3.29
Lakia,GEN,https://www.vlr.gg/player/773/lakia,Pacific,675201,268248,Haven,bo3,1.35,233.0,14.0,9.0,13.0,83%,151.0,25%,0.0,0.0,1.56
Karon,GEN,https://www.vlr.gg/player/34974/karon,Pacific,675201,268248,Haven,bo3,1.3,191.0,13.0,8.0,7.0,89%,131.0,31%,2.0,1.0,1.62
ZynX,GEN,https://www.vlr.gg/player/51099/zynx,Pacific,675201,268248,Haven,bo3,1.11,196.0,13.0,12.0,8.0,78%,113.0,22%,4.0,2.0,1.08
Ash,GEN,https://www.vlr.gg/player/25017/ash,Pacific,675201,268248,Haven,bo3,0.54,137.0,8.0,12.0,4.0,67%,78.0,14%,0.0,5.0,0.67
primmie,FS,https://www.vlr.gg/player/25255/primmie,Pacific,675201,268249,Breeze,bo3,1.53,329.0,37.0,22.0,5.0,73%,200.0,25%,9.0,2.0,1.68
Crws,FS,https://www.vlr.gg/player/3977/crws,Pacific,675201,268249,Breeze,bo3,1.13,217.0,23.0,21.0,6.0,70%,141.0,23%,1.0,4.0,1.1
JitBoyS,FS,https://www.vlr.gg/player/13788/jitboys,Pacific,675201,268249,Breeze,bo3,0.84,206.0,20.0,25.0,5.0,77%,145.0,27%,3.0,7.0,0.8
Killua,FS,https://www.vlr.gg/player/13784/killua,Pacific,675201,268249,Breeze,bo3,0.62,130.0,14.0,22.0,6.0,67%,97.0,38%,1.0,0.0,0.64
Leviathan,FS,https://www.vlr.gg/player/27254/leviathan,Pacific,675201,268249,Breeze,bo3,0.5,140.0,13.0,26.0,10.0,57%,97.0,32%,2.0,1.0,0.5
t3xture,GEN,https://www.vlr.gg/player/9196/t3xture,Pacific,675201,268249,Breeze,bo3,1.55,310.0,36.0,21.0,4.0,80%,198.0,33%,5.0,4.0,1.71
ZynX,GEN,https://www.vlr.gg/player/51099/zynx,Pacific,675201,268249,Breeze,bo3,1.22,228.0,25.0,19.0,9.0,70%,142.0,24%,3.0,0.0,1.32
Ash,GEN,https://www.vlr.gg/player/25017/ash,Pacific,675201,268249,Breeze,bo3,1.13,227.0,24.0,20.0,8.0,67%,138.0,33%,4.0,6.0,1.2
Lakia,GEN,https://www.vlr.gg/player/773/lakia,Pacific,675201,268249,Breeze,bo3,0.98,200.0,20.0,23.0,14.0,77%,142.0,22%,1.0,1.0,0.87
Karon,GEN,https://www.vlr.gg/player/34974/karon,Pacific,675201,268249,Breeze,bo3,0.5,116.0,11.0,24.0,14.0,67%,76.0,29%,1.0,5.0,0.46
Monyet,RRQ,https://www.vlr.gg/player/8497/monyet,Pacific,675202,268250,Lotus,bo3,1.69,331.0,24.0,12.0,6.0,71%,220.0,29%,5.0,1.0,2.0
crazyguy,RRQ,https://www.vlr.gg/player/1430/crazyguy,Pacific,675202,268250,Lotus,bo3,1.58,260.0,19.0,13.0,13.0,81%,157.0,31%,2.0,0.0,1.46
Kushy,RRQ,https://www.vlr.gg/player/4866/kushy,Pacific,675202,268250,Lotus,bo3,0.93,162.0,12.0,14.0,10.0,67%,116.0,35%,0.0,1.0,0.86
xffero,RRQ,https://www.vlr.gg/player/4871/xffero,Pacific,675202,268250,Lotus,bo3,0.86,118.0,9.0,13.0,12.0,86%,88.0,23%,0.0,4.0,0.69
Jemkin,RRQ,https://www.vlr.gg/player/24895/jemkin,Pacific,675202,268250,Lotus,bo3,0.38,145.0,11.0,19.0,1.0,52%,95.0,31%,3.0,5.0,0.58
yong,KRX,https://www.vlr.gg/player/51238/yong,Pacific,675202,268250,Lotus,bo3,1.23,220.0,18.0,13.0,4.0,81%,129.0,39%,1.0,0.0,1.38
free1ng,KRX,https://www.vlr.gg/player/1916/free1ng,Pacific,675202,268250,Lotus,bo3,1.08,228.0,17.0,15.0,5.0,81%,157.0,38%,2.0,2.0,1.13
HYUNMIN,KRX,https://www.vlr.gg/player/28400/hyunmin,Pacific,675202,268250,Lotus,bo3,1.05,260.0,17.0,18.0,4.0,81%,171.0,26%,4.0,2.0,0.94
MaKo,KRX,https://www.vlr.gg/player/4462/mako,Pacific,675202,268250,Lotus,bo3,0.72,151.0,12.0,15.0,6.0,76%,87.0,23%,2.0,5.0,0.8
BeYN,KRX,https://www.vlr.gg/player/4678/beyn,Pacific,675202,268250,Lotus,bo3,0.59,121.0,7.0,14.0,4.0,57%,89.0,21%,2.0,1.0,0.5
Kushy,RRQ,https://www.vlr.gg/player/4866/kushy,Pacific,675202,268251,Haven,bo3,2.04,410.0,31.0,13.0,11.0,90%,254.0,44%,4.0,1.0,2.38
xffero,RRQ,https://www.vlr.gg/player/4871/xffero,Pacific,675202,268251,Haven,bo3,1.17,178.0,12.0,9.0,2.0,85%,127.0,32%,1.0,0.0,1.33
Jemkin,RRQ,https://www.vlr.gg/player/24895/jemkin,Pacific,675202,268251,Haven,bo3,1.01,215.0,14.0,15.0,8.0,70%,147.0,28%,2.0,6.0,0.93
Monyet,RRQ,https://www.vlr.gg/player/8497/monyet,Pacific,675202,268251,Haven,bo3,0.99,166.0,12.0,13.0,12.0,85%,97.0,18%,2.0,1.0,0.92
crazyguy,RRQ,https://www.vlr.gg/player/1430/crazyguy,Pacific,675202,268251,Haven,bo3,0.9,169.0,12.0,15.0,9.0,90%,117.0,20%,2.0,1.0,0.8
HYUNMIN,KRX,https://www.vlr.gg/player/28400/hyunmin,Pacific,675202,268251,Haven,bo3,1.25,248.0,17.0,14.0,3.0,60%,180.0,43%,3.0,2.0,1.21
yong,KRX,https://www.vlr.gg/player/51238/yong,Pacific,675202,268251,Haven,bo3,0.97,212.0,14.0,16.0,6.0,85%,145.0,38%,2.0,4.0,0.88
free1ng,KRX,https://www.vlr.gg/player/1916/free1ng,Pacific,675202,268251,Haven,bo3,0.73,252.0,18.0,19.0,0.0,65%,163.0,29%,1.0,2.0,0.95
BeYN,KRX,https://www.vlr.gg/player/4678/beyn,Pacific,675202,268251,Haven,bo3,0.57,165.0,9.0,17.0,4.0,60%,114.0,35%,2.0,2.0,0.53
MaKo,KRX,https://www.vlr.gg/player/4462/mako,Pacific,675202,268251,Haven,bo3,0.56,121.0,7.0,15.0,5.0,65%,91.0,19%,1.0,1.0,0.47
Meteor,T1,https://www.vlr.gg/player/13039/meteor,Pacific,675203,268253,Pearl,bo3,1.52,320.0,22.0,16.0,6.0,76%,228.0,29%,5.0,2.0,1.38
Munchkin,T1,https://www.vlr.gg/player/2489/munchkin,Pacific,675203,268253,Pearl,bo3,0.71,122.0,9.0,14.0,4.0,57%,88.0,35%,1.0,1.0,0.64
BuZz,T1,https://www.vlr.gg/player/804/buzz,Pacific,675203,268253,Pearl,bo3,0.64,160.0,12.0,16.0,6.0,52%,99.0,16%,1.0,4.0,0.75
iZu,T1,https://www.vlr.gg/player/29833/izu,Pacific,675203,268253,Pearl,bo3,0.61,129.0,9.0,17.0,3.0,57%,90.0,18%,2.0,4.0,0.53
stax,T1,https://www.vlr.gg/player/485/stax,Pacific,675203,268253,Pearl,bo3,0.54,133.0,10.0,16.0,5.0,71%,85.0,20%,0.0,1.0,0.62
Xross,NS,https://www.vlr.gg/player/42772/xross,Pacific,675203,268253,Pearl,bo3,1.37,280.0,20.0,12.0,5.0,81%,169.0,31%,4.0,0.0,1.67
Dambi,NS,https://www.vlr.gg/player/31827/dambi,Pacific,675203,268253,Pearl,bo3,1.32,288.0,21.0,13.0,5.0,81%,175.0,49%,2.0,3.0,1.62
Rb,NS,https://www.vlr.gg/player/488/rb,Pacific,675203,268253,Pearl,bo3,1.0,160.0,12.0,11.0,7.0,76%,109.0,28%,3.0,3.0,1.09
Ivy,NS,https://www.vlr.gg/player/31829/ivy,Pacific,675203,268253,Pearl,bo3,0.96,165.0,13.0,11.0,2.0,76%,105.0,25%,3.0,2.0,1.18
Francis,NS,https://www.vlr.gg/player/31828/francis,Pacific,675203,268253,Pearl,bo3,0.66,157.0,13.0,15.0,4.0,57%,96.0,18%,0.0,1.0,0.87
BuZz,T1,https://www.vlr.gg/player/804/buzz,Pacific,675203,268254,Ascent,bo3,0.99,207.0,21.0,21.0,4.0,54%,136.0,29%,2.0,10.0,1.0
Munchkin,T1,https://www.vlr.gg/player/2489/munchkin,Pacific,675203,268254,Ascent,bo3,0.92,189.0,17.0,20.0,12.0,61%,121.0,17%,0.0,4.0,0.85
Meteor,T1,https://www.vlr.gg/player/13039/meteor,Pacific,675203,268254,Ascent,bo3,0.91,222.0,22.0,23.0,2.0,64%,154.0,29%,3.0,4.0,0.96
iZu,T1,https://www.vlr.gg/player/29833/izu,Pacific,675203,268254,Ascent,bo3,0.88,193.0,19.0,21.0,2.0,68%,126.0,38%,1.0,0.0,0.9
stax,T1,https://www.vlr.gg/player/485/stax,Pacific,675203,268254,Ascent,bo3,0.72,155.0,14.0,21.0,14.0,71%,97.0,12%,1.0,3.0,0.67
Rb,NS,https://www.vlr.gg/player/488/rb,Pacific,675203,268254,Ascent,bo3,1.48,208.0,22.0,12.0,14.0,68%,136.0,36%,1.0,0.0,1.83
Xross,NS,https://www.vlr.gg/player/42772/xross,Pacific,675203,268254,Ascent,bo3,1.2,241.0,21.0,20.0,12.0,93%,159.0,28%,6.0,1.0,1.05
Francis,NS,https://www.vlr.gg/player/31828/francis,Pacific,675203,268254,Ascent,bo3,1.18,235.0,22.0,19.0,10.0,79%,156.0,24%,5.0,1.0,1.16
Dambi,NS,https://www.vlr.gg/player/31827/dambi,Pacific,675203,268254,Ascent,bo3,0.91,238.0,24.0,25.0,3.0,75%,141.0,18%,7.0,2.0,0.96
Ivy,NS,https://www.vlr.gg/player/31829/ivy,Pacific,675203,268254,Ascent,bo3,0.89,155.0,17.0,17.0,3.0,71%,122.0,41%,2.0,3.0,1.0
Caedye,DFM,https://www.vlr.gg/player/29841/caedye,Pacific,675204,268256,Split,bo3,1.21,280.0,23.0,18.0,3.0,83%,196.0,29%,7.0,0.0,1.28
yatsuka,DFM,https://www.vlr.gg/player/29843/yatsuka,Pacific,675204,268256,Split,bo3,1.08,192.0,16.0,15.0,8.0,71%,125.0,52%,1.0,0.0,1.07
Akame,DFM,https://www.vlr.gg/player/13002/akame,Pacific,675204,268256,Split,bo3,1.0,196.0,17.0,17.0,3.0,71%,140.0,33%,1.0,6.0,1.0
Meiy,DFM,https://www.vlr.gg/player/6672/meiy,Pacific,675204,268256,Split,bo3,0.95,179.0,17.0,16.0,3.0,71%,122.0,29%,2.0,3.0,1.06
SSeeS,DFM,https://www.vlr.gg/player/21438/ssees,Pacific,675204,268256,Split,bo3,0.67,130.0,11.0,18.0,9.0,58%,69.0,23%,1.0,3.0,0.61
PatMen,GE,https://www.vlr.gg/player/13744/patmen,Pacific,675204,268256,Split,bo3,1.34,253.0,22.0,16.0,5.0,83%,162.0,27%,3.0,1.0,1.38
xavi8k,GE,https://www.vlr.gg/player/7754/xavi8k,Pacific,675204,268256,Split,bo3,1.07,213.0,18.0,17.0,8.0,71%,144.0,32%,3.0,1.0,1.06
Autumn,GE,https://www.vlr.gg/player/872/autumn,Pacific,675204,268256,Split,bo3,1.04,215.0,19.0,16.0,1.0,71%,138.0,17%,5.0,3.0,1.19
Kr1stal,GE,https://www.vlr.gg/player/5796/kr1stal,Pacific,675204,268256,Split,bo3,0.95,160.0,14.0,15.0,2.0,67%,108.0,35%,0.0,1.0,0.93
UdoTan,GE,https://www.vlr.gg/player/4428/udotan,Pacific,675204,268256,Split,bo3,0.48,133.0,11.0,20.0,2.0,46%,99.0,23%,1.0,6.0,0.55
Caedye,DFM,https://www.vlr.gg/player/29841/caedye,Pacific,675204,268257,Pearl,bo3,1.23,289.0,17.0,15.0,2.0,59%,183.0,38%,2.0,2.0,1.13
Meiy,DFM,https://www.vlr.gg/player/6672/meiy,Pacific,675204,268257,Pearl,bo3,1.22,228.0,14.0,13.0,1.0,71%,141.0,35%,1.0,0.0,1.08
yatsuka,DFM,https://www.vlr.gg/player/29843/yatsuka,Pacific,675204,268257,Pearl,bo3,0.7,144.0,8.0,15.0,9.0,76%,96.0,56%,0.0,3.0,0.53
Akame,DFM,https://www.vlr.gg/player/13002/akame,Pacific,675204,268257,Pearl,bo3,0.53,147.0,8.0,15.0,3.0,65%,102.0,18%,1.0,3.0,0.53
SSeeS,DFM,https://www.vlr.gg/player/21438/ssees,Pacific,675204,268257,Pearl,bo3,0.15,71.0,3.0,17.0,8.0,65%,49.0,29%,0.0,5.0,0.18
Kr1stal,GE,https://www.vlr.gg/player/5796/kr1stal,Pacific,675204,268257,Pearl,bo3,1.44,226.0,16.0,8.0,2.0,82%,151.0,34%,1.0,1.0,2.0
UdoTan,GE,https://www.vlr.gg/player/4428/udotan,Pacific,675204,268257,Pearl,bo3,1.31,261.0,16.0,10.0,6.0,94%,161.0,14%,5.0,1.0,1.6
xavi8k,GE,https://www.vlr.gg/player/7754/xavi8k,Pacific,675204,268257,Pearl,bo3,1.28,231.0,14.0,9.0,3.0,88%,149.0,30%,3.0,0.0,1.56
Autumn,GE,https://www.vlr.gg/player/872/autumn,Pacific,675204,268257,Pearl,bo3,1.18,261.0,17.0,12.0,6.0,88%,162.0,31%,3.0,2.0,1.42
PatMen,GE,https://www.vlr.gg/player/13744/patmen,Pacific,675204,268257,Pearl,bo3,0.99,186.0,12.0,11.0,6.0,82%,153.0,41%,1.0,0.0,1.09
Ash,GEN,https://www.vlr.gg/player/25017/ash,Pacific,675205,268259,HavenPICK,bo5,1.26,283.0,22.0,15.0,3.0,71%,181.0,32%,2.0,4.0,1.47
ZynX,GEN,https://www.vlr.gg/player/51099/zynx,Pacific,675205,268259,HavenPICK,bo5,0.96,211.0,13.0,15.0,7.0,76%,149.0,37%,2.0,1.0,0.87
t3xture,GEN,https://www.vlr.gg/player/9196/t3xture,Pacific,675205,268259,HavenPICK,bo5,0.89,201.0,14.0,15.0,0.0,52%,132.0,29%,2.0,3.0,0.93
Karon,GEN,https://www.vlr.gg/player/34974/karon,Pacific,675205,268259,HavenPICK,bo5,0.63,95.0,7.0,15.0,9.0,67%,57.0,33%,2.0,1.0,0.47
Lakia,GEN,https://www.vlr.gg/player/773/lakia,Pacific,675205,268259,HavenPICK,bo5,0.24,110.0,6.0,19.0,3.0,48%,73.0,21%,1.0,3.0,0.32
crazyguy,RRQ,https://www.vlr.gg/player/1430/crazyguy,Pacific,675205,268259,HavenPICK,bo5,1.79,323.0,22.0,9.0,13.0,71%,212.0,13%,3.0,2.0,2.44
Jemkin,RRQ,https://www.vlr.gg/player/24895/jemkin,Pacific,675205,268259,HavenPICK,bo5,1.62,308.0,23.0,15.0,2.0,67%,195.0,40%,5.0,2.0,1.53
xffero,RRQ,https://www.vlr.gg/player/4871/xffero,Pacific,675205,268259,HavenPICK,bo5,1.15,134.0,11.0,7.0,1.0,76%,97.0,13%,0.0,1.0,1.57
Kushy,RRQ,https://www.vlr.gg/player/4866/kushy,Pacific,675205,268259,HavenPICK,bo5,0.8,186.0,15.0,16.0,5.0,76%,114.0,38%,3.0,3.0,0.94
Monyet,RRQ,https://www.vlr.gg/player/8497/monyet,Pacific,675205,268259,HavenPICK,bo5,0.76,128.0,8.0,15.0,13.0,81%,96.0,36%,1.0,1.0,0.53
Lakia,GEN,https://www.vlr.gg/player/773/lakia,Pacific,675205,268260,AscentPICK,bo5,0.91,205.0,13.0,15.0,7.0,80%,135.0,28%,4.0,2.0,0.87
Karon,GEN,https://www.vlr.gg/player/34974/karon,Pacific,675205,268260,AscentPICK,bo5,0.9,161.0,10.0,14.0,12.0,75%,94.0,20%,0.0,0.0,0.71
t3xture,GEN,https://www.vlr.gg/player/9196/t3xture,Pacific,675205,268260,AscentPICK,bo5,0.77,199.0,14.0,16.0,3.0,65%,119.0,24%,1.0,4.0,0.88
Ash,GEN,https://www.vlr.gg/player/25017/ash,Pacific,675205,268260,AscentPICK,bo5,0.63,173.0,12.0,16.0,1.0,45%,105.0,27%,4.0,5.0,0.75
ZynX,GEN,https://www.vlr.gg/player/51099/zynx,Pacific,675205,268260,AscentPICK,bo5,0.53,129.0,9.0,17.0,4.0,60%,104.0,32%,0.0,0.0,0.53
xffero,RRQ,https://www.vlr.gg/player/4871/xffero,Pacific,675205,268260,AscentPICK,bo5,1.82,338.0,26.0,10.0,1.0,75%,196.0,23%,5.0,1.0,2.6
crazyguy,RRQ,https://www.vlr.gg/player/1430/crazyguy,Pacific,675205,268260,AscentPICK,bo5,1.23,222.0,14.0,12.0,9.0,70%,147.0,24%,3.0,3.0,1.17
Monyet,RRQ,https://www.vlr.gg/player/8497/monyet,Pacific,675205,268260,AscentPICK,bo5,1.22,196.0,15.0,11.0,11.0,85%,112.0,17%,0.0,0.0,1.36
Kushy,RRQ,https://www.vlr.gg/player/4866/kushy,Pacific,675205,268260,AscentPICK,bo5,0.87,116.0,10.0,11.0,2.0,80%,83.0,42%,0.0,1.0,0.91
Jemkin,RRQ,https://www.vlr.gg/player/24895/jemkin,Pacific,675205,268260,AscentPICK,bo5,0.73,173.0,13.0,14.0,3.0,60%,107.0,37%,3.0,4.0,0.93
t3xture,GEN,https://www.vlr.gg/player/9196/t3xture,Pacific,675205,268261,BreezePICK,bo5,1.65,366.0,25.0,13.0,1.0,82%,202.0,32%,2.0,0.0,1.92
Lakia,GEN,https://www.vlr.gg/player/773/lakia,Pacific,675205,268261,BreezePICK,bo5,1.29,193.0,14.0,8.0,2.0,82%,150.0,37%,1.0,1.0,1.75
ZynX,GEN,https://www.vlr.gg/player/51099/zynx,Pacific,675205,268261,BreezePICK,bo5,1.22,196.0,13.0,7.0,3.0,76%,134.0,52%,2.0,1.0,1.86
Karon,GEN,https://www.vlr.gg/player/34974/karon,Pacific,675205,268261,BreezePICK,bo5,0.97,208.0,12.0,11.0,11.0,88%,123.0,39%,2.0,0.0,1.09
Ash,GEN,https://www.vlr.gg/player/25017/ash,Pacific,675205,268261,BreezePICK,bo5,0.67,186.0,10.0,13.0,11.0,82%,117.0,32%,4.0,4.0,0.77
xffero,RRQ,https://www.vlr.gg/player/4871/xffero,Pacific,675205,268261,BreezePICK,bo5,1.48,330.0,20.0,15.0,4.0,82%,216.0,47%,4.0,1.0,1.33
Kushy,RRQ,https://www.vlr.gg/player/4866/kushy,Pacific,675205,268261,BreezePICK,bo5,0.99,198.0,12.0,14.0,6.0,88%,124.0,40%,0.0,2.0,0.86
Jemkin,RRQ,https://www.vlr.gg/player/24895/jemkin,Pacific,675205,268261,BreezePICK,bo5,0.75,190.0,10.0,15.0,4.0,65%,132.0,33%,1.0,2.0,0.67
crazyguy,RRQ,https://www.vlr.gg/player/1430/crazyguy,Pacific,675205,268261,BreezePICK,bo5,0.54,142.0,6.0,15.0,9.0,65%,91.0,22%,1.0,2.0,0.4
Monyet,RRQ,https://www.vlr.gg/player/8497/monyet,Pacific,675205,268261,BreezePICK,bo5,0.35,84.0,4.0,15.0,10.0,53%,50.0,50%,0.0,4.0,0.27
Lakia,GEN,https://www.vlr.gg/player/773/lakia,Pacific,675205,270502,LotusPICK,bo5,1.47,242.0,18.0,9.0,8.0,90%,158.0,38%,3.0,2.0,2.0
ZynX,GEN,https://www.vlr.gg/player/51099/zynx,Pacific,675205,270502,LotusPICK,bo5,1.41,174.0,15.0,7.0,3.0,90%,127.0,32%,3.0,1.0,2.14
Karon,GEN,https://www.vlr.gg/player/34974/karon,Pacific,675205,270502,LotusPICK,bo5,1.22,207.0,17.0,12.0,11.0,90%,128.0,27%,0.0,1.0,1.42
t3xture,GEN,https://www.vlr.gg/player/9196/t3xture,Pacific,675205,270502,LotusPICK,bo5,1.05,236.0,16.0,14.0,5.0,62%,152.0,14%,4.0,4.0,1.14
Ash,GEN,https://www.vlr.gg/player/25017/ash,Pacific,675205,270502,LotusPICK,bo5,0.76,143.0,10.0,14.0,5.0,76%,89.0,26%,2.0,1.0,0.71
Monyet,RRQ,https://www.vlr.gg/player/8497/monyet,Pacific,675205,270502,LotusPICK,bo5,1.19,234.0,17.0,15.0,4.0,71%,161.0,21%,0.0,1.0,1.13
Kushy,RRQ,https://www.vlr.gg/player/4866/kushy,Pacific,675205,270502,LotusPICK,bo5,0.93,146.0,10.0,14.0,10.0,76%,92.0,20%,2.0,1.0,0.71
crazyguy,RRQ,https://www.vlr.gg/player/1430/crazyguy,Pacific,675205,270502,LotusPICK,bo5,0.78,150.0,9.0,14.0,5.0,67%,96.0,26%,2.0,0.0,0.64
Jemkin,RRQ,https://www.vlr.gg/player/24895/jemkin,Pacific,675205,270502,LotusPICK,bo5,0.63,154.0,12.0,17.0,0.0,57%,115.0,39%,5.0,8.0,0.71
xffero,RRQ,https://www.vlr.gg/player/4871/xffero,Pacific,675205,270502,LotusPICK,bo5,0.55,112.0,8.0,16.0,4.0,57%,80.0,15%,0.0,2.0,0.5
t3xture,GEN,https://www.vlr.gg/player/9196/t3xture,Pacific,675205,270503,Pearl,bo5,1.46,320.0,28.0,15.0,2.0,65%,194.0,48%,5.0,2.0,1.87
ZynX,GEN,https://www.vlr.gg/player/51099/zynx,Pacific,675205,270503,Pearl,bo5,1.11,175.0,14.0,12.0,5.0,78%,113.0,44%,1.0,3.0,1.17
Karon,GEN,https://www.vlr.gg/player/34974/karon,Pacific,675205,270503,Pearl,bo5,0.9,131.0,10.0,14.0,14.0,74%,84.0,36%,2.0,3.0,0.71
Lakia,GEN,https://www.vlr.gg/player/773/lakia,Pacific,675205,270503,Pearl,bo5,0.77,132.0,12.0,15.0,8.0,70%,97.0,16%,1.0,0.0,0.8
Ash,GEN,https://www.vlr.gg/player/25017/ash,Pacific,675205,270503,Pearl,bo5,0.76,181.0,12.0,18.0,7.0,70%,113.0,9%,2.0,4.0,0.67
Jemkin,RRQ,https://www.vlr.gg/player/24895/jemkin,Pacific,675205,270503,Pearl,bo5,1.23,267.0,20.0,17.0,5.0,65%,159.0,30%,6.0,5.0,1.18
Monyet,RRQ,https://www.vlr.gg/player/8497/monyet,Pacific,675205,270503,Pearl,bo5,1.19,182.0,15.0,13.0,10.0,78%,125.0,26%,2.0,1.0,1.15
xffero,RRQ,https://www.vlr.gg/player/4871/xffero,Pacific,675205,270503,Pearl,bo5,0.98,220.0,14.0,17.0,9.0,83%,160.0,23%,2.0,2.0,0.82
crazyguy,RRQ,https://www.vlr.gg/player/1430/crazyguy,Pacific,675205,270503,Pearl,bo5,0.88,123.0,10.0,13.0,5.0,70%,85.0,13%,0.0,2.0,0.77
Kushy,RRQ,https://www.vlr.gg/player/4866/kushy,Pacific,675205,270503,Pearl,bo5,0.86,170.0,15.0,16.0,8.0,74%,106.0,25%,2.0,1.0,0.94
Crws,FS,https://www.vlr.gg/player/3977/crws,Pacific,675207,268265,Split,bo3,1.12,215.0,17.0,17.0,8.0,70%,143.0,20%,1.0,3.0,1.0
Leviathan,FS,https://www.vlr.gg/player/27254/leviathan,Pacific,675207,268265,Split,bo3,0.99,197.0,16.0,16.0,9.0,65%,127.0,27%,2.0,2.0,1.0
Killua,FS,https://www.vlr.gg/player/13784/killua,Pacific,675207,268265,Split,bo3,0.86,206.0,16.0,21.0,10.0,70%,131.0,38%,3.0,0.0,0.76
primmie,FS,https://www.vlr.gg/player/25255/primmie,Pacific,675207,268265,Split,bo3,0.79,182.0,16.0,19.0,3.0,61%,126.0,26%,3.0,5.0,0.84
JitBoyS,FS,https://www.vlr.gg/player/13788/jitboys,Pacific,675207,268265,Split,bo3,0.72,181.0,12.0,19.0,6.0,52%,129.0,14%,2.0,2.0,0.63
yong,KRX,https://www.vlr.gg/player/51238/yong,Pacific,675207,268265,Split,bo3,1.44,286.0,22.0,15.0,8.0,74%,196.0,34%,3.0,3.0,1.47
free1ng,KRX,https://www.vlr.gg/player/1916/free1ng,Pacific,675207,268265,Split,bo3,1.28,204.0,18.0,12.0,9.0,78%,133.0,26%,3.0,1.0,1.5
BeYN,KRX,https://www.vlr.gg/player/4678/beyn,Pacific,675207,268265,Split,bo3,1.12,227.0,20.0,15.0,3.0,87%,144.0,29%,0.0,1.0,1.33
MaKo,KRX,https://www.vlr.gg/player/4462/mako,Pacific,675207,268265,Split,bo3,1.01,203.0,17.0,17.0,12.0,83%,137.0,25%,1.0,4.0,1.0
HYUNMIN,KRX,https://www.vlr.gg/player/28400/hyunmin,Pacific,675207,268265,Split,bo3,0.7,198.0,15.0,18.0,5.0,70%,122.0,21%,5.0,2.0,0.83
JitBoyS,FS,https://www.vlr.gg/player/13788/jitboys,Pacific,675207,268266,Haven,bo3,1.43,282.0,23.0,14.0,6.0,78%,181.0,51%,2.0,2.0,1.64
Crws,FS,https://www.vlr.gg/player/3977/crws,Pacific,675207,268266,Haven,bo3,1.05,226.0,18.0,16.0,11.0,83%,141.0,33%,1.0,1.0,1.12
Killua,FS,https://www.vlr.gg/player/13784/killua,Pacific,675207,268266,Haven,bo3,1.05,178.0,13.0,11.0,1.0,61%,113.0,47%,0.0,0.0,1.18
primmie,FS,https://www.vlr.gg/player/25255/primmie,Pacific,675207,268266,Haven,bo3,0.99,218.0,19.0,15.0,1.0,48%,136.0,42%,2.0,6.0,1.27
Leviathan,FS,https://www.vlr.gg/player/27254/leviathan,Pacific,675207,268266,Haven,bo3,0.53,127.0,11.0,17.0,0.0,48%,78.0,25%,5.0,4.0,0.65
free1ng,KRX,https://www.vlr.gg/player/1916/free1ng,Pacific,675207,268266,Haven,bo3,1.14,249.0,19.0,17.0,3.0,74%,170.0,28%,1.0,2.0,1.12
HYUNMIN,KRX,https://www.vlr.gg/player/28400/hyunmin,Pacific,675207,268266,Haven,bo3,1.02,244.0,18.0,19.0,1.0,57%,169.0,49%,5.0,2.0,0.95
BeYN,KRX,https://www.vlr.gg/player/4678/beyn,Pacific,675207,268266,Haven,bo3,0.96,173.0,14.0,14.0,4.0,57%,116.0,34%,0.0,4.0,1.0
yong,KRX,https://www.vlr.gg/player/51238/yong,Pacific,675207,268266,Haven,bo3,0.9,176.0,10.0,16.0,13.0,70%,110.0,27%,5.0,1.0,0.62
MaKo,KRX,https://www.vlr.gg/player/4462/mako,Pacific,675207,268266,Haven,bo3,0.76,146.0,12.0,18.0,7.0,65%,97.0,22%,2.0,1.0,0.67
Crws,FS,https://www.vlr.gg/player/3977/crws,Pacific,675207,268267,Breeze,bo3,0.91,197.0,10.0,12.0,3.0,73%,128.0,28%,0.0,1.0,0.83
JitBoyS,FS,https://www.vlr.gg/player/13788/jitboys,Pacific,675207,268267,Breeze,bo3,0.85,215.0,12.0,14.0,1.0,67%,114.0,34%,3.0,2.0,0.86
primmie,FS,https://www.vlr.gg/player/25255/primmie,Pacific,675207,268267,Breeze,bo3,0.71,178.0,9.0,13.0,3.0,60%,118.0,24%,1.0,2.0,0.69
Leviathan,FS,https://www.vlr.gg/player/27254/leviathan,Pacific,675207,268267,Breeze,bo3,0.61,149.0,7.0,13.0,3.0,53%,110.0,39%,0.0,1.0,0.54
Killua,FS,https://www.vlr.gg/player/13784/killua,Pacific,675207,268267,Breeze,bo3,0.53,93.0,4.0,11.0,6.0,67%,64.0,27%,2.0,3.0,0.36
BeYN,KRX,https://www.vlr.gg/player/4678/beyn,Pacific,675207,268267,Breeze,bo3,1.59,281.0,15.0,8.0,7.0,100%,190.0,35%,2.0,1.0,1.88
MaKo,KRX,https://www.vlr.gg/player/4462/mako,Pacific,675207,268267,Breeze,bo3,1.37,190.0,11.0,6.0,6.0,93%,120.0,26%,1.0,0.0,1.83
HYUNMIN,KRX,https://www.vlr.gg/player/28400/hyunmin,Pacific,675207,268267,Breeze,bo3,1.27,254.0,15.0,10.0,1.0,67%,154.0,32%,3.0,2.0,1.5
yong,KRX,https://www.vlr.gg/player/51238/yong,Pacific,675207,268267,Breeze,bo3,1.25,232.0,13.0,9.0,7.0,87%,146.0,18%,1.0,0.0,1.44
free1ng,KRX,https://www.vlr.gg/player/1916/free1ng,Pacific,675207,268267,Breeze,bo3,0.86,160.0,9.0,9.0,5.0,80%,114.0,33%,2.0,3.0,1.0
Xross,NS,https://www.vlr.gg/player/42772/xross,Pacific,675206,268262,SplitPICK,bo5,1.33,259.0,28.0,21.0,1.0,80%,184.0,32%,7.0,3.0,1.33
Francis,NS,https://www.vlr.gg/player/31828/francis,Pacific,675206,268262,SplitPICK,bo5,1.32,260.0,26.0,21.0,17.0,83%,157.0,24%,4.0,1.0,1.24
Ivy,NS,https://www.vlr.gg/player/31829/ivy,Pacific,675206,268262,SplitPICK,bo5,0.95,202.0,23.0,23.0,5.0,70%,129.0,13%,2.0,2.0,1.0
Dambi,NS,https://www.vlr.gg/player/31827/dambi,Pacific,675206,268262,SplitPICK,bo5,0.87,222.0,23.0,25.0,4.0,70%,143.0,18%,5.0,4.0,0.92
Rb,NS,https://www.vlr.gg/player/488/rb,Pacific,675206,268262,SplitPICK,bo5,0.73,134.0,12.0,22.0,18.0,73%,85.0,20%,1.0,1.0,0.55
Kr1stal,GE,https://www.vlr.gg/player/5796/kr1stal,Pacific,675206,268262,SplitPICK,bo5,1.25,223.0,26.0,21.0,5.0,67%,148.0,23%,0.0,2.0,1.24
PatMen,GE,https://www.vlr.gg/player/13744/patmen,Pacific,675206,268262,SplitPICK,bo5,1.06,238.0,24.0,23.0,5.0,73%,157.0,30%,2.0,2.0,1.04
xavi8k,GE,https://www.vlr.gg/player/7754/xavi8k,Pacific,675206,268262,SplitPICK,bo5,1.04,195.0,22.0,19.0,8.0,80%,134.0,31%,2.0,4.0,1.16
UdoTan,GE,https://www.vlr.gg/player/4428/udotan,Pacific,675206,268262,SplitPICK,bo5,1.02,254.0,25.0,24.0,10.0,77%,171.0,16%,4.0,5.0,1.04
Autumn,GE,https://www.vlr.gg/player/872/autumn,Pacific,675206,268262,SplitPICK,bo5,0.51,148.0,15.0,25.0,7.0,63%,104.0,14%,3.0,6.0,0.6
Rb,NS,https://www.vlr.gg/player/488/rb,Pacific,675206,268263,PearlPICK,bo5,0.77,183.0,8.0,13.0,1.0,64%,125.0,23%,1.0,0.0,0.62
Dambi,NS,https://www.vlr.gg/player/31827/dambi,Pacific,675206,268263,PearlPICK,bo5,0.68,134.0,6.0,12.0,1.0,64%,84.0,20%,0.0,1.0,0.5
Xross,NS,https://www.vlr.gg/player/42772/xross,Pacific,675206,268263,PearlPICK,bo5,0.41,98.0,3.0,13.0,3.0,50%,70.0,24%,0.0,1.0,0.23
Ivy,NS,https://www.vlr.gg/player/31829/ivy,Pacific,675206,268263,PearlPICK,bo5,0.36,82.0,3.0,11.0,2.0,43%,57.0,17%,0.0,4.0,0.27
Francis,NS,https://www.vlr.gg/player/31828/francis,Pacific,675206,268263,PearlPICK,bo5,0.03,63.0,2.0,14.0,2.0,36%,58.0,23%,1.0,6.0,0.14
UdoTan,GE,https://www.vlr.gg/player/4428/udotan,Pacific,675206,268263,PearlPICK,bo5,2.06,334.0,18.0,4.0,7.0,100%,247.0,30%,3.0,1.0,4.5
Autumn,GE,https://www.vlr.gg/player/872/autumn,Pacific,675206,268263,PearlPICK,bo5,1.7,263.0,14.0,5.0,2.0,100%,149.0,29%,5.0,0.0,2.8
PatMen,GE,https://www.vlr.gg/player/13744/patmen,Pacific,675206,268263,PearlPICK,bo5,1.48,204.0,10.0,4.0,11.0,100%,131.0,50%,1.0,0.0,2.5
Kr1stal,GE,https://www.vlr.gg/player/5796/kr1stal,Pacific,675206,268263,PearlPICK,bo5,1.4,187.0,11.0,3.0,1.0,86%,139.0,27%,1.0,0.0,3.67
xavi8k,GE,https://www.vlr.gg/player/7754/xavi8k,Pacific,675206,268263,PearlPICK,bo5,1.28,213.0,10.0,6.0,9.0,79%,142.0,31%,2.0,1.0,1.67
Ivy,NS,https://www.vlr.gg/player/31829/ivy,Pacific,675206,268264,HavenPICK,bo5,1.26,301.0,22.0,15.0,8.0,65%,191.0,23%,3.0,4.0,1.47
Francis,NS,https://www.vlr.gg/player/31828/francis,Pacific,675206,268264,HavenPICK,bo5,0.95,163.0,13.0,14.0,2.0,75%,103.0,28%,1.0,0.0,0.93
Rb,NS,https://www.vlr.gg/player/488/rb,Pacific,675206,268264,HavenPICK,bo5,0.92,225.0,14.0,17.0,7.0,70%,143.0,25%,5.0,0.0,0.82
Xross,NS,https://www.vlr.gg/player/42772/xross,Pacific,675206,268264,HavenPICK,bo5,0.57,137.0,7.0,15.0,5.0,65%,92.0,10%,0.0,0.0,0.47
Dambi,NS,https://www.vlr.gg/player/31827/dambi,Pacific,675206,268264,HavenPICK,bo5,0.42,127.0,8.0,16.0,3.0,65%,81.0,30%,1.0,6.0,0.5
UdoTan,GE,https://www.vlr.gg/player/4428/udotan,Pacific,675206,268264,HavenPICK,bo5,1.54,317.0,22.0,13.0,5.0,70%,181.0,20%,5.0,3.0,1.69
Autumn,GE,https://www.vlr.gg/player/872/autumn,Pacific,675206,268264,HavenPICK,bo5,1.44,254.0,21.0,12.0,6.0,70%,178.0,54%,2.0,0.0,1.75
PatMen,GE,https://www.vlr.gg/player/13744/patmen,Pacific,675206,268264,HavenPICK,bo5,1.27,219.0,16.0,12.0,8.0,70%,138.0,35%,3.0,3.0,1.33
Kr1stal,GE,https://www.vlr.gg/player/5796/kr1stal,Pacific,675206,268264,HavenPICK,bo5,0.88,142.0,10.0,16.0,8.0,75%,91.0,23%,0.0,1.0,0.62
xavi8k,GE,https://www.vlr.gg/player/7754/xavi8k,Pacific,675206,268264,HavenPICK,bo5,0.86,133.0,8.0,11.0,9.0,70%,109.0,21%,0.0,3.0,0.73
Dambi,NS,https://www.vlr.gg/player/31827/dambi,Pacific,675206,270504,BreezePICK,bo5,1.45,341.0,28.0,18.0,3.0,82%,205.0,15%,5.0,2.0,1.56
Rb,NS,https://www.vlr.gg/player/488/rb,Pacific,675206,270504,BreezePICK,bo5,1.43,256.0,19.0,13.0,16.0,86%,160.0,32%,2.0,0.0,1.46
Ivy,NS,https://www.vlr.gg/player/31829/ivy,Pacific,675206,270504,BreezePICK,bo5,1.18,238.0,19.0,15.0,4.0,73%,157.0,20%,6.0,2.0,1.27
Xross,NS,https://www.vlr.gg/player/42772/xross,Pacific,675206,270504,BreezePICK,bo5,0.96,200.0,16.0,15.0,10.0,73%,125.0,32%,0.0,2.0,1.07
Francis,NS,https://www.vlr.gg/player/31828/francis,Pacific,675206,270504,BreezePICK,bo5,0.66,119.0,9.0,13.0,11.0,82%,92.0,15%,1.0,2.0,0.69
Kr1stal,GE,https://www.vlr.gg/player/5796/kr1stal,Pacific,675206,270504,BreezePICK,bo5,1.32,252.0,19.0,16.0,7.0,77%,167.0,18%,1.0,2.0,1.19
xavi8k,GE,https://www.vlr.gg/player/7754/xavi8k,Pacific,675206,270504,BreezePICK,bo5,1.14,208.0,18.0,16.0,6.0,73%,126.0,45%,3.0,4.0,1.12
Autumn,GE,https://www.vlr.gg/player/872/autumn,Pacific,675206,270504,BreezePICK,bo5,0.9,178.0,13.0,18.0,5.0,55%,131.0,30%,2.0,2.0,0.72
PatMen,GE,https://www.vlr.gg/player/13744/patmen,Pacific,675206,270504,BreezePICK,bo5,0.7,193.0,15.0,20.0,6.0,59%,122.0,19%,1.0,3.0,0.75
UdoTan,GE,https://www.vlr.gg/player/4428/udotan,Pacific,675206,270504,BreezePICK,bo5,0.41,136.0,9.0,21.0,6.0,64%,102.0,31%,1.0,3.0,0.43
Ivy,NS,https://www.vlr.gg/player/31829/ivy,Pacific,675206,270505,Ascent,bo5,1.15,185.0,17.0,13.0,5.0,79%,124.0,19%,1.0,1.0,1.31
Francis,NS,https://www.vlr.gg/player/31828/francis,Pacific,675206,270505,Ascent,bo5,1.09,234.0,17.0,19.0,14.0,83%,169.0,27%,2.0,0.0,0.89
Dambi,NS,https://www.vlr.gg/player/31827/dambi,Pacific,675206,270505,Ascent,bo5,0.96,240.0,21.0,19.0,5.0,67%,140.0,9%,5.0,7.0,1.11
Xross,NS,https://www.vlr.gg/player/42772/xross,Pacific,675206,270505,Ascent,bo5,0.9,185.0,14.0,18.0,13.0,83%,124.0,29%,2.0,2.0,0.78
Rb,NS,https://www.vlr.gg/player/488/rb,Pacific,675206,270505,Ascent,bo5,0.73,147.0,14.0,19.0,8.0,67%,89.0,28%,2.0,2.0,0.74
UdoTan,GE,https://www.vlr.gg/player/4428/udotan,Pacific,675206,270505,Ascent,bo5,1.3,232.0,21.0,16.0,4.0,75%,159.0,34%,4.0,1.0,1.31
PatMen,GE,https://www.vlr.gg/player/13744/patmen,Pacific,675206,270505,Ascent,bo5,1.3,253.0,20.0,17.0,12.0,71%,185.0,29%,4.0,5.0,1.18
Kr1stal,GE,https://www.vlr.gg/player/5796/kr1stal,Pacific,675206,270505,Ascent,bo5,1.1,202.0,17.0,16.0,6.0,75%,141.0,38%,1.0,1.0,1.06
Autumn,GE,https://www.vlr.gg/player/872/autumn,Pacific,675206,270505,Ascent,bo5,0.9,209.0,17.0,18.0,9.0,71%,148.0,35%,1.0,4.0,0.94
xavi8k,GE,https://www.vlr.gg/player/7754/xavi8k,Pacific,675206,270505,Ascent,bo5,0.85,160.0,13.0,16.0,5.0,79%,108.0,25%,2.0,1.0,0.81
iZu,T1,https://www.vlr.gg/player/29833/izu,Pacific,675208,268268,Ascent,bo3,1.33,201.0,17.0,10.0,7.0,82%,132.0,27%,4.0,1.0,1.7
Meteor,T1,https://www.vlr.gg/player/13039/meteor,Pacific,675208,268268,Ascent,bo3,1.29,216.0,18.0,11.0,3.0,73%,163.0,33%,1.0,1.0,1.64
BuZz,T1,https://www.vlr.gg/player/804/buzz,Pacific,675208,268268,Ascent,bo3,1.22,310.0,23.0,17.0,7.0,82%,192.0,30%,4.0,4.0,1.35
stax,T1,https://www.vlr.gg/player/485/stax,Pacific,675208,268268,Ascent,bo3,0.87,135.0,10.0,14.0,11.0,77%,89.0,23%,1.0,1.0,0.71
Munchkin,T1,https://www.vlr.gg/player/2489/munchkin,Pacific,675208,268268,Ascent,bo3,0.77,157.0,13.0,18.0,17.0,68%,78.0,28%,3.0,2.0,0.72
Meiy,DFM,https://www.vlr.gg/player/6672/meiy,Pacific,675208,268268,Ascent,bo3,1.36,287.0,22.0,15.0,4.0,64%,166.0,17%,4.0,4.0,1.47
SSeeS,DFM,https://www.vlr.gg/player/21438/ssees,Pacific,675208,268268,Ascent,bo3,1.14,213.0,16.0,16.0,13.0,68%,136.0,30%,2.0,2.0,1.0
Caedye,DFM,https://www.vlr.gg/player/29841/caedye,Pacific,675208,268268,Ascent,bo3,0.81,164.0,13.0,15.0,3.0,77%,108.0,29%,1.0,2.0,0.87
Akame,DFM,https://www.vlr.gg/player/13002/akame,Pacific,675208,268268,Ascent,bo3,0.74,169.0,13.0,18.0,1.0,68%,99.0,26%,2.0,3.0,0.72
yatsuka,DFM,https://www.vlr.gg/player/29843/yatsuka,Pacific,675208,268268,Ascent,bo3,0.53,111.0,6.0,17.0,10.0,64%,78.0,21%,0.0,2.0,0.35
Munchkin,T1,https://www.vlr.gg/player/2489/munchkin,Pacific,675208,268269,Split,bo3,1.12,229.0,21.0,19.0,7.0,75%,152.0,16%,1.0,2.0,1.11
iZu,T1,https://www.vlr.gg/player/29833/izu,Pacific,675208,268269,Split,bo3,1.06,218.0,19.0,17.0,4.0,71%,138.0,29%,2.0,5.0,1.12
Meteor,T1,https://www.vlr.gg/player/13039/meteor,Pacific,675208,268269,Split,bo3,0.96,199.0,16.0,19.0,7.0,63%,143.0,43%,1.0,3.0,0.84
BuZz,T1,https://www.vlr.gg/player/804/buzz,Pacific,675208,268269,Split,bo3,0.92,211.0,17.0,19.0,4.0,75%,140.0,23%,4.0,2.0,0.89
stax,T1,https://www.vlr.gg/player/485/stax,Pacific,675208,268269,Split,bo3,0.75,131.0,11.0,15.0,8.0,75%,77.0,19%,3.0,1.0,0.73
Meiy,DFM,https://www.vlr.gg/player/6672/meiy,Pacific,675208,268269,Split,bo3,1.3,247.0,23.0,14.0,1.0,71%,150.0,32%,4.0,3.0,1.64
Akame,DFM,https://www.vlr.gg/player/13002/akame,Pacific,675208,268269,Split,bo3,1.15,255.0,20.0,17.0,6.0,83%,176.0,26%,4.0,1.0,1.18
yatsuka,DFM,https://www.vlr.gg/player/29843/yatsuka,Pacific,675208,268269,Split,bo3,1.07,217.0,18.0,18.0,19.0,75%,145.0,40%,1.0,1.0,1.0
SSeeS,DFM,https://www.vlr.gg/player/21438/ssees,Pacific,675208,268269,Split,bo3,0.91,183.0,15.0,17.0,4.0,67%,120.0,26%,3.0,3.0,0.88
Caedye,DFM,https://www.vlr.gg/player/29841/caedye,Pacific,675208,268269,Split,bo3,0.88,172.0,13.0,18.0,8.0,58%,124.0,41%,1.0,3.0,0.72
iZu,T1,https://www.vlr.gg/player/29833/izu,Pacific,675208,268270,Haven,bo3,1.43,233.0,19.0,10.0,1.0,71%,158.0,28%,2.0,3.0,1.9
Munchkin,T1,https://www.vlr.gg/player/2489/munchkin,Pacific,675208,268270,Haven,bo3,1.31,172.0,12.0,10.0,12.0,67%,110.0,22%,1.0,1.0,1.2
BuZz,T1,https://www.vlr.gg/player/804/buzz,Pacific,675208,268270,Haven,bo3,1.25,250.0,20.0,12.0,6.0,57%,155.0,32%,4.0,4.0,1.67
Meteor,T1,https://www.vlr.gg/player/13039/meteor,Pacific,675208,268270,Haven,bo3,1.12,270.0,20.0,16.0,2.0,67%,157.0,30%,3.0,0.0,1.25
stax,T1,https://www.vlr.gg/player/485/stax,Pacific,675208,268270,Haven,bo3,0.6,153.0,8.0,17.0,9.0,67%,109.0,10%,1.0,2.0,0.47
Caedye,DFM,https://www.vlr.gg/player/29841/caedye,Pacific,675208,268270,Haven,bo3,1.37,299.0,22.0,15.0,5.0,71%,182.0,33%,2.0,1.0,1.47
Meiy,DFM,https://www.vlr.gg/player/6672/meiy,Pacific,675208,268270,Haven,bo3,1.11,244.0,17.0,17.0,1.0,57%,145.0,32%,6.0,4.0,1.0
SSeeS,DFM,https://www.vlr.gg/player/21438/ssees,Pacific,675208,268270,Haven,bo3,0.79,176.0,10.0,15.0,9.0,71%,132.0,41%,0.0,1.0,0.67
Akame,DFM,https://www.vlr.gg/player/13002/akame,Pacific,675208,268270,Haven,bo3,0.7,155.0,11.0,16.0,3.0,52%,105.0,31%,2.0,3.0,0.69
yatsuka,DFM,https://www.vlr.gg/player/29843/yatsuka,Pacific,675208,268270,Haven,bo3,0.48,91.0,5.0,16.0,12.0,71%,77.0,35%,0.0,2.0,0.31
Xross,NS,https://www.vlr.gg/player/42772/xross,Pacific,675209,268271,HavenPICK,bo3,1.45,288.0,21.0,14.0,8.0,71%,182.0,43%,3.0,1.0,1.5
Francis,NS,https://www.vlr.gg/player/31828/francis,Pacific,675209,268271,HavenPICK,bo3,1.4,235.0,18.0,12.0,4.0,81%,172.0,28%,2.0,0.0,1.5
Rb,NS,https://www.vlr.gg/player/488/rb,Pacific,675209,268271,HavenPICK,bo3,0.99,159.0,10.0,14.0,13.0,71%,105.0,26%,2.0,1.0,0.71
Dambi,NS,https://www.vlr.gg/player/31827/dambi,Pacific,675209,268271,HavenPICK,bo3,0.93,195.0,15.0,16.0,5.0,62%,118.0,34%,5.0,6.0,0.94
Ivy,NS,https://www.vlr.gg/player/31829/ivy,Pacific,675209,268271,HavenPICK,bo3,0.83,103.0,8.0,11.0,4.0,76%,65.0,21%,0.0,1.0,0.73
MaKo,KRX,https://www.vlr.gg/player/4462/mako,Pacific,675209,268271,HavenPICK,bo3,1.09,189.0,14.0,15.0,10.0,76%,117.0,36%,3.0,2.0,0.93
yong,KRX,https://www.vlr.gg/player/51238/yong,Pacific,675209,268271,HavenPICK,bo3,0.92,216.0,15.0,16.0,9.0,76%,135.0,28%,1.0,0.0,0.94
HYUNMIN,KRX,https://www.vlr.gg/player/28400/hyunmin,Pacific,675209,268271,HavenPICK,bo3,0.85,162.0,13.0,13.0,2.0,57%,112.0,23%,2.0,2.0,1.0
BeYN,KRX,https://www.vlr.gg/player/4678/beyn,Pacific,675209,268271,HavenPICK,bo3,0.84,192.0,13.0,15.0,7.0,90%,134.0,24%,1.0,3.0,0.87
free1ng,KRX,https://www.vlr.gg/player/1916/free1ng,Pacific,675209,268271,HavenPICK,bo3,0.8,176.0,12.0,13.0,4.0,71%,119.0,39%,2.0,5.0,0.92
Xross,NS,https://www.vlr.gg/player/42772/xross,Pacific,675209,268272,BreezePICK,bo3,1.32,241.0,19.0,12.0,7.0,91%,152.0,26%,6.0,3.0,1.58
Ivy,NS,https://www.vlr.gg/player/31829/ivy,Pacific,675209,268272,BreezePICK,bo3,1.29,216.0,18.0,8.0,2.0,73%,153.0,44%,1.0,0.0,2.25
Rb,NS,https://www.vlr.gg/player/488/rb,Pacific,675209,268272,BreezePICK,bo3,1.12,174.0,14.0,12.0,9.0,86%,102.0,28%,1.0,0.0,1.17
Dambi,NS,https://www.vlr.gg/player/31827/dambi,Pacific,675209,268272,BreezePICK,bo3,1.03,229.0,17.0,16.0,7.0,68%,153.0,22%,5.0,3.0,1.06
Francis,NS,https://www.vlr.gg/player/31828/francis,Pacific,675209,268272,BreezePICK,bo3,1.01,207.0,16.0,15.0,5.0,73%,137.0,35%,1.0,2.0,1.07
free1ng,KRX,https://www.vlr.gg/player/1916/free1ng,Pacific,675209,268272,BreezePICK,bo3,1.0,204.0,16.0,16.0,7.0,55%,130.0,18%,2.0,1.0,1.0
HYUNMIN,KRX,https://www.vlr.gg/player/28400/hyunmin,Pacific,675209,268272,BreezePICK,bo3,0.84,210.0,15.0,19.0,4.0,64%,145.0,31%,2.0,4.0,0.79
BeYN,KRX,https://www.vlr.gg/player/4678/beyn,Pacific,675209,268272,BreezePICK,bo3,0.83,151.0,10.0,16.0,12.0,73%,96.0,10%,0.0,1.0,0.62
MaKo,KRX,https://www.vlr.gg/player/4462/mako,Pacific,675209,268272,BreezePICK,bo3,0.81,165.0,12.0,16.0,4.0,50%,107.0,16%,4.0,1.0,0.75
yong,KRX,https://www.vlr.gg/player/51238/yong,Pacific,675209,268272,BreezePICK,bo3,0.5,122.0,10.0,17.0,5.0,59%,86.0,36%,0.0,7.0,0.59
t3xture,GEN,https://www.vlr.gg/player/9196/t3xture,Pacific,675210,268274,BreezePICK,bo3,1.39,275.0,28.0,16.0,2.0,68%,169.0,33%,6.0,4.0,1.75
Karon,GEN,https://www.vlr.gg/player/34974/karon,Pacific,675210,268274,BreezePICK,bo3,1.13,178.0,19.0,15.0,10.0,68%,111.0,34%,3.0,1.0,1.27
Ash,GEN,https://www.vlr.gg/player/25017/ash,Pacific,675210,268274,BreezePICK,bo3,0.98,229.0,20.0,22.0,9.0,68%,154.0,27%,7.0,2.0,0.91
Lakia,GEN,https://www.vlr.gg/player/773/lakia,Pacific,675210,268274,BreezePICK,bo3,0.84,151.0,12.0,17.0,8.0,79%,118.0,25%,1.0,1.0,0.71
ZynX,GEN,https://www.vlr.gg/player/51099/zynx,Pacific,675210,268274,BreezePICK,bo3,0.76,141.0,15.0,20.0,4.0,54%,103.0,38%,1.0,2.0,0.75
BuZz,T1,https://www.vlr.gg/player/804/buzz,Pacific,675210,268274,BreezePICK,bo3,1.09,239.0,25.0,21.0,8.0,71%,144.0,28%,4.0,4.0,1.19
Munchkin,T1,https://www.vlr.gg/player/2489/munchkin,Pacific,675210,268274,BreezePICK,bo3,1.05,196.0,20.0,19.0,6.0,71%,120.0,22%,4.0,2.0,1.05
Meteor,T1,https://www.vlr.gg/player/13039/meteor,Pacific,675210,268274,BreezePICK,bo3,1.03,190.0,18.0,17.0,8.0,71%,134.0,40%,1.0,5.0,1.06
iZu,T1,https://www.vlr.gg/player/29833/izu,Pacific,675210,268274,BreezePICK,bo3,1.03,167.0,17.0,17.0,5.0,68%,120.0,27%,1.0,2.0,1.0
stax,T1,https://www.vlr.gg/player/485/stax,Pacific,675210,268274,BreezePICK,bo3,0.65,122.0,10.0,20.0,15.0,68%,77.0,25%,0.0,5.0,0.5
t3xture,GEN,https://www.vlr.gg/player/9196/t3xture,Pacific,675210,268275,FracturePICK,bo3,1.63,314.0,21.0,11.0,8.0,88%,219.0,30%,4.0,2.0,1.91
ZynX,GEN,https://www.vlr.gg/player/51099/zynx,Pacific,675210,268275,FracturePICK,bo3,1.29,256.0,14.0,10.0,5.0,94%,178.0,27%,6.0,0.0,1.4
Karon,GEN,https://www.vlr.gg/player/34974/karon,Pacific,675210,268275,FracturePICK,bo3,1.18,229.0,14.0,11.0,10.0,94%,147.0,24%,2.0,1.0,1.27
Lakia,GEN,https://www.vlr.gg/player/773/lakia,Pacific,675210,268275,FracturePICK,bo3,1.16,179.0,14.0,8.0,5.0,88%,119.0,15%,2.0,0.0,1.75
Ash,GEN,https://www.vlr.gg/player/25017/ash,Pacific,675210,268275,FracturePICK,bo3,1.07,240.0,16.0,12.0,4.0,82%,132.0,22%,0.0,0.0,1.33
Meteor,T1,https://www.vlr.gg/player/13039/meteor,Pacific,675210,268275,FracturePICK,bo3,0.93,229.0,11.0,16.0,7.0,82%,167.0,28%,0.0,2.0,0.69
BuZz,T1,https://www.vlr.gg/player/804/buzz,Pacific,675210,268275,FracturePICK,bo3,0.83,195.0,11.0,15.0,4.0,65%,142.0,27%,0.0,6.0,0.73
stax,T1,https://www.vlr.gg/player/485/stax,Pacific,675210,268275,FracturePICK,bo3,0.77,179.0,11.0,16.0,3.0,65%,108.0,20%,1.0,1.0,0.69
iZu,T1,https://www.vlr.gg/player/29833/izu,Pacific,675210,268275,FracturePICK,bo3,0.73,191.0,10.0,16.0,4.0,59%,125.0,15%,2.0,3.0,0.62
Munchkin,T1,https://www.vlr.gg/player/2489/munchkin,Pacific,675210,268275,FracturePICK,bo3,0.5,150.0,9.0,16.0,8.0,71%,90.0,12%,0.0,2.0,0.56
Francis,NS,https://www.vlr.gg/player/31828/francis,Pacific,675211,268277,HavenPICK,bo5,1.26,207.0,16.0,14.0,10.0,75%,159.0,30%,4.0,1.0,1.14
Ivy,NS,https://www.vlr.gg/player/31829/ivy,Pacific,675211,268277,HavenPICK,bo5,1.15,226.0,20.0,14.0,4.0,75%,146.0,32%,1.0,2.0,1.43
Xross,NS,https://www.vlr.gg/player/42772/xross,Pacific,675211,268277,HavenPICK,bo5,1.12,206.0,16.0,15.0,10.0,79%,130.0,27%,2.0,4.0,1.07
Dambi,NS,https://www.vlr.gg/player/31827/dambi,Pacific,675211,268277,HavenPICK,bo5,1.1,241.0,21.0,17.0,6.0,71%,150.0,17%,4.0,6.0,1.24
Rb,NS,https://www.vlr.gg/player/488/rb,Pacific,675211,268277,HavenPICK,bo5,0.79,144.0,13.0,18.0,12.0,75%,95.0,27%,0.0,0.0,0.72
ZynX,GEN,https://www.vlr.gg/player/51099/zynx,Pacific,675211,268277,HavenPICK,bo5,1.12,226.0,19.0,17.0,4.0,75%,147.0,43%,2.0,1.0,1.12
Ash,GEN,https://www.vlr.gg/player/25017/ash,Pacific,675211,268277,HavenPICK,bo5,1.07,256.0,21.0,19.0,5.0,71%,184.0,23%,3.0,0.0,1.11
Karon,GEN,https://www.vlr.gg/player/34974/karon,Pacific,675211,268277,HavenPICK,bo5,0.94,145.0,13.0,15.0,12.0,79%,86.0,31%,2.0,2.0,0.87
Lakia,GEN,https://www.vlr.gg/player/773/lakia,Pacific,675211,268277,HavenPICK,bo5,0.87,150.0,11.0,16.0,9.0,63%,107.0,23%,2.0,4.0,0.69
t3xture,GEN,https://www.vlr.gg/player/9196/t3xture,Pacific,675211,268277,HavenPICK,bo5,0.63,154.0,13.0,19.0,2.0,58%,97.0,26%,4.0,4.0,0.68
Rb,NS,https://www.vlr.gg/player/488/rb,Pacific,675211,268278,PearlPICK,bo5,1.22,181.0,12.0,11.0,9.0,81%,149.0,32%,1.0,0.0,1.09
Francis,NS,https://www.vlr.gg/player/31828/francis,Pacific,675211,268278,PearlPICK,bo5,1.21,210.0,19.0,12.0,4.0,67%,131.0,33%,1.0,2.0,1.58
Ivy,NS,https://www.vlr.gg/player/31829/ivy,Pacific,675211,268278,PearlPICK,bo5,1.06,205.0,16.0,14.0,2.0,67%,125.0,22%,4.0,3.0,1.14
Dambi,NS,https://www.vlr.gg/player/31827/dambi,Pacific,675211,268278,PearlPICK,bo5,0.94,223.0,17.0,14.0,5.0,71%,141.0,14%,2.0,4.0,1.21
Xross,NS,https://www.vlr.gg/player/42772/xross,Pacific,675211,268278,PearlPICK,bo5,0.81,189.0,12.0,16.0,5.0,81%,129.0,27%,3.0,1.0,0.75
Karon,GEN,https://www.vlr.gg/player/34974/karon,Pacific,675211,268278,PearlPICK,bo5,1.59,320.0,24.0,14.0,2.0,71%,191.0,47%,1.0,0.0,1.71
t3xture,GEN,https://www.vlr.gg/player/9196/t3xture,Pacific,675211,268278,PearlPICK,bo5,1.17,236.0,17.0,16.0,6.0,81%,149.0,40%,5.0,2.0,1.06
Ash,GEN,https://www.vlr.gg/player/25017/ash,Pacific,675211,268278,PearlPICK,bo5,0.69,139.0,10.0,15.0,2.0,57%,91.0,29%,2.0,6.0,0.67
Lakia,GEN,https://www.vlr.gg/player/773/lakia,Pacific,675211,268278,PearlPICK,bo5,0.63,104.0,7.0,15.0,7.0,62%,73.0,27%,0.0,1.0,0.47
ZynX,GEN,https://www.vlr.gg/player/51099/zynx,Pacific,675211,268278,PearlPICK,bo5,0.57,128.0,9.0,16.0,4.0,57%,97.0,37%,2.0,2.0,0.56
Ivy,NS,https://www.vlr.gg/player/31829/ivy,Pacific,675211,268279,FracturePICK,bo5,1.42,266.0,24.0,16.0,2.0,77%,165.0,33%,1.0,0.0,1.5
Francis,NS,https://www.vlr.gg/player/31828/francis,Pacific,675211,268279,FracturePICK,bo5,0.98,186.0,13.0,18.0,11.0,68%,123.0,24%,1.0,2.0,0.72
Dambi,NS,https://www.vlr.gg/player/31827/dambi,Pacific,675211,268279,FracturePICK,bo5,0.96,192.0,14.0,16.0,9.0,64%,134.0,22%,3.0,7.0,0.88
Xross,NS,https://www.vlr.gg/player/42772/xross,Pacific,675211,268279,FracturePICK,bo5,0.85,207.0,13.0,19.0,8.0,64%,164.0,15%,3.0,2.0,0.68
Rb,NS,https://www.vlr.gg/player/488/rb,Pacific,675211,268279,FracturePICK,bo5,0.62,133.0,6.0,16.0,16.0,73%,100.0,19%,0.0,3.0,0.38
t3xture,GEN,https://www.vlr.gg/player/9196/t3xture,Pacific,675211,268279,FracturePICK,bo5,1.26,247.0,20.0,15.0,5.0,86%,142.0,40%,7.0,1.0,1.33
Ash,GEN,https://www.vlr.gg/player/25017/ash,Pacific,675211,268279,FracturePICK,bo5,1.19,241.0,18.0,14.0,12.0,82%,173.0,26%,1.0,2.0,1.29
Karon,GEN,https://www.vlr.gg/player/34974/karon,Pacific,675211,268279,FracturePICK,bo5,1.17,241.0,18.0,15.0,15.0,91%,156.0,31%,2.0,1.0,1.2
ZynX,GEN,https://www.vlr.gg/player/51099/zynx,Pacific,675211,268279,FracturePICK,bo5,1.05,188.0,16.0,13.0,4.0,68%,137.0,24%,2.0,2.0,1.23
Lakia,GEN,https://www.vlr.gg/player/773/lakia,Pacific,675211,268279,FracturePICK,bo5,0.98,161.0,13.0,13.0,7.0,73%,105.0,32%,2.0,2.0,1.0
Dambi,NS,https://www.vlr.gg/player/31827/dambi,Pacific,675211,271626,BreezePICK,bo5,1.21,281.0,21.0,17.0,6.0,70%,182.0,22%,9.0,1.0,1.24
Ivy,NS,https://www.vlr.gg/player/31829/ivy,Pacific,675211,271626,BreezePICK,bo5,1.2,196.0,18.0,14.0,4.0,74%,126.0,34%,4.0,3.0,1.29
Francis,NS,https://www.vlr.gg/player/31828/francis,Pacific,675211,271626,BreezePICK,bo5,0.98,176.0,15.0,16.0,7.0,70%,118.0,23%,4.0,1.0,0.94
Xross,NS,https://www.vlr.gg/player/42772/xross,Pacific,675211,271626,BreezePICK,bo5,0.95,202.0,16.0,16.0,9.0,74%,127.0,25%,0.0,1.0,1.0
Rb,NS,https://www.vlr.gg/player/488/rb,Pacific,675211,271626,BreezePICK,bo5,0.9,143.0,13.0,13.0,7.0,70%,101.0,28%,0.0,0.0,1.0
t3xture,GEN,https://www.vlr.gg/player/9196/t3xture,Pacific,675211,271626,BreezePICK,bo5,1.48,292.0,25.0,17.0,2.0,65%,186.0,25%,3.0,1.0,1.47
Karon,GEN,https://www.vlr.gg/player/34974/karon,Pacific,675211,271626,BreezePICK,bo5,0.95,161.0,11.0,16.0,15.0,78%,113.0,29%,0.0,2.0,0.69
ZynX,GEN,https://www.vlr.gg/player/51099/zynx,Pacific,675211,271626,BreezePICK,bo5,0.85,188.0,17.0,18.0,2.0,57%,137.0,42%,2.0,4.0,0.94
Lakia,GEN,https://www.vlr.gg/player/773/lakia,Pacific,675211,271626,BreezePICK,bo5,0.84,170.0,12.0,16.0,7.0,74%,131.0,24%,0.0,5.0,0.75
Ash,GEN,https://www.vlr.gg/player/25017/ash,Pacific,675211,271626,BreezePICK,bo5,0.77,147.0,11.0,16.0,6.0,65%,109.0,26%,1.0,5.0,0.69
whzy,BLG,https://www.vlr.gg/player/4885/whzy,CN,675340,268345,Lotus,bo3,,305.0,22.0,13.0,7.0,,,,,,1.69
rushia,BLG,https://www.vlr.gg/player/48878/rushia,CN,675340,268345,Lotus,bo3,,277.0,19.0,13.0,3.0,,,,,,1.46
yilai,BLG,https://www.vlr.gg/player/62947/yilai,CN,675340,268345,Lotus,bo3,,176.0,14.0,10.0,1.0,,,,,,1.4
nephh,BLG,https://www.vlr.gg/player/10698/nephh,CN,675340,268345,Lotus,bo3,,166.0,11.0,12.0,9.0,,,,,,0.92
Knight,BLG,https://www.vlr.gg/player/4774/knight,CN,675340,268345,Lotus,bo3,,129.0,9.0,13.0,2.0,,,,,,0.69
Spring,WOL,https://www.vlr.gg/player/14125/spring,CN,675340,268345,Lotus,bo3,,337.0,23.0,13.0,3.0,,,,,,1.77
glacier,WOL,https://www.vlr.gg/player/49973/glacier,CN,675340,268345,Lotus,bo3,,217.0,15.0,15.0,1.0,,,,,,1.0
yosemite,WOL,https://www.vlr.gg/player/6022/yosemite,CN,675340,268345,Lotus,bo3,,178.0,12.0,15.0,3.0,,,,,,0.8
SiuFatBB,WOL,https://www.vlr.gg/player/7849/siufatbb,CN,675340,268345,Lotus,bo3,,161.0,10.0,16.0,6.0,,,,,,0.62
LuXlis,WOL,https://www.vlr.gg/player/40610/luxlis,CN,675340,268345,Lotus,bo3,,30.0,1.0,16.0,5.0,,,,,,0.06
whzy,BLG,https://www.vlr.gg/player/4885/whzy,CN,675340,268346,Pearl,bo3,,326.0,25.0,15.0,5.0,,,,,,1.67
yilai,BLG,https://www.vlr.gg/player/62947/yilai,CN,675340,268346,Pearl,bo3,,248.0,19.0,13.0,4.0,,,,,,1.46
rushia,BLG,https://www.vlr.gg/player/48878/rushia,CN,675340,268346,Pearl,bo3,,200.0,16.0,14.0,2.0,,,,,,1.14
Knight,BLG,https://www.vlr.gg/player/4774/knight,CN,675340,268346,Pearl,bo3,,135.0,10.0,13.0,4.0,,,,,,0.77
nephh,BLG,https://www.vlr.gg/player/10698/nephh,CN,675340,268346,Pearl,bo3,,128.0,8.0,11.0,14.0,,,,,,0.73
yosemite,WOL,https://www.vlr.gg/player/6022/yosemite,CN,675340,268346,Pearl,bo3,,323.0,20.0,17.0,8.0,,,,,,1.18
Spring,WOL,https://www.vlr.gg/player/14125/spring,CN,675340,268346,Pearl,bo3,,270.0,21.0,14.0,4.0,,,,,,1.5
glacier,WOL,https://www.vlr.gg/player/49973/glacier,CN,675340,268346,Pearl,bo3,,169.0,11.0,16.0,3.0,,,,,,0.69
SiuFatBB,WOL,https://www.vlr.gg/player/7849/siufatbb,CN,675340,268346,Pearl,bo3,,131.0,9.0,14.0,4.0,,,,,,0.64
LuXlis,WOL,https://www.vlr.gg/player/40610/luxlis,CN,675340,268346,Pearl,bo3,,70.0,5.0,17.0,5.0,,,,,,0.29
Setrod,FPX,https://www.vlr.gg/player/50025/setrod,CN,675341,268348,Ascent,bo3,,296.0,23.0,12.0,6.0,,,,,,1.92
KovaQ,FPX,https://www.vlr.gg/player/7987/kovaq,CN,675341,268348,Ascent,bo3,,227.0,18.0,13.0,5.0,,,,,,1.38
AAAAY,FPX,https://www.vlr.gg/player/19530/aaaay,CN,675341,268348,Ascent,bo3,,165.0,14.0,14.0,3.0,,,,,,1.0
Zhubibi,FPX,https://www.vlr.gg/player/58013/zhubibi,CN,675341,268348,Ascent,bo3,,140.0,11.0,17.0,5.0,,,,,,0.65
Ben1Ley,FPX,https://www.vlr.gg/player/55823/ben1ley,CN,675341,268348,Ascent,bo3,,117.0,11.0,13.0,8.0,,,,,,0.85
GuanG,NOVA,https://www.vlr.gg/player/41054/guang,CN,675341,268348,Ascent,bo3,,202.0,16.0,16.0,5.0,,,,,,1.0
swagzor,NOVA,https://www.vlr.gg/player/45492/swagzor,CN,675341,268348,Ascent,bo3,,182.0,13.0,16.0,9.0,,,,,,0.81
Ezeir,NOVA,https://www.vlr.gg/player/46460/ezeir,CN,675341,268348,Ascent,bo3,,182.0,16.0,15.0,4.0,,,,,,1.07
qiutiaN,NOVA,https://www.vlr.gg/player/43007/qiutian,CN,675341,268348,Ascent,bo3,,152.0,13.0,15.0,7.0,,,,,,0.87
GREEN,NOVA,https://www.vlr.gg/player/34181/green,CN,675341,268348,Ascent,bo3,,147.0,11.0,15.0,6.0,,,,,,0.73
KovaQ,FPX,https://www.vlr.gg/player/7987/kovaq,CN,675341,268349,Haven,bo3,,210.0,13.0,15.0,11.0,,,,,,0.87
Zhubibi,FPX,https://www.vlr.gg/player/58013/zhubibi,CN,675341,268349,Haven,bo3,,176.0,12.0,16.0,3.0,,,,,,0.75
AAAAY,FPX,https://www.vlr.gg/player/19530/aaaay,CN,675341,268349,Haven,bo3,,168.0,12.0,14.0,2.0,,,,,,0.86
Ben1Ley,FPX,https://www.vlr.gg/player/55823/ben1ley,CN,675341,268349,Haven,bo3,,142.0,10.0,17.0,6.0,,,,,,0.59
Setrod,FPX,https://www.vlr.gg/player/50025/setrod,CN,675341,268349,Haven,bo3,,125.0,10.0,14.0,1.0,,,,,,0.71
swagzor,NOVA,https://www.vlr.gg/player/45492/swagzor,CN,675341,268349,Haven,bo3,,303.0,21.0,14.0,7.0,,,,,,1.5
GuanG,NOVA,https://www.vlr.gg/player/41054/guang,CN,675341,268349,Haven,bo3,,230.0,17.0,12.0,2.0,,,,,,1.42
qiutiaN,NOVA,https://www.vlr.gg/player/43007/qiutian,CN,675341,268349,Haven,bo3,,208.0,15.0,10.0,4.0,,,,,,1.5
Ezeir,NOVA,https://www.vlr.gg/player/46460/ezeir,CN,675341,268349,Haven,bo3,,190.0,15.0,10.0,10.0,,,,,,1.5
GREEN,NOVA,https://www.vlr.gg/player/34181/green,CN,675341,268349,Haven,bo3,,115.0,8.0,11.0,11.0,,,,,,0.73
KovaQ,FPX,https://www.vlr.gg/player/7987/kovaq,CN,675341,268350,Pearl,bo3,,217.0,17.0,17.0,4.0,,,,,,1.0
AAAAY,FPX,https://www.vlr.gg/player/19530/aaaay,CN,675341,268350,Pearl,bo3,,204.0,15.0,18.0,3.0,,,,,,0.83
Zhubibi,FPX,https://www.vlr.gg/player/58013/zhubibi,CN,675341,268350,Pearl,bo3,,184.0,15.0,16.0,6.0,,,,,,0.94
Ben1Ley,FPX,https://www.vlr.gg/player/55823/ben1ley,CN,675341,268350,Pearl,bo3,,170.0,15.0,17.0,6.0,,,,,,0.88
Setrod,FPX,https://www.vlr.gg/player/50025/setrod,CN,675341,268350,Pearl,bo3,,137.0,11.0,19.0,2.0,,,,,,0.58
swagzor,NOVA,https://www.vlr.gg/player/45492/swagzor,CN,675341,268350,Pearl,bo3,,360.0,29.0,16.0,3.0,,,,,,1.81
qiutiaN,NOVA,https://www.vlr.gg/player/43007/qiutian,CN,675341,268350,Pearl,bo3,,235.0,20.0,15.0,2.0,,,,,,1.33
GuanG,NOVA,https://www.vlr.gg/player/41054/guang,CN,675341,268350,Pearl,bo3,,209.0,20.0,12.0,2.0,,,,,,1.67
GREEN,NOVA,https://www.vlr.gg/player/34181/green,CN,675341,268350,Pearl,bo3,,153.0,11.0,18.0,19.0,,,,,,0.61
Ezeir,NOVA,https://www.vlr.gg/player/46460/ezeir,CN,675341,268350,Pearl,bo3,,89.0,7.0,12.0,6.0,,,,,,0.58
nephh,BLG,https://www.vlr.gg/player/10698/nephh,CN,675342,268351,Lotus,bo3,,224.0,14.0,13.0,9.0,,,,,,1.08
yilai,BLG,https://www.vlr.gg/player/62947/yilai,CN,675342,268351,Lotus,bo3,,204.0,12.0,15.0,2.0,,,,,,0.8
Knight,BLG,https://www.vlr.gg/player/4774/knight,CN,675342,268351,Lotus,bo3,,188.0,12.0,16.0,2.0,,,,,,0.75
rushia,BLG,https://www.vlr.gg/player/48878/rushia,CN,675342,268351,Lotus,bo3,,168.0,9.0,15.0,6.0,,,,,,0.6
whzy,BLG,https://www.vlr.gg/player/4885/whzy,CN,675342,268351,Lotus,bo3,,157.0,8.0,16.0,3.0,,,,,,0.5
swagzor,NOVA,https://www.vlr.gg/player/45492/swagzor,CN,675342,268351,Lotus,bo3,,355.0,22.0,10.0,5.0,,,,,,2.2
GuanG,NOVA,https://www.vlr.gg/player/41054/guang,CN,675342,268351,Lotus,bo3,,257.0,17.0,11.0,1.0,,,,,,1.55
Ezeir,NOVA,https://www.vlr.gg/player/46460/ezeir,CN,675342,268351,Lotus,bo3,,216.0,15.0,12.0,8.0,,,,,,1.25
qiutiaN,NOVA,https://www.vlr.gg/player/43007/qiutian,CN,675342,268351,Lotus,bo3,,184.0,12.0,11.0,6.0,,,,,,1.09
GREEN,NOVA,https://www.vlr.gg/player/34181/green,CN,675342,268351,Lotus,bo3,,135.0,9.0,11.0,3.0,,,,,,0.82
Knight,BLG,https://www.vlr.gg/player/4774/knight,CN,675342,268352,Haven,bo3,,257.0,22.0,16.0,8.0,,,,,,1.38
rushia,BLG,https://www.vlr.gg/player/48878/rushia,CN,675342,268352,Haven,bo3,,237.0,19.0,15.0,3.0,,,,,,1.27
whzy,BLG,https://www.vlr.gg/player/4885/whzy,CN,675342,268352,Haven,bo3,,215.0,18.0,18.0,8.0,,,,,,1.0
yilai,BLG,https://www.vlr.gg/player/62947/yilai,CN,675342,268352,Haven,bo3,,124.0,9.0,20.0,7.0,,,,,,0.45
nephh,BLG,https://www.vlr.gg/player/10698/nephh,CN,675342,268352,Haven,bo3,,20.0,16.0,20.0,11.0,,,,,,0.8
swagzor,NOVA,https://www.vlr.gg/player/45492/swagzor,CN,675342,268352,Haven,bo3,,302.0,25.0,18.0,5.0,,,,,,1.39
Ezeir,NOVA,https://www.vlr.gg/player/46460/ezeir,CN,675342,268352,Haven,bo3,,258.0,18.0,19.0,9.0,,,,,,0.95
GuanG,NOVA,https://www.vlr.gg/player/41054/guang,CN,675342,268352,Haven,bo3,,209.0,17.0,16.0,2.0,,,,,,1.06
qiutiaN,NOVA,https://www.vlr.gg/player/43007/qiutian,CN,675342,268352,Haven,bo3,,197.0,17.0,15.0,9.0,,,,,,1.13
GREEN,NOVA,https://www.vlr.gg/player/34181/green,CN,675342,268352,Haven,bo3,,136.0,12.0,16.0,9.0,,,,,,0.75
whzy,BLG,https://www.vlr.gg/player/4885/whzy,CN,675342,268353,Split,bo3,,298.0,19.0,15.0,6.0,,,,,,1.27
Knight,BLG,https://www.vlr.gg/player/4774/knight,CN,675342,268353,Split,bo3,,178.0,10.0,18.0,2.0,,,,,,0.56
nephh,BLG,https://www.vlr.gg/player/10698/nephh,CN,675342,268353,Split,bo3,,178.0,13.0,14.0,7.0,,,,,,0.93
rushia,BLG,https://www.vlr.gg/player/48878/rushia,CN,675342,268353,Split,bo3,,149.0,9.0,14.0,5.0,,,,,,0.64
yilai,BLG,https://www.vlr.gg/player/62947/yilai,CN,675342,268353,Split,bo3,,115.0,9.0,15.0,3.0,,,,,,0.6
swagzor,NOVA,https://www.vlr.gg/player/45492/swagzor,CN,675342,268353,Split,bo3,,411.0,30.0,12.0,4.0,,,,,,2.5
Ezeir,NOVA,https://www.vlr.gg/player/46460/ezeir,CN,675342,268353,Split,bo3,,219.0,14.0,15.0,3.0,,,,,,0.93
qiutiaN,NOVA,https://www.vlr.gg/player/43007/qiutian,CN,675342,268353,Split,bo3,,163.0,13.0,12.0,3.0,,,,,,1.08
GREEN,NOVA,https://www.vlr.gg/player/34181/green,CN,675342,268353,Split,bo3,,145.0,10.0,10.0,6.0,,,,,,1.0
GuanG,NOVA,https://www.vlr.gg/player/41054/guang,CN,675342,268353,Split,bo3,,133.0,9.0,11.0,4.0,,,,,,0.82
Spring,WOL,https://www.vlr.gg/player/14125/spring,CN,675344,268357,Haven,bo3,,262.0,20.0,17.0,8.0,,,,,,1.18
yosemite,WOL,https://www.vlr.gg/player/6022/yosemite,CN,675344,268357,Haven,bo3,,224.0,17.0,17.0,2.0,,,,,,1.0
glacier,WOL,https://www.vlr.gg/player/49973/glacier,CN,675344,268357,Haven,bo3,,192.0,16.0,13.0,2.0,,,,,,1.23
LuXlis,WOL,https://www.vlr.gg/player/40610/luxlis,CN,675344,268357,Haven,bo3,,126.0,10.0,17.0,5.0,,,,,,0.59
SiuFatBB,WOL,https://www.vlr.gg/player/7849/siufatbb,CN,675344,268357,Haven,bo3,,122.0,8.0,14.0,7.0,,,,,,0.57
AAAAY,FPX,https://www.vlr.gg/player/19530/aaaay,CN,675344,268357,Haven,bo3,,256.0,21.0,13.0,2.0,,,,,,1.62
Setrod,FPX,https://www.vlr.gg/player/50025/setrod,CN,675344,268357,Haven,bo3,,243.0,19.0,13.0,11.0,,,,,,1.46
KovaQ,FPX,https://www.vlr.gg/player/7987/kovaq,CN,675344,268357,Haven,bo3,,220.0,17.0,15.0,4.0,,,,,,1.13
Zhubibi,FPX,https://www.vlr.gg/player/58013/zhubibi,CN,675344,268357,Haven,bo3,,165.0,13.0,15.0,5.0,,,,,,0.87
Ben1Ley,FPX,https://www.vlr.gg/player/55823/ben1ley,CN,675344,268357,Haven,bo3,,112.0,8.0,15.0,15.0,,,,,,0.53
glacier,WOL,https://www.vlr.gg/player/49973/glacier,CN,675344,268358,Ascent,bo3,,244.0,22.0,15.0,1.0,,,,,,1.47
yosemite,WOL,https://www.vlr.gg/player/6022/yosemite,CN,675344,268358,Ascent,bo3,,231.0,18.0,14.0,5.0,,,,,,1.29
SiuFatBB,WOL,https://www.vlr.gg/player/7849/siufatbb,CN,675344,268358,Ascent,bo3,,167.0,11.0,15.0,20.0,,,,,,0.73
LuXlis,WOL,https://www.vlr.gg/player/40610/luxlis,CN,675344,268358,Ascent,bo3,,166.0,10.0,18.0,9.0,,,,,,0.56
Spring,WOL,https://www.vlr.gg/player/14125/spring,CN,675344,268358,Ascent,bo3,,145.0,12.0,13.0,10.0,,,,,,0.92
AAAAY,FPX,https://www.vlr.gg/player/19530/aaaay,CN,675344,268358,Ascent,bo3,,248.0,20.0,13.0,4.0,,,,,,1.54
KovaQ,FPX,https://www.vlr.gg/player/7987/kovaq,CN,675344,268358,Ascent,bo3,,218.0,19.0,13.0,4.0,,,,,,1.46
Setrod,FPX,https://www.vlr.gg/player/50025/setrod,CN,675344,268358,Ascent,bo3,,189.0,15.0,18.0,2.0,,,,,,0.83
Ben1Ley,FPX,https://www.vlr.gg/player/55823/ben1ley,CN,675344,268358,Ascent,bo3,,187.0,12.0,14.0,14.0,,,,,,0.86
Zhubibi,FPX,https://www.vlr.gg/player/58013/zhubibi,CN,675344,268358,Ascent,bo3,,114.0,9.0,15.0,4.0,,,,,,0.6
glacier,WOL,https://www.vlr.gg/player/49973/glacier,CN,675344,268359,Pearl,bo3,,271.0,21.0,17.0,7.0,,,,,,1.24
Spring,WOL,https://www.vlr.gg/player/14125/spring,CN,675344,268359,Pearl,bo3,,206.0,16.0,16.0,9.0,,,,,,1.0
yosemite,WOL,https://www.vlr.gg/player/6022/yosemite,CN,675344,268359,Pearl,bo3,,192.0,16.0,16.0,5.0,,,,,,1.0
SiuFatBB,WOL,https://www.vlr.gg/player/7849/siufatbb,CN,675344,268359,Pearl,bo3,,161.0,13.0,16.0,8.0,,,,,,0.81
LuXlis,WOL,https://www.vlr.gg/player/40610/luxlis,CN,675344,268359,Pearl,bo3,,159.0,13.0,20.0,14.0,,,,,,0.65
AAAAY,FPX,https://www.vlr.gg/player/19530/aaaay,CN,675344,268359,Pearl,bo3,,254.0,21.0,16.0,5.0,,,,,,1.31
Setrod,FPX,https://www.vlr.gg/player/50025/setrod,CN,675344,268359,Pearl,bo3,,229.0,21.0,14.0,0.0,,,,,,1.5
Zhubibi,FPX,https://www.vlr.gg/player/58013/zhubibi,CN,675344,268359,Pearl,bo3,,190.0,15.0,16.0,6.0,,,,,,0.94
KovaQ,FPX,https://www.vlr.gg/player/7987/kovaq,CN,675344,268359,Pearl,bo3,,182.0,15.0,17.0,3.0,,,,,,0.88
Ben1Ley,FPX,https://www.vlr.gg/player/55823/ben1ley,CN,675344,268359,Pearl,bo3,,182.0,13.0,16.0,11.0,,,,,,0.81
rushia,BLG,https://www.vlr.gg/player/48878/rushia,CN,675345,268360,Breeze,bo3,,234.0,20.0,14.0,7.0,,,,,,1.43
whzy,BLG,https://www.vlr.gg/player/4885/whzy,CN,675345,268360,Breeze,bo3,,220.0,17.0,19.0,3.0,,,,,,0.89
nephh,BLG,https://www.vlr.gg/player/10698/nephh,CN,675345,268360,Breeze,bo3,,205.0,16.0,17.0,11.0,,,,,,0.94
yilai,BLG,https://www.vlr.gg/player/62947/yilai,CN,675345,268360,Breeze,bo3,,184.0,16.0,16.0,4.0,,,,,,1.0
Knight,BLG,https://www.vlr.gg/player/4774/knight,CN,675345,268360,Breeze,bo3,,166.0,15.0,12.0,4.0,,,,,,1.25
Setrod,FPX,https://www.vlr.gg/player/50025/setrod,CN,675345,268360,Breeze,bo3,,253.0,20.0,17.0,3.0,,,,,,1.18
AAAAY,FPX,https://www.vlr.gg/player/19530/aaaay,CN,675345,268360,Breeze,bo3,,249.0,20.0,16.0,5.0,,,,,,1.25
Zhubibi,FPX,https://www.vlr.gg/player/58013/zhubibi,CN,675345,268360,Breeze,bo3,,192.0,17.0,14.0,0.0,,,,,,1.21
Ben1Ley,FPX,https://www.vlr.gg/player/55823/ben1ley,CN,675345,268360,Breeze,bo3,,178.0,12.0,17.0,12.0,,,,,,0.71
KovaQ,FPX,https://www.vlr.gg/player/7987/kovaq,CN,675345,268360,Breeze,bo3,,113.0,9.0,29.0,2.0,,,,,,0.31
rushia,BLG,https://www.vlr.gg/player/48878/rushia,CN,675345,268361,Lotus,bo3,,218.0,15.0,16.0,4.0,,,,,,0.94
whzy,BLG,https://www.vlr.gg/player/4885/whzy,CN,675345,268361,Lotus,bo3,,212.0,15.0,19.0,2.0,,,,,,0.79
Knight,BLG,https://www.vlr.gg/player/4774/knight,CN,675345,268361,Lotus,bo3,,182.0,14.0,17.0,3.0,,,,,,0.82
yilai,BLG,https://www.vlr.gg/player/62947/yilai,CN,675345,268361,Lotus,bo3,,171.0,10.0,17.0,2.0,,,,,,0.59
nephh,BLG,https://www.vlr.gg/player/10698/nephh,CN,675345,268361,Lotus,bo3,,99.0,7.0,13.0,4.0,,,,,,0.54
Setrod,FPX,https://www.vlr.gg/player/50025/setrod,CN,675345,268361,Lotus,bo3,,309.0,24.0,11.0,6.0,,,,,,2.18
AAAAY,FPX,https://www.vlr.gg/player/19530/aaaay,CN,675345,268361,Lotus,bo3,,286.0,24.0,8.0,4.0,,,,,,3.0
Ben1Ley,FPX,https://www.vlr.gg/player/55823/ben1ley,CN,675345,268361,Lotus,bo3,,176.0,13.0,12.0,6.0,,,,,,1.08
Zhubibi,FPX,https://www.vlr.gg/player/58013/zhubibi,CN,675345,268361,Lotus,bo3,,150.0,11.0,15.0,3.0,,,,,,0.73
KovaQ,FPX,https://www.vlr.gg/player/7987/kovaq,CN,675345,268361,Lotus,bo3,,148.0,10.0,15.0,5.0,,,,,,0.67
Knight,BLG,https://www.vlr.gg/player/4774/knight,CN,675345,268362,Haven,bo3,,210.0,15.0,15.0,1.0,,,,,,1.0
yilai,BLG,https://www.vlr.gg/player/62947/yilai,CN,675345,268362,Haven,bo3,,207.0,14.0,17.0,3.0,,,,,,0.82
nephh,BLG,https://www.vlr.gg/player/10698/nephh,CN,675345,268362,Haven,bo3,,192.0,13.0,16.0,11.0,,,,,,0.81
rushia,BLG,https://www.vlr.gg/player/48878/rushia,CN,675345,268362,Haven,bo3,,148.0,8.0,17.0,5.0,,,,,,0.47
whzy,BLG,https://www.vlr.gg/player/4885/whzy,CN,675345,268362,Haven,bo3,,97.0,5.0,17.0,6.0,,,,,,0.29
KovaQ,FPX,https://www.vlr.gg/player/7987/kovaq,CN,675345,268362,Haven,bo3,,302.0,21.0,11.0,7.0,,,,,,1.91
Zhubibi,FPX,https://www.vlr.gg/player/58013/zhubibi,CN,675345,268362,Haven,bo3,,260.0,18.0,9.0,6.0,,,,,,2.0
AAAAY,FPX,https://www.vlr.gg/player/19530/aaaay,CN,675345,268362,Haven,bo3,,228.0,19.0,8.0,3.0,,,,,,2.38
Ben1Ley,FPX,https://www.vlr.gg/player/55823/ben1ley,CN,675345,268362,Haven,bo3,,210.0,15.0,13.0,15.0,,,,,,1.15
Setrod,FPX,https://www.vlr.gg/player/50025/setrod,CN,675345,268362,Haven,bo3,,130.0,9.0,14.0,9.0,,,,,,0.64
swagzor,NOVA,https://www.vlr.gg/player/45492/swagzor,CN,675343,268354,Ascent,bo3,,285.0,19.0,16.0,6.0,,,,,,1.19
GuanG,NOVA,https://www.vlr.gg/player/41054/guang,CN,675343,268354,Ascent,bo3,,214.0,16.0,13.0,4.0,,,,,,1.23
qiutiaN,NOVA,https://www.vlr.gg/player/43007/qiutian,CN,675343,268354,Ascent,bo3,,156.0,12.0,15.0,7.0,,,,,,0.8
Ezeir,NOVA,https://www.vlr.gg/player/46460/ezeir,CN,675343,268354,Ascent,bo3,,146.0,9.0,15.0,14.0,,,,,,0.6
GREEN,NOVA,https://www.vlr.gg/player/34181/green,CN,675343,268354,Ascent,bo3,,114.0,9.0,15.0,5.0,,,,,,0.6
Setrod,FPX,https://www.vlr.gg/player/50025/setrod,CN,675343,268354,Ascent,bo3,,295.0,21.0,12.0,4.0,,,,,,1.75
KovaQ,FPX,https://www.vlr.gg/player/7987/kovaq,CN,675343,268354,Ascent,bo3,,258.0,20.0,12.0,3.0,,,,,,1.67
AAAAY,FPX,https://www.vlr.gg/player/19530/aaaay,CN,675343,268354,Ascent,bo3,,173.0,14.0,13.0,2.0,,,,,,1.08
Zhubibi,FPX,https://www.vlr.gg/player/58013/zhubibi,CN,675343,268354,Ascent,bo3,,138.0,9.0,14.0,3.0,,,,,,0.64
Ben1Ley,FPX,https://www.vlr.gg/player/55823/ben1ley,CN,675343,268354,Ascent,bo3,,127.0,10.0,14.0,14.0,,,,,,0.71
swagzor,NOVA,https://www.vlr.gg/player/45492/swagzor,CN,675343,268355,Lotus,bo3,,270.0,20.0,15.0,10.0,,,,,,1.33
qiutiaN,NOVA,https://www.vlr.gg/player/43007/qiutian,CN,675343,268355,Lotus,bo3,,224.0,14.0,11.0,15.0,,,,,,1.27
GuanG,NOVA,https://www.vlr.gg/player/41054/guang,CN,675343,268355,Lotus,bo3,,209.0,16.0,11.0,4.0,,,,,,1.45
Ezeir,NOVA,https://www.vlr.gg/player/46460/ezeir,CN,675343,268355,Lotus,bo3,,205.0,15.0,10.0,8.0,,,,,,1.5
GREEN,NOVA,https://www.vlr.gg/player/34181/green,CN,675343,268355,Lotus,bo3,,148.0,10.0,13.0,7.0,,,,,,0.77
Setrod,FPX,https://www.vlr.gg/player/50025/setrod,CN,675343,268355,Lotus,bo3,,193.0,12.0,17.0,3.0,,,,,,0.71
AAAAY,FPX,https://www.vlr.gg/player/19530/aaaay,CN,675343,268355,Lotus,bo3,,187.0,14.0,15.0,2.0,,,,,,0.93
Zhubibi,FPX,https://www.vlr.gg/player/58013/zhubibi,CN,675343,268355,Lotus,bo3,,187.0,14.0,15.0,2.0,,,,,,0.93
KovaQ,FPX,https://www.vlr.gg/player/7987/kovaq,CN,675343,268355,Lotus,bo3,,167.0,11.0,16.0,3.0,,,,,,0.69
Ben1Ley,FPX,https://www.vlr.gg/player/55823/ben1ley,CN,675343,268355,Lotus,bo3,,129.0,9.0,12.0,3.0,,,,,,0.75
Ezeir,NOVA,https://www.vlr.gg/player/46460/ezeir,CN,675343,268356,Haven,bo3,,254.0,16.0,15.0,2.0,,,,,,1.07
GuanG,NOVA,https://www.vlr.gg/player/41054/guang,CN,675343,268356,Haven,bo3,,209.0,11.0,14.0,5.0,,,,,,0.79
GREEN,NOVA,https://www.vlr.gg/player/34181/green,CN,675343,268356,Haven,bo3,,162.0,11.0,16.0,5.0,,,,,,0.69
swagzor,NOVA,https://www.vlr.gg/player/45492/swagzor,CN,675343,268356,Haven,bo3,,146.0,10.0,16.0,0.0,,,,,,0.62
qiutiaN,NOVA,https://www.vlr.gg/player/43007/qiutian,CN,675343,268356,Haven,bo3,,118.0,8.0,15.0,3.0,,,,,,0.53
AAAAY,FPX,https://www.vlr.gg/player/19530/aaaay,CN,675343,268356,Haven,bo3,,227.0,16.0,13.0,1.0,,,,,,1.23
Zhubibi,FPX,https://www.vlr.gg/player/58013/zhubibi,CN,675343,268356,Haven,bo3,,222.0,17.0,10.0,3.0,,,,,,1.7
Ben1Ley,FPX,https://www.vlr.gg/player/55823/ben1ley,CN,675343,268356,Haven,bo3,,214.0,15.0,11.0,9.0,,,,,,1.36
Setrod,FPX,https://www.vlr.gg/player/50025/setrod,CN,675343,268356,Haven,bo3,,209.0,13.0,13.0,8.0,,,,,,1.0
KovaQ,FPX,https://www.vlr.gg/player/7987/kovaq,CN,675343,268356,Haven,bo3,,201.0,15.0,9.0,5.0,,,,,,1.67
Rarga,XLG,https://www.vlr.gg/player/22047/rarga,CN,675346,268363,BreezePICK,bo3,,,,,,,,,,,
happywei,XLG,https://www.vlr.gg/player/37927/happywei,CN,675346,268363,BreezePICK,bo3,,,,,,,,,,,
NoMan,XLG,https://www.vlr.gg/player/11527/noman,CN,675346,268363,BreezePICK,bo3,,,,,,,,,,,
Lysoar,XLG,https://www.vlr.gg/player/37489/lysoar,CN,675346,268363,BreezePICK,bo3,,,,,,,,,,,
WsLeo,XLG,https://www.vlr.gg/player/24308/wsleo,CN,675346,268363,BreezePICK,bo3,,,,,,,,,,,
AAAAY,FPX,https://www.vlr.gg/player/19530/aaaay,CN,675346,268363,BreezePICK,bo3,,,,,,,,,,,
BerLIN,FPX,https://www.vlr.gg/player/7857/berlin,CN,675346,268363,BreezePICK,bo3,,,,,,,,,,,
Setrod,FPX,https://www.vlr.gg/player/50025/setrod,CN,675346,268363,BreezePICK,bo3,,,,,,,,,,,
KovaQ,FPX,https://www.vlr.gg/player/7987/kovaq,CN,675346,268363,BreezePICK,bo3,,,,,,,,,,,
Ben1Ley,FPX,https://www.vlr.gg/player/55823/ben1ley,CN,675346,268363,BreezePICK,bo3,,,,,,,,,,,
Rarga,XLG,https://www.vlr.gg/player/22047/rarga,CN,675346,268364,SplitPICK,bo3,,,,,,,,,,,
happywei,XLG,https://www.vlr.gg/player/37927/happywei,CN,675346,268364,SplitPICK,bo3,,,,,,,,,,,
NoMan,XLG,https://www.vlr.gg/player/11527/noman,CN,675346,268364,SplitPICK,bo3,,,,,,,,,,,
Lysoar,XLG,https://www.vlr.gg/player/37489/lysoar,CN,675346,268364,SplitPICK,bo3,,,,,,,,,,,
WsLeo,XLG,https://www.vlr.gg/player/24308/wsleo,CN,675346,268364,SplitPICK,bo3,,,,,,,,,,,
AAAAY,FPX,https://www.vlr.gg/player/19530/aaaay,CN,675346,268364,SplitPICK,bo3,,,,,,,,,,,
BerLIN,FPX,https://www.vlr.gg/player/7857/berlin,CN,675346,268364,SplitPICK,bo3,,,,,,,,,,,
Setrod,FPX,https://www.vlr.gg/player/50025/setrod,CN,675346,268364,SplitPICK,bo3,,,,,,,,,,,
KovaQ,FPX,https://www.vlr.gg/player/7987/kovaq,CN,675346,268364,SplitPICK,bo3,,,,,,,,,,,
Ben1Ley,FPX,https://www.vlr.gg/player/55823/ben1ley,CN,675346,268364,SplitPICK,bo3,,,,,,,,,,,
Rarga,XLG,https://www.vlr.gg/player/22047/rarga,CN,675346,268365,Haven,bo3,,,,,,,,,,,
happywei,XLG,https://www.vlr.gg/player/37927/happywei,CN,675346,268365,Haven,bo3,,,,,,,,,,,
NoMan,XLG,https://www.vlr.gg/player/11527/noman,CN,675346,268365,Haven,bo3,,,,,,,,,,,
Lysoar,XLG,https://www.vlr.gg/player/37489/lysoar,CN,675346,268365,Haven,bo3,,,,,,,,,,,
WsLeo,XLG,https://www.vlr.gg/player/24308/wsleo,CN,675346,268365,Haven,bo3,,,,,,,,,,,
AAAAY,FPX,https://www.vlr.gg/player/19530/aaaay,CN,675346,268365,Haven,bo3,,,,,,,,,,,
BerLIN,FPX,https://www.vlr.gg/player/7857/berlin,CN,675346,268365,Haven,bo3,,,,,,,,,,,
Setrod,FPX,https://www.vlr.gg/player/50025/setrod,CN,675346,268365,Haven,bo3,,,,,,,,,,,
KovaQ,FPX,https://www.vlr.gg/player/7987/kovaq,CN,675346,268365,Haven,bo3,,,,,,,,,,,
Ben1Ley,FPX,https://www.vlr.gg/player/55823/ben1ley,CN,675346,268365,Haven,bo3,,,,,,,,,,,
slowly,TYL,https://www.vlr.gg/player/41739/slowly,CN,675347,268366,HavenPICK,bo3,,,,,,,,,,,
Scales,TYL,https://www.vlr.gg/player/39485/scales,CN,675347,268366,HavenPICK,bo3,,,,,,,,,,,
sword9,TYL,https://www.vlr.gg/player/3049/sword9,CN,675347,268366,HavenPICK,bo3,,,,,,,,,,,
splash,TYL,https://www.vlr.gg/player/36685/splash,CN,675347,268366,HavenPICK,bo3,,,,,,,,,,,
Erv,TYL,https://www.vlr.gg/player/55085/erv,CN,675347,268366,HavenPICK,bo3,,,,,,,,,,,
stew,JDG,https://www.vlr.gg/player/16924/stew,CN,675347,268366,HavenPICK,bo3,,,,,,,,,,,
jkuro,JDG,https://www.vlr.gg/player/3519/jkuro,CN,675347,268366,HavenPICK,bo3,,,,,,,,,,,
zhe,JDG,https://www.vlr.gg/player/49476/zhe,CN,675347,268366,HavenPICK,bo3,,,,,,,,,,,
Yuicaw,JDG,https://www.vlr.gg/player/11218/yuicaw,CN,675347,268366,HavenPICK,bo3,,,,,,,,,,,
coconut,JDG,https://www.vlr.gg/player/12365/coconut,CN,675347,268366,HavenPICK,bo3,,,,,,,,,,,
slowly,TYL,https://www.vlr.gg/player/41739/slowly,CN,675347,268367,SplitPICK,bo3,,,,,,,,,,,
Scales,TYL,https://www.vlr.gg/player/39485/scales,CN,675347,268367,SplitPICK,bo3,,,,,,,,,,,
sword9,TYL,https://www.vlr.gg/player/3049/sword9,CN,675347,268367,SplitPICK,bo3,,,,,,,,,,,
splash,TYL,https://www.vlr.gg/player/36685/splash,CN,675347,268367,SplitPICK,bo3,,,,,,,,,,,
Erv,TYL,https://www.vlr.gg/player/55085/erv,CN,675347,268367,SplitPICK,bo3,,,,,,,,,,,
stew,JDG,https://www.vlr.gg/player/16924/stew,CN,675347,268367,SplitPICK,bo3,,,,,,,,,,,
jkuro,JDG,https://www.vlr.gg/player/3519/jkuro,CN,675347,268367,SplitPICK,bo3,,,,,,,,,,,
zhe,JDG,https://www.vlr.gg/player/49476/zhe,CN,675347,268367,SplitPICK,bo3,,,,,,,,,,,
Yuicaw,JDG,https://www.vlr.gg/player/11218/yuicaw,CN,675347,268367,SplitPICK,bo3,,,,,,,,,,,
coconut,JDG,https://www.vlr.gg/player/12365/coconut,CN,675347,268367,SplitPICK,bo3,,,,,,,,,,,
slowly,TYL,https://www.vlr.gg/player/41739/slowly,CN,675347,268368,Ascent,bo3,,,,,,,,,,,
Scales,TYL,https://www.vlr.gg/player/39485/scales,CN,675347,268368,Ascent,bo3,,,,,,,,,,,
sword9,TYL,https://www.vlr.gg/player/3049/sword9,CN,675347,268368,Ascent,bo3,,,,,,,,,,,
splash,TYL,https://www.vlr.gg/player/36685/splash,CN,675347,268368,Ascent,bo3,,,,,,,,,,,
Erv,TYL,https://www.vlr.gg/player/55085/erv,CN,675347,268368,Ascent,bo3,,,,,,,,,,,
stew,JDG,https://www.vlr.gg/player/16924/stew,CN,675347,268368,Ascent,bo3,,,,,,,,,,,
jkuro,JDG,https://www.vlr.gg/player/3519/jkuro,CN,675347,268368,Ascent,bo3,,,,,,,,,,,
zhe,JDG,https://www.vlr.gg/player/49476/zhe,CN,675347,268368,Ascent,bo3,,,,,,,,,,,
Yuicaw,JDG,https://www.vlr.gg/player/11218/yuicaw,CN,675347,268368,Ascent,bo3,,,,,,,,,,,
coconut,JDG,https://www.vlr.gg/player/12365/coconut,CN,675347,268368,Ascent,bo3,,,,,,,,,,,
K1ra,AG,https://www.vlr.gg/player/46748/k1ra,CN,675348,268369,SplitPICK,bo3,,,,,,,,,,,
Shr1mp,AG,https://www.vlr.gg/player/25494/shr1mp,CN,675348,268369,SplitPICK,bo3,,,,,,,,,,,
f4ngeer,AG,https://www.vlr.gg/player/21216/f4ngeer,CN,675348,268369,SplitPICK,bo3,,,,,,,,,,,
iamgrq,AG,https://www.vlr.gg/player/58959/iamgrq,CN,675348,268369,SplitPICK,bo3,,,,,,,,,,,
Septem7,AG,https://www.vlr.gg/player/3031/septem7,CN,675348,268369,SplitPICK,bo3,,,,,,,,,,,
Kai,TE,https://www.vlr.gg/player/37494/kai,CN,675348,268369,SplitPICK,bo3,,,,,,,,,,,
LuoK1ng,TE,https://www.vlr.gg/player/3045/luok1ng,CN,675348,268369,SplitPICK,bo3,,,,,,,,,,,
Xlele,TE,https://www.vlr.gg/player/54487/xlele,CN,675348,268369,SplitPICK,bo3,,,,,,,,,,,
Viva,TE,https://www.vlr.gg/player/36415/viva,CN,675348,268369,SplitPICK,bo3,,,,,,,,,,,
deLb,TE,https://www.vlr.gg/player/10821/delb,CN,675348,268369,SplitPICK,bo3,,,,,,,,,,,
K1ra,AG,https://www.vlr.gg/player/46748/k1ra,CN,675348,268370,LotusPICK,bo3,,,,,,,,,,,
Shr1mp,AG,https://www.vlr.gg/player/25494/shr1mp,CN,675348,268370,LotusPICK,bo3,,,,,,,,,,,
f4ngeer,AG,https://www.vlr.gg/player/21216/f4ngeer,CN,675348,268370,LotusPICK,bo3,,,,,,,,,,,
iamgrq,AG,https://www.vlr.gg/player/58959/iamgrq,CN,675348,268370,LotusPICK,bo3,,,,,,,,,,,
Septem7,AG,https://www.vlr.gg/player/3031/septem7,CN,675348,268370,LotusPICK,bo3,,,,,,,,,,,
Kai,TE,https://www.vlr.gg/player/37494/kai,CN,675348,268370,LotusPICK,bo3,,,,,,,,,,,
LuoK1ng,TE,https://www.vlr.gg/player/3045/luok1ng,CN,675348,268370,LotusPICK,bo3,,,,,,,,,,,
Xlele,TE,https://www.vlr.gg/player/54487/xlele,CN,675348,268370,LotusPICK,bo3,,,,,,,,,,,
Viva,TE,https://www.vlr.gg/player/36415/viva,CN,675348,268370,LotusPICK,bo3,,,,,,,,,,,
deLb,TE,https://www.vlr.gg/player/10821/delb,CN,675348,268370,LotusPICK,bo3,,,,,,,,,,,
K1ra,AG,https://www.vlr.gg/player/46748/k1ra,CN,675348,268371,Ascent,bo3,,,,,,,,,,,
Shr1mp,AG,https://www.vlr.gg/player/25494/shr1mp,CN,675348,268371,Ascent,bo3,,,,,,,,,,,
f4ngeer,AG,https://www.vlr.gg/player/21216/f4ngeer,CN,675348,268371,Ascent,bo3,,,,,,,,,,,
iamgrq,AG,https://www.vlr.gg/player/58959/iamgrq,CN,675348,268371,Ascent,bo3,,,,,,,,,,,
Septem7,AG,https://www.vlr.gg/player/3031/septem7,CN,675348,268371,Ascent,bo3,,,,,,,,,,,
Kai,TE,https://www.vlr.gg/player/37494/kai,CN,675348,268371,Ascent,bo3,,,,,,,,,,,
LuoK1ng,TE,https://www.vlr.gg/player/3045/luok1ng,CN,675348,268371,Ascent,bo3,,,,,,,,,,,
Xlele,TE,https://www.vlr.gg/player/54487/xlele,CN,675348,268371,Ascent,bo3,,,,,,,,,,,
Viva,TE,https://www.vlr.gg/player/36415/viva,CN,675348,268371,Ascent,bo3,,,,,,,,,,,
deLb,TE,https://www.vlr.gg/player/10821/delb,CN,675348,268371,Ascent,bo3,,,,,,,,,,,
Haodong,TEC,https://www.vlr.gg/player/4720/haodong,CN,675349,268372,PearlPICK,bo3,,,,,,,,,,,
Dynamite,TEC,https://www.vlr.gg/player/42235/dynamite,CN,675349,268372,PearlPICK,bo3,,,,,,,,,,,
Coco,TEC,https://www.vlr.gg/player/47629/coco,CN,675349,268372,PearlPICK,bo3,,,,,,,,,,,
lucas,TEC,https://www.vlr.gg/player/19677/lucas,CN,675349,268372,PearlPICK,bo3,,,,,,,,,,,
Spitfires,TEC,https://www.vlr.gg/player/4881/spitfires,CN,675349,268372,PearlPICK,bo3,,,,,,,,,,,
Nicc,DRG,https://www.vlr.gg/player/11524/nicc,CN,675349,268372,PearlPICK,bo3,,,,,,,,,,,
NaThanD,DRG,https://www.vlr.gg/player/3532/nathand,CN,675349,268372,PearlPICK,bo3,,,,,,,,,,,
Life,DRG,https://www.vlr.gg/player/3028/life,CN,675349,268372,PearlPICK,bo3,,,,,,,,,,,
Flex1n,DRG,https://www.vlr.gg/player/4705/flex1n,CN,675349,268372,PearlPICK,bo3,,,,,,,,,,,
Akeman,DRG,https://www.vlr.gg/player/52904/akeman,CN,675349,268372,PearlPICK,bo3,,,,,,,,,,,
Haodong,TEC,https://www.vlr.gg/player/4720/haodong,CN,675349,268373,BreezePICK,bo3,,,,,,,,,,,
Dynamite,TEC,https://www.vlr.gg/player/42235/dynamite,CN,675349,268373,BreezePICK,bo3,,,,,,,,,,,
Coco,TEC,https://www.vlr.gg/player/47629/coco,CN,675349,268373,BreezePICK,bo3,,,,,,,,,,,
lucas,TEC,https://www.vlr.gg/player/19677/lucas,CN,675349,268373,BreezePICK,bo3,,,,,,,,,,,
Spitfires,TEC,https://www.vlr.gg/player/4881/spitfires,CN,675349,268373,BreezePICK,bo3,,,,,,,,,,,
Nicc,DRG,https://www.vlr.gg/player/11524/nicc,CN,675349,268373,BreezePICK,bo3,,,,,,,,,,,
NaThanD,DRG,https://www.vlr.gg/player/3532/nathand,CN,675349,268373,BreezePICK,bo3,,,,,,,,,,,
Life,DRG,https://www.vlr.gg/player/3028/life,CN,675349,268373,BreezePICK,bo3,,,,,,,,,,,
Flex1n,DRG,https://www.vlr.gg/player/4705/flex1n,CN,675349,268373,BreezePICK,bo3,,,,,,,,,,,
Akeman,DRG,https://www.vlr.gg/player/52904/akeman,CN,675349,268373,BreezePICK,bo3,,,,,,,,,,,
Rarga,XLG,https://www.vlr.gg/player/22047/rarga,CN,675350,268375,BreezePICK,bo3,,,,,,,,,,,
happywei,XLG,https://www.vlr.gg/player/37927/happywei,CN,675350,268375,BreezePICK,bo3,,,,,,,,,,,
NoMan,XLG,https://www.vlr.gg/player/11527/noman,CN,675350,268375,BreezePICK,bo3,,,,,,,,,,,
Lysoar,XLG,https://www.vlr.gg/player/37489/lysoar,CN,675350,268375,BreezePICK,bo3,,,,,,,,,,,
WsLeo,XLG,https://www.vlr.gg/player/24308/wsleo,CN,675350,268375,BreezePICK,bo3,,,,,,,,,,,
slowly,TYL,https://www.vlr.gg/player/41739/slowly,CN,675350,268375,BreezePICK,bo3,,,,,,,,,,,
Scales,TYL,https://www.vlr.gg/player/39485/scales,CN,675350,268375,BreezePICK,bo3,,,,,,,,,,,
sword9,TYL,https://www.vlr.gg/player/3049/sword9,CN,675350,268375,BreezePICK,bo3,,,,,,,,,,,
splash,TYL,https://www.vlr.gg/player/36685/splash,CN,675350,268375,BreezePICK,bo3,,,,,,,,,,,
Erv,TYL,https://www.vlr.gg/player/55085/erv,CN,675350,268375,BreezePICK,bo3,,,,,,,,,,,
Rarga,XLG,https://www.vlr.gg/player/22047/rarga,CN,675350,268376,PearlPICK,bo3,,,,,,,,,,,
happywei,XLG,https://www.vlr.gg/player/37927/happywei,CN,675350,268376,PearlPICK,bo3,,,,,,,,,,,
NoMan,XLG,https://www.vlr.gg/player/11527/noman,CN,675350,268376,PearlPICK,bo3,,,,,,,,,,,
Lysoar,XLG,https://www.vlr.gg/player/37489/lysoar,CN,675350,268376,PearlPICK,bo3,,,,,,,,,,,
WsLeo,XLG,https://www.vlr.gg/player/24308/wsleo,CN,675350,268376,PearlPICK,bo3,,,,,,,,,,,
slowly,TYL,https://www.vlr.gg/player/41739/slowly,CN,675350,268376,PearlPICK,bo3,,,,,,,,,,,
Scales,TYL,https://www.vlr.gg/player/39485/scales,CN,675350,268376,PearlPICK,bo3,,,,,,,,,,,
sword9,TYL,https://www.vlr.gg/player/3049/sword9,CN,675350,268376,PearlPICK,bo3,,,,,,,,,,,
splash,TYL,https://www.vlr.gg/player/36685/splash,CN,675350,268376,PearlPICK,bo3,,,,,,,,,,,
Erv,TYL,https://www.vlr.gg/player/55085/erv,CN,675350,268376,PearlPICK,bo3,,,,,,,,,,,
Rarga,XLG,https://www.vlr.gg/player/22047/rarga,CN,675350,268377,Haven,bo3,,,,,,,,,,,
happywei,XLG,https://www.vlr.gg/player/37927/happywei,CN,675350,268377,Haven,bo3,,,,,,,,,,,
NoMan,XLG,https://www.vlr.gg/player/11527/noman,CN,675350,268377,Haven,bo3,,,,,,,,,,,
Lysoar,XLG,https://www.vlr.gg/player/37489/lysoar,CN,675350,268377,Haven,bo3,,,,,,,,,,,
WsLeo,XLG,https://www.vlr.gg/player/24308/wsleo,CN,675350,268377,Haven,bo3,,,,,,,,,,,
slowly,TYL,https://www.vlr.gg/player/41739/slowly,CN,675350,268377,Haven,bo3,,,,,,,,,,,
Scales,TYL,https://www.vlr.gg/player/39485/scales,CN,675350,268377,Haven,bo3,,,,,,,,,,,
sword9,TYL,https://www.vlr.gg/player/3049/sword9,CN,675350,268377,Haven,bo3,,,,,,,,,,,
splash,TYL,https://www.vlr.gg/player/36685/splash,CN,675350,268377,Haven,bo3,,,,,,,,,,,
Erv,TYL,https://www.vlr.gg/player/55085/erv,CN,675350,268377,Haven,bo3,,,,,,,,,,,
Kai,TE,https://www.vlr.gg/player/37494/kai,CN,675351,268378,LotusPICK,bo3,,,,,,,,,,,
LuoK1ng,TE,https://www.vlr.gg/player/3045/luok1ng,CN,675351,268378,LotusPICK,bo3,,,,,,,,,,,
Xlele,TE,https://www.vlr.gg/player/54487/xlele,CN,675351,268378,LotusPICK,bo3,,,,,,,,,,,
Viva,TE,https://www.vlr.gg/player/36415/viva,CN,675351,268378,LotusPICK,bo3,,,,,,,,,,,
deLb,TE,https://www.vlr.gg/player/10821/delb,CN,675351,268378,LotusPICK,bo3,,,,,,,,,,,
Haodong,TEC,https://www.vlr.gg/player/4720/haodong,CN,675351,268378,LotusPICK,bo3,,,,,,,,,,,
Dynamite,TEC,https://www.vlr.gg/player/42235/dynamite,CN,675351,268378,LotusPICK,bo3,,,,,,,,,,,
Coco,TEC,https://www.vlr.gg/player/47629/coco,CN,675351,268378,LotusPICK,bo3,,,,,,,,,,,
lucas,TEC,https://www.vlr.gg/player/19677/lucas,CN,675351,268378,LotusPICK,bo3,,,,,,,,,,,
Spitfires,TEC,https://www.vlr.gg/player/4881/spitfires,CN,675351,268378,LotusPICK,bo3,,,,,,,,,,,
Kai,TE,https://www.vlr.gg/player/37494/kai,CN,675351,268379,SplitPICK,bo3,,,,,,,,,,,
LuoK1ng,TE,https://www.vlr.gg/player/3045/luok1ng,CN,675351,268379,SplitPICK,bo3,,,,,,,,,,,
Xlele,TE,https://www.vlr.gg/player/54487/xlele,CN,675351,268379,SplitPICK,bo3,,,,,,,,,,,
Viva,TE,https://www.vlr.gg/player/36415/viva,CN,675351,268379,SplitPICK,bo3,,,,,,,,,,,
deLb,TE,https://www.vlr.gg/player/10821/delb,CN,675351,268379,SplitPICK,bo3,,,,,,,,,,,
Haodong,TEC,https://www.vlr.gg/player/4720/haodong,CN,675351,268379,SplitPICK,bo3,,,,,,,,,,,
Dynamite,TEC,https://www.vlr.gg/player/42235/dynamite,CN,675351,268379,SplitPICK,bo3,,,,,,,,,,,
Coco,TEC,https://www.vlr.gg/player/47629/coco,CN,675351,268379,SplitPICK,bo3,,,,,,,,,,,
lucas,TEC,https://www.vlr.gg/player/19677/lucas,CN,675351,268379,SplitPICK,bo3,,,,,,,,,,,
Spitfires,TEC,https://www.vlr.gg/player/4881/spitfires,CN,675351,268379,SplitPICK,bo3,,,,,,,,,,,
AAAAY,FPX,https://www.vlr.gg/player/19530/aaaay,CN,675353,268384,HavenPICK,bo3,,,,,,,,,,,
BerLIN,FPX,https://www.vlr.gg/player/7857/berlin,CN,675353,268384,HavenPICK,bo3,,,,,,,,,,,
Setrod,FPX,https://www.vlr.gg/player/50025/setrod,CN,675353,268384,HavenPICK,bo3,,,,,,,,,,,
KovaQ,FPX,https://www.vlr.gg/player/7987/kovaq,CN,675353,268384,HavenPICK,bo3,,,,,,,,,,,
Ben1Ley,FPX,https://www.vlr.gg/player/55823/ben1ley,CN,675353,268384,HavenPICK,bo3,,,,,,,,,,,
stew,JDG,https://www.vlr.gg/player/16924/stew,CN,675353,268384,HavenPICK,bo3,,,,,,,,,,,
jkuro,JDG,https://www.vlr.gg/player/3519/jkuro,CN,675353,268384,HavenPICK,bo3,,,,,,,,,,,
zhe,JDG,https://www.vlr.gg/player/49476/zhe,CN,675353,268384,HavenPICK,bo3,,,,,,,,,,,
Yuicaw,JDG,https://www.vlr.gg/player/11218/yuicaw,CN,675353,268384,HavenPICK,bo3,,,,,,,,,,,
coconut,JDG,https://www.vlr.gg/player/12365/coconut,CN,675353,268384,HavenPICK,bo3,,,,,,,,,,,
AAAAY,FPX,https://www.vlr.gg/player/19530/aaaay,CN,675353,268385,AscentPICK,bo3,,,,,,,,,,,
BerLIN,FPX,https://www.vlr.gg/player/7857/berlin,CN,675353,268385,AscentPICK,bo3,,,,,,,,,,,
Setrod,FPX,https://www.vlr.gg/player/50025/setrod,CN,675353,268385,AscentPICK,bo3,,,,,,,,,,,
KovaQ,FPX,https://www.vlr.gg/player/7987/kovaq,CN,675353,268385,AscentPICK,bo3,,,,,,,,,,,
Ben1Ley,FPX,https://www.vlr.gg/player/55823/ben1ley,CN,675353,268385,AscentPICK,bo3,,,,,,,,,,,
stew,JDG,https://www.vlr.gg/player/16924/stew,CN,675353,268385,AscentPICK,bo3,,,,,,,,,,,
jkuro,JDG,https://www.vlr.gg/player/3519/jkuro,CN,675353,268385,AscentPICK,bo3,,,,,,,,,,,
zhe,JDG,https://www.vlr.gg/player/49476/zhe,CN,675353,268385,AscentPICK,bo3,,,,,,,,,,,
Yuicaw,JDG,https://www.vlr.gg/player/11218/yuicaw,CN,675353,268385,AscentPICK,bo3,,,,,,,,,,,
coconut,JDG,https://www.vlr.gg/player/12365/coconut,CN,675353,268385,AscentPICK,bo3,,,,,,,,,,,
AAAAY,FPX,https://www.vlr.gg/player/19530/aaaay,CN,675353,268386,Split,bo3,,,,,,,,,,,
BerLIN,FPX,https://www.vlr.gg/player/7857/berlin,CN,675353,268386,Split,bo3,,,,,,,,,,,
Setrod,FPX,https://www.vlr.gg/player/50025/setrod,CN,675353,268386,Split,bo3,,,,,,,,,,,
KovaQ,FPX,https://www.vlr.gg/player/7987/kovaq,CN,675353,268386,Split,bo3,,,,,,,,,,,
Ben1Ley,FPX,https://www.vlr.gg/player/55823/ben1ley,CN,675353,268386,Split,bo3,,,,,,,,,,,
stew,JDG,https://www.vlr.gg/player/16924/stew,CN,675353,268386,Split,bo3,,,,,,,,,,,
jkuro,JDG,https://www.vlr.gg/player/3519/jkuro,CN,675353,268386,Split,bo3,,,,,,,,,,,
zhe,JDG,https://www.vlr.gg/player/49476/zhe,CN,675353,268386,Split,bo3,,,,,,,,,,,
Yuicaw,JDG,https://www.vlr.gg/player/11218/yuicaw,CN,675353,268386,Split,bo3,,,,,,,,,,,
coconut,JDG,https://www.vlr.gg/player/12365/coconut,CN,675353,268386,Split,bo3,,,,,,,,,,,
K1ra,AG,https://www.vlr.gg/player/46748/k1ra,CN,675354,268387,SplitPICK,bo3,,,,,,,,,,,
Shr1mp,AG,https://www.vlr.gg/player/25494/shr1mp,CN,675354,268387,SplitPICK,bo3,,,,,,,,,,,
f4ngeer,AG,https://www.vlr.gg/player/21216/f4ngeer,CN,675354,268387,SplitPICK,bo3,,,,,,,,,,,
iamgrq,AG,https://www.vlr.gg/player/58959/iamgrq,CN,675354,268387,SplitPICK,bo3,,,,,,,,,,,
Septem7,AG,https://www.vlr.gg/player/3031/septem7,CN,675354,268387,SplitPICK,bo3,,,,,,,,,,,
Life,DRG,https://www.vlr.gg/player/3028/life,CN,675354,268387,SplitPICK,bo3,,,,,,,,,,,
Nicc,DRG,https://www.vlr.gg/player/11524/nicc,CN,675354,268387,SplitPICK,bo3,,,,,,,,,,,
SpiritZ1,DRG,https://www.vlr.gg/player/31753/spiritz1,CN,675354,268387,SplitPICK,bo3,,,,,,,,,,,
Flex1n,DRG,https://www.vlr.gg/player/4705/flex1n,CN,675354,268387,SplitPICK,bo3,,,,,,,,,,,
Akeman,DRG,https://www.vlr.gg/player/52904/akeman,CN,675354,268387,SplitPICK,bo3,,,,,,,,,,,
K1ra,AG,https://www.vlr.gg/player/46748/k1ra,CN,675354,268388,HavenPICK,bo3,,,,,,,,,,,
Shr1mp,AG,https://www.vlr.gg/player/25494/shr1mp,CN,675354,268388,HavenPICK,bo3,,,,,,,,,,,
f4ngeer,AG,https://www.vlr.gg/player/21216/f4ngeer,CN,675354,268388,HavenPICK,bo3,,,,,,,,,,,
iamgrq,AG,https://www.vlr.gg/player/58959/iamgrq,CN,675354,268388,HavenPICK,bo3,,,,,,,,,,,
Septem7,AG,https://www.vlr.gg/player/3031/septem7,CN,675354,268388,HavenPICK,bo3,,,,,,,,,,,
Life,DRG,https://www.vlr.gg/player/3028/life,CN,675354,268388,HavenPICK,bo3,,,,,,,,,,,
Nicc,DRG,https://www.vlr.gg/player/11524/nicc,CN,675354,268388,HavenPICK,bo3,,,,,,,,,,,
SpiritZ1,DRG,https://www.vlr.gg/player/31753/spiritz1,CN,675354,268388,HavenPICK,bo3,,,,,,,,,,,
Flex1n,DRG,https://www.vlr.gg/player/4705/flex1n,CN,675354,268388,HavenPICK,bo3,,,,,,,,,,,
Akeman,DRG,https://www.vlr.gg/player/52904/akeman,CN,675354,268388,HavenPICK,bo3,,,,,,,,,,,
Rarga,XLG,https://www.vlr.gg/player/22047/rarga,CN,675352,268381,SplitPICK,bo5,,,,,,,,,,,
happywei,XLG,https://www.vlr.gg/player/37927/happywei,CN,675352,268381,SplitPICK,bo5,,,,,,,,,,,
NoMan,XLG,https://www.vlr.gg/player/11527/noman,CN,675352,268381,SplitPICK,bo5,,,,,,,,,,,
Lysoar,XLG,https://www.vlr.gg/player/37489/lysoar,CN,675352,268381,SplitPICK,bo5,,,,,,,,,,,
WsLeo,XLG,https://www.vlr.gg/player/24308/wsleo,CN,675352,268381,SplitPICK,bo5,,,,,,,,,,,
Haodong,TEC,https://www.vlr.gg/player/4720/haodong,CN,675352,268381,SplitPICK,bo5,,,,,,,,,,,
Dynamite,TEC,https://www.vlr.gg/player/42235/dynamite,CN,675352,268381,SplitPICK,bo5,,,,,,,,,,,
Coco,TEC,https://www.vlr.gg/player/47629/coco,CN,675352,268381,SplitPICK,bo5,,,,,,,,,,,
Spitfires,TEC,https://www.vlr.gg/player/4881/spitfires,CN,675352,268381,SplitPICK,bo5,,,,,,,,,,,
ra1ny,TEC,https://www.vlr.gg/player/63107/ra1ny,CN,675352,268381,SplitPICK,bo5,,,,,,,,,,,
Rarga,XLG,https://www.vlr.gg/player/22047/rarga,CN,675352,268382,LotusPICK,bo5,,,,,,,,,,,
happywei,XLG,https://www.vlr.gg/player/37927/happywei,CN,675352,268382,LotusPICK,bo5,,,,,,,,,,,
NoMan,XLG,https://www.vlr.gg/player/11527/noman,CN,675352,268382,LotusPICK,bo5,,,,,,,,,,,
Lysoar,XLG,https://www.vlr.gg/player/37489/lysoar,CN,675352,268382,LotusPICK,bo5,,,,,,,,,,,
WsLeo,XLG,https://www.vlr.gg/player/24308/wsleo,CN,675352,268382,LotusPICK,bo5,,,,,,,,,,,
Haodong,TEC,https://www.vlr.gg/player/4720/haodong,CN,675352,268382,LotusPICK,bo5,,,,,,,,,,,
Dynamite,TEC,https://www.vlr.gg/player/42235/dynamite,CN,675352,268382,LotusPICK,bo5,,,,,,,,,,,
Coco,TEC,https://www.vlr.gg/player/47629/coco,CN,675352,268382,LotusPICK,bo5,,,,,,,,,,,
Spitfires,TEC,https://www.vlr.gg/player/4881/spitfires,CN,675352,268382,LotusPICK,bo5,,,,,,,,,,,
ra1ny,TEC,https://www.vlr.gg/player/63107/ra1ny,CN,675352,268382,LotusPICK,bo5,,,,,,,,,,,
Rarga,XLG,https://www.vlr.gg/player/22047/rarga,CN,675352,268383,BreezePICK,bo5,,,,,,,,,,,
happywei,XLG,https://www.vlr.gg/player/37927/happywei,CN,675352,268383,BreezePICK,bo5,,,,,,,,,,,
NoMan,XLG,https://www.vlr.gg/player/11527/noman,CN,675352,268383,BreezePICK,bo5,,,,,,,,,,,
Lysoar,XLG,https://www.vlr.gg/player/37489/lysoar,CN,675352,268383,BreezePICK,bo5,,,,,,,,,,,
WsLeo,XLG,https://www.vlr.gg/player/24308/wsleo,CN,675352,268383,BreezePICK,bo5,,,,,,,,,,,
Haodong,TEC,https://www.vlr.gg/player/4720/haodong,CN,675352,268383,BreezePICK,bo5,,,,,,,,,,,
Dynamite,TEC,https://www.vlr.gg/player/42235/dynamite,CN,675352,268383,BreezePICK,bo5,,,,,,,,,,,
Coco,TEC,https://www.vlr.gg/player/47629/coco,CN,675352,268383,BreezePICK,bo5,,,,,,,,,,,
Spitfires,TEC,https://www.vlr.gg/player/4881/spitfires,CN,675352,268383,BreezePICK,bo5,,,,,,,,,,,
ra1ny,TEC,https://www.vlr.gg/player/63107/ra1ny,CN,675352,268383,BreezePICK,bo5,,,,,,,,,,,
Kai,TE,https://www.vlr.gg/player/37494/kai,CN,675355,268390,LotusPICK,bo3,,,,,,,,,,,
LuoK1ng,TE,https://www.vlr.gg/player/3045/luok1ng,CN,675355,268390,LotusPICK,bo3,,,,,,,,,,,
Xlele,TE,https://www.vlr.gg/player/54487/xlele,CN,675355,268390,LotusPICK,bo3,,,,,,,,,,,
Viva,TE,https://www.vlr.gg/player/36415/viva,CN,675355,268390,LotusPICK,bo3,,,,,,,,,,,
deLb,TE,https://www.vlr.gg/player/10821/delb,CN,675355,268390,LotusPICK,bo3,,,,,,,,,,,
AAAAY,FPX,https://www.vlr.gg/player/19530/aaaay,CN,675355,268390,LotusPICK,bo3,,,,,,,,,,,
BerLIN,FPX,https://www.vlr.gg/player/7857/berlin,CN,675355,268390,LotusPICK,bo3,,,,,,,,,,,
Setrod,FPX,https://www.vlr.gg/player/50025/setrod,CN,675355,268390,LotusPICK,bo3,,,,,,,,,,,
KovaQ,FPX,https://www.vlr.gg/player/7987/kovaq,CN,675355,268390,LotusPICK,bo3,,,,,,,,,,,
Ben1Ley,FPX,https://www.vlr.gg/player/55823/ben1ley,CN,675355,268390,LotusPICK,bo3,,,,,,,,,,,
Kai,TE,https://www.vlr.gg/player/37494/kai,CN,675355,268391,BreezePICK,bo3,,,,,,,,,,,
LuoK1ng,TE,https://www.vlr.gg/player/3045/luok1ng,CN,675355,268391,BreezePICK,bo3,,,,,,,,,,,
Xlele,TE,https://www.vlr.gg/player/54487/xlele,CN,675355,268391,BreezePICK,bo3,,,,,,,,,,,
Viva,TE,https://www.vlr.gg/player/36415/viva,CN,675355,268391,BreezePICK,bo3,,,,,,,,,,,
deLb,TE,https://www.vlr.gg/player/10821/delb,CN,675355,268391,BreezePICK,bo3,,,,,,,,,,,
AAAAY,FPX,https://www.vlr.gg/player/19530/aaaay,CN,675355,268391,BreezePICK,bo3,,,,,,,,,,,
BerLIN,FPX,https://www.vlr.gg/player/7857/berlin,CN,675355,268391,BreezePICK,bo3,,,,,,,,,,,
Setrod,FPX,https://www.vlr.gg/player/50025/setrod,CN,675355,268391,BreezePICK,bo3,,,,,,,,,,,
KovaQ,FPX,https://www.vlr.gg/player/7987/kovaq,CN,675355,268391,BreezePICK,bo3,,,,,,,,,,,
Ben1Ley,FPX,https://www.vlr.gg/player/55823/ben1ley,CN,675355,268391,BreezePICK,bo3,,,,,,,,,,,
slowly,TYL,https://www.vlr.gg/player/41739/slowly,CN,675356,268393,SplitPICK,bo3,,,,,,,,,,,
Scales,TYL,https://www.vlr.gg/player/39485/scales,CN,675356,268393,SplitPICK,bo3,,,,,,,,,,,
sword9,TYL,https://www.vlr.gg/player/3049/sword9,CN,675356,268393,SplitPICK,bo3,,,,,,,,,,,
splash,TYL,https://www.vlr.gg/player/36685/splash,CN,675356,268393,SplitPICK,bo3,,,,,,,,,,,
Erv,TYL,https://www.vlr.gg/player/55085/erv,CN,675356,268393,SplitPICK,bo3,,,,,,,,,,,
K1ra,AG,https://www.vlr.gg/player/46748/k1ra,CN,675356,268393,SplitPICK,bo3,,,,,,,,,,,
Shr1mp,AG,https://www.vlr.gg/player/25494/shr1mp,CN,675356,268393,SplitPICK,bo3,,,,,,,,,,,
f4ngeer,AG,https://www.vlr.gg/player/21216/f4ngeer,CN,675356,268393,SplitPICK,bo3,,,,,,,,,,,
iamgrq,AG,https://www.vlr.gg/player/58959/iamgrq,CN,675356,268393,SplitPICK,bo3,,,,,,,,,,,
Septem7,AG,https://www.vlr.gg/player/3031/septem7,CN,675356,268393,SplitPICK,bo3,,,,,,,,,,,
slowly,TYL,https://www.vlr.gg/player/41739/slowly,CN,675356,268394,AscentPICK,bo3,,,,,,,,,,,
Scales,TYL,https://www.vlr.gg/player/39485/scales,CN,675356,268394,AscentPICK,bo3,,,,,,,,,,,
sword9,TYL,https://www.vlr.gg/player/3049/sword9,CN,675356,268394,AscentPICK,bo3,,,,,,,,,,,
splash,TYL,https://www.vlr.gg/player/36685/splash,CN,675356,268394,AscentPICK,bo3,,,,,,,,,,,
Erv,TYL,https://www.vlr.gg/player/55085/erv,CN,675356,268394,AscentPICK,bo3,,,,,,,,,,,
K1ra,AG,https://www.vlr.gg/player/46748/k1ra,CN,675356,268394,AscentPICK,bo3,,,,,,,,,,,
Shr1mp,AG,https://www.vlr.gg/player/25494/shr1mp,CN,675356,268394,AscentPICK,bo3,,,,,,,,,,,
f4ngeer,AG,https://www.vlr.gg/player/21216/f4ngeer,CN,675356,268394,AscentPICK,bo3,,,,,,,,,,,
iamgrq,AG,https://www.vlr.gg/player/58959/iamgrq,CN,675356,268394,AscentPICK,bo3,,,,,,,,,,,
Septem7,AG,https://www.vlr.gg/player/3031/septem7,CN,675356,268394,AscentPICK,bo3,,,,,,,,,,,
slowly,TYL,https://www.vlr.gg/player/41739/slowly,CN,675356,268395,Haven,bo3,,,,,,,,,,,
Scales,TYL,https://www.vlr.gg/player/39485/scales,CN,675356,268395,Haven,bo3,,,,,,,,,,,
sword9,TYL,https://www.vlr.gg/player/3049/sword9,CN,675356,268395,Haven,bo3,,,,,,,,,,,
splash,TYL,https://www.vlr.gg/player/36685/splash,CN,675356,268395,Haven,bo3,,,,,,,,,,,
Erv,TYL,https://www.vlr.gg/player/55085/erv,CN,675356,268395,Haven,bo3,,,,,,,,,,,
K1ra,AG,https://www.vlr.gg/player/46748/k1ra,CN,675356,268395,Haven,bo3,,,,,,,,,,,
Shr1mp,AG,https://www.vlr.gg/player/25494/shr1mp,CN,675356,268395,Haven,bo3,,,,,,,,,,,
f4ngeer,AG,https://www.vlr.gg/player/21216/f4ngeer,CN,675356,268395,Haven,bo3,,,,,,,,,,,
iamgrq,AG,https://www.vlr.gg/player/58959/iamgrq,CN,675356,268395,Haven,bo3,,,,,,,,,,,
Septem7,AG,https://www.vlr.gg/player/3031/septem7,CN,675356,268395,Haven,bo3,,,,,,,,,,,
AAAAY,FPX,https://www.vlr.gg/player/19530/aaaay,CN,675357,268396,Split,bo3,,,,,,,,,,,
BerLIN,FPX,https://www.vlr.gg/player/7857/berlin,CN,675357,268396,Split,bo3,,,,,,,,,,,
Setrod,FPX,https://www.vlr.gg/player/50025/setrod,CN,675357,268396,Split,bo3,,,,,,,,,,,
KovaQ,FPX,https://www.vlr.gg/player/7987/kovaq,CN,675357,268396,Split,bo3,,,,,,,,,,,
Ben1Ley,FPX,https://www.vlr.gg/player/55823/ben1ley,CN,675357,268396,Split,bo3,,,,,,,,,,,
K1ra,AG,https://www.vlr.gg/player/46748/k1ra,CN,675357,268396,Split,bo3,,,,,,,,,,,
Shr1mp,AG,https://www.vlr.gg/player/25494/shr1mp,CN,675357,268396,Split,bo3,,,,,,,,,,,
f4ngeer,AG,https://www.vlr.gg/player/21216/f4ngeer,CN,675357,268396,Split,bo3,,,,,,,,,,,
iamgrq,AG,https://www.vlr.gg/player/58959/iamgrq,CN,675357,268396,Split,bo3,,,,,,,,,,,
Septem7,AG,https://www.vlr.gg/player/3031/septem7,CN,675357,268396,Split,bo3,,,,,,,,,,,
AAAAY,FPX,https://www.vlr.gg/player/19530/aaaay,CN,675357,268397,Haven,bo3,,,,,,,,,,,
BerLIN,FPX,https://www.vlr.gg/player/7857/berlin,CN,675357,268397,Haven,bo3,,,,,,,,,,,
Setrod,FPX,https://www.vlr.gg/player/50025/setrod,CN,675357,268397,Haven,bo3,,,,,,,,,,,
KovaQ,FPX,https://www.vlr.gg/player/7987/kovaq,CN,675357,268397,Haven,bo3,,,,,,,,,,,
Ben1Ley,FPX,https://www.vlr.gg/player/55823/ben1ley,CN,675357,268397,Haven,bo3,,,,,,,,,,,
K1ra,AG,https://www.vlr.gg/player/46748/k1ra,CN,675357,268397,Haven,bo3,,,,,,,,,,,
Shr1mp,AG,https://www.vlr.gg/player/25494/shr1mp,CN,675357,268397,Haven,bo3,,,,,,,,,,,
f4ngeer,AG,https://www.vlr.gg/player/21216/f4ngeer,CN,675357,268397,Haven,bo3,,,,,,,,,,,
iamgrq,AG,https://www.vlr.gg/player/58959/iamgrq,CN,675357,268397,Haven,bo3,,,,,,,,,,,
Septem7,AG,https://www.vlr.gg/player/3031/septem7,CN,675357,268397,Haven,bo3,,,,,,,,,,,
Haodong,TEC,https://www.vlr.gg/player/4720/haodong,CN,675358,268399,FracturePICK,bo5,,,,,,,,,,,
Dynamite,TEC,https://www.vlr.gg/player/42235/dynamite,CN,675358,268399,FracturePICK,bo5,,,,,,,,,,,
Coco,TEC,https://www.vlr.gg/player/47629/coco,CN,675358,268399,FracturePICK,bo5,,,,,,,,,,,
Spitfires,TEC,https://www.vlr.gg/player/4881/spitfires,CN,675358,268399,FracturePICK,bo5,,,,,,,,,,,
ra1ny,TEC,https://www.vlr.gg/player/63107/ra1ny,CN,675358,268399,FracturePICK,bo5,,,,,,,,,,,
K1ra,AG,https://www.vlr.gg/player/46748/k1ra,CN,675358,268399,FracturePICK,bo5,,,,,,,,,,,
Shr1mp,AG,https://www.vlr.gg/player/25494/shr1mp,CN,675358,268399,FracturePICK,bo5,,,,,,,,,,,
f4ngeer,AG,https://www.vlr.gg/player/21216/f4ngeer,CN,675358,268399,FracturePICK,bo5,,,,,,,,,,,
iamgrq,AG,https://www.vlr.gg/player/58959/iamgrq,CN,675358,268399,FracturePICK,bo5,,,,,,,,,,,
Septem7,AG,https://www.vlr.gg/player/3031/septem7,CN,675358,268399,FracturePICK,bo5,,,,,,,,,,,
Haodong,TEC,https://www.vlr.gg/player/4720/haodong,CN,675358,268400,SplitPICK,bo5,,,,,,,,,,,
Dynamite,TEC,https://www.vlr.gg/player/42235/dynamite,CN,675358,268400,SplitPICK,bo5,,,,,,,,,,,
Coco,TEC,https://www.vlr.gg/player/47629/coco,CN,675358,268400,SplitPICK,bo5,,,,,,,,,,,
Spitfires,TEC,https://www.vlr.gg/player/4881/spitfires,CN,675358,268400,SplitPICK,bo5,,,,,,,,,,,
ra1ny,TEC,https://www.vlr.gg/player/63107/ra1ny,CN,675358,268400,SplitPICK,bo5,,,,,,,,,,,
K1ra,AG,https://www.vlr.gg/player/46748/k1ra,CN,675358,268400,SplitPICK,bo5,,,,,,,,,,,
Shr1mp,AG,https://www.vlr.gg/player/25494/shr1mp,CN,675358,268400,SplitPICK,bo5,,,,,,,,,,,
f4ngeer,AG,https://www.vlr.gg/player/21216/f4ngeer,CN,675358,268400,SplitPICK,bo5,,,,,,,,,,,
iamgrq,AG,https://www.vlr.gg/player/58959/iamgrq,CN,675358,268400,SplitPICK,bo5,,,,,,,,,,,
Septem7,AG,https://www.vlr.gg/player/3031/septem7,CN,675358,268400,SplitPICK,bo5,,,,,,,,,,,
Haodong,TEC,https://www.vlr.gg/player/4720/haodong,CN,675358,268401,PearlPICK,bo5,,,,,,,,,,,
Dynamite,TEC,https://www.vlr.gg/player/42235/dynamite,CN,675358,268401,PearlPICK,bo5,,,,,,,,,,,
Coco,TEC,https://www.vlr.gg/player/47629/coco,CN,675358,268401,PearlPICK,bo5,,,,,,,,,,,
Spitfires,TEC,https://www.vlr.gg/player/4881/spitfires,CN,675358,268401,PearlPICK,bo5,,,,,,,,,,,
ra1ny,TEC,https://www.vlr.gg/player/63107/ra1ny,CN,675358,268401,PearlPICK,bo5,,,,,,,,,,,
K1ra,AG,https://www.vlr.gg/player/46748/k1ra,CN,675358,268401,PearlPICK,bo5,,,,,,,,,,,
Shr1mp,AG,https://www.vlr.gg/player/25494/shr1mp,CN,675358,268401,PearlPICK,bo5,,,,,,,,,,,
f4ngeer,AG,https://www.vlr.gg/player/21216/f4ngeer,CN,675358,268401,PearlPICK,bo5,,,,,,,,,,,
iamgrq,AG,https://www.vlr.gg/player/58959/iamgrq,CN,675358,268401,PearlPICK,bo5,,,,,,,,,,,
Septem7,AG,https://www.vlr.gg/player/3031/septem7,CN,675358,268401,PearlPICK,bo5,,,,,,,,,,,
