match_id,map_num,map_name,org,pistol_won,eco_n,eco_won,semi_eco_n,semi_eco_won,semi_buy_n,semi_buy_won,full_buy_n,full_buy_won,date,event
167348,113040,IceboxPICK,MKOI,1,4,1,1,0,3,2,16,8,2023-02-13,Champions Tour 2023: LOCK//IN São Paulo
167348,113040,IceboxPICK,NRG,1,3,1,3,0,2,2,16,10,2023-02-13,Champions Tour 2023: LOCK//IN São Paulo
167348,113041,HavenPICK,MKOI,2,2,2,1,0,9,5,10,2,2023-02-13,Champions Tour 2023: LOCK//IN São Paulo
167348,113041,HavenPICK,NRG,0,3,0,0,0,4,2,15,11,2023-02-13,Champions Tour 2023: LOCK//IN São Paulo
167349,113043,HavenPICK,DFM,0,3,0,2,0,4,1,8,3,2023-02-13,Champions Tour 2023: LOCK//IN São Paulo
167349,113043,HavenPICK,GIA,2,2,2,0,0,6,4,9,7,2023-02-13,Champions Tour 2023: LOCK//IN São Paulo
167349,113044,IceboxPICK,DFM,0,3,0,3,0,5,2,9,5,2023-02-13,Champions Tour 2023: LOCK//IN São Paulo
167349,113044,IceboxPICK,GIA,2,2,2,1,0,4,3,13,8,2023-02-13,Champions Tour 2023: LOCK//IN São Paulo
167350,113046,PearlPICK,GEN,1,3,1,2,0,6,2,11,6,2023-02-15,Champions Tour 2023: LOCK//IN São Paulo
167350,113046,PearlPICK,LOUD,1,2,1,3,0,3,2,14,10,2023-02-15,Champions Tour 2023: LOCK//IN São Paulo
167350,113047,FracturePICK,GEN,2,2,2,1,0,7,4,16,6,2023-02-15,Champions Tour 2023: LOCK//IN São Paulo
167350,113047,FracturePICK,LOUD,0,4,0,3,0,2,2,17,12,2023-02-15,Champions Tour 2023: LOCK//IN São Paulo
167351,113049,LotusPICK,FPX,0,4,0,3,1,2,1,10,4,2023-02-14,Champions Tour 2023: LOCK//IN São Paulo
167351,113049,LotusPICK,KC,2,2,2,1,0,5,3,11,8,2023-02-14,Champions Tour 2023: LOCK//IN São Paulo
167351,113050,HavenPICK,FPX,2,2,2,0,0,6,2,13,9,2023-02-14,Champions Tour 2023: LOCK//IN São Paulo
167351,113050,HavenPICK,KC,0,3,0,3,0,5,3,10,5,2023-02-14,Champions Tour 2023: LOCK//IN São Paulo
167351,113051,Pearl,FPX,1,3,1,1,0,6,2,9,3,2023-02-14,Champions Tour 2023: LOCK//IN São Paulo
167351,113051,Pearl,KC,1,2,1,1,0,3,2,13,10,2023-02-14,Champions Tour 2023: LOCK//IN São Paulo
167352,113052,PearlPICK,BBL,0,4,0,1,0,3,0,8,3,2023-02-14,Champions Tour 2023: LOCK//IN São Paulo
167352,113052,PearlPICK,KRX,2,2,2,0,0,5,5,9,6,2023-02-14,Champions Tour 2023: LOCK//IN São Paulo
167352,113053,AscentPICK,BBL,2,2,2,0,0,7,2,15,9,2023-02-14,Champions Tour 2023: LOCK//IN São Paulo
167352,113053,AscentPICK,KRX,0,4,0,4,0,0,0,16,11,2023-02-14,Champions Tour 2023: LOCK//IN São Paulo
167352,113054,Haven,BBL,1,3,1,4,0,2,2,11,4,2023-02-14,Champions Tour 2023: LOCK//IN São Paulo
167352,113054,Haven,KRX,1,3,1,1,0,3,2,13,10,2023-02-14,Champions Tour 2023: LOCK//IN São Paulo
167353,113055,LotusPICK,C9,1,2,1,2,2,5,3,12,7,2023-02-14,Champions Tour 2023: LOCK//IN São Paulo
167353,113055,LotusPICK,PRX,1,4,2,3,1,3,1,11,4,2023-02-14,Champions Tour 2023: LOCK//IN São Paulo
167353,113056,PearlPICK,C9,1,3,1,0,0,1,1,13,11,2023-02-14,Champions Tour 2023: LOCK//IN São Paulo
167353,113056,PearlPICK,PRX,1,3,1,3,0,6,2,5,1,2023-02-14,Champions Tour 2023: LOCK//IN São Paulo
167354,113058,PearlPICK,TH,0,4,0,3,1,3,0,11,7,2023-02-15,Champions Tour 2023: LOCK//IN São Paulo
167354,113058,PearlPICK,EG,2,3,2,0,0,8,6,10,5,2023-02-15,Champions Tour 2023: LOCK//IN São Paulo
167354,113059,AscentPICK,TH,1,3,1,1,0,6,3,11,4,2023-02-15,Champions Tour 2023: LOCK//IN São Paulo
167354,113059,AscentPICK,EG,1,3,1,1,0,4,4,13,8,2023-02-15,Champions Tour 2023: LOCK//IN São Paulo
167355,113061,HavenPICK,MIBR,0,4,1,1,0,4,1,12,6,2023-02-15,Champions Tour 2023: LOCK//IN São Paulo
167355,113061,HavenPICK,TLN,2,3,2,2,1,4,2,12,8,2023-02-15,Champions Tour 2023: LOCK//IN São Paulo
167355,113062,FracturePICK,MIBR,1,4,1,1,1,6,4,13,5,2023-02-15,Champions Tour 2023: LOCK//IN São Paulo
167355,113062,FracturePICK,TLN,1,2,1,1,0,5,3,16,9,2023-02-15,Champions Tour 2023: LOCK//IN São Paulo
167356,113064,LotusPICK,NRG,1,3,1,1,0,6,4,16,7,2023-02-17,Champions Tour 2023: LOCK//IN São Paulo
167356,113064,LotusPICK,GIA,1,3,1,1,0,4,3,18,10,2023-02-17,Champions Tour 2023: LOCK//IN São Paulo
167356,113065,HavenPICK,NRG,2,2,2,0,0,3,3,9,8,2023-02-17,Champions Tour 2023: LOCK//IN São Paulo
167356,113065,HavenPICK,GIA,0,3,0,2,0,5,0,4,1,2023-02-17,Champions Tour 2023: LOCK//IN São Paulo
167356,113066,Icebox,NRG,1,3,1,1,0,2,1,14,11,2023-02-17,Champions Tour 2023: LOCK//IN São Paulo
167356,113066,Icebox,GIA,1,2,1,4,0,5,2,9,4,2023-02-17,Champions Tour 2023: LOCK//IN São Paulo
167357,113067,PearlPICK,LOUD,1,3,1,1,1,3,2,16,9,2023-02-17,Champions Tour 2023: LOCK//IN São Paulo
167357,113067,PearlPICK,KC,1,3,1,3,0,6,3,11,6,2023-02-17,Champions Tour 2023: LOCK//IN São Paulo
167357,113068,SplitPICK,LOUD,2,3,2,1,0,3,1,14,10,2023-02-17,Champions Tour 2023: LOCK//IN São Paulo
167357,113068,SplitPICK,KC,0,3,0,3,1,5,2,10,5,2023-02-17,Champions Tour 2023: LOCK//IN São Paulo
167358,113070,PearlPICK,KRX,0,4,0,1,0,3,0,8,3,2023-02-18,Champions Tour 2023: LOCK//IN São Paulo
167358,113070,PearlPICK,C9,2,2,2,0,0,3,3,11,8,2023-02-18,Champions Tour 2023: LOCK//IN São Paulo
167358,113071,HavenPICK,KRX,2,3,2,2,1,4,2,11,8,2023-02-18,Champions Tour 2023: LOCK//IN São Paulo
167358,113071,HavenPICK,C9,0,2,0,3,2,5,2,10,3,2023-02-18,Champions Tour 2023: LOCK//IN São Paulo
167358,113072,Icebox,KRX,1,3,2,0,0,2,2,10,9,2023-02-18,Champions Tour 2023: LOCK//IN São Paulo
167358,113072,Icebox,C9,1,3,1,2,0,7,0,3,1,2023-02-18,Champions Tour 2023: LOCK//IN São Paulo
167359,113073,HavenPICK,EG,1,2,1,3,2,8,2,11,6,2023-02-18,Champions Tour 2023: LOCK//IN São Paulo
167359,113073,HavenPICK,TLN,1,2,1,1,0,7,3,14,9,2023-02-18,Champions Tour 2023: LOCK//IN São Paulo
167359,113074,SplitPICK,EG,1,4,1,1,0,7,4,11,5,2023-02-18,Champions Tour 2023: LOCK//IN São Paulo
167359,113074,SplitPICK,TLN,1,3,1,2,1,3,1,15,10,2023-02-18,Champions Tour 2023: LOCK//IN São Paulo
167360,113076,SplitPICK,NRG,0,3,0,3,0,5,2,5,1,2023-02-19,Champions Tour 2023: LOCK//IN São Paulo
167360,113076,SplitPICK,LOUD,2,2,2,0,0,4,4,10,7,2023-02-19,Champions Tour 2023: LOCK//IN São Paulo
167360,113077,PearlPICK,NRG,1,2,1,3,1,5,3,18,10,2023-02-19,Champions Tour 2023: LOCK//IN São Paulo
167360,113077,PearlPICK,LOUD,1,2,1,5,0,2,2,19,10,2023-02-19,Champions Tour 2023: LOCK//IN São Paulo
167360,113078,Fracture,NRG,0,3,0,1,0,2,0,28,16,2023-02-19,Champions Tour 2023: LOCK//IN São Paulo
167360,113078,Fracture,LOUD,2,2,2,2,1,6,4,24,11,2023-02-19,Champions Tour 2023: LOCK//IN São Paulo
167361,113079,FracturePICK,KRX,2,2,2,2,0,6,3,13,5,2023-02-19,Champions Tour 2023: LOCK//IN São Paulo
167361,113079,FracturePICK,TLN,0,4,0,2,0,1,1,16,12,2023-02-19,Champions Tour 2023: LOCK//IN São Paulo
167361,113080,AscentPICK,KRX,1,3,1,0,0,3,2,13,10,2023-02-19,Champions Tour 2023: LOCK//IN São Paulo
167361,113080,AscentPICK,TLN,1,3,1,3,1,3,1,10,3,2023-02-19,Champions Tour 2023: LOCK//IN São Paulo
167361,113081,Icebox,KRX,1,3,1,2,1,3,1,15,10,2023-02-19,Champions Tour 2023: LOCK//IN São Paulo
167361,113081,Icebox,TLN,1,4,1,2,0,3,3,14,6,2023-02-19,Champions Tour 2023: LOCK//IN São Paulo
167362,113082,IceboxPICK,TL,0,2,0,2,0,6,3,11,5,2023-02-22,Champions Tour 2023: LOCK//IN São Paulo
167362,113082,IceboxPICK,TS,2,3,2,2,1,4,2,12,8,2023-02-22,Champions Tour 2023: LOCK//IN São Paulo
167362,113083,FracturePICK,TL,1,3,1,3,1,6,3,8,2,2023-02-22,Champions Tour 2023: LOCK//IN São Paulo
167362,113083,FracturePICK,TS,1,3,1,1,0,3,2,13,10,2023-02-22,Champions Tour 2023: LOCK//IN São Paulo
167363,113085,AscentPICK,NAVI,1,3,1,0,0,3,3,12,9,2023-02-22,Champions Tour 2023: LOCK//IN São Paulo
167363,113085,AscentPICK,KRÜ,1,3,1,3,0,4,1,8,3,2023-02-22,Champions Tour 2023: LOCK//IN São Paulo
167363,113086,LotusPICK,NAVI,2,2,2,2,1,5,2,14,8,2023-02-22,Champions Tour 2023: LOCK//IN São Paulo
167363,113086,LotusPICK,KRÜ,0,4,0,4,0,1,0,14,10,2023-02-22,Champions Tour 2023: LOCK//IN São Paulo
167364,113088,AscentPICK,ZETA,1,3,1,1,0,5,1,8,2,2023-02-22,Champions Tour 2023: LOCK//IN São Paulo
167364,113088,AscentPICK,LEV,1,3,1,0,0,1,1,13,11,2023-02-22,Champions Tour 2023: LOCK//IN São Paulo
167364,113089,PearlPICK,ZETA,0,4,0,1,0,4,4,15,7,2023-02-22,Champions Tour 2023: LOCK//IN São Paulo
167364,113089,PearlPICK,LEV,2,2,2,1,0,5,4,16,7,2023-02-22,Champions Tour 2023: LOCK//IN São Paulo
167365,113091,SplitPICK,VIT,0,3,1,1,1,0,0,13,11,2023-02-23,Champions Tour 2023: LOCK//IN São Paulo
167365,113091,SplitPICK,GE,2,6,2,0,0,4,0,7,2,2023-02-23,Champions Tour 2023: LOCK//IN São Paulo
167365,113092,PearlPICK,VIT,0,3,0,2,0,5,3,12,6,2023-02-23,Champions Tour 2023: LOCK//IN São Paulo
167365,113092,PearlPICK,GE,2,4,2,1,0,5,2,12,9,2023-02-23,Champions Tour 2023: LOCK//IN São Paulo
167365,113093,Lotus,VIT,0,4,0,0,0,2,2,13,11,2023-02-23,Champions Tour 2023: LOCK//IN São Paulo
167365,113093,Lotus,GE,2,4,2,2,0,3,2,10,2,2023-02-23,Champions Tour 2023: LOCK//IN São Paulo
167366,113094,LotusPICK,FUT,2,2,2,0,0,4,4,10,7,2023-02-23,Champions Tour 2023: LOCK//IN São Paulo
167366,113094,LotusPICK,RRQ,0,3,0,2,0,4,1,7,2,2023-02-23,Champions Tour 2023: LOCK//IN São Paulo
167366,113095,PearlPICK,FUT,1,3,1,2,1,5,3,14,8,2023-02-23,Champions Tour 2023: LOCK//IN São Paulo
167366,113095,PearlPICK,RRQ,1,3,1,0,0,5,2,16,8,2023-02-23,Champions Tour 2023: LOCK//IN São Paulo
167367,113097,IceboxPICK,100T,1,3,1,2,1,5,4,13,7,2023-02-23,Champions Tour 2023: LOCK//IN São Paulo
167367,113097,IceboxPICK,EDG,1,3,1,1,0,5,2,14,7,2023-02-23,Champions Tour 2023: LOCK//IN São Paulo
167367,113098,LotusPICK,100T,1,3,1,2,1,5,0,12,7,2023-02-23,Champions Tour 2023: LOCK//IN São Paulo
167367,113098,LotusPICK,EDG,1,2,1,3,0,4,3,13,9,2023-02-23,Champions Tour 2023: LOCK//IN São Paulo
167367,113099,Pearl,100T,1,2,1,3,0,5,2,16,11,2023-02-23,Champions Tour 2023: LOCK//IN São Paulo
167367,113099,Pearl,EDG,1,3,1,2,0,3,2,18,9,2023-02-23,Champions Tour 2023: LOCK//IN São Paulo
167368,113100,HavenPICK,SEN,1,3,1,2,0,6,1,8,4,2023-02-24,Champions Tour 2023: LOCK//IN São Paulo
167368,113100,HavenPICK,FNC,1,2,1,2,0,4,4,11,8,2023-02-24,Champions Tour 2023: LOCK//IN São Paulo
167368,113101,SplitPICK,SEN,0,4,0,0,0,2,1,14,6,2023-02-24,Champions Tour 2023: LOCK//IN São Paulo
167368,113101,SplitPICK,FNC,2,2,2,1,0,8,4,9,7,2023-02-24,Champions Tour 2023: LOCK//IN São Paulo
167369,113103,PearlPICK,T1,1,3,1,2,0,8,3,7,3,2023-02-24,Champions Tour 2023: LOCK//IN São Paulo
167369,113103,PearlPICK,FUR,1,3,1,1,0,3,2,13,10,2023-02-24,Champions Tour 2023: LOCK//IN São Paulo
167370,113106,IceboxPICK,TS,2,2,2,2,0,10,4,7,2,2023-02-25,Champions Tour 2023: LOCK//IN São Paulo
167370,113106,IceboxPICK,NAVI,0,4,0,1,0,1,0,15,13,2023-02-25,Champions Tour 2023: LOCK//IN São Paulo
167370,113107,PearlPICK,TS,0,3,0,4,2,3,1,7,1,2023-02-25,Champions Tour 2023: LOCK//IN São Paulo
167370,113107,PearlPICK,NAVI,2,2,2,0,0,3,2,12,9,2023-02-25,Champions Tour 2023: LOCK//IN São Paulo
167371,113109,HavenPICK,LEV,2,3,2,1,0,8,5,18,9,2023-02-25,Champions Tour 2023: LOCK//IN São Paulo
167371,113109,HavenPICK,VIT,0,3,0,2,1,4,4,21,9,2023-02-25,Champions Tour 2023: LOCK//IN São Paulo
167371,113110,PearlPICK,LEV,2,2,2,1,1,3,2,10,8,2023-02-25,Champions Tour 2023: LOCK//IN São Paulo
167371,113110,PearlPICK,VIT,0,2,0,5,2,6,1,3,0,2023-02-25,Champions Tour 2023: LOCK//IN São Paulo
167372,113112,LotusPICK,FUT,1,3,1,2,1,4,4,13,7,2023-02-26,Champions Tour 2023: LOCK//IN São Paulo
167372,113112,LotusPICK,100T,1,3,1,3,1,5,3,11,4,2023-02-26,Champions Tour 2023: LOCK//IN São Paulo
167372,113113,HavenPICK,FUT,0,4,0,1,0,3,1,16,10,2023-02-26,Champions Tour 2023: LOCK//IN São Paulo
167372,113113,HavenPICK,100T,2,3,2,2,1,5,2,14,8,2023-02-26,Champions Tour 2023: LOCK//IN São Paulo
167372,113114,Icebox,FUT,1,4,2,1,0,6,3,10,3,2023-02-26,Champions Tour 2023: LOCK//IN São Paulo
167372,113114,Icebox,100T,1,2,1,1,0,4,1,14,11,2023-02-26,Champions Tour 2023: LOCK//IN São Paulo
167373,113115,HavenPICK,FNC,0,4,0,0,0,12,8,18,10,2023-02-26,Champions Tour 2023: LOCK//IN São Paulo
167373,113115,HavenPICK,FUR,2,2,2,3,2,7,3,22,9,2023-02-26,Champions Tour 2023: LOCK//IN São Paulo
167373,113116,AscentPICK,FNC,0,4,0,1,0,7,4,10,9,2023-02-26,Champions Tour 2023: LOCK//IN São Paulo
167373,113116,AscentPICK,FUR,2,2,2,2,0,9,3,9,4,2023-02-26,Champions Tour 2023: LOCK//IN São Paulo
167374,113118,AscentPICK,NAVI,2,2,2,2,0,3,2,16,9,2023-02-27,Champions Tour 2023: LOCK//IN São Paulo
167374,113118,AscentPICK,LEV,0,4,0,1,0,3,2,15,8,2023-02-27,Champions Tour 2023: LOCK//IN São Paulo
167374,113119,FracturePICK,NAVI,1,3,2,0,0,2,2,10,9,2023-02-27,Champions Tour 2023: LOCK//IN São Paulo
167374,113119,FracturePICK,LEV,1,3,1,3,0,3,0,6,1,2023-02-27,Champions Tour 2023: LOCK//IN São Paulo
167375,113121,FracturePICK,100T,0,4,0,3,0,3,0,4,1,2023-02-27,Champions Tour 2023: LOCK//IN São Paulo
167375,113121,FracturePICK,FNC,2,2,2,0,0,4,3,8,8,2023-02-27,Champions Tour 2023: LOCK//IN São Paulo
167375,113122,IceboxPICK,100T,1,2,1,2,0,7,3,12,6,2023-02-27,Champions Tour 2023: LOCK//IN São Paulo
167375,113122,IceboxPICK,FNC,1,3,1,0,0,7,4,13,8,2023-02-27,Champions Tour 2023: LOCK//IN São Paulo
167391,113124,PearlPICK,LOUD,2,2,2,0,0,6,4,10,7,2023-03-02,Champions Tour 2023: LOCK//IN São Paulo
167391,113124,PearlPICK,KRX,0,4,0,0,0,4,2,10,3,2023-03-02,Champions Tour 2023: LOCK//IN São Paulo
167391,113125,IceboxPICK,LOUD,2,2,2,1,0,5,3,13,8,2023-03-02,Champions Tour 2023: LOCK//IN São Paulo
167391,113125,IceboxPICK,KRX,0,4,0,3,0,0,0,14,8,2023-03-02,Champions Tour 2023: LOCK//IN São Paulo
167391,113126,SplitPICK,LOUD,1,3,1,2,0,6,2,9,4,2023-03-02,Champions Tour 2023: LOCK//IN São Paulo
167391,113126,SplitPICK,KRX,1,3,1,0,0,3,2,14,10,2023-03-02,Champions Tour 2023: LOCK//IN São Paulo
167391,113127,FracturePICK,LOUD,0,4,0,2,0,2,2,12,5,2023-03-02,Champions Tour 2023: LOCK//IN São Paulo
167391,113127,FracturePICK,KRX,2,2,2,1,0,4,3,13,8,2023-03-02,Champions Tour 2023: LOCK//IN São Paulo
167391,113128,Ascent,LOUD,1,3,1,1,0,3,2,14,10,2023-03-02,Champions Tour 2023: LOCK//IN São Paulo
167391,113128,Ascent,KRX,1,3,1,1,0,5,2,12,5,2023-03-02,Champions Tour 2023: LOCK//IN São Paulo
167392,113129,HavenPICK,NAVI,1,3,1,2,0,6,4,13,6,2023-03-03,Champions Tour 2023: LOCK//IN São Paulo
167392,113129,HavenPICK,FNC,1,3,1,0,0,7,3,14,9,2023-03-03,Champions Tour 2023: LOCK//IN São Paulo
167392,113130,LotusPICK,NAVI,1,3,1,1,0,5,1,8,2,2023-03-03,Champions Tour 2023: LOCK//IN São Paulo
167392,113130,LotusPICK,FNC,1,3,1,0,0,3,3,11,9,2023-03-03,Champions Tour 2023: LOCK//IN São Paulo
167392,113131,FracturePICK,NAVI,1,3,1,2,1,5,2,14,7,2023-03-03,Champions Tour 2023: LOCK//IN São Paulo
167392,113131,FracturePICK,FNC,1,3,1,0,0,6,3,15,9,2023-03-03,Champions Tour 2023: LOCK//IN São Paulo
167393,113134,AscentPICK,LOUD,1,3,1,0,0,7,2,11,5,2023-03-04,Champions Tour 2023: LOCK//IN São Paulo
167393,113134,AscentPICK,FNC,1,3,1,1,0,7,5,10,7,2023-03-04,Champions Tour 2023: LOCK//IN São Paulo
167393,113135,FracturePICK,LOUD,0,6,1,2,0,3,0,9,6,2023-03-04,Champions Tour 2023: LOCK//IN São Paulo
167393,113135,FracturePICK,FNC,2,2,2,0,0,9,4,9,7,2023-03-04,Champions Tour 2023: LOCK//IN São Paulo
167393,113136,SplitPICK,LOUD,1,3,1,0,0,5,4,14,8,2023-03-04,Champions Tour 2023: LOCK//IN São Paulo
167393,113136,SplitPICK,FNC,1,3,1,0,0,12,7,7,1,2023-03-04,Champions Tour 2023: LOCK//IN São Paulo
167393,113137,LotusPICK,LOUD,0,4,0,0,0,3,3,14,10,2023-03-04,Champions Tour 2023: LOCK//IN São Paulo
167393,113137,LotusPICK,FNC,2,3,2,0,0,15,5,3,1,2023-03-04,Champions Tour 2023: LOCK//IN São Paulo
167393,113138,Icebox,LOUD,2,2,2,3,0,6,3,15,7,2023-03-04,Champions Tour 2023: LOCK//IN São Paulo
167393,113138,Icebox,FNC,0,3,0,1,0,11,5,11,9,2023-03-04,Champions Tour 2023: LOCK//IN São Paulo
173214,117161,IceboxPICK,FNC,2,2,2,0,0,5,5,9,6,2023-03-27,Champions Tour 2023: EMEA League
173214,117161,IceboxPICK,GIA,0,3,0,3,0,10,3,0,0,2023-03-27,Champions Tour 2023: EMEA League
173214,117162,SplitPICK,FNC,1,3,1,0,0,5,3,16,9,2023-03-27,Champions Tour 2023: EMEA League
173214,117162,SplitPICK,GIA,1,3,1,2,0,9,4,10,6,2023-03-27,Champions Tour 2023: EMEA League
173215,117164,AscentPICK,MKOI,1,3,1,1,0,6,5,10,7,2023-03-27,Champions Tour 2023: EMEA League
173215,117164,AscentPICK,NAVI,1,3,1,0,0,6,4,11,2,2023-03-27,Champions Tour 2023: EMEA League
173215,117165,LotusPICK,MKOI,1,3,1,1,0,6,5,28,14,2023-03-27,Champions Tour 2023: EMEA League
173215,117165,LotusPICK,NAVI,1,2,1,1,0,11,6,24,11,2023-03-27,Champions Tour 2023: EMEA League
173216,117167,PearlPICK,TH,0,3,0,3,1,5,2,6,1,2023-03-28,Champions Tour 2023: EMEA League
173216,117167,PearlPICK,FUT,2,3,3,0,0,4,3,10,7,2023-03-28,Champions Tour 2023: EMEA League
173216,117168,LotusPICK,TH,0,4,0,2,0,2,1,14,8,2023-03-28,Champions Tour 2023: EMEA League
173216,117168,LotusPICK,FUT,2,2,2,2,0,6,4,12,7,2023-03-28,Champions Tour 2023: EMEA League
173217,117170,HavenPICK,TL,1,3,1,1,0,10,2,5,3,2023-03-28,Champions Tour 2023: EMEA League
173217,117170,HavenPICK,VIT,1,3,1,0,0,6,6,10,6,2023-03-28,Champions Tour 2023: EMEA League
173217,117171,FracturePICK,TL,2,2,2,0,0,4,4,9,7,2023-03-28,Champions Tour 2023: EMEA League
173217,117171,FracturePICK,VIT,0,2,0,3,0,5,2,5,0,2023-03-28,Champions Tour 2023: EMEA League
173217,117172,Lotus,TL,0,4,0,1,0,2,0,16,10,2023-03-28,Champions Tour 2023: EMEA League
173217,117172,Lotus,VIT,2,2,2,0,0,14,7,7,4,2023-03-28,Champions Tour 2023: EMEA League
173218,117173,IceboxPICK,NAVI,0,4,0,1,0,5,4,22,11,2023-03-29,Champions Tour 2023: EMEA League
173218,117173,IceboxPICK,GIA,2,2,2,1,0,12,6,17,9,2023-03-29,Champions Tour 2023: EMEA League
173218,117174,SplitPICK,NAVI,0,3,0,1,0,5,3,19,12,2023-03-29,Champions Tour 2023: EMEA League
173218,117174,SplitPICK,GIA,2,2,2,1,0,10,6,15,5,2023-03-29,Champions Tour 2023: EMEA League
173218,117175,Pearl,NAVI,1,3,2,1,1,4,3,12,7,2023-03-29,Champions Tour 2023: EMEA League
173218,117175,Pearl,GIA,1,4,1,1,0,7,4,8,2,2023-03-29,Champions Tour 2023: EMEA League
173219,117176,IceboxPICK,KC,0,4,1,1,1,1,1,30,16,2023-03-29,Champions Tour 2023: EMEA League
173219,117176,IceboxPICK,BBL,2,2,2,5,1,8,4,21,10,2023-03-29,Champions Tour 2023: EMEA League
173219,117177,SplitPICK,KC,2,2,2,2,1,10,4,10,6,2023-03-29,Champions Tour 2023: EMEA League
173219,117177,SplitPICK,BBL,0,4,0,3,0,2,1,15,10,2023-03-29,Champions Tour 2023: EMEA League
173220,117179,LotusPICK,TL,0,4,0,1,1,3,3,15,6,2023-03-30,Champions Tour 2023: EMEA League
173220,117179,LotusPICK,FUT,2,2,2,2,0,6,3,13,8,2023-03-30,Champions Tour 2023: EMEA League
173220,117180,SplitPICK,TL,1,3,1,1,0,2,1,13,11,2023-03-30,Champions Tour 2023: EMEA League
173220,117180,SplitPICK,FUT,1,3,1,4,1,3,1,9,3,2023-03-30,Champions Tour 2023: EMEA League
173220,117181,Ascent,TL,2,2,2,1,1,8,3,8,7,2023-03-30,Champions Tour 2023: EMEA League
173220,117181,Ascent,FUT,0,3,0,2,0,5,0,9,6,2023-03-30,Champions Tour 2023: EMEA League
173221,117182,SplitPICK,MKOI,0,3,0,1,0,4,1,14,8,2023-03-30,Champions Tour 2023: EMEA League
173221,117182,SplitPICK,VIT,2,2,2,1,0,10,5,9,6,2023-03-30,Champions Tour 2023: EMEA League
173221,117183,FracturePICK,MKOI,1,3,2,1,0,5,3,19,8,2023-03-30,Champions Tour 2023: EMEA League
173221,117183,FracturePICK,VIT,1,2,1,4,0,10,7,12,7,2023-03-30,Champions Tour 2023: EMEA League
173222,117185,AscentPICK,FNC,1,2,1,1,0,11,4,5,1,2023-03-31,Champions Tour 2023: EMEA League
173222,117185,AscentPICK,BBL,1,3,1,1,0,2,1,13,11,2023-03-31,Champions Tour 2023: EMEA League
173222,117186,HavenPICK,FNC,1,3,1,0,0,9,7,10,5,2023-03-31,Champions Tour 2023: EMEA League
173222,117186,HavenPICK,BBL,1,3,1,3,2,4,2,12,4,2023-03-31,Champions Tour 2023: EMEA League
173222,117187,Split,FNC,2,2,2,0,0,12,6,10,5,2023-03-31,Champions Tour 2023: EMEA League
173222,117187,Split,BBL,0,5,1,1,1,3,0,15,9,2023-03-31,Champions Tour 2023: EMEA League
173223,117188,IceboxPICK,TH,1,3,1,0,0,2,1,13,11,2023-03-31,Champions Tour 2023: EMEA League
173223,117188,IceboxPICK,KC,1,3,1,2,0,7,3,6,1,2023-03-31,Champions Tour 2023: EMEA League
173223,117189,SplitPICK,TH,2,2,2,0,0,4,3,9,8,2023-03-31,Champions Tour 2023: EMEA League
173223,117189,SplitPICK,KC,0,3,0,1,0,7,2,4,0,2023-03-31,Champions Tour 2023: EMEA League
183774,118923,FracturePICK,SEN,0,4,0,0,0,8,5,12,8,2023-04-01,Champions Tour 2023: Americas League
183774,118923,FracturePICK,100T,2,2,2,1,0,8,5,13,4,2023-04-01,Champions Tour 2023: Americas League
183774,118924,SplitPICK,SEN,0,3,0,2,1,5,4,16,7,2023-04-01,Champions Tour 2023: Americas League
183774,118924,SplitPICK,100T,2,2,2,3,2,9,4,12,6,2023-04-01,Champions Tour 2023: Americas League
183774,118925,Ascent,SEN,2,2,2,0,0,5,2,19,10,2023-04-01,Champions Tour 2023: Americas League
183774,118925,Ascent,100T,0,4,0,1,0,4,2,17,10,2023-04-01,Champions Tour 2023: Americas League
183775,118926,SplitPICK,KRÜ,0,4,0,1,1,3,1,16,9,2023-04-01,Champions Tour 2023: Americas League
183775,118926,SplitPICK,FUR,2,2,2,0,0,9,5,13,6,2023-04-01,Champions Tour 2023: Americas League
183775,118927,AscentPICK,KRÜ,1,4,2,2,0,3,0,9,3,2023-04-01,Champions Tour 2023: Americas League
183775,118927,AscentPICK,FUR,1,3,2,1,1,3,2,11,8,2023-04-01,Champions Tour 2023: Americas League
183776,118929,SplitPICK,LOUD,2,2,2,0,0,4,3,12,8,2023-04-02,Champions Tour 2023: Americas League
183776,118929,SplitPICK,MIBR,0,4,0,0,0,5,0,9,5,2023-04-02,Champions Tour 2023: Americas League
183776,118930,LotusPICK,LOUD,1,3,1,2,0,8,5,11,5,2023-04-02,Champions Tour 2023: Americas League
183776,118930,LotusPICK,MIBR,1,3,1,1,0,6,3,14,9,2023-04-02,Champions Tour 2023: Americas League
183776,118931,Haven,LOUD,2,2,2,4,0,4,3,14,8,2023-04-02,Champions Tour 2023: Americas League
183776,118931,Haven,MIBR,0,4,0,2,0,2,1,16,10,2023-04-02,Champions Tour 2023: Americas League
183777,118932,PearlPICK,EG,2,4,2,0,0,7,1,13,8,2023-04-02,Champions Tour 2023: Americas League
183777,118932,PearlPICK,C9,0,4,1,0,0,3,0,17,12,2023-04-02,Champions Tour 2023: Americas League
183777,118933,FracturePICK,EG,2,5,2,2,0,3,1,12,6,2023-04-02,Champions Tour 2023: Americas League
183777,118933,FracturePICK,C9,0,4,2,1,0,1,1,16,10,2023-04-02,Champions Tour 2023: Americas League
183778,118935,PearlPICK,LEV,0,4,0,2,1,1,1,17,11,2023-04-03,Champions Tour 2023: Americas League
183778,118935,PearlPICK,NRG,2,2,2,0,0,12,6,10,3,2023-04-03,Champions Tour 2023: Americas League
183778,118936,LotusPICK,LEV,2,2,2,0,0,5,4,10,7,2023-04-03,Champions Tour 2023: Americas League
183778,118936,LotusPICK,NRG,0,4,0,0,0,7,1,6,3,2023-04-03,Champions Tour 2023: Americas League
183779,118938,SplitPICK,C9,2,2,2,1,0,7,5,10,6,2023-04-08,Champions Tour 2023: Americas League
183779,118938,SplitPICK,LOUD,0,4,0,3,1,3,3,10,3,2023-04-08,Champions Tour 2023: Americas League
183779,118939,AscentPICK,C9,2,3,2,3,1,7,3,8,2,2023-04-08,Champions Tour 2023: Americas League
183779,118939,AscentPICK,LOUD,0,4,1,0,0,1,0,16,12,2023-04-08,Champions Tour 2023: Americas League
183779,118940,Pearl,C9,1,3,1,3,0,6,1,8,5,2023-04-08,Champions Tour 2023: Americas League
183779,118940,Pearl,LOUD,1,3,1,0,0,2,1,15,11,2023-04-08,Champions Tour 2023: Americas League
183780,118941,PearlPICK,LEV,1,3,1,0,0,6,3,15,9,2023-04-08,Champions Tour 2023: Americas League
183780,118941,PearlPICK,FUR,1,3,1,3,0,2,2,16,8,2023-04-08,Champions Tour 2023: Americas League
183780,118942,IceboxPICK,LEV,0,3,0,2,0,4,2,9,3,2023-04-08,Champions Tour 2023: Americas League
183780,118942,IceboxPICK,FUR,2,2,2,0,0,6,3,10,8,2023-04-08,Champions Tour 2023: Americas League
183780,118943,Ascent,LEV,1,3,1,1,1,5,1,14,7,2023-04-08,Champions Tour 2023: Americas League
183780,118943,Ascent,FUR,1,3,2,0,0,6,3,14,8,2023-04-08,Champions Tour 2023: Americas League
183781,118944,LotusPICK,NRG,1,3,1,1,1,6,3,13,8,2023-04-09,Champions Tour 2023: Americas League
183781,118944,LotusPICK,SEN,1,3,1,1,0,7,4,12,5,2023-04-09,Champions Tour 2023: Americas League
183781,118945,IceboxPICK,NRG,2,2,2,0,0,3,3,10,8,2023-04-09,Champions Tour 2023: Americas League
183781,118945,IceboxPICK,SEN,0,3,0,1,0,9,2,2,0,2023-04-09,Champions Tour 2023: Americas League
183782,118947,AscentPICK,MIBR,1,3,1,2,1,4,2,13,5,2023-04-09,Champions Tour 2023: Americas League
183782,118947,AscentPICK,KRÜ,1,3,1,2,1,4,3,13,8,2023-04-09,Champions Tour 2023: Americas League
183782,118948,LotusPICK,MIBR,1,3,1,2,0,3,2,16,10,2023-04-09,Champions Tour 2023: Americas League
183782,118948,LotusPICK,KRÜ,1,3,1,1,0,6,3,14,7,2023-04-09,Champions Tour 2023: Americas League
183782,118949,Pearl,MIBR,0,4,0,1,0,2,0,19,14,2023-04-09,Champions Tour 2023: Americas League
183782,118949,Pearl,KRÜ,2,2,2,3,1,8,6,13,3,2023-04-09,Champions Tour 2023: Americas League
183783,118950,HavenPICK,EG,1,4,1,1,0,5,2,12,6,2023-04-10,Champions Tour 2023: Americas League
183783,118950,HavenPICK,100T,1,3,1,0,0,4,4,15,8,2023-04-10,Champions Tour 2023: Americas League
183783,118951,IceboxPICK,EG,1,3,1,2,0,6,2,7,2,2023-04-10,Champions Tour 2023: Americas League
183783,118951,IceboxPICK,100T,1,4,2,0,0,3,2,11,9,2023-04-10,Champions Tour 2023: Americas League
183785,118953,LotusPICK,C9,2,2,2,0,0,6,3,12,8,2023-04-15,Champions Tour 2023: Americas League
183785,118953,LotusPICK,100T,0,4,0,0,0,6,5,10,2,2023-04-15,Champions Tour 2023: Americas League
183785,118954,AscentPICK,C9,1,3,1,1,0,3,2,19,11,2023-04-15,Champions Tour 2023: Americas League
183785,118954,AscentPICK,100T,1,2,1,1,1,12,6,11,4,2023-04-15,Champions Tour 2023: Americas League
183786,118956,IceboxPICK,NRG,1,3,1,1,0,9,5,10,4,2023-04-15,Champions Tour 2023: Americas League
183786,118956,IceboxPICK,MIBR,1,3,1,1,0,2,1,17,11,2023-04-15,Champions Tour 2023: Americas League
183786,118957,PearlPICK,NRG,2,2,2,3,0,10,5,15,9,2023-04-15,Champions Tour 2023: Americas League
183786,118957,PearlPICK,MIBR,0,4,0,0,0,2,0,24,14,2023-04-15,Champions Tour 2023: Americas League
183786,118958,Split,NRG,1,3,1,1,1,8,3,18,9,2023-04-15,Champions Tour 2023: Americas League
183786,118958,Split,MIBR,1,3,1,1,1,6,4,20,10,2023-04-15,Champions Tour 2023: Americas League
183787,118959,SplitPICK,LEV,1,3,1,0,0,4,2,19,11,2023-04-16,Champions Tour 2023: Americas League
183787,118959,SplitPICK,SEN,1,3,1,0,0,9,6,14,5,2023-04-16,Champions Tour 2023: Americas League
183787,118960,AscentPICK,LEV,0,4,0,1,1,2,1,17,9,2023-04-16,Champions Tour 2023: Americas League
183787,118960,AscentPICK,SEN,2,2,2,1,0,9,6,12,5,2023-04-16,Champions Tour 2023: Americas League
183787,118961,Pearl,LEV,1,3,1,0,0,7,6,7,6,2023-04-16,Champions Tour 2023: Americas League
183787,118961,Pearl,SEN,1,3,1,1,0,9,3,4,0,2023-04-16,Champions Tour 2023: Americas League
183788,118962,PearlPICK,EG,1,5,1,1,0,3,1,15,11,2023-04-16,Champions Tour 2023: Americas League
183788,118962,PearlPICK,KRÜ,1,3,1,2,0,4,2,15,8,2023-04-16,Champions Tour 2023: Americas League
183788,118963,AscentPICK,EG,2,2,2,3,1,5,1,14,7,2023-04-16,Champions Tour 2023: Americas League
183788,118963,AscentPICK,KRÜ,0,4,1,1,0,3,1,16,11,2023-04-16,Champions Tour 2023: Americas League
183788,118964,Fracture,EG,0,4,0,0,0,2,1,14,12,2023-04-16,Champions Tour 2023: Americas League
183788,118964,Fracture,KRÜ,2,2,2,2,0,6,2,10,3,2023-04-16,Champions Tour 2023: Americas League
183789,118965,SplitPICK,LOUD,1,3,1,0,0,4,2,15,10,2023-04-17,Champions Tour 2023: Americas League
183789,118965,SplitPICK,FUR,1,3,1,3,0,3,1,13,7,2023-04-17,Champions Tour 2023: Americas League
183789,118966,IceboxPICK,LOUD,2,2,2,0,0,3,3,12,8,2023-04-17,Champions Tour 2023: Americas League
183789,118966,IceboxPICK,FUR,0,4,0,2,0,4,1,7,3,2023-04-17,Champions Tour 2023: Americas League
183791,118968,PearlPICK,LOUD,1,2,1,3,0,4,2,10,3,2023-04-21,Champions Tour 2023: Americas League
183791,118968,PearlPICK,SEN,1,3,1,0,0,5,3,11,9,2023-04-21,Champions Tour 2023: Americas League
183791,118969,HavenPICK,LOUD,1,3,1,1,0,3,1,17,11,2023-04-21,Champions Tour 2023: Americas League
183791,118969,HavenPICK,SEN,1,3,2,0,0,12,6,9,3,2023-04-21,Champions Tour 2023: Americas League
183791,118970,Ascent,LOUD,1,3,2,0,0,5,4,13,7,2023-04-21,Champions Tour 2023: Americas League
183791,118970,Ascent,SEN,1,3,1,2,0,8,3,8,4,2023-04-21,Champions Tour 2023: Americas League
183792,118971,PearlPICK,LEV,2,2,2,1,1,5,2,9,8,2023-04-21,Champions Tour 2023: Americas League
183792,118971,PearlPICK,MIBR,0,3,0,2,0,4,2,8,2,2023-04-21,Champions Tour 2023: Americas League
183792,118972,IceboxPICK,LEV,2,2,2,0,0,4,3,10,8,2023-04-21,Champions Tour 2023: Americas League
183792,118972,IceboxPICK,MIBR,0,3,0,2,1,6,1,5,1,2023-04-21,Champions Tour 2023: Americas League
183793,118974,AscentPICK,KRÜ,2,2,2,0,0,4,3,11,8,2023-04-22,Champions Tour 2023: Americas League
183793,118974,AscentPICK,100T,0,4,0,1,1,11,3,1,0,2023-04-22,Champions Tour 2023: Americas League
183793,118975,SplitPICK,KRÜ,1,3,1,2,1,3,2,16,7,2023-04-22,Champions Tour 2023: Americas League
183793,118975,SplitPICK,100T,1,3,1,1,0,8,5,12,7,2023-04-22,Champions Tour 2023: Americas League
183793,118976,Fracture,KRÜ,0,4,0,0,0,5,1,9,4,2023-04-22,Champions Tour 2023: Americas League
183793,118976,Fracture,100T,2,2,2,1,0,5,2,10,9,2023-04-22,Champions Tour 2023: Americas League
183794,118977,AscentPICK,EG,1,3,1,3,0,3,1,19,11,2023-04-22,Champions Tour 2023: Americas League
183794,118977,AscentPICK,FUR,1,4,1,0,0,4,2,20,12,2023-04-22,Champions Tour 2023: Americas League
183794,118978,FracturePICK,EG,1,3,2,0,0,4,2,13,9,2023-04-22,Champions Tour 2023: Americas League
183794,118978,FracturePICK,FUR,1,4,1,3,1,6,3,7,2,2023-04-22,Champions Tour 2023: Americas League
183794,118979,Haven,EG,0,4,0,1,0,4,3,14,7,2023-04-22,Champions Tour 2023: Americas League
183794,118979,Haven,FUR,2,3,2,0,0,6,4,14,7,2023-04-22,Champions Tour 2023: Americas League
183795,118981,PearlPICK,NRG,0,4,0,1,0,6,4,11,5,2023-04-23,Champions Tour 2023: Americas League
183795,118981,PearlPICK,C9,2,2,2,1,0,9,5,10,6,2023-04-23,Champions Tour 2023: Americas League
183795,118982,Ascent,NRG,1,3,1,2,0,6,2,9,4,2023-04-23,Champions Tour 2023: Americas League
183795,118982,Ascent,C9,1,3,1,1,1,5,4,11,7,2023-04-23,Champions Tour 2023: Americas League
183796,118983,PearlPICK,MIBR,0,4,0,1,0,5,3,8,2,2023-04-23,Champions Tour 2023: Americas League
183796,118983,PearlPICK,SEN,2,2,2,0,0,4,3,12,8,2023-04-23,Champions Tour 2023: Americas League
183796,118984,FracturePICK,MIBR,1,3,1,2,0,4,2,10,3,2023-04-23,Champions Tour 2023: Americas League
183796,118984,FracturePICK,SEN,1,3,1,1,0,6,5,9,7,2023-04-23,Champions Tour 2023: Americas League
183797,118986,IceboxPICK,LEV,1,3,1,0,0,6,2,19,12,2023-04-24,Champions Tour 2023: Americas League
183797,118986,IceboxPICK,100T,1,3,1,0,0,6,3,19,9,2023-04-24,Champions Tour 2023: Americas League
183797,118987,HavenPICK,LEV,2,2,2,3,0,5,3,14,6,2023-04-24,Champions Tour 2023: Americas League
183797,118987,HavenPICK,100T,0,4,1,0,0,2,1,18,11,2023-04-24,Champions Tour 2023: Americas League
183797,118988,Lotus,LEV,0,3,0,1,1,3,0,17,10,2023-04-24,Champions Tour 2023: Americas League
183797,118988,Lotus,100T,2,2,2,3,0,8,4,11,7,2023-04-24,Champions Tour 2023: Americas League
183798,118989,SplitPICK,EG,1,3,1,0,0,3,3,10,9,2023-04-24,Champions Tour 2023: Americas League
183798,118989,SplitPICK,LOUD,1,2,1,3,0,6,1,5,1,2023-04-24,Champions Tour 2023: Americas League
183798,118990,HavenPICK,EG,1,5,1,2,0,4,2,12,7,2023-04-24,Champions Tour 2023: Americas League
183798,118990,HavenPICK,LOUD,1,3,1,2,2,4,2,14,8,2023-04-24,Champions Tour 2023: Americas League
183798,118991,Pearl,EG,0,3,0,2,0,4,0,4,0,2023-04-24,Champions Tour 2023: Americas League
183798,118991,Pearl,LOUD,2,2,2,0,0,2,2,9,9,2023-04-24,Champions Tour 2023: Americas League
183799,118992,AscentPICK,C9,1,3,1,1,0,5,4,12,8,2023-04-25,Champions Tour 2023: Americas League
183799,118992,AscentPICK,FUR,1,3,1,1,0,5,2,12,5,2023-04-25,Champions Tour 2023: Americas League
183799,118993,FracturePICK,C9,1,3,1,3,3,5,4,11,5,2023-04-25,Champions Tour 2023: Americas League
183799,118993,FracturePICK,FUR,1,3,1,2,0,4,3,13,5,2023-04-25,Champions Tour 2023: Americas League
183800,118995,HavenPICK,NRG,0,4,0,1,0,2,1,16,12,2023-04-25,Champions Tour 2023: Americas League
183800,118995,HavenPICK,KRÜ,2,2,2,3,0,4,3,14,5,2023-04-25,Champions Tour 2023: Americas League
183800,118996,AscentPICK,NRG,2,2,2,0,0,3,3,12,8,2023-04-25,Champions Tour 2023: Americas League
183800,118996,AscentPICK,KRÜ,0,4,0,3,0,3,1,7,3,2023-04-25,Champions Tour 2023: Americas League
183801,118998,BindPICK,NRG,1,3,1,1,1,5,2,11,9,2023-04-29,Champions Tour 2023: Americas League
183801,118998,BindPICK,100T,1,3,1,1,0,8,3,8,3,2023-04-29,Champions Tour 2023: Americas League
183801,118999,FracturePICK,NRG,2,3,2,0,0,3,1,10,10,2023-04-29,Champions Tour 2023: Americas League
183801,118999,FracturePICK,100T,0,3,0,1,0,6,2,6,1,2023-04-29,Champions Tour 2023: Americas League
183802,119001,PearlPICK,MIBR,1,3,1,1,0,3,2,17,8,2023-04-29,Champions Tour 2023: Americas League
183802,119001,PearlPICK,FUR,1,3,1,1,0,6,4,14,8,2023-04-29,Champions Tour 2023: Americas League
183802,119002,SplitPICK,MIBR,1,3,1,1,0,6,2,10,4,2023-04-29,Champions Tour 2023: Americas League
183802,119002,SplitPICK,FUR,1,3,1,0,0,6,5,11,7,2023-04-29,Champions Tour 2023: Americas League
183803,119004,LotusPICK,C9,1,3,1,0,0,3,2,11,10,2023-04-30,Champions Tour 2023: Americas League
183803,119004,LotusPICK,SEN,1,3,1,1,0,7,3,6,0,2023-04-30,Champions Tour 2023: Americas League
183803,119005,FracturePICK,C9,1,3,1,0,0,4,3,12,9,2023-04-30,Champions Tour 2023: Americas League
183803,119005,FracturePICK,SEN,1,3,1,1,0,8,2,7,3,2023-04-30,Champions Tour 2023: Americas League
183804,119007,SplitPICK,LEV,1,3,1,1,0,6,3,13,6,2023-04-30,Champions Tour 2023: Americas League
183804,119007,SplitPICK,EG,1,3,1,2,2,5,3,13,7,2023-04-30,Champions Tour 2023: Americas League
183804,119008,PearlPICK,LEV,1,3,2,0,0,3,2,17,9,2023-04-30,Champions Tour 2023: Americas League
183804,119008,PearlPICK,EG,1,4,1,3,0,3,1,13,8,2023-04-30,Champions Tour 2023: Americas League
183804,119009,Ascent,LEV,1,3,1,0,0,5,1,15,8,2023-04-30,Champions Tour 2023: Americas League
183804,119009,Ascent,EG,1,3,1,2,0,3,2,15,10,2023-04-30,Champions Tour 2023: Americas League
183805,119010,PearlPICK,LOUD,1,3,1,1,0,4,1,15,8,2023-05-01,Champions Tour 2023: Americas League
183805,119010,PearlPICK,KRÜ,1,3,1,1,0,6,3,13,9,2023-05-01,Champions Tour 2023: Americas League
183805,119011,AscentPICK,LOUD,1,3,1,2,0,3,1,16,11,2023-05-01,Champions Tour 2023: Americas League
183805,119011,AscentPICK,KRÜ,1,3,1,0,0,6,3,15,7,2023-05-01,Champions Tour 2023: Americas League
183805,119012,Split,LOUD,1,3,1,1,0,2,2,17,10,2023-05-01,Champions Tour 2023: Americas League
183805,119012,Split,KRÜ,1,3,1,2,0,4,3,14,6,2023-05-01,Champions Tour 2023: Americas League
183807,119013,FracturePICK,EG,1,3,1,0,0,3,2,13,10,2023-05-06,Champions Tour 2023: Americas League
183807,119013,FracturePICK,SEN,1,3,1,1,1,8,1,7,3,2023-05-06,Champions Tour 2023: Americas League
183807,119014,PearlPICK,EG,1,3,1,0,0,4,3,11,9,2023-05-06,Champions Tour 2023: Americas League
183807,119014,PearlPICK,SEN,1,3,1,3,0,5,2,7,2,2023-05-06,Champions Tour 2023: Americas League
183808,119016,SplitPICK,C9,2,2,2,1,1,4,3,11,7,2023-05-06,Champions Tour 2023: Americas League
183808,119016,SplitPICK,MIBR,0,4,0,1,0,3,0,10,5,2023-05-06,Champions Tour 2023: Americas League
183808,119017,LotusPICK,C9,2,2,2,0,0,5,4,10,7,2023-05-06,Champions Tour 2023: Americas League
183808,119017,LotusPICK,MIBR,0,4,0,0,0,3,0,10,4,2023-05-06,Champions Tour 2023: Americas League
183809,119019,AscentPICK,LOUD,1,3,1,1,1,2,1,12,10,2023-05-07,Champions Tour 2023: Americas League
183809,119019,AscentPICK,100T,1,3,1,1,0,6,2,8,2,2023-05-07,Champions Tour 2023: Americas League
183809,119020,SplitPICK,LOUD,1,3,2,0,0,6,3,19,10,2023-05-07,Champions Tour 2023: Americas League
183809,119020,SplitPICK,100T,1,4,1,1,0,6,4,17,8,2023-05-07,Champions Tour 2023: Americas League
183810,119022,HavenPICK,LEV,2,3,2,0,0,4,3,10,8,2023-05-07,Champions Tour 2023: Americas League
183810,119022,HavenPICK,KRÜ,0,3,0,2,0,4,3,8,1,2023-05-07,Champions Tour 2023: Americas League
183810,119023,SplitPICK,LEV,2,2,2,0,0,5,4,10,7,2023-05-07,Champions Tour 2023: Americas League
183810,119023,SplitPICK,KRÜ,0,3,0,2,1,4,1,8,2,2023-05-07,Champions Tour 2023: Americas League
183811,119025,BindPICK,NRG,2,3,2,0,0,6,3,15,8,2023-05-08,Champions Tour 2023: Americas League
183811,119025,BindPICK,FUR,0,4,1,2,0,2,1,16,9,2023-05-08,Champions Tour 2023: Americas League
183811,119026,HavenPICK,NRG,1,3,1,3,2,4,2,14,6,2023-05-08,Champions Tour 2023: Americas League
183811,119026,HavenPICK,FUR,1,3,1,2,1,7,5,12,6,2023-05-08,Champions Tour 2023: Americas League
183811,119027,Pearl,NRG,1,3,1,0,0,2,2,14,10,2023-05-08,Champions Tour 2023: Americas League
183811,119027,Pearl,FUR,1,3,1,2,1,4,1,10,3,2023-05-08,Champions Tour 2023: Americas League
183812,119028,PearlPICK,FUR,0,4,1,0,0,3,2,16,10,2023-05-13,Champions Tour 2023: Americas League
183812,119028,PearlPICK,100T,2,2,2,2,0,6,1,13,7,2023-05-13,Champions Tour 2023: Americas League
183812,119029,FracturePICK,FUR,1,3,1,2,0,4,3,11,3,2023-05-13,Champions Tour 2023: Americas League
183812,119029,FracturePICK,100T,1,3,1,0,0,3,2,14,10,2023-05-13,Champions Tour 2023: Americas League
183812,119030,Haven,FUR,0,5,0,0,0,3,2,16,9,2023-05-13,Champions Tour 2023: Americas League
183812,119030,Haven,100T,2,2,2,0,0,6,4,16,7,2023-05-13,Champions Tour 2023: Americas League
183813,119031,LotusPICK,EG,2,2,2,0,0,4,4,9,7,2023-05-13,Champions Tour 2023: Americas League
183813,119031,LotusPICK,MIBR,0,3,0,1,0,6,1,5,1,2023-05-13,Champions Tour 2023: Americas League
183813,119032,FracturePICK,EG,0,4,1,0,0,0,0,14,12,2023-05-13,Champions Tour 2023: Americas League
183813,119032,FracturePICK,MIBR,2,3,2,2,0,5,1,8,2,2023-05-13,Champions Tour 2023: Americas League
183814,119034,LotusPICK,KRÜ,0,4,0,1,0,1,1,20,11,2023-05-14,Champions Tour 2023: Americas League
183814,119034,LotusPICK,SEN,2,2,2,1,0,9,6,14,6,2023-05-14,Champions Tour 2023: Americas League
183814,119035,BindPICK,KRÜ,1,3,1,4,1,6,4,10,4,2023-05-14,Champions Tour 2023: Americas League
183814,119035,BindPICK,SEN,1,3,1,2,1,3,2,15,9,2023-05-14,Champions Tour 2023: Americas League
183815,119037,SplitPICK,NRG,1,3,2,0,0,3,2,12,9,2023-05-14,Champions Tour 2023: Americas League
183815,119037,SplitPICK,LOUD,1,3,1,2,1,6,2,7,1,2023-05-14,Champions Tour 2023: Americas League
183815,119038,PearlPICK,NRG,0,4,0,1,0,2,1,15,12,2023-05-14,Champions Tour 2023: Americas League
183815,119038,PearlPICK,LOUD,2,2,2,2,0,10,5,8,2,2023-05-14,Champions Tour 2023: Americas League
183816,119040,LotusPICK,LEV,1,3,1,0,0,11,5,6,1,2023-05-15,Champions Tour 2023: Americas League
183816,119040,LotusPICK,C9,1,3,1,1,1,4,2,12,9,2023-05-15,Champions Tour 2023: Americas League
183816,119041,HavenPICK,LEV,1,3,1,1,0,7,3,6,0,2023-05-15,Champions Tour 2023: Americas League
183816,119041,HavenPICK,C9,1,3,1,0,0,4,4,10,8,2023-05-15,Champions Tour 2023: Americas League
183944,119187,LotusPICK,VIT,0,2,0,3,0,9,3,3,1,2023-04-05,Champions Tour 2023: EMEA League
183944,119187,LotusPICK,FUT,2,2,2,0,0,6,5,9,6,2023-04-05,Champions Tour 2023: EMEA League
183944,119188,HavenPICK,VIT,1,3,1,0,0,7,4,13,5,2023-04-05,Champions Tour 2023: EMEA League
183944,119188,HavenPICK,FUT,1,3,1,2,0,5,2,13,10,2023-04-05,Champions Tour 2023: EMEA League
183945,119190,AscentPICK,NAVI,1,3,1,0,0,6,3,14,9,2023-04-06,Champions Tour 2023: EMEA League
183945,119190,AscentPICK,BBL,1,3,1,0,0,13,7,7,2,2023-04-06,Champions Tour 2023: EMEA League
183945,119191,FracturePICK,NAVI,2,2,2,0,0,9,6,10,5,2023-04-06,Champions Tour 2023: EMEA League
183945,119191,FracturePICK,BBL,0,3,1,2,0,10,5,6,2,2023-04-06,Champions Tour 2023: EMEA League
183946,119193,IceboxPICK,FNC,2,2,2,0,0,6,4,8,7,2023-04-06,Champions Tour 2023: EMEA League
183946,119193,IceboxPICK,TH,0,4,0,0,0,6,1,6,2,2023-04-06,Champions Tour 2023: EMEA League
183946,119194,AscentPICK,FNC,1,3,2,0,0,2,1,14,10,2023-04-06,Champions Tour 2023: EMEA League
183946,119194,AscentPICK,TH,1,4,1,2,0,4,2,9,3,2023-04-06,Champions Tour 2023: EMEA League
183947,119196,AscentPICK,TL,1,3,1,0,0,3,2,12,10,2023-04-07,Champions Tour 2023: EMEA League
183947,119196,AscentPICK,KC,1,4,1,1,1,5,1,8,2,2023-04-07,Champions Tour 2023: EMEA League
183947,119197,SplitPICK,TL,1,3,1,0,0,2,2,10,10,2023-04-07,Champions Tour 2023: EMEA League
183947,119197,SplitPICK,KC,1,3,1,3,0,5,1,4,0,2023-04-07,Champions Tour 2023: EMEA League
183948,119199,LotusPICK,MKOI,0,3,0,3,0,8,1,0,0,2023-04-07,Champions Tour 2023: EMEA League
183948,119199,LotusPICK,GIA,2,2,2,0,0,2,2,10,9,2023-04-07,Champions Tour 2023: EMEA League
183948,119200,AscentPICK,MKOI,1,2,1,3,1,12,5,7,4,2023-04-07,Champions Tour 2023: EMEA League
183948,119200,AscentPICK,GIA,1,4,3,0,0,5,1,15,9,2023-04-07,Champions Tour 2023: EMEA League
183949,119202,PearlPICK,NAVI,2,2,2,0,0,3,3,11,8,2023-04-12,Champions Tour 2023: EMEA League
183949,119202,PearlPICK,TH,0,3,0,1,0,6,2,6,1,2023-04-12,Champions Tour 2023: EMEA League
183949,119203,LotusPICK,NAVI,1,3,1,2,1,5,1,12,6,2023-04-12,Champions Tour 2023: EMEA League
183949,119203,LotusPICK,TH,1,3,1,2,2,4,2,13,8,2023-04-12,Champions Tour 2023: EMEA League
183949,119204,Ascent,NAVI,1,2,1,1,1,2,2,10,9,2023-04-12,Champions Tour 2023: EMEA League
183949,119204,Ascent,TH,1,3,1,2,0,5,0,5,1,2023-04-12,Champions Tour 2023: EMEA League
183950,119206,AscentPICK,MKOI,2,2,2,1,0,9,5,10,2,2023-04-13,Champions Tour 2023: EMEA League
183950,119206,AscentPICK,FUT,0,4,0,2,1,2,2,14,10,2023-04-13,Champions Tour 2023: EMEA League
183951,119208,LotusPICK,TL,1,3,1,2,0,6,2,8,3,2023-04-13,Champions Tour 2023: EMEA League
183951,119208,LotusPICK,FNC,1,3,1,1,0,4,3,11,9,2023-04-13,Champions Tour 2023: EMEA League
183951,119209,HavenPICK,TL,1,3,1,1,1,10,1,5,3,2023-04-13,Champions Tour 2023: EMEA League
183951,119209,HavenPICK,FNC,1,3,1,0,0,4,4,12,8,2023-04-13,Champions Tour 2023: EMEA League
183952,119211,IceboxPICK,GIA,1,4,1,0,0,7,4,12,8,2023-04-14,Champions Tour 2023: EMEA League
183952,119211,IceboxPICK,BBL,1,3,1,2,0,12,6,6,3,2023-04-14,Champions Tour 2023: EMEA League
183952,119212,SplitPICK,GIA,1,3,1,0,0,3,3,10,9,2023-04-14,Champions Tour 2023: EMEA League
183952,119212,SplitPICK,BBL,1,2,1,2,0,12,2,0,0,2023-04-14,Champions Tour 2023: EMEA League
183953,119214,AscentPICK,VIT,2,2,2,0,0,3,2,10,9,2023-04-14,Champions Tour 2023: EMEA League
183953,119214,AscentPICK,KC,0,3,0,3,0,4,0,5,2,2023-04-14,Champions Tour 2023: EMEA League
183953,119215,SplitPICK,VIT,1,2,1,2,0,4,3,11,9,2023-04-14,Champions Tour 2023: EMEA League
183953,119215,SplitPICK,KC,1,3,1,1,0,5,2,10,3,2023-04-14,Champions Tour 2023: EMEA League
184032,119231,SplitPICK,SEN,0,4,0,1,0,1,0,14,13,2023-05-18,Champions Tour 2023: Americas League
184032,119231,SplitPICK,FUR,2,2,2,3,0,6,3,9,2,2023-05-18,Champions Tour 2023: Americas League
184032,119232,HavenPICK,SEN,1,4,1,1,0,7,3,6,1,2023-05-18,Champions Tour 2023: Americas League
184032,119232,HavenPICK,FUR,1,3,1,0,0,3,3,12,9,2023-05-18,Champions Tour 2023: Americas League
184032,119233,Bind,SEN,1,3,1,0,0,4,3,29,15,2023-05-18,Champions Tour 2023: Americas League
184032,119233,Bind,FUR,1,3,1,0,0,7,4,26,12,2023-05-18,Champions Tour 2023: Americas League
184033,119234,BindPICK,NRG,2,2,2,3,0,6,3,11,8,2023-05-18,Champions Tour 2023: Americas League
184033,119234,BindPICK,EG,0,4,1,1,0,4,1,13,7,2023-05-18,Champions Tour 2023: Americas League
184033,119235,SplitPICK,NRG,1,3,1,1,1,2,2,14,9,2023-05-18,Champions Tour 2023: Americas League
184033,119235,SplitPICK,EG,1,4,1,2,0,4,2,10,4,2023-05-18,Champions Tour 2023: Americas League
184034,119237,LotusPICK,C9,2,3,2,4,2,4,1,17,10,2023-05-19,Champions Tour 2023: Americas League
184034,119237,LotusPICK,KRÜ,0,4,1,1,1,3,1,20,10,2023-05-19,Champions Tour 2023: Americas League
184034,119238,AscentPICK,C9,0,4,0,1,0,3,1,11,5,2023-05-19,Champions Tour 2023: Americas League
184034,119238,AscentPICK,KRÜ,2,2,2,2,0,4,3,11,8,2023-05-19,Champions Tour 2023: Americas League
184034,119239,Split,C9,1,3,2,1,0,3,1,15,10,2023-05-19,Champions Tour 2023: Americas League
184034,119239,Split,KRÜ,1,4,1,2,0,3,2,13,6,2023-05-19,Champions Tour 2023: Americas League
184035,119240,HavenPICK,LEV,2,2,2,0,0,14,4,4,1,2023-05-19,Champions Tour 2023: Americas League
184035,119240,HavenPICK,LOUD,0,4,0,0,0,4,3,12,10,2023-05-19,Champions Tour 2023: Americas League
184035,119241,AscentPICK,LEV,1,3,2,1,0,10,2,4,1,2023-05-19,Champions Tour 2023: Americas League
184035,119241,AscentPICK,LOUD,1,3,1,2,1,3,1,10,10,2023-05-19,Champions Tour 2023: Americas League
184036,119243,FracturePICK,MIBR,2,2,2,2,2,5,3,10,6,2023-05-20,Champions Tour 2023: Americas League
184036,119243,FracturePICK,100T,0,4,0,0,0,5,2,10,4,2023-05-20,Champions Tour 2023: Americas League
184036,119244,PearlPICK,MIBR,0,4,0,2,1,1,1,19,10,2023-05-20,Champions Tour 2023: Americas League
184036,119244,PearlPICK,100T,2,3,2,0,0,7,3,16,9,2023-05-20,Champions Tour 2023: Americas League
184036,119245,Lotus,MIBR,2,3,2,0,0,4,4,13,7,2023-05-20,Champions Tour 2023: Americas League
184036,119245,Lotus,100T,0,4,0,1,0,5,3,10,4,2023-05-20,Champions Tour 2023: Americas League
184037,119246,SplitPICK,TH,1,3,1,5,0,2,2,11,5,2023-04-19,Champions Tour 2023: EMEA League
184037,119246,SplitPICK,TL,1,3,1,0,0,5,3,13,9,2023-04-19,Champions Tour 2023: EMEA League
184037,119247,FracturePICK,TH,0,5,1,0,0,1,0,26,14,2023-04-19,Champions Tour 2023: EMEA League
184037,119247,FracturePICK,TL,2,2,2,3,1,8,3,19,11,2023-04-19,Champions Tour 2023: EMEA League
184038,119249,LotusPICK,MKOI,1,3,1,3,0,4,1,7,2,2023-05-10,Champions Tour 2023: EMEA League
184038,119249,LotusPICK,FNC,1,3,1,0,0,4,4,10,8,2023-05-10,Champions Tour 2023: EMEA League
184038,119250,AscentPICK,MKOI,1,3,1,0,0,8,2,11,6,2023-05-10,Champions Tour 2023: EMEA League
184038,119250,AscentPICK,FNC,1,3,1,0,0,9,3,10,9,2023-05-10,Champions Tour 2023: EMEA League
184039,119252,IceboxPICK,FUT,2,3,2,2,0,4,1,9,2,2023-04-20,Champions Tour 2023: EMEA League
184039,119252,IceboxPICK,GIA,0,4,1,1,1,0,0,13,11,2023-04-20,Champions Tour 2023: EMEA League
184039,119253,SplitPICK,FUT,0,5,1,2,0,3,2,14,8,2023-04-20,Champions Tour 2023: EMEA League
184039,119253,SplitPICK,GIA,2,2,2,3,0,7,4,12,7,2023-04-20,Champions Tour 2023: EMEA League
184040,119255,AscentPICK,KC,0,4,0,0,0,4,2,16,9,2023-04-21,Champions Tour 2023: EMEA League
184040,119255,AscentPICK,NAVI,2,2,2,1,0,8,6,13,5,2023-04-21,Champions Tour 2023: EMEA League
184040,119256,LotusPICK,KC,1,3,1,1,0,5,2,11,4,2023-04-21,Champions Tour 2023: EMEA League
184040,119256,LotusPICK,NAVI,1,3,1,1,0,4,3,12,9,2023-04-21,Champions Tour 2023: EMEA League
184041,119258,AscentPICK,BBL,2,2,2,2,1,10,5,7,5,2023-04-21,Champions Tour 2023: EMEA League
184041,119258,AscentPICK,VIT,0,4,1,0,0,3,1,14,6,2023-04-21,Champions Tour 2023: EMEA League
184041,119259,HavenPICK,BBL,2,2,2,0,0,8,5,12,6,2023-04-21,Champions Tour 2023: EMEA League
184041,119259,HavenPICK,VIT,0,2,0,3,0,7,2,10,7,2023-04-21,Champions Tour 2023: EMEA League
184042,119261,AscentPICK,GIA,1,5,3,3,2,2,0,14,8,2023-04-26,Champions Tour 2023: EMEA League
184042,119261,AscentPICK,TL,1,3,2,1,1,5,2,15,6,2023-04-26,Champions Tour 2023: EMEA League
184042,119262,IceboxPICK,GIA,1,3,1,2,1,7,3,12,6,2023-04-26,Champions Tour 2023: EMEA League
184042,119262,IceboxPICK,TL,1,4,1,0,0,8,4,12,8,2023-04-26,Champions Tour 2023: EMEA League
184042,119263,Lotus,GIA,1,3,1,2,0,3,2,15,7,2023-04-26,Champions Tour 2023: EMEA League
184042,119263,Lotus,TL,1,3,2,0,0,6,4,14,7,2023-04-26,Champions Tour 2023: EMEA League
184043,119264,HavenPICK,BBL,1,3,1,0,0,13,7,10,6,2023-04-27,Champions Tour 2023: EMEA League
184043,119264,HavenPICK,TH,1,3,1,2,1,9,5,12,5,2023-04-27,Champions Tour 2023: EMEA League
184043,119265,LotusPICK,BBL,1,2,1,0,0,8,5,13,4,2023-04-27,Champions Tour 2023: EMEA League
184043,119265,LotusPICK,TH,1,3,1,2,0,5,3,13,9,2023-04-27,Champions Tour 2023: EMEA League
184043,119266,Icebox,BBL,1,2,1,1,1,1,1,11,10,2023-04-27,Champions Tour 2023: EMEA League
184043,119266,Icebox,TH,1,3,1,1,0,8,1,3,0,2023-04-27,Champions Tour 2023: EMEA League
184044,119267,LotusPICK,MKOI,1,3,1,1,0,6,2,9,3,2023-04-27,Champions Tour 2023: EMEA League
184044,119267,LotusPICK,KC,1,3,1,0,0,5,3,11,9,2023-04-27,Champions Tour 2023: EMEA League
184044,119268,AscentPICK,MKOI,1,3,1,0,0,5,4,13,8,2023-04-27,Champions Tour 2023: EMEA League
184044,119268,AscentPICK,KC,1,3,1,2,2,6,2,10,3,2023-04-27,Champions Tour 2023: EMEA League
184044,119269,Haven,MKOI,1,3,2,3,1,8,2,10,6,2023-04-27,Champions Tour 2023: EMEA League
184044,119269,Haven,KC,1,3,1,2,2,4,2,15,8,2023-04-27,Champions Tour 2023: EMEA League
184045,119270,IceboxPICK,FUT,0,4,0,1,0,1,0,12,5,2023-04-28,Champions Tour 2023: EMEA League
184045,119270,IceboxPICK,FNC,2,2,2,0,0,5,3,11,8,2023-04-28,Champions Tour 2023: EMEA League
184045,119271,LotusPICK,FUT,0,5,0,0,0,4,1,9,4,2023-04-28,Champions Tour 2023: EMEA League
184045,119271,LotusPICK,FNC,2,2,2,0,0,6,4,10,7,2023-04-28,Champions Tour 2023: EMEA League
184046,119273,SplitPICK,VIT,1,3,1,1,0,10,4,9,5,2023-04-28,Champions Tour 2023: EMEA League
184046,119273,SplitPICK,NAVI,1,3,1,0,0,13,7,7,5,2023-04-28,Champions Tour 2023: EMEA League
184046,119274,FracturePICK,VIT,2,2,2,1,0,11,5,9,3,2023-04-28,Champions Tour 2023: EMEA League
184046,119274,FracturePICK,NAVI,0,4,1,0,0,9,5,10,7,2023-04-28,Champions Tour 2023: EMEA League
184047,119276,HavenPICK,VIT,0,4,0,1,0,10,7,11,5,2023-05-03,Champions Tour 2023: EMEA League
184047,119276,HavenPICK,FNC,2,2,2,0,0,9,5,15,7,2023-05-03,Champions Tour 2023: EMEA League
184047,119277,BindPICK,VIT,1,2,1,1,1,9,3,9,3,2023-05-03,Champions Tour 2023: EMEA League
184047,119277,BindPICK,FNC,1,4,2,0,0,5,3,12,8,2023-05-03,Champions Tour 2023: EMEA League
184048,119279,HavenPICK,FUT,0,4,1,1,1,1,1,15,10,2023-05-04,Champions Tour 2023: EMEA League
184048,119279,HavenPICK,KC,2,2,2,3,1,5,3,11,2,2023-05-04,Champions Tour 2023: EMEA League
184048,119280,AscentPICK,FUT,2,2,2,0,0,5,4,11,7,2023-05-04,Champions Tour 2023: EMEA League
184048,119280,AscentPICK,KC,0,4,0,2,0,6,2,6,3,2023-05-04,Champions Tour 2023: EMEA League
184049,119282,PearlPICK,MKOI,2,2,2,0,0,4,4,10,7,2023-05-04,Champions Tour 2023: EMEA League
184049,119282,PearlPICK,BBL,0,3,0,1,0,8,1,4,2,2023-05-04,Champions Tour 2023: EMEA League
184049,119283,AscentPICK,MKOI,1,2,1,3,0,9,2,3,1,2023-05-04,Champions Tour 2023: EMEA League
184049,119283,AscentPICK,BBL,1,2,1,0,0,6,5,9,7,2023-05-04,Champions Tour 2023: EMEA League
184049,119284,Bind,MKOI,1,3,1,0,0,8,2,7,2,2023-05-04,Champions Tour 2023: EMEA League
184049,119284,Bind,BBL,1,2,1,1,0,3,2,12,10,2023-05-04,Champions Tour 2023: EMEA League
184050,119285,FracturePICK,NAVI,2,2,2,2,1,8,5,12,5,2023-05-05,Champions Tour 2023: EMEA League
184050,119285,FracturePICK,TL,0,4,1,1,1,8,6,11,3,2023-05-05,Champions Tour 2023: EMEA League
184050,119286,BindPICK,NAVI,1,2,1,2,1,5,3,15,8,2023-05-05,Champions Tour 2023: EMEA League
184050,119286,BindPICK,TL,1,3,2,1,0,6,4,14,5,2023-05-05,Champions Tour 2023: EMEA League
184051,119288,PearlPICK,GIA,1,3,2,1,0,6,2,12,5,2023-05-05,Champions Tour 2023: EMEA League
184051,119288,PearlPICK,TH,1,3,1,2,1,4,2,13,9,2023-05-05,Champions Tour 2023: EMEA League
184051,119289,LotusPICK,GIA,2,2,2,1,1,9,5,18,6,2023-05-05,Champions Tour 2023: EMEA League
184051,119289,LotusPICK,TH,0,4,0,0,0,7,4,19,12,2023-05-05,Champions Tour 2023: EMEA League
184052,119291,LotusPICK,GIA,2,2,2,2,1,4,2,11,8,2023-05-10,Champions Tour 2023: EMEA League
184052,119291,LotusPICK,VIT,0,2,0,2,1,7,3,8,2,2023-05-10,Champions Tour 2023: EMEA League
184052,119292,SplitPICK,GIA,1,3,1,1,0,8,4,11,5,2023-05-10,Champions Tour 2023: EMEA League
184052,119292,SplitPICK,VIT,1,3,1,1,0,4,3,15,9,2023-05-10,Champions Tour 2023: EMEA League
184052,119293,Ascent,GIA,1,3,1,1,1,6,4,13,7,2023-05-10,Champions Tour 2023: EMEA League
184052,119293,Ascent,VIT,1,3,1,1,0,9,4,10,5,2023-05-10,Champions Tour 2023: EMEA League
184053,119294,LotusPICK,FUT,1,3,1,2,0,8,4,9,4,2023-05-11,Champions Tour 2023: EMEA League
184053,119294,LotusPICK,NAVI,1,3,1,1,1,9,5,9,6,2023-05-11,Champions Tour 2023: EMEA League
184054,119297,HavenPICK,KC,0,4,0,1,0,5,1,5,1,2023-05-11,Champions Tour 2023: EMEA League
184054,119297,HavenPICK,FNC,2,2,2,0,0,4,3,9,8,2023-05-11,Champions Tour 2023: EMEA League
184054,119298,LotusPICK,KC,1,3,1,0,0,9,5,11,4,2023-05-11,Champions Tour 2023: EMEA League
184054,119298,LotusPICK,FNC,1,3,1,0,0,9,6,11,6,2023-05-11,Champions Tour 2023: EMEA League
184055,119301,AscentPICK,BBL,0,3,0,1,1,7,6,9,6,2023-05-12,Champions Tour 2023: EMEA League
184055,119301,AscentPICK,TL,2,2,2,1,0,9,4,8,1,2023-05-12,Champions Tour 2023: EMEA League
184055,119302,Bind,BBL,1,3,1,1,0,7,5,9,1,2023-05-12,Champions Tour 2023: EMEA League
184055,119302,Bind,TL,1,3,1,1,0,3,2,13,10,2023-05-12,Champions Tour 2023: EMEA League
184056,119303,FracturePICK,MKOI,1,3,1,1,0,3,3,13,9,2023-05-12,Champions Tour 2023: EMEA League
184056,119303,FracturePICK,TH,1,3,1,1,0,8,4,8,2,2023-05-12,Champions Tour 2023: EMEA League
184056,119304,LotusPICK,MKOI,1,3,1,0,0,7,3,12,5,2023-05-12,Champions Tour 2023: EMEA League
184056,119304,LotusPICK,TH,1,3,1,1,0,4,3,14,9,2023-05-12,Champions Tour 2023: EMEA League
184056,119305,Ascent,MKOI,1,3,1,2,1,6,4,13,7,2023-05-12,Champions Tour 2023: EMEA League
184056,119305,Ascent,TH,1,3,2,2,0,7,3,12,6,2023-05-12,Champions Tour 2023: EMEA League
184057,119306,LotusPICK,FNC,0,4,1,1,0,5,4,12,8,2023-05-17,Champions Tour 2023: EMEA League
184057,119306,LotusPICK,NAVI,2,2,2,2,0,10,4,8,3,2023-05-17,Champions Tour 2023: EMEA League
184057,119307,SplitPICK,FNC,2,2,2,0,0,12,8,7,3,2023-05-17,Champions Tour 2023: EMEA League
184057,119307,SplitPICK,NAVI,0,4,0,1,0,8,6,8,2,2023-05-17,Champions Tour 2023: EMEA League
184058,119309,HavenPICK,TH,2,2,2,2,0,7,2,12,6,2023-05-18,Champions Tour 2023: EMEA League
184058,119309,HavenPICK,VIT,0,3,1,1,0,4,2,15,10,2023-05-18,Champions Tour 2023: EMEA League
184058,119310,LotusPICK,TH,2,3,2,2,1,8,2,15,8,2023-05-18,Champions Tour 2023: EMEA League
184058,119310,LotusPICK,VIT,0,4,1,0,0,3,1,21,13,2023-05-18,Champions Tour 2023: EMEA League
184059,119312,LotusPICK,KC,1,3,1,0,0,4,1,23,12,2023-05-18,Champions Tour 2023: EMEA League
184059,119312,LotusPICK,GIA,1,3,1,1,0,8,3,18,12,2023-05-18,Champions Tour 2023: EMEA League
184059,119313,AscentPICK,KC,1,3,1,1,1,10,1,4,2,2023-05-18,Champions Tour 2023: EMEA League
184059,119313,AscentPICK,GIA,1,3,1,0,0,3,3,12,9,2023-05-18,Champions Tour 2023: EMEA League
184060,119315,FracturePICK,MKOI,0,3,0,1,0,7,3,9,4,2023-05-19,Champions Tour 2023: EMEA League
184060,119315,FracturePICK,TL,2,3,2,0,0,8,5,9,6,2023-05-19,Champions Tour 2023: EMEA League
184060,119316,SplitPICK,MKOI,1,3,1,2,0,6,4,13,8,2023-05-19,Champions Tour 2023: EMEA League
184060,119316,SplitPICK,TL,1,3,1,1,0,11,7,9,3,2023-05-19,Champions Tour 2023: EMEA League
184060,119317,Lotus,MKOI,1,3,1,1,0,8,4,9,3,2023-05-19,Champions Tour 2023: EMEA League
184060,119317,Lotus,TL,1,3,1,2,2,3,2,13,8,2023-05-19,Champions Tour 2023: EMEA League
184061,119318,PearlPICK,BBL,1,2,1,1,0,8,3,7,1,2023-05-19,Champions Tour 2023: EMEA League
184061,119318,PearlPICK,FUT,1,3,1,0,0,4,3,11,9,2023-05-19,Champions Tour 2023: EMEA League
184061,119319,HavenPICK,BBL,1,3,1,0,0,12,5,5,1,2023-05-19,Champions Tour 2023: EMEA League
184061,119319,HavenPICK,FUT,1,3,1,2,1,3,3,12,8,2023-05-19,Champions Tour 2023: EMEA League
184456,119512,AscentPICK,ZETA,1,3,1,0,0,6,3,9,1,2023-03-25,Champions Tour 2023: Pacific League
184456,119512,AscentPICK,KRX,1,3,1,0,0,4,4,11,8,2023-03-25,Champions Tour 2023: Pacific League
184456,119513,PearlPICK,ZETA,1,3,1,3,0,3,2,9,2,2023-03-25,Champions Tour 2023: Pacific League
184456,119513,PearlPICK,KRX,1,3,1,1,0,2,1,12,11,2023-03-25,Champions Tour 2023: Pacific League
184457,119515,PearlPICK,T1,1,3,1,0,0,4,3,14,9,2023-03-25,Champions Tour 2023: Pacific League
184457,119515,PearlPICK,GE,1,5,1,1,0,5,2,10,5,2023-03-25,Champions Tour 2023: Pacific League
184457,119516,HavenPICK,T1,1,3,1,1,0,7,2,6,1,2023-03-25,Champions Tour 2023: Pacific League
184457,119516,HavenPICK,GE,1,3,1,0,0,2,2,12,10,2023-03-25,Champions Tour 2023: Pacific League
184457,119517,Lotus,T1,1,2,1,3,1,4,3,11,8,2023-03-25,Champions Tour 2023: Pacific League
184457,119517,Lotus,GE,1,4,1,0,0,5,1,11,5,2023-03-25,Champions Tour 2023: Pacific League
184458,119518,PearlPICK,PRX,1,3,1,0,0,5,4,10,8,2023-03-26,Champions Tour 2023: Pacific League
184458,119518,PearlPICK,DFM,1,2,1,3,0,4,1,9,3,2023-03-26,Champions Tour 2023: Pacific League
184458,119519,LotusPICK,PRX,1,4,1,2,1,4,2,14,9,2023-03-26,Champions Tour 2023: Pacific League
184458,119519,LotusPICK,DFM,1,3,1,1,1,4,1,16,8,2023-03-26,Champions Tour 2023: Pacific League
184459,119521,AscentPICK,TS,2,2,2,1,0,6,4,9,7,2023-03-26,Champions Tour 2023: Pacific League
184459,119521,AscentPICK,TLN,0,4,0,0,0,4,1,10,4,2023-03-26,Champions Tour 2023: Pacific League
184459,119522,IceboxPICK,TS,0,4,0,1,0,4,3,12,5,2023-03-26,Champions Tour 2023: Pacific League
184459,119522,IceboxPICK,TLN,2,2,2,2,1,4,3,13,7,2023-03-26,Champions Tour 2023: Pacific League
184459,119523,Fracture,TS,2,2,2,1,1,4,3,9,7,2023-03-26,Champions Tour 2023: Pacific League
184459,119523,Fracture,TLN,0,3,0,3,0,3,1,7,2,2023-03-26,Champions Tour 2023: Pacific League
184460,119524,FracturePICK,RRQ,1,3,1,1,0,4,2,14,6,2023-03-27,Champions Tour 2023: Pacific League
184460,119524,FracturePICK,GEN,1,3,1,2,0,3,2,14,10,2023-03-27,Champions Tour 2023: Pacific League
184460,119525,LotusPICK,RRQ,2,2,2,3,1,7,2,7,1,2023-03-27,Champions Tour 2023: Pacific League
184460,119525,LotusPICK,GEN,0,4,0,0,0,2,2,13,11,2023-03-27,Champions Tour 2023: Pacific League
184461,119527,HavenPICK,ZETA,1,3,1,1,0,5,2,14,7,2023-04-01,Champions Tour 2023: Pacific League
184461,119527,HavenPICK,RRQ,1,3,1,0,0,6,4,14,8,2023-04-01,Champions Tour 2023: Pacific League
184461,119528,AscentPICK,ZETA,1,3,1,1,1,6,3,13,8,2023-04-01,Champions Tour 2023: Pacific League
184461,119528,AscentPICK,RRQ,1,3,1,1,0,5,3,14,6,2023-04-01,Champions Tour 2023: Pacific League
184461,119529,Lotus,ZETA,1,3,1,0,0,2,2,13,10,2023-04-01,Champions Tour 2023: Pacific League
184461,119529,Lotus,RRQ,1,3,1,1,0,7,2,7,2,2023-04-01,Champions Tour 2023: Pacific League
184462,119530,AscentPICK,TLN,0,4,0,2,0,1,1,14,7,2023-04-01,Champions Tour 2023: Pacific League
184462,119530,AscentPICK,T1,2,2,2,2,1,5,2,12,8,2023-04-01,Champions Tour 2023: Pacific League
184462,119531,HavenPICK,TLN,0,3,0,2,0,6,2,8,4,2023-04-01,Champions Tour 2023: Pacific League
184462,119531,HavenPICK,T1,2,2,2,1,1,7,4,9,6,2023-04-01,Champions Tour 2023: Pacific League
184463,119533,HavenPICK,TS,2,2,2,2,0,6,2,14,7,2023-04-02,Champions Tour 2023: Pacific League
184463,119533,HavenPICK,PRX,0,5,0,1,0,2,1,16,12,2023-04-02,Champions Tour 2023: Pacific League
184463,119534,FracturePICK,TS,1,3,1,1,0,5,4,15,8,2023-04-02,Champions Tour 2023: Pacific League
184463,119534,FracturePICK,PRX,1,3,1,0,0,9,6,12,4,2023-04-02,Champions Tour 2023: Pacific League
184463,119535,Split,TS,2,2,2,1,1,4,2,16,8,2023-04-02,Champions Tour 2023: Pacific League
184463,119535,Split,PRX,0,4,0,1,0,5,2,13,8,2023-04-02,Champions Tour 2023: Pacific League
184465,119536,LotusPICK,GEN,1,3,1,1,0,3,3,14,9,2023-04-02,Champions Tour 2023: Pacific League
184465,119536,LotusPICK,DFM,1,3,1,1,0,4,2,13,5,2023-04-02,Champions Tour 2023: Pacific League
184465,119537,FracturePICK,GEN,0,5,0,2,1,5,0,5,3,2023-04-02,Champions Tour 2023: Pacific League
184465,119537,FracturePICK,DFM,2,2,2,0,0,3,2,12,9,2023-04-02,Champions Tour 2023: Pacific League
184465,119538,Pearl,GEN,2,2,2,1,0,5,2,13,9,2023-04-02,Champions Tour 2023: Pacific League
184465,119538,Pearl,DFM,0,4,0,1,0,5,2,11,6,2023-04-02,Champions Tour 2023: Pacific League
184466,119539,HavenPICK,GE,2,2,2,1,0,5,3,16,6,2023-04-03,Champions Tour 2023: Pacific League
184466,119539,HavenPICK,KRX,0,5,0,0,0,2,1,17,12,2023-04-03,Champions Tour 2023: Pacific League
184466,119540,SplitPICK,GE,1,4,2,0,0,4,1,24,12,2023-04-03,Champions Tour 2023: Pacific League
184466,119540,SplitPICK,KRX,1,4,1,1,1,2,0,25,15,2023-04-03,Champions Tour 2023: Pacific League
184467,119542,HavenPICK,RRQ,1,3,2,1,1,2,1,11,9,2023-04-08,Champions Tour 2023: Pacific League
184467,119542,HavenPICK,DFM,1,4,1,1,0,5,0,7,3,2023-04-08,Champions Tour 2023: Pacific League
184467,119543,PearlPICK,RRQ,2,2,2,1,0,4,3,13,8,2023-04-08,Champions Tour 2023: Pacific League
184467,119543,PearlPICK,DFM,0,4,0,2,0,4,2,10,5,2023-04-08,Champions Tour 2023: Pacific League
184468,119545,PearlPICK,T1,1,3,1,3,0,3,1,7,1,2023-04-08,Champions Tour 2023: Pacific League
184468,119545,PearlPICK,PRX,1,3,1,0,0,3,3,10,9,2023-04-08,Champions Tour 2023: Pacific League
184468,119546,FracturePICK,T1,1,3,1,2,0,5,2,9,3,2023-04-08,Champions Tour 2023: Pacific League
184468,119546,FracturePICK,PRX,1,3,1,0,0,3,2,13,10,2023-04-08,Champions Tour 2023: Pacific League
184469,119548,PearlPICK,ZETA,1,3,1,0,0,12,6,7,2,2023-04-09,Champions Tour 2023: Pacific League
184469,119548,PearlPICK,GE,1,4,1,1,1,2,2,15,9,2023-04-09,Champions Tour 2023: Pacific League
184469,119549,AscentPICK,ZETA,0,4,0,0,0,10,6,12,8,2023-04-09,Champions Tour 2023: Pacific League
184469,119549,AscentPICK,GE,2,4,2,2,0,5,3,15,7,2023-04-09,Champions Tour 2023: Pacific League
184469,119550,Haven,ZETA,1,3,2,0,0,8,6,10,5,2023-04-09,Champions Tour 2023: Pacific League
184469,119550,Haven,GE,1,4,1,1,0,3,2,13,5,2023-04-09,Champions Tour 2023: Pacific League
184470,119551,SplitPICK,TLN,1,2,1,2,0,8,2,4,0,2023-04-09,Champions Tour 2023: Pacific League
184470,119551,SplitPICK,KRX,1,3,1,0,0,3,3,10,9,2023-04-09,Champions Tour 2023: Pacific League
184470,119552,PearlPICK,TLN,1,3,1,1,0,8,4,11,5,2023-04-09,Champions Tour 2023: Pacific League
184470,119552,PearlPICK,KRX,1,3,1,1,1,3,1,16,10,2023-04-09,Champions Tour 2023: Pacific League
184471,119554,HavenPICK,TS,0,4,0,2,1,4,1,11,6,2023-04-10,Champions Tour 2023: Pacific League
184471,119554,HavenPICK,GEN,2,2,2,0,0,10,6,9,5,2023-04-10,Champions Tour 2023: Pacific League
184471,119555,FracturePICK,TS,1,3,1,2,1,3,1,16,8,2023-04-10,Champions Tour 2023: Pacific League
184471,119555,FracturePICK,GEN,1,3,1,3,1,3,1,15,10,2023-04-10,Champions Tour 2023: Pacific League
184472,119557,AscentPICK,PRX,1,3,1,2,0,5,1,8,3,2023-04-15,Champions Tour 2023: Pacific League
184472,119557,AscentPICK,KRX,1,3,1,0,0,2,2,13,10,2023-04-15,Champions Tour 2023: Pacific League
184472,119558,SplitPICK,PRX,1,3,1,0,0,7,5,13,4,2023-04-15,Champions Tour 2023: Pacific League
184472,119558,SplitPICK,KRX,1,3,1,0,0,4,1,16,11,2023-04-15,Champions Tour 2023: Pacific League
184473,119560,IceboxPICK,TS,1,4,1,1,0,6,3,12,6,2023-04-15,Champions Tour 2023: Pacific League
184473,119560,IceboxPICK,RRQ,1,3,2,0,0,4,2,16,9,2023-04-15,Champions Tour 2023: Pacific League
184473,119561,SplitPICK,TS,1,3,1,1,0,7,2,9,4,2023-04-15,Champions Tour 2023: Pacific League
184473,119561,SplitPICK,RRQ,1,3,1,0,0,3,2,14,10,2023-04-15,Champions Tour 2023: Pacific League
184474,119563,AscentPICK,T1,2,2,2,2,0,6,1,8,2,2023-04-16,Champions Tour 2023: Pacific League
184474,119563,AscentPICK,GEN,0,4,1,0,0,5,5,9,7,2023-04-16,Champions Tour 2023: Pacific League
184474,119564,HavenPICK,T1,0,3,0,3,1,4,0,8,4,2023-04-16,Champions Tour 2023: Pacific League
184474,119564,HavenPICK,GEN,2,2,2,0,0,5,5,11,6,2023-04-16,Champions Tour 2023: Pacific League
184475,119566,AscentPICK,ZETA,2,2,2,1,0,10,3,9,8,2023-04-16,Champions Tour 2023: Pacific League
184475,119566,AscentPICK,DFM,0,3,0,0,0,7,3,12,6,2023-04-16,Champions Tour 2023: Pacific League
184475,119567,HavenPICK,ZETA,1,3,1,1,1,3,3,11,8,2023-04-16,Champions Tour 2023: Pacific League
184475,119567,HavenPICK,DFM,1,3,1,1,0,8,3,6,1,2023-04-16,Champions Tour 2023: Pacific League
184476,119569,SplitPICK,TLN,1,3,1,1,0,8,4,7,1,2023-04-17,Champions Tour 2023: Pacific League
184476,119569,SplitPICK,GE,1,3,1,2,2,2,1,12,9,2023-04-17,Champions Tour 2023: Pacific League
184476,119570,IceboxPICK,TLN,1,3,1,2,0,5,1,14,9,2023-04-17,Champions Tour 2023: Pacific League
184476,119570,IceboxPICK,GE,1,2,1,3,0,5,4,14,8,2023-04-17,Champions Tour 2023: Pacific League
184477,119572,IceboxPICK,PRX,0,4,0,1,0,2,2,13,5,2023-04-22,Champions Tour 2023: Pacific League
184477,119572,IceboxPICK,GE,2,3,2,2,1,3,3,12,7,2023-04-22,Champions Tour 2023: Pacific League
184477,119573,SplitPICK,PRX,1,3,1,0,0,3,3,13,9,2023-04-22,Champions Tour 2023: Pacific League
184477,119573,SplitPICK,GE,1,5,1,0,0,6,2,8,3,2023-04-22,Champions Tour 2023: Pacific League
184477,119574,Pearl,PRX,1,3,1,1,1,2,2,14,9,2023-04-22,Champions Tour 2023: Pacific League
184477,119574,Pearl,GE,1,4,1,2,0,3,1,11,5,2023-04-22,Champions Tour 2023: Pacific League
184478,119575,HavenPICK,GEN,1,3,1,3,0,2,1,12,5,2023-04-22,Champions Tour 2023: Pacific League
184478,119575,HavenPICK,KRX,1,3,1,1,0,2,2,14,10,2023-04-22,Champions Tour 2023: Pacific League
184478,119576,FracturePICK,GEN,0,4,1,0,0,3,3,16,9,2023-04-22,Champions Tour 2023: Pacific League
184478,119576,FracturePICK,KRX,2,3,2,3,0,5,2,12,6,2023-04-22,Champions Tour 2023: Pacific League
184478,119577,Pearl,GEN,1,3,1,1,0,5,1,8,2,2023-04-22,Champions Tour 2023: Pacific League
184478,119577,Pearl,KRX,1,3,2,0,0,3,1,11,10,2023-04-22,Champions Tour 2023: Pacific League
184479,119578,HavenPICK,T1,2,2,2,0,0,7,5,13,6,2023-04-23,Champions Tour 2023: Pacific League
184479,119578,HavenPICK,RRQ,0,4,0,1,0,3,2,14,7,2023-04-23,Champions Tour 2023: Pacific League
184479,119579,FracturePICK,T1,0,4,1,0,0,2,2,11,10,2023-04-23,Champions Tour 2023: Pacific League
184479,119579,FracturePICK,RRQ,2,3,2,3,0,5,1,6,1,2023-04-23,Champions Tour 2023: Pacific League
184480,119581,AscentPICK,TS,1,3,1,2,1,2,1,17,10,2023-04-23,Champions Tour 2023: Pacific League
184480,119581,AscentPICK,DFM,1,3,1,1,0,10,5,10,5,2023-04-23,Champions Tour 2023: Pacific League
184480,119582,HavenPICK,TS,0,4,1,2,0,1,1,14,11,2023-04-23,Champions Tour 2023: Pacific League
184480,119582,HavenPICK,DFM,2,3,3,2,0,8,1,8,4,2023-04-23,Champions Tour 2023: Pacific League
184481,119584,HavenPICK,ZETA,1,3,2,0,0,11,4,7,2,2023-04-24,Champions Tour 2023: Pacific League
184481,119584,HavenPICK,TLN,1,3,1,3,0,2,1,13,11,2023-04-24,Champions Tour 2023: Pacific League
184481,119585,AscentPICK,ZETA,1,3,1,1,1,10,4,16,8,2023-04-24,Champions Tour 2023: Pacific League
184481,119585,AscentPICK,TLN,1,3,1,3,0,4,3,20,12,2023-04-24,Champions Tour 2023: Pacific League
184482,119587,LotusPICK,T1,1,3,2,1,0,3,2,15,9,2023-04-29,Champions Tour 2023: Pacific League
184482,119587,LotusPICK,DFM,1,4,1,1,0,9,4,8,4,2023-04-29,Champions Tour 2023: Pacific League
184482,119588,SplitPICK,T1,1,4,2,1,0,8,3,9,4,2023-04-29,Champions Tour 2023: Pacific League
184482,119588,SplitPICK,DFM,1,3,1,0,0,6,4,13,8,2023-04-29,Champions Tour 2023: Pacific League
184482,119589,Fracture,T1,0,3,0,1,0,3,3,16,10,2023-04-29,Champions Tour 2023: Pacific League
184482,119589,Fracture,DFM,2,2,2,4,1,6,4,11,3,2023-04-29,Champions Tour 2023: Pacific League
184483,119590,SplitPICK,ZETA,2,2,2,0,0,12,6,8,5,2023-04-29,Champions Tour 2023: Pacific League
184483,119590,SplitPICK,TS,0,3,0,3,2,2,0,14,7,2023-04-29,Champions Tour 2023: Pacific League
184483,119591,LotusPICK,ZETA,1,3,1,2,1,10,3,8,5,2023-04-29,Champions Tour 2023: Pacific League
184483,119591,LotusPICK,TS,1,3,1,0,0,4,3,16,9,2023-04-29,Champions Tour 2023: Pacific League
184483,119592,Fracture,ZETA,2,2,2,1,0,7,3,12,8,2023-04-29,Champions Tour 2023: Pacific League
184483,119592,Fracture,TS,0,4,0,2,1,2,0,14,8,2023-04-29,Champions Tour 2023: Pacific League
184484,119593,PearlPICK,GE,2,4,2,1,1,3,1,13,9,2023-04-30,Champions Tour 2023: Pacific League
184484,119593,PearlPICK,GEN,0,3,0,3,1,4,2,11,5,2023-04-30,Champions Tour 2023: Pacific League
184484,119594,LotusPICK,GE,1,3,2,0,0,5,4,13,7,2023-04-30,Champions Tour 2023: Pacific League
184484,119594,LotusPICK,GEN,1,3,1,3,0,7,3,8,4,2023-04-30,Champions Tour 2023: Pacific League
184485,119596,HavenPICK,RRQ,0,4,0,0,0,4,4,13,9,2023-04-30,Champions Tour 2023: Pacific League
184485,119596,HavenPICK,KRX,2,2,2,3,0,5,2,11,4,2023-04-30,Champions Tour 2023: Pacific League
184485,119597,SplitPICK,RRQ,1,3,1,1,0,5,1,14,8,2023-04-30,Champions Tour 2023: Pacific League
184485,119597,SplitPICK,KRX,1,3,1,0,0,3,1,17,11,2023-04-30,Champions Tour 2023: Pacific League
184485,119598,Pearl,RRQ,1,4,1,1,0,6,0,4,1,2023-04-30,Champions Tour 2023: Pacific League
184485,119598,Pearl,KRX,1,3,2,0,0,2,2,10,9,2023-04-30,Champions Tour 2023: Pacific League
184486,119599,PearlPICK,TLN,1,3,1,1,0,5,3,15,9,2023-05-01,Champions Tour 2023: Pacific League
184486,119599,PearlPICK,PRX,1,3,1,1,0,6,3,14,7,2023-05-01,Champions Tour 2023: Pacific League
184486,119600,SplitPICK,TLN,1,4,1,2,0,4,1,7,2,2023-05-01,Champions Tour 2023: Pacific League
184486,119600,SplitPICK,PRX,1,3,2,0,0,1,1,13,10,2023-05-01,Champions Tour 2023: Pacific League
184486,119601,Fracture,TLN,1,3,2,2,0,5,2,13,6,2023-05-01,Champions Tour 2023: Pacific League
184486,119601,Fracture,PRX,1,3,1,1,0,5,3,14,9,2023-05-01,Champions Tour 2023: Pacific League
184488,119602,FracturePICK,TLN,2,3,2,2,0,3,1,13,10,2023-05-06,Champions Tour 2023: Pacific League
184488,119602,FracturePICK,GEN,0,3,1,3,0,3,0,12,7,2023-05-06,Champions Tour 2023: Pacific League
184488,119603,LotusPICK,TLN,1,3,1,0,0,3,2,14,10,2023-05-06,Champions Tour 2023: Pacific League
184488,119603,LotusPICK,GEN,1,3,1,2,1,6,3,9,2,2023-05-06,Champions Tour 2023: Pacific League
184489,119605,SplitPICK,ZETA,0,4,0,1,1,8,3,6,2,2023-05-06,Champions Tour 2023: Pacific League
184489,119605,SplitPICK,PRX,2,2,2,0,0,7,5,10,6,2023-05-06,Champions Tour 2023: Pacific League
184489,119606,AscentPICK,ZETA,1,3,1,1,0,11,5,8,4,2023-05-06,Champions Tour 2023: Pacific League
184489,119606,AscentPICK,PRX,1,3,1,1,0,4,2,15,10,2023-05-06,Champions Tour 2023: Pacific League
184490,119608,FracturePICK,RRQ,2,2,2,2,1,6,2,13,8,2023-05-07,Champions Tour 2023: Pacific League
184490,119608,FracturePICK,GE,0,4,0,1,0,6,4,12,6,2023-05-07,Champions Tour 2023: Pacific League
184490,119609,PearlPICK,RRQ,0,4,1,0,0,5,4,15,8,2023-05-07,Champions Tour 2023: Pacific League
184490,119609,PearlPICK,GE,2,4,2,1,0,12,6,7,3,2023-05-07,Champions Tour 2023: Pacific League
184491,119611,LotusPICK,TS,0,4,0,3,0,1,0,9,4,2023-05-07,Champions Tour 2023: Pacific League
184491,119611,LotusPICK,T1,2,2,2,0,0,5,4,10,7,2023-05-07,Champions Tour 2023: Pacific League
184491,119612,BindPICK,TS,2,2,2,3,0,7,3,9,3,2023-05-07,Champions Tour 2023: Pacific League
184491,119612,BindPICK,T1,0,4,1,0,0,2,2,15,10,2023-05-07,Champions Tour 2023: Pacific League
184492,119614,FracturePICK,KRX,0,4,1,1,0,1,1,15,11,2023-05-08,Champions Tour 2023: Pacific League
184492,119614,FracturePICK,DFM,2,2,2,2,1,6,2,11,3,2023-05-08,Champions Tour 2023: Pacific League
184492,119615,AscentPICK,KRX,2,2,2,1,1,4,4,10,6,2023-05-08,Champions Tour 2023: Pacific League
184492,119615,AscentPICK,DFM,0,4,0,3,1,4,1,6,2,2023-05-08,Champions Tour 2023: Pacific League
184493,119617,SplitPICK,PRX,1,3,1,0,0,4,3,13,9,2023-05-12,Champions Tour 2023: Pacific League
184493,119617,SplitPICK,GEN,1,3,1,2,1,5,2,10,3,2023-05-12,Champions Tour 2023: Pacific League
184493,119618,AscentPICK,PRX,2,2,2,0,0,5,4,8,7,2023-05-12,Champions Tour 2023: Pacific League
184493,119618,AscentPICK,GEN,0,4,0,2,0,2,0,7,2,2023-05-12,Champions Tour 2023: Pacific League
184494,119620,FracturePICK,ZETA,0,4,0,0,0,8,5,12,6,2023-05-12,Champions Tour 2023: Pacific League
184494,119620,FracturePICK,T1,2,2,2,2,1,7,3,13,7,2023-05-12,Champions Tour 2023: Pacific League
184494,119621,LotusPICK,ZETA,1,3,1,1,0,8,3,11,9,2023-05-12,Champions Tour 2023: Pacific League
184494,119621,LotusPICK,T1,1,2,1,3,0,7,2,11,7,2023-05-12,Champions Tour 2023: Pacific League
184494,119622,Bind,ZETA,0,4,0,0,0,6,0,6,3,2023-05-12,Champions Tour 2023: Pacific League
184494,119622,Bind,T1,2,2,2,1,1,5,3,8,7,2023-05-12,Champions Tour 2023: Pacific League
184495,119623,HavenPICK,TS,0,4,0,2,2,0,0,15,11,2023-05-13,Champions Tour 2023: Pacific League
184495,119623,HavenPICK,KRX,2,3,2,1,0,6,3,11,3,2023-05-13,Champions Tour 2023: Pacific League
184495,119624,AscentPICK,TS,1,3,1,2,0,2,1,17,11,2023-05-13,Champions Tour 2023: Pacific League
184495,119624,AscentPICK,KRX,1,4,1,1,0,3,2,16,8,2023-05-13,Champions Tour 2023: Pacific League
184496,119626,LotusPICK,GE,2,2,2,1,0,8,5,9,6,2023-05-13,Champions Tour 2023: Pacific League
184496,119626,LotusPICK,DFM,0,4,0,0,0,3,2,13,5,2023-05-13,Champions Tour 2023: Pacific League
184496,119627,PearlPICK,GE,2,3,2,1,0,8,6,7,5,2023-05-13,Champions Tour 2023: Pacific League
184496,119627,PearlPICK,DFM,0,3,0,2,0,4,2,10,4,2023-05-13,Champions Tour 2023: Pacific League
184497,119629,SplitPICK,TLN,1,3,1,0,0,2,2,11,10,2023-05-14,Champions Tour 2023: Pacific League
184497,119629,SplitPICK,RRQ,1,3,1,1,0,6,2,6,0,2023-05-14,Champions Tour 2023: Pacific League
184497,119630,AscentPICK,TLN,0,5,1,1,0,2,0,9,3,2023-05-14,Champions Tour 2023: Pacific League
184497,119630,AscentPICK,RRQ,2,2,2,1,1,3,1,11,9,2023-05-14,Champions Tour 2023: Pacific League
184497,119631,Haven,TLN,1,3,1,3,1,4,2,10,3,2023-05-14,Champions Tour 2023: Pacific League
184497,119631,Haven,RRQ,1,3,1,1,1,5,4,11,7,2023-05-14,Champions Tour 2023: Pacific League
184498,119632,HavenPICK,ZETA,1,3,1,1,0,6,4,11,8,2023-05-14,Champions Tour 2023: Pacific League
184498,119632,HavenPICK,GEN,1,3,1,4,0,3,2,11,5,2023-05-14,Champions Tour 2023: Pacific League
184498,119633,AscentPICK,ZETA,2,3,2,2,0,11,2,1,0,2023-05-14,Champions Tour 2023: Pacific League
184498,119633,AscentPICK,GEN,0,4,1,0,0,0,0,13,12,2023-05-14,Champions Tour 2023: Pacific League
184498,119634,Fracture,ZETA,2,2,2,0,0,5,4,10,7,2023-05-14,Champions Tour 2023: Pacific League
184498,119634,Fracture,GEN,0,5,0,2,1,3,0,7,3,2023-05-14,Champions Tour 2023: Pacific League
184499,119635,BindPICK,T1,0,4,0,0,0,4,1,15,9,2023-05-15,Champions Tour 2023: Pacific League
184499,119635,BindPICK,KRX,2,2,2,3,0,4,3,14,8,2023-05-15,Champions Tour 2023: Pacific League
184499,119636,PearlPICK,T1,0,3,0,1,0,4,4,14,5,2023-05-15,Champions Tour 2023: Pacific League
184499,119636,PearlPICK,KRX,2,2,2,1,0,5,2,14,9,2023-05-15,Champions Tour 2023: Pacific League
184500,119638,HavenPICK,TS,1,3,1,0,0,3,1,16,11,2023-05-15,Champions Tour 2023: Pacific League
184500,119638,HavenPICK,GE,1,3,1,1,0,7,4,11,4,2023-05-15,Champions Tour 2023: Pacific League
184500,119639,LotusPICK,TS,2,2,2,2,0,3,2,16,9,2023-05-15,Champions Tour 2023: Pacific League
184500,119639,LotusPICK,GE,0,4,0,1,1,3,1,15,8,2023-05-15,Champions Tour 2023: Pacific League
184501,119641,LotusPICK,TLN,1,3,1,0,0,6,2,15,10,2023-05-16,Champions Tour 2023: Pacific League
184501,119641,LotusPICK,DFM,1,3,1,1,0,6,3,14,7,2023-05-16,Champions Tour 2023: Pacific League
184501,119642,BindPICK,TLN,2,3,2,0,0,3,2,11,9,2023-05-16,Champions Tour 2023: Pacific League
184501,119642,BindPICK,DFM,0,3,0,1,0,7,3,6,1,2023-05-16,Champions Tour 2023: Pacific League
184502,119644,BindPICK,RRQ,0,4,0,2,0,1,0,15,9,2023-05-16,Champions Tour 2023: Pacific League
184502,119644,BindPICK,PRX,2,2,2,0,0,6,4,14,7,2023-05-16,Champions Tour 2023: Pacific League
184502,119645,PearlPICK,RRQ,0,5,0,0,0,6,3,13,8,2023-05-16,Champions Tour 2023: Pacific League
184502,119645,PearlPICK,PRX,2,2,2,0,0,10,5,12,6,2023-05-16,Champions Tour 2023: Pacific League
184514,119680,FracturePICK,T1,1,3,1,1,0,3,2,14,10,2023-05-19,Champions Tour 2023: Pacific League
184514,119680,FracturePICK,GEN,1,3,1,1,0,5,1,12,6,2023-05-19,Champions Tour 2023: Pacific League
184514,119681,AscentPICK,T1,1,3,1,1,0,7,4,13,6,2023-05-19,Champions Tour 2023: Pacific League
184514,119681,AscentPICK,GEN,1,3,1,0,0,7,5,14,7,2023-05-19,Champions Tour 2023: Pacific League
184514,119682,Lotus,T1,1,4,1,1,0,4,3,11,9,2023-05-19,Champions Tour 2023: Pacific League
184514,119682,Lotus,GEN,1,3,1,2,0,8,3,7,3,2023-05-19,Champions Tour 2023: Pacific League
184515,119683,HavenPICK,KRX,1,5,1,2,0,3,1,12,7,2023-05-20,Champions Tour 2023: Pacific League
184515,119683,HavenPICK,TS,1,3,2,2,1,3,2,14,8,2023-05-20,Champions Tour 2023: Pacific League
184515,119684,SplitPICK,KRX,2,3,2,1,1,3,2,11,8,2023-05-20,Champions Tour 2023: Pacific League
184515,119684,SplitPICK,TS,0,4,0,1,0,6,4,7,1,2023-05-20,Champions Tour 2023: Pacific League
184515,119685,Bind,KRX,1,3,1,0,0,2,1,12,11,2023-05-20,Champions Tour 2023: Pacific League
184515,119685,Bind,TS,1,3,1,2,1,5,1,7,1,2023-05-20,Champions Tour 2023: Pacific League
184516,119686,LotusPICK,PRX,1,3,2,0,0,7,5,13,6,2023-05-20,Champions Tour 2023: Pacific League
184516,119686,LotusPICK,T1,1,3,1,2,1,5,1,13,7,2023-05-20,Champions Tour 2023: Pacific League
184516,119687,FracturePICK,PRX,2,2,2,1,1,11,6,9,4,2023-05-20,Champions Tour 2023: Pacific League
184516,119687,FracturePICK,T1,0,4,1,1,0,7,6,11,3,2023-05-20,Champions Tour 2023: Pacific League
184517,119689,HavenPICK,T1,2,2,2,1,0,4,3,16,8,2023-05-21,Champions Tour 2023: Pacific League
184517,119689,HavenPICK,ZETA,0,4,0,0,0,11,3,8,7,2023-05-21,Champions Tour 2023: Pacific League
184517,119690,BindPICK,T1,0,3,0,1,1,5,2,17,9,2023-05-21,Champions Tour 2023: Pacific League
184517,119690,BindPICK,ZETA,2,2,2,0,0,11,5,13,7,2023-05-21,Champions Tour 2023: Pacific League
184517,119691,Fracture,T1,2,2,2,0,0,8,5,13,6,2023-05-21,Champions Tour 2023: Pacific League
184517,119691,Fracture,ZETA,0,4,0,1,0,8,2,10,8,2023-05-21,Champions Tour 2023: Pacific League
184518,119692,AscentPICK,TS,0,4,1,1,0,3,2,13,10,2023-05-21,Champions Tour 2023: Pacific League
184518,119692,AscentPICK,GEN,2,3,2,2,1,6,2,10,3,2023-05-21,Champions Tour 2023: Pacific League
184518,119693,HavenPICK,TS,1,3,1,3,0,4,2,11,5,2023-05-21,Champions Tour 2023: Pacific League
184518,119693,HavenPICK,GEN,1,3,1,1,0,4,3,13,9,2023-05-21,Champions Tour 2023: Pacific League
184518,119694,Split,TS,1,3,1,0,0,6,3,17,8,2023-05-21,Champions Tour 2023: Pacific League
184518,119694,Split,GEN,1,3,1,3,1,4,2,16,10,2023-05-21,Champions Tour 2023: Pacific League
184519,119695,FracturePICK,KRX,1,3,1,2,0,4,1,9,3,2023-05-22,Champions Tour 2023: Pacific League
184519,119695,FracturePICK,PRX,1,2,1,2,0,1,1,13,11,2023-05-22,Champions Tour 2023: Pacific League
184519,119696,BindPICK,KRX,0,4,0,0,0,3,1,12,5,2023-05-22,Champions Tour 2023: Pacific League
184519,119696,BindPICK,PRX,2,2,2,1,1,5,3,11,7,2023-05-22,Champions Tour 2023: Pacific League
184520,119698,FracturePICK,T1,2,2,2,0,0,11,4,10,7,2023-05-22,Champions Tour 2023: Pacific League
184520,119698,FracturePICK,GEN,0,4,0,1,0,1,0,17,10,2023-05-22,Champions Tour 2023: Pacific League
184520,119699,AscentPICK,T1,1,3,2,1,0,7,4,12,7,2023-05-22,Champions Tour 2023: Pacific League
184520,119699,AscentPICK,GEN,1,3,1,3,1,4,2,13,6,2023-05-22,Champions Tour 2023: Pacific League
184521,119701,AscentPICK,KRX,0,3,0,1,0,7,3,13,8,2023-05-27,Champions Tour 2023: Pacific League
184521,119701,AscentPICK,T1,2,2,2,2,0,4,2,16,9,2023-05-27,Champions Tour 2023: Pacific League
184521,119702,FracturePICK,KRX,1,3,1,0,0,9,6,12,6,2023-05-27,Champions Tour 2023: Pacific League
184521,119702,FracturePICK,T1,1,3,1,1,0,7,4,13,6,2023-05-27,Champions Tour 2023: Pacific League
184521,119703,HavenPICK,KRX,0,4,1,1,1,3,1,16,10,2023-05-27,Champions Tour 2023: Pacific League
184521,119703,HavenPICK,T1,2,2,2,2,0,6,3,14,6,2023-05-27,Champions Tour 2023: Pacific League
184521,119704,BindPICK,KRX,1,3,1,0,0,7,2,9,3,2023-05-27,Champions Tour 2023: Pacific League
184521,119704,BindPICK,T1,1,3,1,0,0,3,2,13,10,2023-05-27,Champions Tour 2023: Pacific League
184521,119705,Pearl,KRX,2,2,2,0,0,9,5,11,6,2023-05-27,Champions Tour 2023: Pacific League
184521,119705,Pearl,T1,0,3,0,2,0,4,1,13,8,2023-05-27,Champions Tour 2023: Pacific League
184522,119706,FracturePICK,PRX,2,3,2,0,0,14,4,2,0,2023-05-28,Champions Tour 2023: Pacific League
184522,119706,FracturePICK,KRX,0,4,1,0,0,5,4,10,8,2023-05-28,Champions Tour 2023: Pacific League
184522,119708,AscentPICK,PRX,2,2,2,1,0,8,4,19,8,2023-05-28,Champions Tour 2023: Pacific League
184522,119708,AscentPICK,KRX,0,4,0,1,1,3,1,22,14,2023-05-28,Champions Tour 2023: Pacific League
184522,119712,PearlPICK,PRX,1,3,1,1,1,4,3,13,8,2023-05-28,Champions Tour 2023: Pacific League
184522,119712,PearlPICK,KRX,1,3,1,1,0,5,3,12,4,2023-05-28,Champions Tour 2023: Pacific League
184522,119714,Bind,PRX,1,3,1,0,0,4,4,12,8,2023-05-28,Champions Tour 2023: Pacific League
184522,119714,Bind,KRX,1,3,1,1,1,7,3,8,1,2023-05-28,Champions Tour 2023: Pacific League
184522,131784,LotusPICK,PRX,1,3,1,0,0,4,4,9,8,2023-05-28,Champions Tour 2023: Pacific League
184522,131784,LotusPICK,KRX,1,3,1,0,0,10,2,3,0,2023-05-28,Champions Tour 2023: Pacific League
189050,123159,AscentPICK,LEV,0,4,0,0,0,6,4,8,1,2023-05-23,Champions Tour 2023: Americas League
189050,123159,AscentPICK,FUR,2,2,2,0,0,7,6,9,5,2023-05-23,Champions Tour 2023: Americas League
189050,123160,PearlPICK,LEV,1,3,1,1,0,7,2,27,17,2023-05-23,Champions Tour 2023: Americas League
189050,123160,PearlPICK,FUR,1,3,1,2,0,5,4,28,13,2023-05-23,Champions Tour 2023: Americas League
189050,123161,Bind,LEV,1,3,1,0,0,7,4,9,1,2023-05-23,Champions Tour 2023: Americas League
189050,123161,Bind,FUR,1,3,1,0,0,5,3,11,9,2023-05-23,Champions Tour 2023: Americas League
189051,123162,HavenPICK,NRG,2,2,2,1,0,5,3,16,8,2023-05-23,Champions Tour 2023: Americas League
189051,123162,HavenPICK,EG,0,4,0,1,0,6,2,13,9,2023-05-23,Champions Tour 2023: Americas League
189051,123163,SplitPICK,NRG,2,3,2,2,0,7,3,16,8,2023-05-23,Champions Tour 2023: Americas League
189051,123163,SplitPICK,EG,0,4,1,1,0,0,0,23,14,2023-05-23,Champions Tour 2023: Americas League
189051,123164,Ascent,NRG,2,2,2,2,0,9,4,7,1,2023-05-23,Champions Tour 2023: Americas League
189051,123164,Ascent,EG,0,4,1,0,0,2,2,14,10,2023-05-23,Champions Tour 2023: Americas League
189052,123165,HavenPICK,LOUD,2,2,2,1,1,2,1,12,9,2023-05-24,Champions Tour 2023: Americas League
189052,123165,HavenPICK,FUR,0,3,0,2,0,8,4,4,0,2023-05-24,Champions Tour 2023: Americas League
189052,123166,AscentPICK,LOUD,0,4,0,0,0,1,1,13,12,2023-05-24,Champions Tour 2023: Americas League
189052,123166,AscentPICK,FUR,2,2,2,2,0,7,2,7,1,2023-05-24,Champions Tour 2023: Americas League
189053,123168,FracturePICK,C9,0,3,0,1,0,5,2,9,3,2023-05-24,Champions Tour 2023: Americas League
189053,123168,FracturePICK,EG,2,2,2,0,0,4,3,12,8,2023-05-24,Champions Tour 2023: Americas League
189053,123169,BindPICK,C9,0,3,0,2,0,5,0,5,2,2023-05-24,Champions Tour 2023: Americas League
189053,123169,BindPICK,EG,2,2,2,0,0,4,3,9,8,2023-05-24,Champions Tour 2023: Americas League
189054,123171,FracturePICK,LOUD,0,4,0,0,0,3,2,15,11,2023-05-26,Champions Tour 2023: Americas League
189054,123171,FracturePICK,EG,2,2,2,3,2,6,2,11,3,2023-05-26,Champions Tour 2023: Americas League
189054,123172,AscentPICK,LOUD,1,3,2,0,0,6,1,15,8,2023-05-26,Champions Tour 2023: Americas League
189054,123172,AscentPICK,EG,1,5,1,0,0,6,4,13,8,2023-05-26,Champions Tour 2023: Americas League
189054,123173,Bind,LOUD,1,3,2,0,0,2,2,11,9,2023-05-26,Champions Tour 2023: Americas League
189054,123173,Bind,EG,1,3,1,2,0,6,1,5,1,2023-05-26,Champions Tour 2023: Americas League
189055,123174,AscentPICK,LOUD,2,2,2,1,0,5,3,14,8,2023-05-28,Champions Tour 2023: Americas League
189055,123174,AscentPICK,NRG,0,4,0,0,0,3,1,15,8,2023-05-28,Champions Tour 2023: Americas League
189055,123175,BindPICK,LOUD,2,2,2,0,0,8,5,14,6,2023-05-28,Champions Tour 2023: Americas League
189055,123175,BindPICK,NRG,0,4,0,1,0,5,3,14,8,2023-05-28,Champions Tour 2023: Americas League
189055,123176,FracturePICK,LOUD,1,3,1,0,0,4,3,17,9,2023-05-28,Champions Tour 2023: Americas League
189055,123176,FracturePICK,NRG,1,3,1,2,1,5,3,14,6,2023-05-28,Champions Tour 2023: Americas League
189056,123179,HavenPICK,C9,2,2,2,2,0,5,2,12,9,2023-05-25,Champions Tour 2023: Americas League
189056,123179,HavenPICK,LEV,0,4,0,0,0,6,2,11,6,2023-05-25,Champions Tour 2023: Americas League
189056,123180,LotusPICK,C9,0,4,0,2,0,1,1,16,9,2023-05-25,Champions Tour 2023: Americas League
189056,123180,LotusPICK,LEV,2,2,2,0,0,10,5,11,6,2023-05-25,Champions Tour 2023: Americas League
189056,123181,Ascent,C9,2,2,2,1,0,4,4,10,7,2023-05-25,Champions Tour 2023: Americas League
189056,123181,Ascent,LEV,0,3,0,1,0,7,3,6,1,2023-05-25,Champions Tour 2023: Americas League
189057,123182,BindPICK,FUR,1,3,1,1,0,7,2,11,6,2023-05-25,Champions Tour 2023: Americas League
189057,123182,BindPICK,NRG,1,3,1,1,0,3,2,15,10,2023-05-25,Champions Tour 2023: Americas League
189057,123183,HavenPICK,FUR,1,3,1,0,0,7,2,13,7,2023-05-25,Champions Tour 2023: Americas League
189057,123183,HavenPICK,NRG,1,3,1,2,0,3,3,15,9,2023-05-25,Champions Tour 2023: Americas League
189058,123185,PearlPICK,C9,1,3,1,1,0,6,5,13,7,2023-05-26,Champions Tour 2023: Americas League
189058,123185,PearlPICK,NRG,1,3,1,1,0,5,3,14,6,2023-05-26,Champions Tour 2023: Americas League
189058,123186,LotusPICK,C9,1,3,1,1,0,6,4,12,4,2023-05-26,Champions Tour 2023: Americas League
189058,123186,LotusPICK,NRG,1,3,1,1,1,3,1,15,10,2023-05-26,Champions Tour 2023: Americas League
189058,123187,Haven,C9,2,2,2,1,0,8,3,15,7,2023-05-26,Champions Tour 2023: Americas League
189058,123187,Haven,NRG,0,4,0,0,0,2,1,20,13,2023-05-26,Champions Tour 2023: Americas League
189059,123188,HavenPICK,EG,2,2,2,1,0,8,5,13,6,2023-05-27,Champions Tour 2023: Americas League
189059,123188,HavenPICK,NRG,0,4,0,0,0,1,0,19,11,2023-05-27,Champions Tour 2023: Americas League
189059,123189,AscentPICK,EG,0,4,0,1,1,2,1,14,6,2023-05-27,Champions Tour 2023: Americas League
189059,123189,AscentPICK,NRG,2,2,2,0,0,7,5,12,6,2023-05-27,Champions Tour 2023: Americas League
189059,123190,LotusPICK,EG,0,4,0,0,0,3,1,16,9,2023-05-27,Champions Tour 2023: Americas League
189059,123190,LotusPICK,NRG,2,2,2,0,0,6,3,15,8,2023-05-27,Champions Tour 2023: Americas League
189059,123191,SplitPICK,EG,1,3,1,2,0,7,2,5,1,2023-05-27,Champions Tour 2023: Americas League
189059,123191,SplitPICK,NRG,1,3,1,0,0,4,3,10,9,2023-05-27,Champions Tour 2023: Americas League
213193,130941,HavenPICK,GIA,0,3,0,3,0,7,3,5,2,2023-05-23,Champions Tour 2023: EMEA League
213193,130941,HavenPICK,FUT,2,2,2,1,0,4,4,11,7,2023-05-23,Champions Tour 2023: EMEA League
213193,130942,AscentPICK,GIA,1,3,1,1,0,8,2,14,9,2023-05-23,Champions Tour 2023: EMEA League
213193,130942,AscentPICK,FUT,1,3,1,1,0,4,1,18,12,2023-05-23,Champions Tour 2023: EMEA League
213194,130944,LotusPICK,TL,2,2,2,2,0,10,3,5,1,2023-05-23,Champions Tour 2023: EMEA League
213194,130944,LotusPICK,VIT,0,2,0,2,1,1,1,14,11,2023-05-23,Champions Tour 2023: EMEA League
213194,130945,BindPICK,TL,2,2,2,0,0,7,3,15,8,2023-05-23,Champions Tour 2023: EMEA League
213194,130945,BindPICK,VIT,0,2,0,2,0,3,1,17,10,2023-05-23,Champions Tour 2023: EMEA League
213194,130946,Ascent,TL,1,3,2,0,0,5,3,16,8,2023-05-23,Champions Tour 2023: EMEA League
213194,130946,Ascent,VIT,1,4,1,3,1,6,2,11,7,2023-05-23,Champions Tour 2023: EMEA League
213195,130947,BindPICK,FNC,1,3,1,0,0,11,4,8,4,2023-05-24,Champions Tour 2023: EMEA League
213195,130947,BindPICK,FUT,1,4,1,1,0,2,2,15,10,2023-05-24,Champions Tour 2023: EMEA League
213195,130948,SplitPICK,FNC,2,2,2,0,0,4,4,9,7,2023-05-24,Champions Tour 2023: EMEA League
213195,130948,SplitPICK,FUT,0,4,0,1,0,3,1,7,1,2023-05-24,Champions Tour 2023: EMEA League
213195,130949,Lotus,FNC,2,2,2,0,0,2,2,10,9,2023-05-24,Champions Tour 2023: EMEA League
213195,130949,Lotus,FUT,0,3,0,4,0,1,0,6,1,2023-05-24,Champions Tour 2023: EMEA League
213196,130950,BindPICK,NAVI,1,3,1,1,0,8,5,12,5,2023-05-24,Champions Tour 2023: EMEA League
213196,130950,BindPICK,TL,1,3,2,1,0,5,2,15,9,2023-05-24,Champions Tour 2023: EMEA League
213196,130951,SplitPICK,NAVI,0,4,0,1,0,6,4,12,6,2023-05-24,Champions Tour 2023: EMEA League
213196,130951,SplitPICK,TL,2,2,2,1,0,7,3,13,8,2023-05-24,Champions Tour 2023: EMEA League
213197,130953,LotusPICK,FNC,2,2,2,2,0,11,4,11,8,2023-05-26,Champions Tour 2023: EMEA League
213197,130953,LotusPICK,TL,0,4,2,0,0,4,1,18,9,2023-05-26,Champions Tour 2023: EMEA League
213197,130954,BindPICK,FNC,1,3,1,0,0,5,4,11,8,2023-05-26,Champions Tour 2023: EMEA League
213197,130954,BindPICK,TL,1,3,1,1,0,9,4,6,1,2023-05-26,Champions Tour 2023: EMEA League
213198,130956,LotusPICK,FNC,1,3,1,0,0,14,8,7,4,2023-05-28,Champions Tour 2023: EMEA League
213198,130956,LotusPICK,TL,1,3,1,0,0,6,3,15,7,2023-05-28,Champions Tour 2023: EMEA League
213198,130957,AscentPICK,FNC,1,3,1,0,0,10,4,13,7,2023-05-28,Champions Tour 2023: EMEA League
213198,130957,AscentPICK,TL,1,3,1,2,0,9,3,12,10,2023-05-28,Champions Tour 2023: EMEA League
213198,130958,HavenPICK,FNC,0,3,0,1,0,10,5,5,1,2023-05-28,Champions Tour 2023: EMEA League
213198,130958,HavenPICK,TL,2,2,2,0,0,5,4,12,7,2023-05-28,Champions Tour 2023: EMEA League
213198,131673,FracturePICK,FNC,1,3,1,0,0,7,5,14,5,2023-05-28,Champions Tour 2023: EMEA League
213198,131673,FracturePICK,TL,1,3,1,3,2,3,1,15,9,2023-05-28,Champions Tour 2023: EMEA League
213199,130959,PearlPICK,NAVI,1,3,2,1,0,7,4,11,7,2023-05-25,Champions Tour 2023: EMEA League
213199,130959,PearlPICK,GIA,1,4,3,1,0,10,3,7,3,2023-05-25,Champions Tour 2023: EMEA League
213199,130960,AscentPICK,NAVI,0,4,0,2,1,7,5,9,7,2023-05-25,Champions Tour 2023: EMEA League
213199,130960,AscentPICK,GIA,2,2,2,2,0,11,6,7,1,2023-05-25,Champions Tour 2023: EMEA League
213200,130962,SplitPICK,FUT,1,3,1,1,0,4,3,14,9,2023-05-25,Champions Tour 2023: EMEA League
213200,130962,SplitPICK,VIT,1,3,1,1,0,9,5,9,3,2023-05-25,Champions Tour 2023: EMEA League
213200,130963,HavenPICK,FUT,0,4,0,1,0,2,0,15,9,2023-05-25,Champions Tour 2023: EMEA League
213200,130963,HavenPICK,VIT,2,2,2,1,0,6,4,13,7,2023-05-25,Champions Tour 2023: EMEA League
213200,130964,Lotus,FUT,1,3,1,0,0,3,3,13,9,2023-05-25,Champions Tour 2023: EMEA League
213200,130964,Lotus,VIT,1,2,1,3,0,5,2,9,3,2023-05-25,Champions Tour 2023: EMEA League
213201,130965,LotusPICK,NAVI,1,3,1,1,0,9,4,8,3,2023-05-26,Champions Tour 2023: EMEA League
213201,130965,LotusPICK,FUT,1,3,1,1,0,3,2,14,10,2023-05-26,Champions Tour 2023: EMEA League
213201,130966,FracturePICK,NAVI,0,4,0,2,0,9,5,5,2,2023-05-26,Champions Tour 2023: EMEA League
213201,130966,FracturePICK,FUT,2,2,2,1,1,5,2,12,8,2023-05-26,Champions Tour 2023: EMEA League
213202,130968,AscentPICK,TL,1,3,1,0,0,6,6,9,6,2023-05-27,Champions Tour 2023: EMEA League
213202,130968,AscentPICK,FUT,1,3,1,3,1,4,1,8,2,2023-05-27,Champions Tour 2023: EMEA League
213202,130969,LotusPICK,TL,1,3,2,2,0,6,2,21,13,2023-05-27,Champions Tour 2023: EMEA League
213202,130969,LotusPICK,FUT,1,4,1,2,0,3,1,23,13,2023-05-27,Champions Tour 2023: EMEA League
213202,130970,SplitPICK,TL,1,3,1,1,1,4,3,10,8,2023-05-27,Champions Tour 2023: EMEA League
213202,130970,SplitPICK,FUT,1,3,1,4,1,4,1,7,2,2023-05-27,Champions Tour 2023: EMEA League
214088,131114,Bind,BNY,2,2,2,0,0,6,3,11,8,2023-05-27,Champions Tour 2023: Pacific League
214088,131114,Bind,SPB,0,4,0,2,0,4,1,9,5,2023-05-27,Champions Tour 2023: Pacific League
220290,132539,AscentPICK,NRG,0,4,0,0,0,1,0,16,13,2023-06-11,Champions Tour 2023: Masters Tokyo
220290,132539,AscentPICK,NAVI,2,2,2,1,0,11,3,7,3,2023-06-11,Champions Tour 2023: Masters Tokyo
220290,132540,LotusPICK,NRG,1,3,1,1,1,3,1,19,9,2023-06-11,Champions Tour 2023: Masters Tokyo
220290,132540,LotusPICK,NAVI,1,3,1,1,0,9,4,13,9,2023-06-11,Champions Tour 2023: Masters Tokyo
220290,132541,Split,NRG,1,3,1,1,0,2,2,13,10,2023-06-11,Champions Tour 2023: Masters Tokyo
220290,132541,Split,NAVI,1,3,1,1,0,5,2,10,3,2023-06-11,Champions Tour 2023: Masters Tokyo
220292,132542,FracturePICK,EDG,0,4,1,2,0,1,1,16,8,2023-06-11,Champions Tour 2023: Masters Tokyo
220292,132542,FracturePICK,T1,2,3,2,0,0,9,5,11,6,2023-06-11,Champions Tour 2023: Masters Tokyo
220292,132543,HavenPICK,EDG,2,2,2,0,0,6,3,12,8,2023-06-11,Champions Tour 2023: Masters Tokyo
220292,132543,HavenPICK,T1,0,4,0,2,0,7,4,7,3,2023-06-11,Champions Tour 2023: Masters Tokyo
220292,132544,Pearl,EDG,1,3,1,1,0,6,3,16,8,2023-06-11,Champions Tour 2023: Masters Tokyo
220292,132544,Pearl,T1,1,3,1,1,0,11,6,11,7,2023-06-11,Champions Tour 2023: Masters Tokyo
220293,132545,LotusPICK,NRG,1,3,1,2,0,5,4,14,6,2023-06-12,Champions Tour 2023: Masters Tokyo
220293,132545,LotusPICK,T1,1,3,2,1,0,3,2,17,9,2023-06-12,Champions Tour 2023: Masters Tokyo
220293,132546,BindPICK,NRG,1,3,1,1,0,2,1,14,11,2023-06-12,Champions Tour 2023: Masters Tokyo
220293,132546,BindPICK,T1,1,2,1,3,0,8,1,7,5,2023-06-12,Champions Tour 2023: Masters Tokyo
220293,132547,Pearl,NRG,1,3,1,1,0,1,1,19,11,2023-06-12,Champions Tour 2023: Masters Tokyo
220293,132547,Pearl,T1,1,3,1,1,0,10,2,10,8,2023-06-12,Champions Tour 2023: Masters Tokyo
220294,132548,PearlPICK,NAVI,1,3,1,2,1,6,3,21,10,2023-06-13,Champions Tour 2023: Masters Tokyo
220294,132548,PearlPICK,EDG,1,3,1,1,0,8,4,20,12,2023-06-13,Champions Tour 2023: Masters Tokyo
220294,132549,BindPICK,NAVI,0,4,1,1,0,6,5,15,6,2023-06-13,Champions Tour 2023: Masters Tokyo
220294,132549,BindPICK,EDG,2,3,2,3,1,3,2,17,9,2023-06-13,Champions Tour 2023: Masters Tokyo
220295,132551,FracturePICK,T1,0,4,0,1,0,7,1,5,3,2023-06-14,Champions Tour 2023: Masters Tokyo
220295,132551,FracturePICK,EDG,2,2,2,0,0,3,3,12,8,2023-06-14,Champions Tour 2023: Masters Tokyo
220295,132552,HavenPICK,T1,1,3,1,2,0,6,0,8,5,2023-06-14,Champions Tour 2023: Masters Tokyo
220295,132552,HavenPICK,EDG,1,3,1,1,0,2,1,13,11,2023-06-14,Champions Tour 2023: Masters Tokyo
220296,132554,FracturePICK,KRX,1,3,1,0,0,8,4,12,8,2023-06-11,Champions Tour 2023: Masters Tokyo
220296,132554,FracturePICK,ASE,1,3,1,1,0,10,5,9,4,2023-06-11,Champions Tour 2023: Masters Tokyo
220296,132555,PearlPICK,KRX,1,3,1,1,1,5,5,11,6,2023-06-11,Champions Tour 2023: Masters Tokyo
220296,132555,PearlPICK,ASE,1,3,1,1,1,8,4,8,1,2023-06-11,Champions Tour 2023: Masters Tokyo
220297,132557,SplitPICK,FUT,0,4,0,2,0,2,0,10,5,2023-06-10,Champions Tour 2023: Masters Tokyo
220297,132557,SplitPICK,EG,2,2,2,0,0,6,5,10,6,2023-06-10,Champions Tour 2023: Masters Tokyo
220297,132558,LotusPICK,FUT,0,4,0,2,1,4,3,16,8,2023-06-10,Champions Tour 2023: Masters Tokyo
220297,132558,LotusPICK,EG,2,2,2,2,0,7,4,15,8,2023-06-10,Champions Tour 2023: Masters Tokyo
220298,132560,FracturePICK,KRX,0,4,0,1,0,8,4,5,1,2023-06-12,Champions Tour 2023: Masters Tokyo
220298,132560,FracturePICK,EG,2,2,2,1,0,5,4,10,7,2023-06-12,Champions Tour 2023: Masters Tokyo
220298,132561,AscentPICK,KRX,0,4,0,0,0,7,4,11,5,2023-06-12,Champions Tour 2023: Masters Tokyo
220298,132561,AscentPICK,EG,2,2,2,1,1,6,4,13,6,2023-06-12,Champions Tour 2023: Masters Tokyo
220299,132563,HavenPICK,ASE,1,2,1,1,0,8,7,10,5,2023-06-13,Champions Tour 2023: Masters Tokyo
220299,132563,HavenPICK,FUT,1,5,1,1,0,5,1,10,6,2023-06-13,Champions Tour 2023: Masters Tokyo
220299,132564,AscentPICK,ASE,0,4,0,2,0,6,2,6,3,2023-06-13,Champions Tour 2023: Masters Tokyo
220299,132564,AscentPICK,FUT,2,2,2,0,0,5,5,11,6,2023-06-13,Champions Tour 2023: Masters Tokyo
220299,132565,Lotus,ASE,0,3,0,2,0,8,2,6,4,2023-06-13,Champions Tour 2023: Masters Tokyo
220299,132565,Lotus,FUT,2,2,2,1,1,4,3,12,7,2023-06-13,Champions Tour 2023: Masters Tokyo
220300,132566,BindPICK,KRX,0,4,1,1,1,3,2,14,5,2023-06-13,Champions Tour 2023: Masters Tokyo
220300,132566,BindPICK,FUT,2,2,2,4,2,4,2,12,7,2023-06-13,Champions Tour 2023: Masters Tokyo
220300,132567,FracturePICK,KRX,2,2,2,1,1,13,7,5,3,2023-06-13,Champions Tour 2023: Masters Tokyo
220300,132567,FracturePICK,FUT,0,4,0,1,1,2,0,14,7,2023-06-13,Champions Tour 2023: Masters Tokyo
220300,132568,Haven,KRX,1,3,1,1,1,4,3,9,8,2023-06-13,Champions Tour 2023: Masters Tokyo
220300,132568,Haven,FUT,1,3,1,2,0,6,2,6,1,2023-06-13,Champions Tour 2023: Masters Tokyo
220441,132692,SplitPICK,PRX,1,3,1,1,0,6,4,13,8,2023-06-17,Champions Tour 2023: Masters Tokyo
220441,132692,SplitPICK,KRX,1,3,1,0,0,9,3,11,6,2023-06-17,Champions Tour 2023: Masters Tokyo
220441,132693,BindPICK,PRX,1,3,1,1,0,7,5,12,7,2023-06-17,Champions Tour 2023: Masters Tokyo
220441,132693,BindPICK,KRX,1,3,1,2,1,9,6,9,2,2023-06-17,Champions Tour 2023: Masters Tokyo
220442,132695,FracturePICK,FNC,1,3,1,0,0,5,3,14,9,2023-06-16,Champions Tour 2023: Masters Tokyo
220442,132695,FracturePICK,NRG,1,3,1,1,0,8,6,10,2,2023-06-16,Champions Tour 2023: Masters Tokyo
220442,132696,BindPICK,FNC,2,2,2,1,0,5,3,9,8,2023-06-16,Champions Tour 2023: Masters Tokyo
220442,132696,BindPICK,NRG,0,3,0,2,1,6,2,6,1,2023-06-16,Champions Tour 2023: Masters Tokyo
220443,132698,HavenPICK,TL,1,3,1,0,0,7,6,12,6,2023-06-16,Champions Tour 2023: Masters Tokyo
220443,132698,HavenPICK,EDG,1,3,1,2,1,7,5,10,2,2023-06-16,Champions Tour 2023: Masters Tokyo
220443,132699,SplitPICK,TL,1,3,1,1,0,5,3,12,4,2023-06-16,Champions Tour 2023: Masters Tokyo
220443,132699,SplitPICK,EDG,1,3,1,0,0,4,3,14,9,2023-06-16,Champions Tour 2023: Masters Tokyo
220443,132700,Lotus,TL,2,2,2,2,0,9,5,11,6,2023-06-16,Champions Tour 2023: Masters Tokyo
220443,132700,Lotus,EDG,0,4,0,3,1,3,2,14,8,2023-06-16,Champions Tour 2023: Masters Tokyo
220444,132701,FracturePICK,LOUD,1,3,1,3,0,4,3,10,3,2023-06-15,Champions Tour 2023: Masters Tokyo
220444,132701,FracturePICK,EG,1,3,1,1,1,3,2,13,9,2023-06-15,Champions Tour 2023: Masters Tokyo
220444,132702,AscentPICK,LOUD,0,4,0,1,0,7,1,6,4,2023-06-15,Champions Tour 2023: Masters Tokyo
220444,132702,AscentPICK,EG,2,2,2,1,0,5,5,10,6,2023-06-15,Champions Tour 2023: Masters Tokyo
220445,132704,LotusPICK,PRX,1,3,1,0,0,9,1,6,3,2023-06-19,Champions Tour 2023: Masters Tokyo
220445,132704,LotusPICK,FNC,1,2,1,1,0,6,3,9,9,2023-06-19,Champions Tour 2023: Masters Tokyo
220445,132705,BindPICK,PRX,0,4,0,1,0,5,3,10,4,2023-06-19,Champions Tour 2023: Masters Tokyo
220445,132705,BindPICK,FNC,2,2,2,0,0,8,6,10,5,2023-06-19,Champions Tour 2023: Masters Tokyo
220446,132707,FracturePICK,TL,1,3,1,3,0,7,1,2,0,2023-06-18,Champions Tour 2023: Masters Tokyo
220446,132707,FracturePICK,EG,1,3,2,0,0,2,2,10,9,2023-06-18,Champions Tour 2023: Masters Tokyo
220446,132708,HavenPICK,TL,1,3,1,1,0,5,4,13,4,2023-06-18,Champions Tour 2023: Masters Tokyo
220446,132708,HavenPICK,EG,1,3,1,1,1,4,2,14,9,2023-06-18,Champions Tour 2023: Masters Tokyo
220447,132710,LotusPICK,FNC,2,2,2,1,1,2,1,11,9,2023-06-20,Champions Tour 2023: Masters Tokyo
220447,132710,LotusPICK,EG,0,3,0,2,0,5,2,6,1,2023-06-20,Champions Tour 2023: Masters Tokyo
220447,132711,FracturePICK,FNC,1,2,1,1,0,5,1,14,7,2023-06-20,Champions Tour 2023: Masters Tokyo
220447,132711,FracturePICK,EG,1,4,1,1,0,3,2,14,10,2023-06-20,Champions Tour 2023: Masters Tokyo
220447,132712,Split,FNC,1,3,1,0,0,9,7,12,5,2023-06-20,Champions Tour 2023: Masters Tokyo
220447,132712,Split,EG,1,3,1,1,1,9,5,11,4,2023-06-20,Champions Tour 2023: Masters Tokyo
220448,132713,LotusPICK,FNC,1,3,2,0,0,4,3,14,8,2023-06-25,Champions Tour 2023: Masters Tokyo
220448,132713,LotusPICK,EG,1,4,1,1,0,4,1,12,6,2023-06-25,Champions Tour 2023: Masters Tokyo
220448,132714,SplitPICK,FNC,1,2,1,1,0,8,5,13,7,2023-06-25,Champions Tour 2023: Masters Tokyo
220448,132714,SplitPICK,EG,1,3,1,1,0,4,2,16,8,2023-06-25,Champions Tour 2023: Masters Tokyo
220448,132715,BindPICK,FNC,1,2,1,1,0,8,4,15,9,2023-06-25,Champions Tour 2023: Masters Tokyo
220448,132715,BindPICK,EG,1,3,1,0,0,5,1,18,10,2023-06-25,Champions Tour 2023: Masters Tokyo
220449,132718,PearlPICK,KRX,1,3,1,0,0,11,4,10,6,2023-06-18,Champions Tour 2023: Masters Tokyo
220449,132718,PearlPICK,NRG,1,3,1,0,0,6,3,15,9,2023-06-18,Champions Tour 2023: Masters Tokyo
220449,132719,HavenPICK,KRX,0,4,0,1,0,9,4,4,1,2023-06-18,Champions Tour 2023: Masters Tokyo
220449,132719,HavenPICK,NRG,2,2,2,0,0,6,5,10,6,2023-06-18,Champions Tour 2023: Masters Tokyo
220450,132721,LotusPICK,EDG,1,3,2,0,0,1,1,15,10,2023-06-17,Champions Tour 2023: Masters Tokyo
220450,132721,LotusPICK,LOUD,1,3,1,3,0,6,2,7,3,2023-06-17,Champions Tour 2023: Masters Tokyo
220450,132722,FracturePICK,EDG,1,3,1,1,0,5,2,14,10,2023-06-17,Champions Tour 2023: Masters Tokyo
220450,132722,FracturePICK,LOUD,1,3,1,2,0,8,3,10,6,2023-06-17,Champions Tour 2023: Masters Tokyo
220451,132724,HavenPICK,TL,2,2,2,0,0,8,3,16,7,2023-06-19,Champions Tour 2023: Masters Tokyo
220451,132724,HavenPICK,NRG,0,4,0,0,0,4,2,18,12,2023-06-19,Champions Tour 2023: Masters Tokyo
220451,132725,AscentPICK,TL,1,3,1,1,1,5,3,12,8,2023-06-19,Champions Tour 2023: Masters Tokyo
220451,132725,AscentPICK,NRG,1,3,1,1,0,5,2,12,5,2023-06-19,Champions Tour 2023: Masters Tokyo
220451,132726,Split,TL,1,3,1,1,0,8,3,6,1,2023-06-19,Champions Tour 2023: Masters Tokyo
220451,132726,Split,NRG,1,3,2,0,0,1,1,14,10,2023-06-19,Champions Tour 2023: Masters Tokyo
220452,132727,FracturePICK,PRX,0,4,0,2,1,5,3,15,10,2023-06-20,Champions Tour 2023: Masters Tokyo
220452,132727,FracturePICK,EDG,2,2,2,0,0,9,6,15,4,2023-06-20,Champions Tour 2023: Masters Tokyo
220452,132728,SplitPICK,PRX,2,3,2,0,0,11,4,8,3,2023-06-20,Champions Tour 2023: Masters Tokyo
220452,132728,SplitPICK,EDG,0,4,1,1,1,0,0,17,11,2023-06-20,Champions Tour 2023: Masters Tokyo
220452,132729,Lotus,PRX,1,3,1,1,0,8,5,9,7,2023-06-20,Champions Tour 2023: Masters Tokyo
220452,132729,Lotus,EDG,1,3,1,2,0,5,2,11,5,2023-06-20,Champions Tour 2023: Masters Tokyo
220453,132730,PearlPICK,NRG,2,2,2,1,1,9,6,16,4,2023-06-21,Champions Tour 2023: Masters Tokyo
220453,132730,PearlPICK,PRX,0,4,0,1,1,6,4,17,10,2023-06-21,Champions Tour 2023: Masters Tokyo
220453,132731,LotusPICK,NRG,2,2,2,3,1,2,1,12,9,2023-06-21,Champions Tour 2023: Masters Tokyo
220453,132731,LotusPICK,PRX,0,3,0,1,0,8,3,7,3,2023-06-21,Champions Tour 2023: Masters Tokyo
220453,132732,Bind,NRG,1,3,2,2,0,3,1,16,8,2023-06-21,Champions Tour 2023: Masters Tokyo
220453,132732,Bind,PRX,1,3,1,0,0,7,3,14,9,2023-06-21,Champions Tour 2023: Masters Tokyo
220454,132733,FracturePICK,EG,1,3,1,0,0,5,3,12,9,2023-06-23,Champions Tour 2023: Masters Tokyo
220454,132733,FracturePICK,PRX,1,3,1,0,0,10,3,7,3,2023-06-23,Champions Tour 2023: Masters Tokyo
220454,132734,LotusPICK,EG,1,3,1,1,0,5,2,17,9,2023-06-23,Champions Tour 2023: Masters Tokyo
220454,132734,LotusPICK,PRX,1,3,1,1,0,6,3,16,10,2023-06-23,Champions Tour 2023: Masters Tokyo
220454,132735,SplitPICK,EG,1,3,1,2,0,6,5,12,4,2023-06-23,Champions Tour 2023: Masters Tokyo
220454,132735,SplitPICK,PRX,1,3,1,0,0,8,4,12,8,2023-06-23,Champions Tour 2023: Masters Tokyo
220454,132736,PearlPICK,EG,2,2,2,2,1,4,3,11,7,2023-06-23,Champions Tour 2023: Masters Tokyo
220454,132736,PearlPICK,PRX,0,3,0,0,0,12,5,4,1,2023-06-23,Champions Tour 2023: Masters Tokyo
220454,132737,Ascent,EG,1,3,1,3,2,2,1,13,9,2023-06-23,Champions Tour 2023: Masters Tokyo
220454,132737,Ascent,PRX,1,3,1,0,0,7,2,11,5,2023-06-23,Champions Tour 2023: Masters Tokyo
221178,133131,SplitPICK,NOVA,1,3,1,3,1,3,3,11,2,2023-06-03,Champions Tour 2023: Champions China Qualifier
221178,133131,SplitPICK,TYL,1,3,1,1,1,2,2,14,9,2023-06-03,Champions Tour 2023: Champions China Qualifier
221178,133132,BindPICK,NOVA,0,4,0,1,0,2,1,11,4,2023-06-03,Champions Tour 2023: Champions China Qualifier
221178,133132,BindPICK,TYL,2,2,2,0,0,4,4,12,7,2023-06-03,Champions Tour 2023: Champions China Qualifier
221843,133538,BindPICK,DRG,2,2,2,2,0,8,2,8,3,2023-06-06,Champions Tour 2023: Champions China Qualifier
221843,133538,BindPICK,TYL,0,4,1,0,0,4,3,12,9,2023-06-06,Champions Tour 2023: Champions China Qualifier
221843,133539,AscentPICK,DRG,2,2,2,2,0,9,3,9,4,2023-06-06,Champions Tour 2023: Champions China Qualifier
221843,133539,AscentPICK,TYL,0,4,0,1,1,3,2,14,10,2023-06-06,Champions Tour 2023: Champions China Qualifier
232729,134548,BindPICK,MIBR,1,3,1,2,0,5,2,10,4,2023-07-15,Champions Tour 2023: Americas Last Chance Qualifier
232729,134548,BindPICK,KRÜ,1,3,1,0,0,3,3,14,9,2023-07-15,Champions Tour 2023: Americas Last Chance Qualifier
232729,134549,LotusPICK,MIBR,0,4,0,2,0,5,3,10,5,2023-07-15,Champions Tour 2023: Americas Last Chance Qualifier
232729,134549,LotusPICK,KRÜ,2,2,2,2,1,4,2,13,8,2023-07-15,Champions Tour 2023: Americas Last Chance Qualifier
232730,134551,PearlPICK,SEN,1,3,1,1,1,6,3,16,7,2023-07-16,Champions Tour 2023: Americas Last Chance Qualifier
232730,134551,PearlPICK,100T,1,4,1,1,0,8,4,13,9,2023-07-16,Champions Tour 2023: Americas Last Chance Qualifier
232730,134552,SplitPICK,SEN,1,2,1,1,1,4,2,13,9,2023-07-16,Champions Tour 2023: Americas Last Chance Qualifier
232730,134552,SplitPICK,100T,1,4,1,2,0,4,0,10,6,2023-07-16,Champions Tour 2023: Americas Last Chance Qualifier
232730,134553,Bind,SEN,1,3,1,0,0,3,2,14,10,2023-07-16,Champions Tour 2023: Americas Last Chance Qualifier
232730,134553,Bind,100T,1,3,1,2,1,3,1,12,4,2023-07-16,Champions Tour 2023: Americas Last Chance Qualifier
232731,134554,SplitPICK,FUR,2,2,2,1,0,8,3,15,9,2023-07-16,Champions Tour 2023: Americas Last Chance Qualifier
232731,134554,SplitPICK,KRÜ,0,4,0,0,0,4,2,18,10,2023-07-16,Champions Tour 2023: Americas Last Chance Qualifier
232731,134555,AscentPICK,FUR,2,3,2,1,0,8,1,5,1,2023-07-16,Champions Tour 2023: Americas Last Chance Qualifier
232731,134555,AscentPICK,KRÜ,0,4,2,0,0,0,0,13,11,2023-07-16,Champions Tour 2023: Americas Last Chance Qualifier
232731,134556,Bind,FUR,0,5,1,1,1,4,1,15,8,2023-07-16,Champions Tour 2023: Americas Last Chance Qualifier
232731,134556,Bind,KRÜ,2,4,3,0,0,10,4,11,7,2023-07-16,Champions Tour 2023: Americas Last Chance Qualifier
232732,134557,PearlPICK,C9,2,2,2,1,0,5,5,13,6,2023-07-17,Champions Tour 2023: Americas Last Chance Qualifier
232732,134557,PearlPICK,SEN,0,3,0,2,0,4,2,12,6,2023-07-17,Champions Tour 2023: Americas Last Chance Qualifier
232732,134558,FracturePICK,C9,0,4,0,2,1,5,1,7,3,2023-07-17,Champions Tour 2023: Americas Last Chance Qualifier
232732,134558,FracturePICK,SEN,2,2,2,0,0,6,6,10,5,2023-07-17,Champions Tour 2023: Americas Last Chance Qualifier
232732,134559,Split,C9,2,2,2,2,1,9,5,8,5,2023-07-17,Champions Tour 2023: Americas Last Chance Qualifier
232732,134559,Split,SEN,0,4,0,2,2,4,2,11,4,2023-07-17,Champions Tour 2023: Americas Last Chance Qualifier
232733,134560,SplitPICK,LEV,1,2,1,1,0,9,3,6,1,2023-07-17,Champions Tour 2023: Americas Last Chance Qualifier
232733,134560,SplitPICK,KRÜ,1,3,1,1,0,3,3,11,9,2023-07-17,Champions Tour 2023: Americas Last Chance Qualifier
232733,134561,LotusPICK,LEV,0,3,0,2,1,6,2,9,4,2023-07-17,Champions Tour 2023: Americas Last Chance Qualifier
232733,134561,LotusPICK,KRÜ,2,2,2,0,0,5,3,13,8,2023-07-17,Champions Tour 2023: Americas Last Chance Qualifier
232734,134563,AscentPICK,C9,1,3,1,0,0,3,3,11,9,2023-07-18,Champions Tour 2023: Americas Last Chance Qualifier
232734,134563,AscentPICK,KRÜ,1,3,1,1,0,8,2,5,1,2023-07-18,Champions Tour 2023: Americas Last Chance Qualifier
232734,134564,PearlPICK,C9,1,3,1,3,0,5,1,6,2,2023-07-18,Champions Tour 2023: Americas Last Chance Qualifier
232734,134564,PearlPICK,KRÜ,1,3,1,0,0,3,2,11,10,2023-07-18,Champions Tour 2023: Americas Last Chance Qualifier
232734,134565,Haven,C9,2,2,2,1,0,7,2,9,2,2023-07-18,Champions Tour 2023: Americas Last Chance Qualifier
232734,134565,Haven,KRÜ,0,3,0,1,0,1,1,14,12,2023-07-18,Champions Tour 2023: Americas Last Chance Qualifier
232735,134566,SplitPICK,KRÜ,1,3,2,0,0,2,2,13,9,2023-07-23,Champions Tour 2023: Americas Last Chance Qualifier
232735,134566,SplitPICK,LEV,1,3,1,2,1,8,1,5,2,2023-07-23,Champions Tour 2023: Americas Last Chance Qualifier
232735,134567,PearlPICK,KRÜ,1,3,1,1,0,4,0,13,7,2023-07-23,Champions Tour 2023: Americas Last Chance Qualifier
232735,134567,PearlPICK,LEV,1,3,2,0,0,9,3,9,8,2023-07-23,Champions Tour 2023: Americas Last Chance Qualifier
232735,134568,AscentPICK,KRÜ,1,3,1,1,0,1,1,14,11,2023-07-23,Champions Tour 2023: Americas Last Chance Qualifier
232735,134568,AscentPICK,LEV,1,2,1,1,0,11,3,5,2,2023-07-23,Champions Tour 2023: Americas Last Chance Qualifier
232735,134569,LotusPICK,KRÜ,1,3,1,2,1,3,3,15,8,2023-07-23,Champions Tour 2023: Americas Last Chance Qualifier
232735,134569,LotusPICK,LEV,1,3,1,0,0,14,7,6,2,2023-07-23,Champions Tour 2023: Americas Last Chance Qualifier
232736,134571,FracturePICK,SEN,0,4,0,1,0,5,0,11,8,2023-07-18,Champions Tour 2023: Americas Last Chance Qualifier
232736,134571,FracturePICK,LEV,2,2,2,1,0,10,4,8,7,2023-07-18,Champions Tour 2023: Americas Last Chance Qualifier
232736,134572,SplitPICK,SEN,1,3,1,1,0,7,2,6,1,2023-07-18,Champions Tour 2023: Americas Last Chance Qualifier
232736,134572,SplitPICK,LEV,1,3,2,0,0,2,2,12,9,2023-07-18,Champions Tour 2023: Americas Last Chance Qualifier
232737,134574,LotusPICK,C9,2,2,2,0,0,6,4,12,7,2023-07-22,Champions Tour 2023: Americas Last Chance Qualifier
232737,134574,LotusPICK,LEV,0,4,0,0,0,10,4,6,3,2023-07-22,Champions Tour 2023: Americas Last Chance Qualifier
232737,134575,PearlPICK,C9,1,3,1,1,1,6,4,12,7,2023-07-22,Champions Tour 2023: Americas Last Chance Qualifier
232737,134575,PearlPICK,LEV,1,3,1,1,0,7,5,11,3,2023-07-22,Champions Tour 2023: Americas Last Chance Qualifier
232737,134576,SplitPICK,C9,1,3,1,3,0,6,4,12,6,2023-07-22,Champions Tour 2023: Americas Last Chance Qualifier
232737,134576,SplitPICK,LEV,1,3,1,1,0,4,2,16,10,2023-07-22,Champions Tour 2023: Americas Last Chance Qualifier
232737,134577,HavenPICK,C9,0,4,1,3,0,3,1,13,8,2023-07-22,Champions Tour 2023: Americas Last Chance Qualifier
232737,134577,HavenPICK,LEV,2,3,2,1,0,7,1,12,10,2023-07-22,Champions Tour 2023: Americas Last Chance Qualifier
232737,134578,Bind,C9,0,5,0,0,0,6,2,9,5,2023-07-22,Champions Tour 2023: Americas Last Chance Qualifier
232737,134578,Bind,LEV,2,2,2,0,0,5,3,13,8,2023-07-22,Champions Tour 2023: Americas Last Chance Qualifier
235363,135070,FracturePICK,TH,1,3,1,1,0,7,3,10,4,2023-07-19,Champions Tour 2023: EMEA Last Chance Qualifier
235363,135070,FracturePICK,MKOI,1,3,1,1,0,9,6,8,6,2023-07-19,Champions Tour 2023: EMEA Last Chance Qualifier
235363,135071,PearlPICK,TH,2,2,2,1,0,7,4,13,7,2023-07-19,Champions Tour 2023: EMEA Last Chance Qualifier
235363,135071,PearlPICK,MKOI,0,4,0,0,0,9,4,10,6,2023-07-19,Champions Tour 2023: EMEA Last Chance Qualifier
235363,135072,Haven,TH,0,4,0,1,1,6,3,8,2,2023-07-19,Champions Tour 2023: EMEA Last Chance Qualifier
235363,135072,Haven,MKOI,2,2,2,0,0,7,6,10,5,2023-07-19,Champions Tour 2023: EMEA Last Chance Qualifier
235364,135073,HavenPICK,BBL,0,3,0,2,0,9,5,12,9,2023-07-19,Champions Tour 2023: EMEA Last Chance Qualifier
235364,135073,HavenPICK,KC,2,2,2,2,0,7,3,15,7,2023-07-19,Champions Tour 2023: EMEA Last Chance Qualifier
235364,135074,LotusPICK,BBL,2,2,2,0,0,10,3,10,4,2023-07-19,Champions Tour 2023: EMEA Last Chance Qualifier
235364,135074,LotusPICK,KC,0,3,0,2,0,2,2,15,11,2023-07-19,Champions Tour 2023: EMEA Last Chance Qualifier
235364,135075,Bind,BBL,1,3,1,1,0,9,4,13,7,2023-07-19,Champions Tour 2023: EMEA Last Chance Qualifier
235364,135075,Bind,KC,1,3,1,0,0,7,3,16,10,2023-07-19,Champions Tour 2023: EMEA Last Chance Qualifier
235365,135076,SplitPICK,NAVI,0,4,0,1,0,7,4,7,2,2023-07-20,Champions Tour 2023: EMEA Last Chance Qualifier
235365,135076,SplitPICK,MKOI,2,2,2,1,1,8,5,8,5,2023-07-20,Champions Tour 2023: EMEA Last Chance Qualifier
235365,135077,LotusPICK,NAVI,0,4,0,0,0,7,2,5,1,2023-07-20,Champions Tour 2023: EMEA Last Chance Qualifier
235365,135077,LotusPICK,MKOI,2,2,2,0,0,9,7,5,4,2023-07-20,Champions Tour 2023: EMEA Last Chance Qualifier
235366,135079,PearlPICK,GIA,1,3,1,1,0,12,7,8,5,2023-07-20,Champions Tour 2023: EMEA Last Chance Qualifier
235366,135079,PearlPICK,KC,1,3,1,2,0,11,6,8,4,2023-07-20,Champions Tour 2023: EMEA Last Chance Qualifier
235366,135080,SplitPICK,GIA,2,2,2,1,0,5,3,10,8,2023-07-20,Champions Tour 2023: EMEA Last Chance Qualifier
235366,135080,SplitPICK,KC,0,4,0,1,0,7,4,6,1,2023-07-20,Champions Tour 2023: EMEA Last Chance Qualifier
235367,135082,HavenPICK,MKOI,1,3,1,0,0,12,6,11,5,2023-07-21,Champions Tour 2023: EMEA Last Chance Qualifier
235367,135082,HavenPICK,GIA,1,3,1,0,0,8,6,15,7,2023-07-21,Champions Tour 2023: EMEA Last Chance Qualifier
235367,135083,PearlPICK,MKOI,0,3,1,1,0,6,1,8,3,2023-07-21,Champions Tour 2023: EMEA Last Chance Qualifier
235367,135083,PearlPICK,GIA,2,2,2,1,0,4,3,11,8,2023-07-21,Champions Tour 2023: EMEA Last Chance Qualifier
235368,135085,BindPICK,GIA,1,3,1,3,1,4,3,14,8,2023-07-23,Champions Tour 2023: EMEA Last Chance Qualifier
235368,135085,BindPICK,NAVI,1,3,1,1,0,9,6,11,4,2023-07-23,Champions Tour 2023: EMEA Last Chance Qualifier
235368,135086,LotusPICK,GIA,1,3,1,1,1,5,4,11,7,2023-07-23,Champions Tour 2023: EMEA Last Chance Qualifier
235368,135086,LotusPICK,NAVI,1,3,2,3,0,5,3,9,2,2023-07-23,Champions Tour 2023: EMEA Last Chance Qualifier
235368,135087,HavenPICK,GIA,1,3,2,1,0,5,4,13,7,2023-07-23,Champions Tour 2023: EMEA Last Chance Qualifier
235368,135087,HavenPICK,NAVI,1,3,1,1,0,6,1,12,7,2023-07-23,Champions Tour 2023: EMEA Last Chance Qualifier
235371,135096,LotusPICK,NAVI,1,3,2,0,0,4,4,12,7,2023-07-21,Champions Tour 2023: EMEA Last Chance Qualifier
235371,135096,LotusPICK,KC,1,3,1,1,0,9,3,6,2,2023-07-21,Champions Tour 2023: EMEA Last Chance Qualifier
235371,135097,AscentPICK,NAVI,0,4,0,2,1,7,4,7,2,2023-07-21,Champions Tour 2023: EMEA Last Chance Qualifier
235371,135097,AscentPICK,KC,2,2,2,1,0,6,4,11,7,2023-07-21,Champions Tour 2023: EMEA Last Chance Qualifier
235371,135098,Pearl,NAVI,1,3,1,1,1,7,5,9,6,2023-07-21,Champions Tour 2023: EMEA Last Chance Qualifier
235371,135098,Pearl,KC,1,2,1,2,1,9,3,7,2,2023-07-21,Champions Tour 2023: EMEA Last Chance Qualifier
235372,135099,SplitPICK,MKOI,1,3,1,2,1,8,4,13,6,2023-07-22,Champions Tour 2023: EMEA Last Chance Qualifier
235372,135099,SplitPICK,NAVI,1,3,1,0,0,7,5,16,8,2023-07-22,Champions Tour 2023: EMEA Last Chance Qualifier
235372,135100,PearlPICK,MKOI,1,3,1,2,0,6,3,12,6,2023-07-22,Champions Tour 2023: EMEA Last Chance Qualifier
235372,135100,PearlPICK,NAVI,1,3,1,1,0,4,1,15,11,2023-07-22,Champions Tour 2023: EMEA Last Chance Qualifier
235372,135101,FracturePICK,MKOI,0,4,0,1,0,4,3,13,6,2023-07-22,Champions Tour 2023: EMEA Last Chance Qualifier
235372,135101,FracturePICK,NAVI,2,2,2,1,0,6,3,13,8,2023-07-22,Champions Tour 2023: EMEA Last Chance Qualifier
237266,135648,FracturePICK,TLN,2,2,2,1,0,6,5,11,6,2023-07-18,Champions Tour 2023: Pacific Last Chance Qualifier
237266,135648,FracturePICK,DFM,0,4,0,1,1,4,1,11,5,2023-07-18,Champions Tour 2023: Pacific Last Chance Qualifier
237266,135649,AscentPICK,TLN,1,3,1,0,0,5,4,13,8,2023-07-18,Champions Tour 2023: Pacific Last Chance Qualifier
237266,135649,AscentPICK,DFM,1,2,1,1,0,7,2,11,5,2023-07-18,Champions Tour 2023: Pacific Last Chance Qualifier
237267,135651,SplitPICK,RRQ,2,3,2,0,0,9,5,11,6,2023-07-19,Champions Tour 2023: Pacific Last Chance Qualifier
237267,135651,SplitPICK,GE,0,3,0,1,1,8,3,11,6,2023-07-19,Champions Tour 2023: Pacific Last Chance Qualifier
237267,135652,AscentPICK,RRQ,0,4,0,1,1,4,3,14,9,2023-07-19,Champions Tour 2023: Pacific Last Chance Qualifier
237267,135652,AscentPICK,GE,2,3,2,1,0,8,5,11,3,2023-07-19,Champions Tour 2023: Pacific Last Chance Qualifier
237268,135654,PearlPICK,GEN,1,3,1,1,0,10,5,10,5,2023-07-19,Champions Tour 2023: Pacific Last Chance Qualifier
237268,135654,PearlPICK,TLN,1,3,1,1,0,3,3,17,9,2023-07-19,Champions Tour 2023: Pacific Last Chance Qualifier
237268,135655,SplitPICK,GEN,1,4,1,0,0,7,4,12,8,2023-07-19,Champions Tour 2023: Pacific Last Chance Qualifier
237268,135655,SplitPICK,TLN,1,3,2,2,0,5,2,13,6,2023-07-19,Champions Tour 2023: Pacific Last Chance Qualifier
237268,135656,Haven,GEN,2,3,3,0,0,12,6,13,6,2023-07-19,Champions Tour 2023: Pacific Last Chance Qualifier
237268,135656,Haven,TLN,0,3,0,3,1,5,1,17,11,2023-07-19,Champions Tour 2023: Pacific Last Chance Qualifier
237269,135657,HavenPICK,ZETA,0,3,0,1,0,4,1,7,1,2023-07-20,Champions Tour 2023: Pacific Last Chance Qualifier
237269,135657,HavenPICK,RRQ,2,2,2,0,0,3,3,10,8,2023-07-20,Champions Tour 2023: Pacific Last Chance Qualifier
237269,135658,SplitPICK,ZETA,1,2,1,2,0,4,4,13,8,2023-07-20,Champions Tour 2023: Pacific Last Chance Qualifier
237269,135658,SplitPICK,RRQ,1,3,1,1,0,10,4,7,3,2023-07-20,Champions Tour 2023: Pacific Last Chance Qualifier
237269,135659,Ascent,ZETA,1,3,1,3,2,4,2,30,16,2023-07-20,Champions Tour 2023: Pacific Last Chance Qualifier
237269,135659,Ascent,RRQ,1,3,1,0,0,13,6,24,12,2023-07-20,Champions Tour 2023: Pacific Last Chance Qualifier
237270,135660,HavenPICK,TS,1,3,1,0,0,3,2,13,10,2023-07-20,Champions Tour 2023: Pacific Last Chance Qualifier
237270,135660,HavenPICK,GEN,1,3,1,2,0,10,5,4,0,2023-07-20,Champions Tour 2023: Pacific Last Chance Qualifier
237270,135661,AscentPICK,TS,2,2,2,1,1,7,4,11,6,2023-07-20,Champions Tour 2023: Pacific Last Chance Qualifier
237270,135661,AscentPICK,GEN,0,4,1,1,0,9,3,7,4,2023-07-20,Champions Tour 2023: Pacific Last Chance Qualifier
237271,135663,LotusPICK,ZETA,1,3,1,1,1,4,3,14,8,2023-07-21,Champions Tour 2023: Pacific Last Chance Qualifier
237271,135663,LotusPICK,TS,1,3,1,3,0,3,2,13,6,2023-07-21,Champions Tour 2023: Pacific Last Chance Qualifier
237271,135664,FracturePICK,ZETA,1,3,1,1,1,3,2,13,9,2023-07-21,Champions Tour 2023: Pacific Last Chance Qualifier
237271,135664,FracturePICK,TS,1,3,1,2,1,6,4,9,1,2023-07-21,Champions Tour 2023: Pacific Last Chance Qualifier
237272,135666,HavenPICK,RRQ,0,4,0,2,0,10,4,3,2,2023-07-21,Champions Tour 2023: Pacific Last Chance Qualifier
237272,135666,HavenPICK,GEN,2,2,2,0,0,4,4,13,7,2023-07-21,Champions Tour 2023: Pacific Last Chance Qualifier
237272,135667,LotusPICK,RRQ,2,2,2,0,0,6,5,7,6,2023-07-21,Champions Tour 2023: Pacific Last Chance Qualifier
237272,135667,LotusPICK,GEN,0,3,0,0,0,10,1,2,1,2023-07-21,Champions Tour 2023: Pacific Last Chance Qualifier
237272,135668,Ascent,RRQ,0,3,0,2,1,5,2,10,4,2023-07-21,Champions Tour 2023: Pacific Last Chance Qualifier
237272,135668,Ascent,GEN,2,3,2,1,1,6,4,10,6,2023-07-21,Champions Tour 2023: Pacific Last Chance Qualifier
237273,135669,HavenPICK,TS,1,3,1,2,0,4,3,14,6,2023-07-22,Champions Tour 2023: Pacific Last Chance Qualifier
237273,135669,HavenPICK,GEN,1,3,1,1,0,7,5,12,7,2023-07-22,Champions Tour 2023: Pacific Last Chance Qualifier
237273,135670,PearlPICK,TS,2,2,2,0,0,8,4,14,7,2023-07-22,Champions Tour 2023: Pacific Last Chance Qualifier
237273,135670,PearlPICK,GEN,0,4,0,1,1,6,1,13,9,2023-07-22,Champions Tour 2023: Pacific Last Chance Qualifier
237273,135671,AscentPICK,TS,2,2,2,0,0,4,4,9,7,2023-07-22,Champions Tour 2023: Pacific Last Chance Qualifier
237273,135671,AscentPICK,GEN,0,3,0,1,0,8,2,3,0,2023-07-22,Champions Tour 2023: Pacific Last Chance Qualifier
237273,135672,LotusPICK,TS,1,3,2,0,0,3,1,13,10,2023-07-22,Champions Tour 2023: Pacific Last Chance Qualifier
237273,135672,LotusPICK,GEN,1,3,1,1,0,9,2,6,3,2023-07-22,Champions Tour 2023: Pacific Last Chance Qualifier
237274,135674,FracturePICK,ZETA,1,3,2,0,0,3,1,20,11,2023-07-23,Champions Tour 2023: Pacific Last Chance Qualifier
237274,135674,FracturePICK,TS,1,3,1,1,0,7,2,15,9,2023-07-23,Champions Tour 2023: Pacific Last Chance Qualifier
237274,135675,AscentPICK,ZETA,0,4,0,0,0,7,2,11,7,2023-07-23,Champions Tour 2023: Pacific Last Chance Qualifier
237274,135675,AscentPICK,TS,2,2,2,1,0,7,4,12,7,2023-07-23,Champions Tour 2023: Pacific Last Chance Qualifier
237274,135676,SplitPICK,ZETA,1,4,1,0,0,3,3,13,9,2023-07-23,Champions Tour 2023: Pacific Last Chance Qualifier
237274,135676,SplitPICK,TS,1,3,1,0,0,5,1,12,5,2023-07-23,Champions Tour 2023: Pacific Last Chance Qualifier
237274,135677,LotusPICK,ZETA,2,2,2,0,0,5,4,12,7,2023-07-23,Champions Tour 2023: Pacific Last Chance Qualifier
237274,135677,LotusPICK,TS,0,4,0,2,0,2,0,11,6,2023-07-23,Champions Tour 2023: Pacific Last Chance Qualifier
247075,137350,SplitPICK,PRX,0,4,0,0,0,3,3,13,10,2023-08-09,Valorant Champions 2023
247075,137350,SplitPICK,KRÜ,2,2,2,3,0,4,2,11,3,2023-08-09,Valorant Champions 2023
247075,137351,PearlPICK,PRX,1,3,1,0,0,3,3,15,9,2023-08-09,Valorant Champions 2023
247075,137351,PearlPICK,KRÜ,1,3,1,2,0,5,1,11,6,2023-08-09,Valorant Champions 2023
247076,137353,SplitPICK,EDG,1,3,1,3,0,4,3,18,9,2023-08-09,Valorant Champions 2023
247076,137353,SplitPICK,GIA,1,3,1,0,0,8,4,17,10,2023-08-09,Valorant Champions 2023
247076,137354,BindPICK,EDG,1,3,1,2,1,4,2,15,9,2023-08-09,Valorant Champions 2023
247076,137354,BindPICK,GIA,1,3,1,2,0,9,5,10,5,2023-08-09,Valorant Champions 2023
247076,137355,Ascent,EDG,1,3,1,0,0,5,5,13,7,2023-08-09,Valorant Champions 2023
247076,137355,Ascent,GIA,1,3,1,2,1,8,2,8,4,2023-08-09,Valorant Champions 2023
247077,137356,FracturePICK,PRX,2,2,2,0,0,8,8,10,3,2023-08-10,Valorant Champions 2023
247077,137356,FracturePICK,EDG,0,4,0,1,0,6,3,9,4,2023-08-10,Valorant Champions 2023
247077,137357,PearlPICK,PRX,0,4,0,1,0,3,3,22,13,2023-08-10,Valorant Champions 2023
247077,137357,PearlPICK,EDG,2,2,2,1,1,10,4,17,7,2023-08-10,Valorant Champions 2023
247078,137359,LotusPICK,KRÜ,0,4,0,1,0,2,1,16,9,2023-08-11,Valorant Champions 2023
247078,137359,LotusPICK,GIA,2,2,2,1,1,10,6,10,4,2023-08-11,Valorant Champions 2023
247078,137360,PearlPICK,KRÜ,2,2,2,1,0,7,3,16,7,2023-08-11,Valorant Champions 2023
247078,137360,PearlPICK,GIA,0,4,0,0,0,9,4,13,10,2023-08-11,Valorant Champions 2023
247079,137362,SplitPICK,EDG,2,2,2,0,0,6,5,11,6,2023-08-13,Valorant Champions 2023
247079,137362,SplitPICK,GIA,0,4,0,1,0,7,2,7,4,2023-08-13,Valorant Champions 2023
247079,137363,FracturePICK,EDG,2,2,2,1,0,6,3,11,8,2023-08-13,Valorant Champions 2023
247079,137363,FracturePICK,GIA,0,4,1,2,0,7,3,7,3,2023-08-13,Valorant Champions 2023
247086,137365,AscentPICK,EG,1,3,1,0,0,4,2,14,10,2023-08-07,Valorant Champions 2023
247086,137365,AscentPICK,FPX,1,3,1,2,0,8,4,8,3,2023-08-07,Valorant Champions 2023
247086,137366,PearlPICK,EG,2,2,2,2,0,4,2,13,9,2023-08-07,Valorant Champions 2023
247086,137366,PearlPICK,FPX,0,4,0,0,0,6,3,11,5,2023-08-07,Valorant Champions 2023
247087,137368,PearlPICK,FUT,2,2,2,0,0,5,3,10,8,2023-08-07,Valorant Champions 2023
247087,137368,PearlPICK,T1,0,4,0,2,1,4,1,7,2,2023-08-07,Valorant Champions 2023
247087,137369,HavenPICK,FUT,2,2,2,0,0,4,2,14,9,2023-08-07,Valorant Champions 2023
247087,137369,HavenPICK,T1,0,3,0,1,0,10,4,6,3,2023-08-07,Valorant Champions 2023
247088,137371,PearlPICK,EG,1,3,1,3,0,3,3,19,11,2023-08-08,Valorant Champions 2023
247088,137371,PearlPICK,FUT,1,3,1,3,0,3,2,19,10,2023-08-08,Valorant Champions 2023
247088,137372,BindPICK,EG,1,2,1,1,1,6,4,13,7,2023-08-08,Valorant Champions 2023
247088,137372,BindPICK,FUT,1,4,1,1,0,5,1,12,7,2023-08-08,Valorant Champions 2023
247089,137374,LotusPICK,FPX,1,3,1,1,0,8,3,11,6,2023-08-10,Valorant Champions 2023
247089,137374,LotusPICK,T1,1,3,1,1,0,6,3,13,9,2023-08-10,Valorant Champions 2023
247089,137375,BindPICK,FPX,0,4,1,2,1,3,1,11,4,2023-08-10,Valorant Champions 2023
247089,137375,BindPICK,T1,2,3,2,0,0,6,3,11,8,2023-08-10,Valorant Champions 2023
247090,137377,BindPICK,FUT,1,3,1,2,2,4,2,14,8,2023-08-12,Valorant Champions 2023
247090,137377,BindPICK,T1,1,3,1,0,0,4,2,16,7,2023-08-12,Valorant Champions 2023
247090,137378,PearlPICK,FUT,0,4,0,1,0,1,1,20,13,2023-08-12,Valorant Champions 2023
247090,137378,PearlPICK,T1,2,2,2,0,0,12,4,12,6,2023-08-12,Valorant Champions 2023
247093,137380,FracturePICK,FNC,2,2,2,0,0,4,3,12,8,2023-08-08,Valorant Champions 2023
247093,137380,FracturePICK,ZETA,0,4,0,2,0,2,0,10,5,2023-08-08,Valorant Champions 2023
247093,137381,HavenPICK,FNC,2,2,2,0,0,8,6,9,5,2023-08-08,Valorant Champions 2023
247093,137381,HavenPICK,ZETA,0,3,0,2,1,7,3,7,2,2023-08-08,Valorant Champions 2023
247094,137383,LotusPICK,NRG,2,2,2,1,0,5,3,18,7,2023-08-08,Valorant Champions 2023
247094,137383,LotusPICK,BLG,0,4,0,0,0,8,6,14,8,2023-08-08,Valorant Champions 2023
247094,137384,SplitPICK,NRG,1,3,1,2,0,8,6,8,1,2023-08-08,Valorant Champions 2023
247094,137384,SplitPICK,BLG,1,3,2,0,0,5,3,13,8,2023-08-08,Valorant Champions 2023
247095,137386,HavenPICK,FNC,2,2,2,0,0,6,5,7,6,2023-08-09,Valorant Champions 2023
247095,137386,HavenPICK,BLG,0,4,0,1,0,8,2,2,0,2023-08-09,Valorant Champions 2023
247095,137387,LotusPICK,FNC,1,2,1,1,0,11,6,7,6,2023-08-09,Valorant Champions 2023
247095,137387,LotusPICK,BLG,1,3,1,1,0,7,3,10,4,2023-08-09,Valorant Champions 2023
247096,137390,HavenPICK,ZETA,0,3,0,1,0,4,1,6,0,2023-08-11,Valorant Champions 2023
247096,137390,HavenPICK,NRG,2,2,2,0,0,3,3,9,8,2023-08-11,Valorant Champions 2023
247098,137392,BindPICK,BLG,1,3,1,0,0,8,4,12,8,2023-08-13,Valorant Champions 2023
247098,137392,BindPICK,NRG,1,2,1,4,0,4,2,13,7,2023-08-13,Valorant Champions 2023
247098,137393,AscentPICK,BLG,2,2,2,0,0,7,5,9,6,2023-08-13,Valorant Champions 2023
247098,137393,AscentPICK,NRG,0,4,0,1,0,4,1,9,4,2023-08-13,Valorant Champions 2023
247100,137395,FracturePICK,TL,2,2,2,2,0,8,4,12,5,2023-08-06,Valorant Champions 2023
247100,137395,FracturePICK,NAVI,0,4,0,1,0,4,3,15,10,2023-08-06,Valorant Champions 2023
247100,137396,BindPICK,TL,1,3,2,2,0,6,3,21,10,2023-08-06,Valorant Champions 2023
247100,137396,BindPICK,NAVI,1,3,1,0,0,7,4,22,12,2023-08-06,Valorant Champions 2023
247101,137398,LotusPICK,KRX,0,4,0,2,1,7,3,15,9,2023-08-06,Valorant Champions 2023
247101,137398,LotusPICK,LOUD,2,2,2,1,0,8,3,17,10,2023-08-06,Valorant Champions 2023
247101,137399,SplitPICK,KRX,2,2,2,2,1,6,3,9,7,2023-08-06,Valorant Champions 2023
247101,137399,SplitPICK,LOUD,0,4,1,0,0,7,3,8,2,2023-08-06,Valorant Champions 2023
247101,137400,Ascent,KRX,1,4,1,1,1,6,3,10,8,2023-08-06,Valorant Champions 2023
247101,137400,Ascent,LOUD,1,3,2,1,0,9,4,8,2,2023-08-06,Valorant Champions 2023
247102,137401,BindPICK,NAVI,1,3,1,0,0,7,3,18,9,2023-08-07,Valorant Champions 2023
247102,137401,BindPICK,KRX,1,3,1,0,0,10,4,15,10,2023-08-07,Valorant Champions 2023
247102,137402,SplitPICK,NAVI,2,2,2,0,0,6,3,14,8,2023-08-07,Valorant Champions 2023
247102,137402,SplitPICK,KRX,0,4,0,1,0,6,4,11,5,2023-08-07,Valorant Champions 2023
247102,137403,Lotus,NAVI,0,4,0,0,0,6,5,16,7,2023-08-07,Valorant Champions 2023
247102,137403,Lotus,KRX,2,2,2,2,1,14,5,8,6,2023-08-07,Valorant Champions 2023
247103,137404,HavenPICK,TL,0,3,0,1,0,6,2,5,0,2023-08-10,Valorant Champions 2023
247103,137404,HavenPICK,LOUD,2,2,2,0,0,4,4,9,7,2023-08-10,Valorant Champions 2023
247103,137405,SplitPICK,TL,1,3,1,2,1,6,1,10,5,2023-08-10,Valorant Champions 2023
247103,137405,SplitPICK,LOUD,1,3,1,0,0,6,5,12,7,2023-08-10,Valorant Champions 2023
247104,137407,PearlPICK,NAVI,1,2,1,1,0,11,8,10,4,2023-08-12,Valorant Champions 2023
247104,137407,PearlPICK,LOUD,1,3,2,1,0,11,3,9,6,2023-08-12,Valorant Champions 2023
247104,137408,AscentPICK,NAVI,1,3,2,0,0,10,5,11,4,2023-08-12,Valorant Champions 2023
247104,137408,AscentPICK,LOUD,1,3,1,2,1,5,2,14,9,2023-08-12,Valorant Champions 2023
247104,137409,Bind,NAVI,0,4,0,0,0,5,3,15,8,2023-08-12,Valorant Champions 2023
247104,137409,Bind,LOUD,2,2,2,0,0,10,6,12,5,2023-08-12,Valorant Champions 2023
248270,137618,AscentPICK,FNC,0,4,0,0,0,4,1,16,10,2023-08-16,Valorant Champions 2023
248270,137618,AscentPICK,LOUD,2,2,2,1,0,9,5,12,6,2023-08-16,Valorant Champions 2023
248270,137619,LotusPICK,FNC,1,3,1,1,0,8,1,7,4,2023-08-16,Valorant Champions 2023
248270,137619,LotusPICK,LOUD,1,3,1,0,0,5,5,11,7,2023-08-16,Valorant Champions 2023
248271,137621,AscentPICK,PRX,2,2,2,1,0,8,2,12,9,2023-08-16,Valorant Champions 2023
248271,137621,AscentPICK,FUT,0,4,1,4,0,1,0,14,9,2023-08-16,Valorant Champions 2023
248271,137622,PearlPICK,PRX,2,3,2,0,0,4,2,10,9,2023-08-16,Valorant Champions 2023
248271,137622,PearlPICK,FUT,0,3,0,3,1,3,2,8,1,2023-08-16,Valorant Champions 2023
248272,137624,LotusPICK,KRX,1,3,1,1,0,8,3,11,9,2023-08-17,Valorant Champions 2023
248272,137624,LotusPICK,BLG,1,3,1,0,0,8,2,12,7,2023-08-17,Valorant Champions 2023
248272,137625,HavenPICK,KRX,1,3,1,0,0,4,4,15,8,2023-08-17,Valorant Champions 2023
248272,137625,HavenPICK,BLG,1,3,1,2,1,8,2,9,5,2023-08-17,Valorant Champions 2023
248273,137627,SplitPICK,EG,1,3,1,2,1,4,2,17,8,2023-08-17,Valorant Champions 2023
248273,137627,SplitPICK,EDG,1,3,1,2,1,5,3,16,9,2023-08-17,Valorant Champions 2023
248273,137628,AscentPICK,EG,1,3,1,1,1,3,1,11,10,2023-08-17,Valorant Champions 2023
248273,137628,AscentPICK,EDG,1,3,1,1,0,8,2,6,2,2023-08-17,Valorant Champions 2023
248273,137629,Pearl,EG,1,3,2,0,0,4,3,11,8,2023-08-17,Valorant Champions 2023
248273,137629,Pearl,EDG,1,3,1,3,1,6,2,6,1,2023-08-17,Valorant Champions 2023
248274,137630,LotusPICK,LOUD,1,3,1,1,1,9,4,15,7,2023-08-19,Valorant Champions 2023
248274,137630,LotusPICK,PRX,1,3,1,3,2,8,3,14,9,2023-08-19,Valorant Champions 2023
248274,137631,SplitPICK,LOUD,2,2,2,0,0,4,4,9,7,2023-08-19,Valorant Champions 2023
248274,137631,SplitPICK,PRX,0,3,0,2,0,4,1,6,1,2023-08-19,Valorant Champions 2023
248274,137632,Pearl,LOUD,1,3,1,1,1,7,3,12,5,2023-08-19,Valorant Champions 2023
248274,137632,Pearl,PRX,1,2,1,0,0,9,4,12,8,2023-08-19,Valorant Champions 2023
248275,137633,FracturePICK,KRX,1,3,1,3,1,9,4,7,3,2023-08-19,Valorant Champions 2023
248275,137633,FracturePICK,EG,1,3,1,0,0,4,2,15,10,2023-08-19,Valorant Champions 2023
248275,137634,LotusPICK,KRX,0,3,0,2,0,8,4,4,0,2023-08-19,Valorant Champions 2023
248275,137634,LotusPICK,EG,2,3,2,0,0,3,1,11,10,2023-08-19,Valorant Champions 2023
248276,137636,AscentPICK,PRX,1,3,1,0,0,10,5,10,4,2023-08-24,Valorant Champions 2023
248276,137636,AscentPICK,EG,1,4,1,0,0,6,4,13,8,2023-08-24,Valorant Champions 2023
248276,137637,BindPICK,PRX,0,4,0,0,0,3,2,15,11,2023-08-24,Valorant Champions 2023
248276,137637,BindPICK,EG,2,2,2,2,0,7,3,11,4,2023-08-24,Valorant Champions 2023
248276,137638,Pearl,PRX,0,3,0,2,0,8,5,15,10,2023-08-24,Valorant Champions 2023
248276,137638,Pearl,EG,2,3,2,2,1,6,4,17,6,2023-08-24,Valorant Champions 2023
248277,137639,SplitPICK,PRX,0,4,0,1,0,9,3,9,7,2023-08-26,Valorant Champions 2023
248277,137639,SplitPICK,EG,2,2,2,1,0,8,4,12,7,2023-08-26,Valorant Champions 2023
248277,137640,AscentPICK,PRX,1,3,1,1,0,5,4,15,8,2023-08-26,Valorant Champions 2023
248277,137640,AscentPICK,EG,1,3,1,2,0,5,3,14,7,2023-08-26,Valorant Champions 2023
248277,137641,BindPICK,PRX,1,3,1,2,1,7,2,6,1,2023-08-26,Valorant Champions 2023
248277,137641,BindPICK,EG,1,3,1,0,0,4,3,11,9,2023-08-26,Valorant Champions 2023
248277,137642,LotusPICK,PRX,1,3,1,2,1,7,4,11,4,2023-08-26,Valorant Champions 2023
248277,137642,LotusPICK,EG,1,3,1,1,1,7,6,12,5,2023-08-26,Valorant Champions 2023
248278,137644,SplitPICK,FNC,2,2,2,1,0,4,4,11,7,2023-08-18,Valorant Champions 2023
248278,137644,SplitPICK,FUT,0,3,0,1,0,3,1,11,4,2023-08-18,Valorant Champions 2023
248278,137645,HavenPICK,FNC,2,2,2,0,0,7,4,13,7,2023-08-18,Valorant Champions 2023
248278,137645,HavenPICK,FUT,0,4,0,3,1,2,0,13,8,2023-08-18,Valorant Champions 2023
248279,137647,BindPICK,BLG,1,3,1,0,0,12,3,2,0,2023-08-18,Valorant Champions 2023
248279,137647,BindPICK,EDG,1,3,1,0,0,3,2,11,10,2023-08-18,Valorant Champions 2023
248279,137648,SplitPICK,BLG,1,3,1,1,0,7,4,17,10,2023-08-18,Valorant Champions 2023
248279,137648,SplitPICK,EDG,1,3,1,2,1,7,3,16,8,2023-08-18,Valorant Champions 2023
248279,137649,Haven,BLG,1,3,1,0,0,9,4,11,5,2023-08-18,Valorant Champions 2023
248279,137649,Haven,EDG,1,3,1,1,0,6,5,13,7,2023-08-18,Valorant Champions 2023
248280,137650,BindPICK,KRX,2,2,2,0,0,3,2,9,9,2023-08-20,Valorant Champions 2023
248280,137650,BindPICK,FNC,0,3,0,0,0,4,1,7,0,2023-08-20,Valorant Champions 2023
248280,137651,HavenPICK,KRX,1,3,1,0,0,9,3,10,5,2023-08-20,Valorant Champions 2023
248280,137651,HavenPICK,FNC,1,3,1,0,0,10,5,9,7,2023-08-20,Valorant Champions 2023
248280,137652,Split,KRX,1,3,1,1,1,9,3,6,1,2023-08-20,Valorant Champions 2023
248280,137652,Split,FNC,1,3,1,0,0,3,3,13,9,2023-08-20,Valorant Champions 2023
248281,137653,BindPICK,LOUD,1,3,1,2,1,7,2,12,7,2023-08-20,Valorant Champions 2023
248281,137653,BindPICK,EDG,1,3,2,1,0,7,5,13,6,2023-08-20,Valorant Champions 2023
248281,137654,AscentPICK,LOUD,1,3,1,0,0,1,1,14,11,2023-08-20,Valorant Champions 2023
248281,137654,AscentPICK,EDG,1,3,1,1,0,10,3,4,1,2023-08-20,Valorant Champions 2023
248281,137655,Haven,LOUD,2,2,2,1,0,6,4,15,7,2023-08-20,Valorant Champions 2023
248281,137655,Haven,EDG,0,4,0,0,0,6,2,14,9,2023-08-20,Valorant Champions 2023
248282,137656,SplitPICK,FNC,0,3,0,1,0,7,3,6,1,2023-08-24,Valorant Champions 2023
248282,137656,SplitPICK,LOUD,2,2,2,1,0,6,6,8,5,2023-08-24,Valorant Champions 2023
248282,137657,AscentPICK,FNC,1,3,1,0,0,6,4,13,8,2023-08-24,Valorant Champions 2023
248282,137657,AscentPICK,LOUD,1,3,1,2,0,6,3,11,5,2023-08-24,Valorant Champions 2023
248282,137658,Haven,FNC,1,2,1,3,0,13,6,2,0,2023-08-24,Valorant Champions 2023
248282,137658,Haven,LOUD,1,3,1,0,0,3,2,14,10,2023-08-24,Valorant Champions 2023
248283,137659,AscentPICK,EG,1,4,1,2,1,4,1,16,11,2023-08-25,Valorant Champions 2023
248283,137659,AscentPICK,LOUD,1,3,1,1,0,5,3,17,8,2023-08-25,Valorant Champions 2023
248283,137660,LotusPICK,EG,2,3,2,1,1,4,2,9,8,2023-08-25,Valorant Champions 2023
248283,137660,LotusPICK,LOUD,0,3,0,2,0,7,4,5,0,2023-08-25,Valorant Champions 2023
248283,137661,PearlPICK,EG,1,3,1,1,0,8,3,9,4,2023-08-25,Valorant Champions 2023
248283,137661,PearlPICK,LOUD,1,3,1,2,1,5,4,11,7,2023-08-25,Valorant Champions 2023
248283,137662,SplitPICK,EG,0,3,1,3,1,6,3,8,2,2023-08-25,Valorant Champions 2023
248283,137662,SplitPICK,LOUD,2,3,2,2,1,6,3,9,7,2023-08-25,Valorant Champions 2023
248283,137663,Bind,EG,1,3,2,0,0,4,3,14,8,2023-08-25,Valorant Champions 2023
248283,137663,Bind,LOUD,1,3,1,2,0,6,4,10,3,2023-08-25,Valorant Champions 2023
278589,143487,Breeze,KRX,2,2,2,2,1,5,3,17,6,2023-10-07,TEN Global Invitational 2023
278589,143487,Breeze,EDG,0,4,1,0,0,8,5,14,8,2023-10-07,TEN Global Invitational 2023
278590,143488,Sunset,T1,1,3,1,1,0,5,2,14,10,2023-10-07,TEN Global Invitational 2023
278590,143488,Sunset,C9,1,3,1,0,0,8,3,12,6,2023-10-07,TEN Global Invitational 2023
278593,143489,Haven,T1,0,4,1,2,0,4,2,12,6,2023-10-07,TEN Global Invitational 2023
278593,143489,Haven,EDG,2,2,2,2,0,5,3,13,8,2023-10-07,TEN Global Invitational 2023
278594,143490,Lotus,KRX,0,4,1,1,0,4,2,15,8,2023-10-07,TEN Global Invitational 2023
278594,143490,Lotus,C9,2,3,2,1,0,9,4,11,7,2023-10-07,TEN Global Invitational 2023
278595,143491,Lotus,KRX,2,2,2,0,0,4,2,14,9,2023-10-07,TEN Global Invitational 2023
278595,143491,Lotus,T1,0,3,0,2,0,4,2,11,5,2023-10-07,TEN Global Invitational 2023
278596,143492,Sunset,C9,0,3,0,0,0,10,4,11,9,2023-10-07,TEN Global Invitational 2023
278596,143492,Sunset,EDG,2,2,2,0,0,7,4,15,5,2023-10-07,TEN Global Invitational 2023
278614,143493,Split,KRX,1,2,1,1,0,8,6,11,6,2023-10-08,TEN Global Invitational 2023
278614,143493,Split,T1,1,3,1,1,0,6,2,12,6,2023-10-08,TEN Global Invitational 2023
278615,143494,LotusPICK,EDG,1,3,1,0,0,11,3,16,12,2023-10-08,TEN Global Invitational 2023
278615,143494,LotusPICK,KRX,1,3,1,1,0,10,6,16,7,2023-10-08,TEN Global Invitational 2023
278615,143495,BreezePICK,EDG,0,3,0,2,1,10,5,7,3,2023-10-08,TEN Global Invitational 2023
278615,143495,BreezePICK,KRX,2,2,2,0,0,6,5,14,6,2023-10-08,TEN Global Invitational 2023
278615,143496,Split,EDG,1,3,1,0,0,12,2,2,1,2023-10-08,TEN Global Invitational 2023
278615,143496,Split,KRX,1,3,1,0,0,3,3,11,9,2023-10-08,TEN Global Invitational 2023
278616,143497,SplitPICK,C9,2,2,2,2,0,11,7,11,3,2023-10-08,TEN Global Invitational 2023
278616,143497,SplitPICK,KRX,0,4,0,0,0,1,0,21,14,2023-10-08,TEN Global Invitational 2023
278616,143498,AscentPICK,C9,2,2,2,0,0,5,5,8,6,2023-10-08,TEN Global Invitational 2023
278616,143498,AscentPICK,KRX,0,3,0,3,1,5,1,4,0,2023-10-08,TEN Global Invitational 2023
278616,143499,Lotus,C9,2,2,2,2,0,10,4,8,7,2023-10-08,TEN Global Invitational 2023
278616,143499,Lotus,KRX,0,4,1,1,0,6,1,11,7,2023-10-08,TEN Global Invitational 2023
279601,144297,Ascent,FUT,2,2,2,1,1,5,3,11,7,2023-10-14,Red Bull Home Ground #4
279601,144297,Ascent,TH,0,5,0,0,0,5,2,9,4,2023-10-14,Red Bull Home Ground #4
283088,147359,Haven,C9,0,3,0,0,0,8,5,13,6,2023-11-02,Red Bull Home Ground #4
283088,147359,Haven,ZETA,2,3,2,2,1,5,3,14,7,2023-11-02,Red Bull Home Ground #4
283089,147360,Haven,FUT,2,2,2,0,0,3,3,11,8,2023-11-03,Red Bull Home Ground #4
283089,147360,Haven,100T,0,3,0,3,2,4,0,6,1,2023-11-03,Red Bull Home Ground #4
283093,147364,Lotus,FNC,1,2,1,1,0,5,4,10,8,2023-11-03,Red Bull Home Ground #4
283093,147364,Lotus,ZETA,1,3,1,0,0,8,3,7,1,2023-11-03,Red Bull Home Ground #4
283095,147366,Split,KRX,1,3,1,2,0,2,1,14,6,2023-11-03,Red Bull Home Ground #4
283095,147366,Split,FUT,1,3,1,1,0,5,3,12,9,2023-11-03,Red Bull Home Ground #4
283097,147367,AscentPICK,C9,2,2,2,1,0,10,4,8,2,2023-11-03,Red Bull Home Ground #4
283097,147367,AscentPICK,ZETA,0,4,0,1,0,3,1,13,12,2023-11-03,Red Bull Home Ground #4
283097,147368,BindPICK,C9,1,3,1,0,0,2,2,10,10,2023-11-03,Red Bull Home Ground #4
283097,147368,BindPICK,ZETA,1,2,1,1,0,7,1,5,0,2023-11-03,Red Bull Home Ground #4
283097,147369,Lotus,C9,2,2,2,0,0,8,5,10,6,2023-11-03,Red Bull Home Ground #4
283097,147369,Lotus,ZETA,0,4,0,2,2,5,2,9,3,2023-11-03,Red Bull Home Ground #4
283098,147370,LotusPICK,KRX,1,3,1,0,0,6,3,12,9,2023-11-04,Red Bull Home Ground #4
283098,147370,LotusPICK,100T,1,3,1,1,1,7,2,10,4,2023-11-04,Red Bull Home Ground #4
283098,147371,AscentPICK,KRX,0,4,0,1,0,6,4,13,9,2023-11-04,Red Bull Home Ground #4
283098,147371,AscentPICK,100T,2,2,2,2,0,5,2,15,7,2023-11-04,Red Bull Home Ground #4
283099,147373,SunsetPICK,FUT,1,3,1,2,0,8,2,4,1,2023-11-04,Red Bull Home Ground #4
283099,147373,SunsetPICK,C9,1,2,1,0,0,7,7,8,5,2023-11-04,Red Bull Home Ground #4
283099,147374,LotusPICK,FUT,1,3,1,0,0,10,6,9,6,2023-11-04,Red Bull Home Ground #4
283099,147374,LotusPICK,C9,1,2,1,2,0,8,2,10,6,2023-11-04,Red Bull Home Ground #4
283099,147375,Haven,FUT,0,4,0,2,2,5,2,12,6,2023-11-04,Red Bull Home Ground #4
283099,147375,Haven,C9,2,2,2,0,0,10,6,11,5,2023-11-04,Red Bull Home Ground #4
283100,147376,BreezePICK,FNC,1,3,1,0,0,5,5,8,7,2023-11-04,Red Bull Home Ground #4
283100,147376,BreezePICK,KRX,1,3,1,0,0,7,2,6,0,2023-11-04,Red Bull Home Ground #4
283100,147377,AscentPICK,FNC,2,2,2,0,0,5,4,10,7,2023-11-04,Red Bull Home Ground #4
283100,147377,AscentPICK,KRX,0,4,0,1,0,7,2,5,2,2023-11-04,Red Bull Home Ground #4
283101,147379,BindPICK,C9,0,3,0,1,0,7,4,9,3,2023-11-05,Red Bull Home Ground #4
283101,147379,BindPICK,FNC,2,2,2,1,0,6,2,11,9,2023-11-05,Red Bull Home Ground #4
283101,147380,BreezePICK,C9,2,2,2,0,0,8,4,12,7,2023-11-05,Red Bull Home Ground #4
283101,147380,BreezePICK,FNC,0,4,0,0,0,10,5,8,4,2023-11-05,Red Bull Home Ground #4
283101,147381,AscentPICK,C9,2,2,2,0,0,9,6,11,5,2023-11-05,Red Bull Home Ground #4
283101,147381,AscentPICK,FNC,0,4,0,0,0,9,3,9,6,2023-11-05,Red Bull Home Ground #4
283101,147382,LotusPICK,C9,0,2,0,1,0,10,4,8,4,2023-11-05,Red Bull Home Ground #4
283101,147382,LotusPICK,FNC,2,2,2,3,1,8,4,8,6,2023-11-05,Red Bull Home Ground #4
283101,147383,Haven,C9,1,2,1,3,0,10,3,3,1,2023-11-05,Red Bull Home Ground #4
283101,147383,Haven,FNC,1,2,1,1,0,4,4,11,8,2023-11-05,Red Bull Home Ground #4
289448,151606,SunsetPICK,GE,1,3,1,0,0,13,3,2,1,2023-12-14,Convergence 2023
289448,151606,SunsetPICK,VIT,1,3,1,0,0,5,4,10,8,2023-12-14,Convergence 2023
289448,151607,BreezePICK,GE,0,4,0,1,0,7,3,8,4,2023-12-14,Convergence 2023
289448,151607,BreezePICK,VIT,2,2,2,1,0,9,5,8,6,2023-12-14,Convergence 2023
289450,151612,BreezePICK,FUR,0,4,2,0,0,3,0,14,6,2023-12-15,Convergence 2023
289450,151612,BreezePICK,VIT,2,2,2,2,0,5,2,12,9,2023-12-15,Convergence 2023
289450,151613,LotusPICK,FUR,1,4,1,2,0,2,0,14,8,2023-12-15,Convergence 2023
289450,151613,LotusPICK,VIT,1,3,2,1,0,10,4,8,7,2023-12-15,Convergence 2023
289451,151615,HavenPICK,FUT,0,4,1,0,0,10,2,3,1,2023-12-16,Convergence 2023
289451,151615,HavenPICK,GEN,2,2,2,2,2,3,2,10,7,2023-12-16,Convergence 2023
289451,151616,AscentPICK,FUT,2,2,2,0,0,7,5,10,6,2023-12-16,Convergence 2023
289451,151616,AscentPICK,GEN,0,4,0,2,1,4,0,9,5,2023-12-16,Convergence 2023
289451,151617,Lotus,FUT,0,4,1,1,0,8,3,13,10,2023-12-16,Convergence 2023
289451,151617,Lotus,GEN,2,3,2,2,1,7,2,14,7,2023-12-16,Convergence 2023
289452,151618,SunsetPICK,GE,2,2,2,0,0,9,6,10,5,2023-12-16,Convergence 2023
289452,151618,SunsetPICK,FUR,0,4,0,2,0,2,1,13,7,2023-12-16,Convergence 2023
289452,151619,BreezePICK,GE,0,3,0,0,0,12,8,11,4,2023-12-16,Convergence 2023
289452,151619,BreezePICK,FUR,2,3,2,1,0,6,2,16,10,2023-12-16,Convergence 2023
289452,151620,Haven,GE,1,3,1,2,0,5,3,14,9,2023-12-16,Convergence 2023
289452,151620,Haven,FUR,1,3,2,3,1,4,2,14,6,2023-12-16,Convergence 2023
289453,151621,AscentPICK,VIT,2,2,2,1,0,9,3,12,8,2023-12-17,Convergence 2023
289453,151621,AscentPICK,FUT,0,5,1,0,0,4,2,15,8,2023-12-17,Convergence 2023
289453,151622,SunsetPICK,VIT,1,3,1,1,0,10,5,10,5,2023-12-17,Convergence 2023
289453,151622,SunsetPICK,FUT,1,3,1,3,1,4,1,14,10,2023-12-17,Convergence 2023
289453,151623,LotusPICK,VIT,2,2,2,2,0,10,2,10,7,2023-12-17,Convergence 2023
289453,151623,LotusPICK,FUT,0,3,0,2,0,7,3,12,10,2023-12-17,Convergence 2023
289453,151626,HavenPICK,VIT,0,4,0,2,0,6,3,9,5,2023-12-17,Convergence 2023
289453,151626,HavenPICK,FUT,2,2,2,0,0,6,4,13,7,2023-12-17,Convergence 2023
295605,153722,BreezePICK,NRG,0,4,0,0,0,4,4,15,9,2024-02-16,Champions Tour 2024: Americas Kickoff
295605,153722,BreezePICK,FUR,2,2,2,2,0,9,5,10,3,2024-02-16,Champions Tour 2024: Americas Kickoff
295605,153723,AscentPICK,NRG,1,3,1,2,1,2,2,14,9,2024-02-16,Champions Tour 2024: Americas Kickoff
295605,153723,AscentPICK,FUR,1,3,1,2,0,3,2,13,5,2024-02-16,Champions Tour 2024: Americas Kickoff
295606,153725,BindPICK,C9,2,2,2,2,0,8,3,12,8,2024-02-16,Champions Tour 2024: Americas Kickoff
295606,153725,BindPICK,MIBR,0,4,1,1,0,3,0,16,10,2024-02-16,Champions Tour 2024: Americas Kickoff
295606,153726,SplitPICK,C9,0,3,0,2,0,6,2,10,6,2024-02-16,Champions Tour 2024: Americas Kickoff
295606,153726,SplitPICK,MIBR,2,2,2,0,0,8,4,11,7,2024-02-16,Champions Tour 2024: Americas Kickoff
295606,153727,Lotus,C9,1,2,1,1,0,11,7,9,5,2024-02-16,Champions Tour 2024: Americas Kickoff
295606,153727,Lotus,MIBR,1,3,1,1,1,5,2,14,6,2024-02-16,Champions Tour 2024: Americas Kickoff
295607,153728,SunsetPICK,NRG,1,3,2,2,1,2,0,13,10,2024-02-23,Champions Tour 2024: Americas Kickoff
295607,153728,SunsetPICK,C9,1,3,2,0,0,9,1,8,4,2024-02-23,Champions Tour 2024: Americas Kickoff
295607,153729,AscentPICK,NRG,2,2,2,2,0,6,3,16,9,2024-02-23,Champions Tour 2024: Americas Kickoff
295607,153729,AscentPICK,C9,0,3,0,1,0,8,4,14,8,2024-02-23,Champions Tour 2024: Americas Kickoff
295608,153731,SplitPICK,FUR,1,3,1,2,0,5,3,12,5,2024-02-19,Champions Tour 2024: Americas Kickoff
295608,153731,SplitPICK,MIBR,1,3,2,1,0,1,1,17,10,2024-02-19,Champions Tour 2024: Americas Kickoff
295608,153732,BreezePICK,FUR,0,4,0,0,0,3,1,17,10,2024-02-19,Champions Tour 2024: Americas Kickoff
295608,153732,BreezePICK,MIBR,2,2,2,2,1,8,3,12,7,2024-02-19,Champions Tour 2024: Americas Kickoff
295609,153734,BindPICK,C9,1,2,1,1,0,6,2,17,9,2024-02-25,Champions Tour 2024: Americas Kickoff
295609,153734,BindPICK,MIBR,1,3,1,0,0,8,4,15,9,2024-02-25,Champions Tour 2024: Americas Kickoff
295609,153735,AscentPICK,C9,0,4,1,1,0,5,2,12,6,2024-02-25,Champions Tour 2024: Americas Kickoff
295609,153735,AscentPICK,MIBR,2,2,2,2,0,4,2,14,9,2024-02-25,Champions Tour 2024: Americas Kickoff
295610,153737,SplitPICK,LOUD,1,3,2,0,0,5,2,16,9,2024-02-17,Champions Tour 2024: Americas Kickoff
295610,153737,SplitPICK,SEN,1,4,1,1,0,7,5,12,5,2024-02-17,Champions Tour 2024: Americas Kickoff
295610,153738,AscentPICK,LOUD,2,2,2,1,1,7,4,12,6,2024-02-17,Champions Tour 2024: Americas Kickoff
295610,153738,AscentPICK,SEN,0,4,0,0,0,6,1,12,8,2024-02-17,Champions Tour 2024: Americas Kickoff
295611,153740,BindPICK,LEV,1,3,1,0,0,3,2,16,10,2024-02-17,Champions Tour 2024: Americas Kickoff
295611,153740,BindPICK,100T,1,3,1,2,1,3,2,14,5,2024-02-17,Champions Tour 2024: Americas Kickoff
295611,153741,SplitPICK,LEV,0,3,0,3,0,6,0,4,3,2024-02-17,Champions Tour 2024: Americas Kickoff
295611,153741,SplitPICK,100T,2,2,2,0,0,5,4,9,7,2024-02-17,Champions Tour 2024: Americas Kickoff
295611,153742,Icebox,LEV,1,3,1,1,1,5,4,15,7,2024-02-17,Champions Tour 2024: Americas Kickoff
295611,153742,Icebox,100T,1,3,1,2,0,5,3,14,7,2024-02-17,Champions Tour 2024: Americas Kickoff
295612,153743,BindPICK,LOUD,1,3,1,2,0,3,2,16,8,2024-02-23,Champions Tour 2024: Americas Kickoff
295612,153743,BindPICK,LEV,1,3,1,0,0,8,3,13,9,2024-02-23,Champions Tour 2024: Americas Kickoff
295612,153744,SplitPICK,LOUD,2,2,2,3,0,5,4,13,7,2024-02-23,Champions Tour 2024: Americas Kickoff
295612,153744,SplitPICK,LEV,0,5,0,0,0,3,2,15,8,2024-02-23,Champions Tour 2024: Americas Kickoff
295612,153745,Ascent,LOUD,1,3,1,1,1,3,2,13,9,2024-02-23,Champions Tour 2024: Americas Kickoff
295612,153745,Ascent,LEV,1,3,1,2,0,7,3,8,3,2024-02-23,Champions Tour 2024: Americas Kickoff
295613,153746,LotusPICK,SEN,2,2,2,1,0,6,4,9,7,2024-02-19,Champions Tour 2024: Americas Kickoff
295613,153746,LotusPICK,100T,0,3,0,2,0,5,2,8,3,2024-02-19,Champions Tour 2024: Americas Kickoff
295613,153747,BindPICK,SEN,1,3,1,0,0,6,2,10,3,2024-02-19,Champions Tour 2024: Americas Kickoff
295613,153747,BindPICK,100T,1,3,1,0,0,2,1,14,11,2024-02-19,Champions Tour 2024: Americas Kickoff
295613,153748,Split,SEN,1,3,1,1,1,5,3,12,8,2024-02-19,Champions Tour 2024: Americas Kickoff
295613,153748,Split,100T,1,3,1,3,1,6,3,9,3,2024-02-19,Champions Tour 2024: Americas Kickoff
295614,153749,SplitPICK,LEV,1,2,1,3,0,6,1,5,1,2024-02-25,Champions Tour 2024: Americas Kickoff
295614,153749,SplitPICK,SEN,1,3,2,0,0,3,3,10,8,2024-02-25,Champions Tour 2024: Americas Kickoff
295614,153750,BreezePICK,LEV,1,3,1,0,0,5,5,11,7,2024-02-25,Champions Tour 2024: Americas Kickoff
295614,153750,BreezePICK,SEN,1,3,1,2,1,7,2,7,2,2024-02-25,Champions Tour 2024: Americas Kickoff
295614,153751,Bind,LEV,1,3,1,1,0,5,3,13,5,2024-02-25,Champions Tour 2024: Americas Kickoff
295614,153751,Bind,SEN,1,3,1,0,0,5,3,14,9,2024-02-25,Champions Tour 2024: Americas Kickoff
295615,153752,IceboxPICK,KRÜ,0,4,0,1,0,2,2,15,11,2024-02-18,Champions Tour 2024: Americas Kickoff
295615,153752,IceboxPICK,G2,2,2,2,1,0,7,4,12,3,2024-02-18,Champions Tour 2024: Americas Kickoff
295615,153753,SunsetPICK,KRÜ,1,3,1,1,0,5,1,13,7,2024-02-18,Champions Tour 2024: Americas Kickoff
295615,153753,SunsetPICK,G2,1,3,1,0,0,7,3,12,9,2024-02-18,Champions Tour 2024: Americas Kickoff
295615,153754,Ascent,KRÜ,1,3,1,0,0,6,5,15,5,2024-02-18,Champions Tour 2024: Americas Kickoff
295615,153754,Ascent,G2,1,3,1,2,1,9,6,10,5,2024-02-18,Champions Tour 2024: Americas Kickoff
295617,153758,SunsetPICK,G2,1,3,1,0,0,9,4,16,8,2024-02-24,Champions Tour 2024: Americas Kickoff
295617,153758,SunsetPICK,EG,1,3,1,4,1,4,3,17,10,2024-02-24,Champions Tour 2024: Americas Kickoff
295617,153759,IceboxPICK,G2,1,3,1,2,1,3,1,16,8,2024-02-24,Champions Tour 2024: Americas Kickoff
295617,153759,IceboxPICK,EG,1,3,1,1,1,6,3,14,8,2024-02-24,Champions Tour 2024: Americas Kickoff
295619,153764,SplitPICK,G2,1,3,1,0,0,2,1,16,11,2024-02-25,Champions Tour 2024: Americas Kickoff
295619,153764,SplitPICK,KRÜ,1,3,1,1,0,7,1,10,6,2024-02-25,Champions Tour 2024: Americas Kickoff
295619,153765,SunsetPICK,G2,1,3,1,0,0,5,3,13,9,2024-02-25,Champions Tour 2024: Americas Kickoff
295619,153765,SunsetPICK,KRÜ,1,3,1,2,1,3,1,13,5,2024-02-25,Champions Tour 2024: Americas Kickoff
296730,155114,BindPICK,ZETA,1,3,1,1,0,4,3,15,9,2024-02-18,Champions Tour 2024: Pacific Kickoff
296730,155114,BindPICK,GE,1,4,1,0,0,9,4,10,5,2024-02-18,Champions Tour 2024: Pacific Kickoff
296730,155115,IceboxPICK,ZETA,2,3,3,0,0,4,2,13,8,2024-02-18,Champions Tour 2024: Pacific Kickoff
296730,155115,IceboxPICK,GE,0,4,0,0,0,6,3,10,4,2024-02-18,Champions Tour 2024: Pacific Kickoff
296731,155117,BreezePICK,TS,1,3,1,2,0,5,3,11,4,2024-02-18,Champions Tour 2024: Pacific Kickoff
296731,155117,BreezePICK,TLN,1,3,1,0,0,4,2,14,10,2024-02-18,Champions Tour 2024: Pacific Kickoff
296731,155118,AscentPICK,TS,0,4,0,1,0,6,1,5,2,2024-02-18,Champions Tour 2024: Pacific Kickoff
296731,155118,AscentPICK,TLN,2,2,2,0,0,5,4,9,7,2024-02-18,Champions Tour 2024: Pacific Kickoff
296732,155120,SplitPICK,KRX,1,3,1,0,0,5,4,15,8,2024-02-20,Champions Tour 2024: Pacific Kickoff
296732,155120,SplitPICK,TLN,1,3,1,2,1,6,4,12,4,2024-02-20,Champions Tour 2024: Pacific Kickoff
296732,155121,AscentPICK,KRX,1,3,1,0,0,5,2,13,10,2024-02-20,Champions Tour 2024: Pacific Kickoff
296732,155121,AscentPICK,TLN,1,4,1,0,0,3,1,14,6,2024-02-20,Champions Tour 2024: Pacific Kickoff
296733,155123,LotusPICK,DFM,0,3,0,3,0,3,2,11,5,2024-02-20,Champions Tour 2024: Pacific Kickoff
296733,155123,LotusPICK,TS,2,2,2,1,0,5,4,12,7,2024-02-20,Champions Tour 2024: Pacific Kickoff
296733,155124,BreezePICK,DFM,2,2,2,0,0,11,4,11,5,2024-02-20,Champions Tour 2024: Pacific Kickoff
296733,155124,BreezePICK,TS,0,4,0,1,0,5,5,14,8,2024-02-20,Champions Tour 2024: Pacific Kickoff
296734,155126,BreezePICK,TLN,1,5,2,1,1,6,1,9,4,2024-02-21,Champions Tour 2024: Pacific Kickoff
296734,155126,BreezePICK,TS,1,3,1,1,1,4,3,13,8,2024-02-21,Champions Tour 2024: Pacific Kickoff
296734,155127,AscentPICK,TLN,1,3,1,2,0,5,1,10,5,2024-02-21,Champions Tour 2024: Pacific Kickoff
296734,155127,AscentPICK,TS,1,3,1,1,0,4,3,12,9,2024-02-21,Champions Tour 2024: Pacific Kickoff
296735,155129,BreezePICK,T1,0,4,0,2,0,5,3,23,15,2024-02-17,Champions Tour 2024: Pacific Kickoff
296735,155129,BreezePICK,BLD,2,2,2,0,0,9,4,23,10,2024-02-17,Champions Tour 2024: Pacific Kickoff
296735,155130,LotusPICK,T1,2,2,2,1,0,5,4,11,7,2024-02-17,Champions Tour 2024: Pacific Kickoff
296735,155130,LotusPICK,BLD,0,3,0,1,0,7,1,8,5,2024-02-17,Champions Tour 2024: Pacific Kickoff
296736,155132,LotusPICK,KRX,2,2,2,0,0,7,3,12,8,2024-02-18,Champions Tour 2024: Pacific Kickoff
296736,155132,LotusPICK,DFM,0,4,0,2,0,6,2,9,6,2024-02-18,Champions Tour 2024: Pacific Kickoff
296736,155133,BreezePICK,KRX,2,2,2,1,1,6,4,12,6,2024-02-18,Champions Tour 2024: Pacific Kickoff
296736,155133,BreezePICK,DFM,0,4,0,0,0,7,4,10,4,2024-02-18,Champions Tour 2024: Pacific Kickoff
296737,155135,AscentPICK,T1,0,3,0,1,0,8,3,12,8,2024-02-19,Champions Tour 2024: Pacific Kickoff
296737,155135,AscentPICK,ZETA,2,2,2,2,0,6,3,14,8,2024-02-19,Champions Tour 2024: Pacific Kickoff
296737,155136,LotusPICK,T1,1,3,2,0,0,2,2,12,9,2024-02-19,Champions Tour 2024: Pacific Kickoff
296737,155136,LotusPICK,ZETA,1,3,1,2,0,7,2,5,1,2024-02-19,Champions Tour 2024: Pacific Kickoff
296737,155137,Sunset,T1,1,3,1,0,0,4,2,13,10,2024-02-19,Champions Tour 2024: Pacific Kickoff
296737,155137,Sunset,ZETA,1,3,1,1,0,7,3,9,3,2024-02-19,Champions Tour 2024: Pacific Kickoff
296738,155138,SunsetPICK,BLD,0,4,0,2,0,1,1,15,8,2024-02-19,Champions Tour 2024: Pacific Kickoff
296738,155138,SunsetPICK,GE,2,3,2,0,0,4,2,15,9,2024-02-19,Champions Tour 2024: Pacific Kickoff
296738,155139,IceboxPICK,BLD,2,3,2,0,0,7,4,13,7,2024-02-19,Champions Tour 2024: Pacific Kickoff
296738,155139,IceboxPICK,GE,0,4,0,1,0,4,3,14,7,2024-02-19,Champions Tour 2024: Pacific Kickoff
296738,155140,Split,BLD,1,3,1,3,1,4,1,14,8,2024-02-19,Champions Tour 2024: Pacific Kickoff
296738,155140,Split,GE,1,3,2,1,0,3,1,17,10,2024-02-19,Champions Tour 2024: Pacific Kickoff
296739,155141,BindPICK,ZETA,1,3,1,1,1,3,3,14,8,2024-02-21,Champions Tour 2024: Pacific Kickoff
296739,155141,BindPICK,GE,1,3,1,1,0,10,5,7,2,2024-02-21,Champions Tour 2024: Pacific Kickoff
296739,155142,LotusPICK,ZETA,2,2,2,0,0,3,3,11,8,2024-02-21,Champions Tour 2024: Pacific Kickoff
296739,155142,LotusPICK,GE,0,3,0,2,0,3,0,8,3,2024-02-21,Champions Tour 2024: Pacific Kickoff
296745,155159,IceboxPICK,GEN,1,4,1,2,2,5,3,13,7,2024-02-17,Champions Tour 2024: Pacific Kickoff
296745,155159,IceboxPICK,RRQ,1,3,1,1,0,5,4,15,6,2024-02-17,Champions Tour 2024: Pacific Kickoff
296745,155160,SplitPICK,GEN,1,3,1,1,0,8,4,12,6,2024-02-17,Champions Tour 2024: Pacific Kickoff
296745,155160,SplitPICK,RRQ,1,3,1,1,0,9,4,11,8,2024-02-17,Champions Tour 2024: Pacific Kickoff
296745,155161,Sunset,GEN,1,3,1,0,0,5,3,13,9,2024-02-17,Champions Tour 2024: Pacific Kickoff
296745,155161,Sunset,RRQ,1,3,1,1,0,10,4,7,3,2024-02-17,Champions Tour 2024: Pacific Kickoff
296747,155165,BreezePICK,GEN,1,3,2,2,0,6,4,12,7,2024-02-19,Champions Tour 2024: Pacific Kickoff
296747,155165,BreezePICK,PRX,1,4,1,1,0,7,3,11,6,2024-02-19,Champions Tour 2024: Pacific Kickoff
296747,155166,LotusPICK,GEN,1,3,2,2,1,5,2,13,5,2024-02-19,Champions Tour 2024: Pacific Kickoff
296747,155166,LotusPICK,PRX,1,4,1,1,0,5,2,13,10,2024-02-19,Champions Tour 2024: Pacific Kickoff
296747,155167,Sunset,GEN,1,3,1,2,0,6,3,9,3,2024-02-19,Champions Tour 2024: Pacific Kickoff
296747,155167,Sunset,PRX,1,3,1,0,0,6,4,11,8,2024-02-19,Champions Tour 2024: Pacific Kickoff
296749,155171,LotusPICK,GEN,2,2,2,0,0,8,5,10,6,2024-02-21,Champions Tour 2024: Pacific Kickoff
296749,155171,LotusPICK,RRQ,0,4,0,1,0,3,0,12,7,2024-02-21,Champions Tour 2024: Pacific Kickoff
296749,155172,BreezePICK,GEN,0,4,0,1,0,7,4,11,6,2024-02-21,Champions Tour 2024: Pacific Kickoff
296749,155172,BreezePICK,RRQ,2,2,2,1,0,9,5,11,6,2024-02-21,Champions Tour 2024: Pacific Kickoff
296749,155173,Icebox,GEN,2,3,2,1,0,6,4,14,7,2024-02-21,Champions Tour 2024: Pacific Kickoff
296749,155173,Icebox,RRQ,0,4,1,1,1,7,3,12,6,2024-02-21,Champions Tour 2024: Pacific Kickoff
297253,155759,IceboxPICK,ZETA,0,3,0,2,0,4,0,5,1,2024-02-22,Champions Tour 2024: Pacific Kickoff
297253,155759,IceboxPICK,TS,2,2,2,0,0,3,3,9,8,2024-02-22,Champions Tour 2024: Pacific Kickoff
297253,155760,AscentPICK,ZETA,1,3,1,2,0,4,1,12,6,2024-02-22,Champions Tour 2024: Pacific Kickoff
297253,155760,AscentPICK,TS,1,3,1,1,0,5,3,12,9,2024-02-22,Champions Tour 2024: Pacific Kickoff
297254,155762,BreezePICK,TS,1,3,2,0,0,2,2,13,9,2024-02-22,Champions Tour 2024: Pacific Kickoff
297254,155762,BreezePICK,GEN,1,4,1,3,1,6,2,5,1,2024-02-22,Champions Tour 2024: Pacific Kickoff
297254,155763,LotusPICK,TS,1,3,1,1,0,5,3,13,5,2024-02-22,Champions Tour 2024: Pacific Kickoff
297254,155763,LotusPICK,GEN,1,3,1,2,1,5,5,12,6,2024-02-22,Champions Tour 2024: Pacific Kickoff
297254,155764,Icebox,TS,1,3,1,2,1,6,3,17,8,2024-02-22,Champions Tour 2024: Pacific Kickoff
297254,155764,Icebox,GEN,1,2,1,2,1,9,2,15,11,2024-02-22,Champions Tour 2024: Pacific Kickoff
297255,155765,IceboxPICK,GEN,1,3,1,0,0,1,1,15,11,2024-02-22,Champions Tour 2024: Pacific Kickoff
297255,155765,IceboxPICK,ZETA,1,3,1,1,0,7,2,8,3,2024-02-22,Champions Tour 2024: Pacific Kickoff
297255,155766,AscentPICK,GEN,1,3,1,1,1,2,2,11,9,2024-02-22,Champions Tour 2024: Pacific Kickoff
297255,155766,AscentPICK,ZETA,1,3,1,0,0,7,2,7,1,2024-02-22,Champions Tour 2024: Pacific Kickoff
297256,155768,SplitPICK,T1,1,3,1,1,0,4,3,22,10,2024-02-24,Champions Tour 2024: Pacific Kickoff
297256,155768,SplitPICK,PRX,1,3,1,1,0,6,3,20,12,2024-02-24,Champions Tour 2024: Pacific Kickoff
297256,155769,AscentPICK,T1,2,4,2,1,0,7,2,7,2,2024-02-24,Champions Tour 2024: Pacific Kickoff
297256,155769,AscentPICK,PRX,0,3,1,0,0,4,4,12,8,2024-02-24,Champions Tour 2024: Pacific Kickoff
297257,155771,BindPICK,KRX,2,4,3,2,0,5,2,15,7,2024-02-24,Champions Tour 2024: Pacific Kickoff
297257,155771,BindPICK,GEN,0,4,1,3,2,3,2,16,9,2024-02-24,Champions Tour 2024: Pacific Kickoff
297257,155772,LotusPICK,KRX,1,4,1,1,0,4,2,12,5,2024-02-24,Champions Tour 2024: Pacific Kickoff
297257,155772,LotusPICK,GEN,1,3,1,0,0,6,4,12,8,2024-02-24,Champions Tour 2024: Pacific Kickoff
297258,155774,AscentPICK,PRX,1,3,1,2,0,6,2,7,2,2024-02-25,Champions Tour 2024: Pacific Kickoff
297258,155774,AscentPICK,GEN,1,3,1,0,0,4,4,11,8,2024-02-25,Champions Tour 2024: Pacific Kickoff
297258,155775,SplitPICK,PRX,2,2,2,1,0,5,4,9,7,2024-02-25,Champions Tour 2024: Pacific Kickoff
297258,155775,SplitPICK,GEN,0,4,0,3,1,2,1,8,2,2024-02-25,Champions Tour 2024: Pacific Kickoff
297258,155776,LotusPICK,PRX,0,3,0,3,0,4,2,14,9,2024-02-25,Champions Tour 2024: Pacific Kickoff
297258,155776,LotusPICK,GEN,2,2,2,1,0,7,4,14,7,2024-02-25,Champions Tour 2024: Pacific Kickoff
297258,155777,BindPICK,PRX,0,4,0,1,0,4,1,8,3,2024-02-25,Champions Tour 2024: Pacific Kickoff
297258,155777,BindPICK,GEN,2,2,2,0,0,4,4,11,7,2024-02-25,Champions Tour 2024: Pacific Kickoff
297401,156072,LotusPICK,FUT,2,4,2,2,2,7,1,11,6,2024-02-20,Champions Tour 2024: EMEA Kickoff
297401,156072,LotusPICK,TH,0,4,1,1,0,3,2,16,10,2024-02-20,Champions Tour 2024: EMEA Kickoff
297401,156073,BindPICK,FUT,0,4,0,2,0,1,1,16,9,2024-02-20,Champions Tour 2024: EMEA Kickoff
297401,156073,BindPICK,TH,2,2,2,1,1,8,5,12,5,2024-02-20,Champions Tour 2024: EMEA Kickoff
297402,156075,SplitPICK,GX,1,3,1,1,0,4,3,16,7,2024-02-20,Champions Tour 2024: EMEA Kickoff
297402,156075,SplitPICK,KC,1,3,1,2,2,4,3,15,7,2024-02-20,Champions Tour 2024: EMEA Kickoff
297402,156076,SunsetPICK,GX,1,3,1,1,0,3,3,16,9,2024-02-20,Champions Tour 2024: EMEA Kickoff
297402,156076,SunsetPICK,KC,1,3,1,3,1,6,2,11,6,2024-02-20,Champions Tour 2024: EMEA Kickoff
297402,156077,Lotus,GX,0,4,0,2,0,4,3,7,1,2024-02-20,Champions Tour 2024: EMEA Kickoff
297402,156077,Lotus,KC,2,2,2,0,0,3,3,12,8,2024-02-20,Champions Tour 2024: EMEA Kickoff
297403,156078,SplitPICK,TH,2,2,2,0,0,5,5,10,6,2024-02-22,Champions Tour 2024: EMEA Kickoff
297403,156078,SplitPICK,KC,0,5,0,1,0,5,2,6,2,2024-02-22,Champions Tour 2024: EMEA Kickoff
297403,156079,LotusPICK,TH,1,3,1,0,0,3,2,11,10,2024-02-22,Champions Tour 2024: EMEA Kickoff
297403,156079,LotusPICK,KC,1,3,1,1,0,6,1,7,2,2024-02-22,Champions Tour 2024: EMEA Kickoff
297404,156081,SplitPICK,FUT,1,3,1,0,0,4,3,12,9,2024-02-22,Champions Tour 2024: EMEA Kickoff
297404,156081,SplitPICK,GX,1,3,1,2,0,5,2,9,3,2024-02-22,Champions Tour 2024: EMEA Kickoff
297404,156082,IceboxPICK,FUT,2,2,2,3,1,5,2,11,3,2024-02-22,Champions Tour 2024: EMEA Kickoff
297404,156082,IceboxPICK,GX,0,4,0,0,0,2,2,15,11,2024-02-22,Champions Tour 2024: EMEA Kickoff
297404,156083,Sunset,FUT,2,2,2,0,0,5,4,13,7,2024-02-22,Champions Tour 2024: EMEA Kickoff
297404,156083,Sunset,GX,0,4,0,2,0,2,1,12,6,2024-02-22,Champions Tour 2024: EMEA Kickoff
297405,156084,LotusPICK,KC,1,3,1,0,0,5,3,30,16,2024-02-25,Champions Tour 2024: EMEA Kickoff
297405,156084,LotusPICK,FUT,1,3,1,3,2,5,3,27,12,2024-02-25,Champions Tour 2024: EMEA Kickoff
297405,156085,BindPICK,KC,1,2,1,4,0,5,1,6,2,2024-02-25,Champions Tour 2024: EMEA Kickoff
297405,156085,BindPICK,FUT,1,3,2,0,0,2,1,12,10,2024-02-25,Champions Tour 2024: EMEA Kickoff
297405,156086,Sunset,KC,1,3,1,1,0,5,5,11,7,2024-02-25,Champions Tour 2024: EMEA Kickoff
297405,156086,Sunset,FUT,1,3,1,0,0,7,4,10,2,2024-02-25,Champions Tour 2024: EMEA Kickoff
297406,156087,BindPICK,NAVI,0,3,0,1,0,7,4,10,4,2024-02-21,Champions Tour 2024: EMEA Kickoff
297406,156087,BindPICK,BBL,2,2,2,3,1,6,3,10,7,2024-02-21,Champions Tour 2024: EMEA Kickoff
297406,156088,AscentPICK,NAVI,2,2,2,2,0,4,3,11,8,2024-02-21,Champions Tour 2024: EMEA Kickoff
297406,156088,AscentPICK,BBL,0,4,0,2,0,1,0,12,6,2024-02-21,Champions Tour 2024: EMEA Kickoff
297406,156089,Breeze,NAVI,2,2,2,0,0,5,4,12,7,2024-02-21,Champions Tour 2024: EMEA Kickoff
297406,156089,Breeze,BBL,0,4,0,1,0,7,4,7,2,2024-02-21,Champions Tour 2024: EMEA Kickoff
297407,156090,IceboxPICK,TL,1,3,1,3,1,4,1,13,10,2024-02-21,Champions Tour 2024: EMEA Kickoff
297407,156090,IceboxPICK,MKOI,1,3,2,1,0,9,3,10,5,2024-02-21,Champions Tour 2024: EMEA Kickoff
297407,156091,BindPICK,TL,0,3,0,3,0,1,1,17,12,2024-02-21,Champions Tour 2024: EMEA Kickoff
297407,156091,BindPICK,MKOI,2,2,2,1,0,8,4,13,5,2024-02-21,Champions Tour 2024: EMEA Kickoff
297408,156093,SplitPICK,NAVI,2,2,2,1,0,8,3,9,8,2024-02-23,Champions Tour 2024: EMEA Kickoff
297408,156093,SplitPICK,TL,0,4,0,2,0,3,0,11,7,2024-02-23,Champions Tour 2024: EMEA Kickoff
297408,156094,BreezePICK,NAVI,1,3,1,0,0,6,4,11,8,2024-02-23,Champions Tour 2024: EMEA Kickoff
297408,156094,BreezePICK,TL,1,3,1,2,0,6,1,9,5,2024-02-23,Champions Tour 2024: EMEA Kickoff
297409,156096,BindPICK,BBL,1,3,1,2,0,3,2,10,2,2024-02-23,Champions Tour 2024: EMEA Kickoff
297409,156096,BindPICK,MKOI,1,3,1,0,0,3,3,12,9,2024-02-23,Champions Tour 2024: EMEA Kickoff
297409,156097,SplitPICK,BBL,1,2,1,2,0,7,3,12,6,2024-02-23,Champions Tour 2024: EMEA Kickoff
297409,156097,SplitPICK,MKOI,1,3,1,1,0,6,6,13,6,2024-02-23,Champions Tour 2024: EMEA Kickoff
297410,156099,SunsetPICK,TL,1,3,1,1,0,6,4,14,6,2024-02-25,Champions Tour 2024: EMEA Kickoff
297410,156099,SunsetPICK,MKOI,1,3,1,1,0,3,2,17,10,2024-02-25,Champions Tour 2024: EMEA Kickoff
297410,156100,IceboxPICK,TL,1,2,1,2,1,4,3,18,9,2024-02-25,Champions Tour 2024: EMEA Kickoff
297410,156100,IceboxPICK,MKOI,1,2,1,3,0,6,4,15,7,2024-02-25,Champions Tour 2024: EMEA Kickoff
297410,156101,Split,TL,0,4,0,1,0,3,2,15,8,2024-02-25,Champions Tour 2024: EMEA Kickoff
297410,156101,Split,MKOI,2,2,2,1,1,12,5,8,5,2024-02-25,Champions Tour 2024: EMEA Kickoff
297412,156102,SunsetPICK,VIT,1,3,1,1,0,6,2,13,10,2024-02-21,Champions Tour 2024: EMEA Kickoff
297412,156102,SunsetPICK,M8,1,3,1,1,0,7,5,12,4,2024-02-21,Champions Tour 2024: EMEA Kickoff
297412,156103,LotusPICK,VIT,2,3,2,1,0,8,5,8,6,2024-02-21,Champions Tour 2024: EMEA Kickoff
297412,156103,LotusPICK,M8,0,3,0,1,0,8,4,8,3,2024-02-21,Champions Tour 2024: EMEA Kickoff
297414,156108,LotusPICK,VIT,2,2,2,1,0,13,7,10,3,2024-02-23,Champions Tour 2024: EMEA Kickoff
297414,156108,LotusPICK,FNC,0,4,0,2,2,5,2,15,10,2024-02-23,Champions Tour 2024: EMEA Kickoff
297414,156109,AscentPICK,VIT,1,4,1,2,0,9,2,3,2,2024-02-23,Champions Tour 2024: EMEA Kickoff
297414,156109,AscentPICK,FNC,1,3,2,0,0,1,1,14,10,2024-02-23,Champions Tour 2024: EMEA Kickoff
297416,156114,BreezePICK,VIT,0,4,1,2,1,2,0,9,2,2024-02-25,Champions Tour 2024: EMEA Kickoff
297416,156114,BreezePICK,M8,2,3,2,0,0,4,2,10,9,2024-02-25,Champions Tour 2024: EMEA Kickoff
297416,156115,LotusPICK,VIT,1,4,2,0,0,6,3,18,10,2024-02-25,Champions Tour 2024: EMEA Kickoff
297416,156115,LotusPICK,M8,1,4,1,1,0,8,3,15,9,2024-02-25,Champions Tour 2024: EMEA Kickoff
297416,156116,Sunset,VIT,2,3,2,0,0,3,2,10,9,2024-02-25,Champions Tour 2024: EMEA Kickoff
297416,156116,Sunset,M8,0,3,0,1,1,7,2,5,0,2024-02-25,Champions Tour 2024: EMEA Kickoff
303086,160715,SunsetPICK,LOUD,1,3,1,2,0,6,3,11,5,2024-03-03,Champions Tour 2024: Americas Kickoff
303086,160715,SunsetPICK,SEN,1,3,1,2,1,6,4,11,7,2024-03-03,Champions Tour 2024: Americas Kickoff
303086,160716,SplitPICK,LOUD,0,4,0,1,0,4,0,7,3,2024-03-03,Champions Tour 2024: Americas Kickoff
303086,160716,SplitPICK,SEN,2,2,2,0,0,5,5,9,6,2024-03-03,Champions Tour 2024: Americas Kickoff
303086,160717,IceboxPICK,LOUD,1,3,2,3,2,4,0,14,9,2024-03-03,Champions Tour 2024: Americas Kickoff
303086,160717,IceboxPICK,SEN,1,3,1,0,0,7,3,14,7,2024-03-03,Champions Tour 2024: Americas Kickoff
303086,160724,BindPICK,LOUD,2,3,2,1,0,4,1,13,10,2024-03-03,Champions Tour 2024: Americas Kickoff
303086,160724,BindPICK,SEN,0,3,0,2,0,6,4,10,4,2024-03-03,Champions Tour 2024: Americas Kickoff
303086,160725,Lotus,LOUD,0,3,0,2,0,5,2,7,2,2024-03-03,Champions Tour 2024: Americas Kickoff
303086,160725,Lotus,SEN,2,3,2,0,0,6,5,8,6,2024-03-03,Champions Tour 2024: Americas Kickoff
303087,160718,AscentPICK,EG,1,3,1,2,2,3,2,12,8,2024-03-02,Champions Tour 2024: Americas Kickoff
303087,160718,AscentPICK,LOUD,1,3,1,0,0,9,3,8,3,2024-03-02,Champions Tour 2024: Americas Kickoff
303087,160719,IceboxPICK,EG,0,3,0,3,0,3,1,11,6,2024-03-02,Champions Tour 2024: Americas Kickoff
303087,160719,IceboxPICK,LOUD,2,2,2,1,1,4,3,13,7,2024-03-02,Champions Tour 2024: Americas Kickoff
303087,160720,Sunset,EG,0,4,0,2,0,1,0,11,5,2024-03-02,Champions Tour 2024: Americas Kickoff
303087,160720,Sunset,LOUD,2,2,2,0,0,3,2,13,9,2024-03-02,Champions Tour 2024: Americas Kickoff
303088,160721,SunsetPICK,NRG,2,2,2,0,0,9,5,19,7,2024-03-02,Champions Tour 2024: Americas Kickoff
303088,160721,SunsetPICK,SEN,0,3,0,1,0,1,0,25,16,2024-03-02,Champions Tour 2024: Americas Kickoff
303088,160722,AscentPICK,NRG,1,3,1,2,1,3,2,13,9,2024-03-02,Champions Tour 2024: Americas Kickoff
303088,160722,AscentPICK,SEN,1,3,1,1,0,6,3,11,4,2024-03-02,Champions Tour 2024: Americas Kickoff
303088,160723,Split,NRG,1,3,1,0,0,7,2,6,0,2024-03-02,Champions Tour 2024: Americas Kickoff
303088,160723,Split,SEN,1,3,1,0,0,3,3,10,9,2024-03-02,Champions Tour 2024: Americas Kickoff
303093,160735,SunsetPICK,TH,1,3,1,2,0,5,3,20,12,2024-02-29,Champions Tour 2024: EMEA Kickoff
303093,160735,SunsetPICK,NAVI,1,3,1,0,0,10,5,17,8,2024-02-29,Champions Tour 2024: EMEA Kickoff
303093,160736,BreezePICK,TH,1,3,2,0,0,2,2,12,9,2024-02-29,Champions Tour 2024: EMEA Kickoff
303093,160736,BreezePICK,NAVI,1,3,1,2,0,10,2,2,1,2024-02-29,Champions Tour 2024: EMEA Kickoff
303094,160738,LotusPICK,FNC,2,2,2,1,0,11,4,9,4,2024-02-29,Champions Tour 2024: EMEA Kickoff
303094,160738,LotusPICK,KC,0,4,0,2,1,1,1,16,11,2024-02-29,Champions Tour 2024: EMEA Kickoff
303094,160739,SplitPICK,FNC,0,3,0,1,0,6,3,11,5,2024-02-29,Champions Tour 2024: EMEA Kickoff
303094,160739,SplitPICK,KC,2,2,2,1,0,7,5,11,6,2024-02-29,Champions Tour 2024: EMEA Kickoff
303095,160741,SunsetPICK,TH,1,3,1,2,0,5,3,12,9,2024-03-01,Champions Tour 2024: EMEA Kickoff
303095,160741,SunsetPICK,KC,1,3,2,1,0,8,4,10,3,2024-03-01,Champions Tour 2024: EMEA Kickoff
303095,160742,LotusPICK,TH,1,3,1,3,1,5,3,9,2,2024-03-01,Champions Tour 2024: EMEA Kickoff
303095,160742,LotusPICK,KC,1,3,1,1,0,3,1,13,11,2024-03-01,Champions Tour 2024: EMEA Kickoff
303095,160743,IceboxPICK,TH,1,3,1,2,0,8,3,7,3,2024-03-01,Champions Tour 2024: EMEA Kickoff
303095,160743,IceboxPICK,KC,1,3,1,0,0,2,2,15,10,2024-03-01,Champions Tour 2024: EMEA Kickoff
303095,160744,SplitPICK,TH,1,3,1,0,0,9,2,6,2,2024-03-01,Champions Tour 2024: EMEA Kickoff
303095,160744,SplitPICK,KC,1,3,1,0,0,2,2,13,10,2024-03-01,Champions Tour 2024: EMEA Kickoff
307564,161388,SunsetPICK,KC,2,2,2,1,0,4,4,10,7,2024-02-26,Champions Tour 2024: EMEA Kickoff
307564,161388,SunsetPICK,MKOI,0,4,0,2,0,6,2,5,2,2024-02-26,Champions Tour 2024: EMEA Kickoff
307564,161389,BindPICK,KC,1,3,1,0,0,3,2,14,10,2024-02-26,Champions Tour 2024: EMEA Kickoff
307564,161389,BindPICK,MKOI,1,3,1,2,0,5,3,10,3,2024-02-26,Champions Tour 2024: EMEA Kickoff
307565,161391,SunsetPICK,MKOI,1,3,1,1,0,8,3,10,5,2024-02-26,Champions Tour 2024: EMEA Kickoff
307565,161391,SunsetPICK,VIT,1,3,1,1,0,5,2,13,10,2024-02-26,Champions Tour 2024: EMEA Kickoff
307565,161392,BreezePICK,MKOI,0,3,1,3,0,2,0,11,5,2024-02-26,Champions Tour 2024: EMEA Kickoff
307565,161392,BreezePICK,VIT,2,2,2,2,0,5,3,10,8,2024-02-26,Champions Tour 2024: EMEA Kickoff
307567,161394,SunsetPICK,KC,0,4,0,0,0,0,0,17,13,2024-02-26,Champions Tour 2024: EMEA Kickoff
307567,161394,SunsetPICK,VIT,2,2,2,1,0,14,6,4,0,2024-02-26,Champions Tour 2024: EMEA Kickoff
307567,161395,AscentPICK,KC,0,3,0,2,0,4,3,19,12,2024-02-26,Champions Tour 2024: EMEA Kickoff
307567,161395,AscentPICK,VIT,2,2,2,1,0,11,6,14,5,2024-02-26,Champions Tour 2024: EMEA Kickoff
307572,161397,SplitPICK,MIBR,1,3,1,1,0,5,1,11,5,2024-02-26,Champions Tour 2024: Americas Kickoff
307572,161397,SplitPICK,SEN,1,2,1,1,0,3,2,14,10,2024-02-26,Champions Tour 2024: Americas Kickoff
307572,161398,AscentPICK,MIBR,1,3,1,1,0,5,3,10,2,2024-02-26,Champions Tour 2024: Americas Kickoff
307572,161398,AscentPICK,SEN,1,4,1,0,0,4,3,11,9,2024-02-26,Champions Tour 2024: Americas Kickoff
307573,161400,SunsetPICK,G2,1,2,1,3,1,6,2,11,5,2024-02-26,Champions Tour 2024: Americas Kickoff
307573,161400,SunsetPICK,MIBR,1,3,1,0,0,5,2,14,10,2024-02-26,Champions Tour 2024: Americas Kickoff
307573,161401,SplitPICK,G2,1,3,1,2,1,4,3,19,10,2024-02-26,Champions Tour 2024: Americas Kickoff
307573,161401,SplitPICK,MIBR,1,3,1,1,1,6,4,18,7,2024-02-26,Champions Tour 2024: Americas Kickoff
307573,161402,Breeze,G2,1,3,1,2,1,6,2,12,6,2024-02-26,Champions Tour 2024: Americas Kickoff
307573,161402,Breeze,MIBR,1,3,1,1,1,6,3,13,8,2024-02-26,Champions Tour 2024: Americas Kickoff
307574,161403,SunsetPICK,SEN,1,3,1,0,0,6,3,12,9,2024-02-26,Champions Tour 2024: Americas Kickoff
307574,161403,SunsetPICK,G2,1,3,1,2,0,5,1,11,6,2024-02-26,Champions Tour 2024: Americas Kickoff
307574,161404,BreezePICK,SEN,1,3,1,1,0,9,5,9,3,2024-02-26,Champions Tour 2024: Americas Kickoff
307574,161404,BreezePICK,G2,1,3,1,2,0,4,2,13,10,2024-02-26,Champions Tour 2024: Americas Kickoff
307574,161405,Split,SEN,0,4,0,0,0,6,2,12,7,2024-02-26,Champions Tour 2024: Americas Kickoff
307574,161405,Split,G2,2,2,2,1,0,8,6,11,5,2024-02-26,Champions Tour 2024: Americas Kickoff
312765,162326,IceboxPICK,KC,1,3,1,0,0,5,2,13,10,2024-03-14,Champions Tour 2024: Masters Madrid
312765,162326,IceboxPICK,FPX,1,3,1,1,0,8,3,9,4,2024-03-14,Champions Tour 2024: Masters Madrid
312765,162327,LotusPICK,KC,1,3,1,2,1,4,2,14,9,2024-03-14,Champions Tour 2024: Masters Madrid
312765,162327,LotusPICK,FPX,1,3,1,2,0,6,3,12,6,2024-03-14,Champions Tour 2024: Masters Madrid
312766,162329,IceboxPICK,GEN,1,2,1,2,1,7,5,13,6,2024-03-14,Champions Tour 2024: Masters Madrid
312766,162329,IceboxPICK,LOUD,1,3,1,1,0,5,2,15,8,2024-03-14,Champions Tour 2024: Masters Madrid
312766,162330,BreezePICK,GEN,0,4,1,1,0,4,2,12,5,2024-03-14,Champions Tour 2024: Masters Madrid
312766,162330,BreezePICK,LOUD,2,3,2,0,0,6,4,12,7,2024-03-14,Champions Tour 2024: Masters Madrid
312766,162331,Ascent,GEN,1,3,1,1,0,3,2,11,10,2024-03-14,Champions Tour 2024: Masters Madrid
312766,162331,Ascent,LOUD,1,3,1,1,0,4,1,10,3,2024-03-14,Champions Tour 2024: Masters Madrid
312767,162332,SunsetPICK,EDG,1,3,1,1,0,6,2,11,5,2024-03-15,Champions Tour 2024: Masters Madrid
312767,162332,SunsetPICK,PRX,1,3,1,0,0,5,2,13,10,2024-03-15,Champions Tour 2024: Masters Madrid
312767,162333,BindPICK,EDG,0,4,0,2,2,2,1,14,10,2024-03-15,Champions Tour 2024: Masters Madrid
312767,162333,BindPICK,PRX,2,2,2,1,0,8,4,11,3,2024-03-15,Champions Tour 2024: Masters Madrid
312767,162334,Split,EDG,1,3,1,1,1,3,3,15,8,2024-03-15,Champions Tour 2024: Masters Madrid
312767,162334,Split,PRX,1,3,1,3,1,8,5,8,2,2024-03-15,Champions Tour 2024: Masters Madrid
312768,162335,LotusPICK,SEN,2,4,2,1,0,7,3,10,8,2024-03-15,Champions Tour 2024: Masters Madrid
312768,162335,LotusPICK,TH,0,4,1,2,0,4,0,12,8,2024-03-15,Champions Tour 2024: Masters Madrid
312768,162336,SunsetPICK,SEN,0,4,1,1,0,10,2,3,2,2024-03-15,Champions Tour 2024: Masters Madrid
312768,162336,SunsetPICK,TH,2,2,2,0,0,5,3,11,8,2024-03-15,Champions Tour 2024: Masters Madrid
312768,162337,Bind,SEN,1,3,1,1,0,7,4,13,8,2024-03-15,Champions Tour 2024: Masters Madrid
312768,162337,Bind,TH,1,3,1,0,0,7,2,14,8,2024-03-15,Champions Tour 2024: Masters Madrid
312776,162338,SplitPICK,SEN,2,2,2,0,0,5,5,10,6,2024-03-21,Champions Tour 2024: Masters Madrid
312776,162338,SplitPICK,LOUD,0,3,0,2,0,3,0,9,4,2024-03-21,Champions Tour 2024: Masters Madrid
312776,162339,IceboxPICK,SEN,2,2,2,3,0,9,4,12,6,2024-03-21,Champions Tour 2024: Masters Madrid
312776,162339,IceboxPICK,LOUD,0,4,0,1,1,1,1,20,12,2024-03-21,Champions Tour 2024: Masters Madrid
312776,162340,Sunset,SEN,0,3,0,2,0,10,6,11,8,2024-03-21,Champions Tour 2024: Masters Madrid
312776,162340,Sunset,LOUD,2,2,2,3,0,6,4,15,6,2024-03-21,Champions Tour 2024: Masters Madrid
312777,162341,SplitPICK,GEN,0,4,0,0,0,0,0,17,13,2024-03-21,Champions Tour 2024: Masters Madrid
312777,162341,SplitPICK,PRX,2,2,2,0,0,12,4,7,2,2024-03-21,Champions Tour 2024: Masters Madrid
312777,162342,LotusPICK,GEN,1,3,1,1,1,3,1,15,10,2024-03-21,Champions Tour 2024: Masters Madrid
312777,162342,LotusPICK,PRX,1,3,1,3,0,5,3,11,5,2024-03-21,Champions Tour 2024: Masters Madrid
312778,162344,SplitPICK,GEN,2,3,3,0,0,5,3,10,7,2024-03-22,Champions Tour 2024: Masters Madrid
312778,162344,SplitPICK,SEN,0,4,1,1,0,7,2,6,2,2024-03-22,Champions Tour 2024: Masters Madrid
312778,162345,LotusPICK,GEN,2,2,2,1,0,9,2,8,3,2024-03-22,Champions Tour 2024: Masters Madrid
312778,162345,LotusPICK,SEN,0,3,0,0,0,4,4,13,9,2024-03-22,Champions Tour 2024: Masters Madrid
312778,162346,Breeze,GEN,2,2,2,0,0,4,4,10,7,2024-03-22,Champions Tour 2024: Masters Madrid
312778,162346,Breeze,SEN,0,4,0,1,0,7,3,4,0,2024-03-22,Champions Tour 2024: Masters Madrid
312779,162347,BreezePICK,GEN,1,3,1,1,1,6,5,11,6,2024-03-24,Champions Tour 2024: Masters Madrid
312779,162347,BreezePICK,SEN,1,3,1,2,1,8,4,8,2,2024-03-24,Champions Tour 2024: Masters Madrid
312779,162348,BindPICK,GEN,1,3,1,1,0,6,5,16,6,2024-03-24,Champions Tour 2024: Masters Madrid
312779,162348,BindPICK,SEN,1,3,1,1,1,6,2,16,10,2024-03-24,Champions Tour 2024: Masters Madrid
312779,162349,AscentPICK,GEN,1,3,1,0,0,7,5,11,7,2024-03-24,Champions Tour 2024: Masters Madrid
312779,162349,AscentPICK,SEN,1,3,1,2,1,5,2,11,4,2024-03-24,Champions Tour 2024: Masters Madrid
312779,162350,SplitPICK,GEN,1,3,1,1,0,8,4,11,5,2024-03-24,Champions Tour 2024: Masters Madrid
312779,162350,SplitPICK,SEN,1,3,1,0,0,7,4,13,8,2024-03-24,Champions Tour 2024: Masters Madrid
312779,162351,Icebox,GEN,0,5,0,0,0,4,2,10,4,2024-03-24,Champions Tour 2024: Masters Madrid
312779,162351,Icebox,SEN,2,2,2,1,0,6,3,10,8,2024-03-24,Champions Tour 2024: Masters Madrid
312780,162352,AscentPICK,PRX,2,2,2,2,0,6,2,14,9,2024-03-22,Champions Tour 2024: Masters Madrid
312780,162352,AscentPICK,LOUD,0,4,0,2,1,4,0,14,10,2024-03-22,Champions Tour 2024: Masters Madrid
312780,163448,SunsetPICK,PRX,1,3,2,2,2,4,2,12,7,2024-03-22,Champions Tour 2024: Masters Madrid
312780,163448,SunsetPICK,LOUD,1,3,1,2,1,6,2,10,4,2024-03-22,Champions Tour 2024: Masters Madrid
312781,162353,LotusPICK,SEN,1,2,1,2,1,8,3,14,9,2024-03-23,Champions Tour 2024: Masters Madrid
312781,162353,LotusPICK,PRX,1,3,1,2,0,7,3,14,8,2024-03-23,Champions Tour 2024: Masters Madrid
312781,162354,AscentPICK,SEN,2,2,2,1,0,6,3,10,8,2024-03-23,Champions Tour 2024: Masters Madrid
312781,162354,AscentPICK,PRX,0,4,0,1,1,4,0,10,5,2024-03-23,Champions Tour 2024: Masters Madrid
312781,162355,SplitPICK,SEN,0,4,0,2,0,6,3,6,2,2024-03-23,Champions Tour 2024: Masters Madrid
312781,162355,SplitPICK,PRX,2,2,2,1,0,5,3,10,8,2024-03-23,Champions Tour 2024: Masters Madrid
312781,162356,SunsetPICK,SEN,1,3,2,0,0,3,3,10,8,2024-03-23,Champions Tour 2024: Masters Madrid
312781,162356,SunsetPICK,PRX,1,4,1,0,0,9,1,3,1,2024-03-23,Champions Tour 2024: Masters Madrid
312797,162358,IceboxPICK,EDG,1,3,1,0,0,2,2,16,10,2024-03-16,Champions Tour 2024: Masters Madrid
312797,162358,IceboxPICK,GEN,1,3,1,3,0,6,3,9,4,2024-03-16,Champions Tour 2024: Masters Madrid
312797,162359,SplitPICK,EDG,1,3,1,1,0,6,2,8,2,2024-03-16,Champions Tour 2024: Masters Madrid
312797,162359,SplitPICK,GEN,1,3,1,0,0,4,3,11,9,2024-03-16,Champions Tour 2024: Masters Madrid
312797,162360,Breeze,EDG,1,3,1,3,0,3,1,10,4,2024-03-16,Champions Tour 2024: Masters Madrid
312797,162360,Breeze,GEN,1,3,1,1,0,4,3,11,9,2024-03-16,Champions Tour 2024: Masters Madrid
312798,162361,SplitPICK,SEN,1,3,1,0,0,2,1,16,11,2024-03-16,Champions Tour 2024: Masters Madrid
312798,162361,SplitPICK,KC,1,3,1,1,0,7,2,10,5,2024-03-16,Champions Tour 2024: Masters Madrid
312798,162362,LotusPICK,SEN,1,3,1,1,1,6,4,14,7,2024-03-16,Champions Tour 2024: Masters Madrid
312798,162362,LotusPICK,KC,1,3,1,0,0,7,4,14,6,2024-03-16,Champions Tour 2024: Masters Madrid
312799,162364,SunsetPICK,TH,0,4,1,2,0,5,3,12,6,2024-03-17,Champions Tour 2024: Masters Madrid
312799,162364,SunsetPICK,PRX,2,2,2,1,0,9,5,11,6,2024-03-17,Champions Tour 2024: Masters Madrid
312799,162365,LotusPICK,TH,1,4,1,1,0,5,2,13,10,2024-03-17,Champions Tour 2024: Masters Madrid
312799,162365,LotusPICK,PRX,1,2,1,1,1,10,3,10,5,2024-03-17,Champions Tour 2024: Masters Madrid
312799,162366,Split,TH,0,4,0,0,0,4,0,12,7,2024-03-17,Champions Tour 2024: Masters Madrid
312799,162366,Split,PRX,2,2,2,1,0,7,3,10,8,2024-03-17,Champions Tour 2024: Masters Madrid
312800,162367,SunsetPICK,FPX,0,4,0,1,1,4,0,9,4,2024-03-17,Champions Tour 2024: Masters Madrid
312800,162367,SunsetPICK,LOUD,2,2,2,1,0,4,2,11,9,2024-03-17,Champions Tour 2024: Masters Madrid
312800,162368,BreezePICK,FPX,0,4,0,0,0,4,3,16,8,2024-03-17,Champions Tour 2024: Masters Madrid
312800,162368,BreezePICK,LOUD,2,2,2,1,0,7,5,14,6,2024-03-17,Champions Tour 2024: Masters Madrid
312802,162370,BindPICK,KC,0,3,0,1,1,7,3,12,6,2024-03-18,Champions Tour 2024: Masters Madrid
312802,162370,BindPICK,PRX,2,2,2,1,0,7,3,13,8,2024-03-18,Champions Tour 2024: Masters Madrid
312802,162371,LotusPICK,KC,0,4,0,0,0,2,2,13,11,2024-03-18,Champions Tour 2024: Masters Madrid
312802,162371,LotusPICK,PRX,2,2,2,1,0,10,4,6,0,2024-03-18,Champions Tour 2024: Masters Madrid
312802,162372,Ascent,KC,2,2,2,2,0,6,3,16,7,2024-03-18,Champions Tour 2024: Masters Madrid
312802,162372,Ascent,PRX,0,4,0,1,0,3,1,18,13,2024-03-18,Champions Tour 2024: Masters Madrid
312803,162373,IceboxPICK,LOUD,1,3,2,0,0,3,2,9,9,2024-03-18,Champions Tour 2024: Masters Madrid
312803,162373,IceboxPICK,EDG,1,3,1,0,0,9,0,3,1,2024-03-18,Champions Tour 2024: Masters Madrid
312803,162374,SunsetPICK,LOUD,2,2,2,1,0,5,4,8,7,2024-03-18,Champions Tour 2024: Masters Madrid
312803,162374,SunsetPICK,EDG,0,4,1,0,0,7,1,5,1,2024-03-18,Champions Tour 2024: Masters Madrid
314301,163149,SunsetPICK,GE,0,4,0,0,0,6,0,4,1,2024-04-06,Champions Tour 2024: Pacific Stage 1
314301,163149,SunsetPICK,ZETA,2,2,2,0,0,4,4,8,7,2024-04-06,Champions Tour 2024: Pacific Stage 1
314301,163150,IceboxPICK,GE,2,2,2,2,0,5,2,14,9,2024-04-06,Champions Tour 2024: Pacific Stage 1
314301,163150,IceboxPICK,ZETA,0,4,1,2,0,3,2,14,7,2024-04-06,Champions Tour 2024: Pacific Stage 1
314301,163151,Ascent,GE,0,4,0,0,0,5,3,12,5,2024-04-06,Champions Tour 2024: Pacific Stage 1
314301,163151,Ascent,ZETA,2,2,2,2,0,5,4,12,7,2024-04-06,Champions Tour 2024: Pacific Stage 1
314302,163152,SunsetPICK,TS,0,4,0,1,0,2,1,14,7,2024-04-06,Champions Tour 2024: Pacific Stage 1
314302,163152,SunsetPICK,KRX,2,2,2,2,1,5,3,12,7,2024-04-06,Champions Tour 2024: Pacific Stage 1
314302,163153,LotusPICK,TS,0,4,0,2,1,2,1,13,6,2024-04-06,Champions Tour 2024: Pacific Stage 1
314302,163153,LotusPICK,KRX,2,2,2,1,0,9,6,9,5,2024-04-06,Champions Tour 2024: Pacific Stage 1
314303,163155,LotusPICK,BLD,2,2,2,0,0,5,4,15,7,2024-04-07,Champions Tour 2024: Pacific Stage 1
314303,163155,LotusPICK,TLN,0,5,0,1,0,2,0,14,9,2024-04-07,Champions Tour 2024: Pacific Stage 1
314303,163156,BindPICK,BLD,1,3,1,2,0,6,3,9,3,2024-04-07,Champions Tour 2024: Pacific Stage 1
314303,163156,BindPICK,TLN,1,3,1,0,0,3,3,14,9,2024-04-07,Champions Tour 2024: Pacific Stage 1
314303,163157,Icebox,BLD,1,3,2,1,0,6,3,9,1,2024-04-07,Champions Tour 2024: Pacific Stage 1
314303,163157,Icebox,TLN,1,4,1,0,0,3,1,12,11,2024-04-07,Champions Tour 2024: Pacific Stage 1
314304,163158,LotusPICK,T1,1,3,1,0,0,8,3,12,6,2024-04-07,Champions Tour 2024: Pacific Stage 1
314304,163158,LotusPICK,PRX,1,3,1,0,0,8,4,12,8,2024-04-07,Champions Tour 2024: Pacific Stage 1
314304,163159,BindPICK,T1,0,4,0,0,0,5,3,17,9,2024-04-07,Champions Tour 2024: Pacific Stage 1
314304,163159,BindPICK,PRX,2,2,2,0,0,8,4,16,8,2024-04-07,Champions Tour 2024: Pacific Stage 1
314305,163161,BreezePICK,TS,1,3,1,2,0,8,5,10,4,2024-04-08,Champions Tour 2024: Pacific Stage 1
314305,163161,BreezePICK,RRQ,1,3,1,0,0,9,5,11,7,2024-04-08,Champions Tour 2024: Pacific Stage 1
314305,163162,SplitPICK,TS,1,3,1,0,0,4,4,12,8,2024-04-08,Champions Tour 2024: Pacific Stage 1
314305,163162,SplitPICK,RRQ,1,3,1,0,0,11,2,5,3,2024-04-08,Champions Tour 2024: Pacific Stage 1
314305,163163,Icebox,TS,1,3,1,1,0,4,2,18,9,2024-04-08,Champions Tour 2024: Pacific Stage 1
314305,163163,Icebox,RRQ,1,3,1,0,0,8,4,15,9,2024-04-08,Champions Tour 2024: Pacific Stage 1
314306,163164,AscentPICK,GE,2,2,2,1,0,9,2,9,4,2024-04-08,Champions Tour 2024: Pacific Stage 1
314306,163164,AscentPICK,KRX,0,4,0,0,0,1,0,16,13,2024-04-08,Champions Tour 2024: Pacific Stage 1
314306,163165,LotusPICK,GE,0,4,0,0,0,8,4,7,2,2024-04-08,Champions Tour 2024: Pacific Stage 1
314306,163165,LotusPICK,KRX,2,2,2,2,1,4,3,11,7,2024-04-08,Champions Tour 2024: Pacific Stage 1
314307,163167,LotusPICK,GEN,1,2,1,1,0,7,5,12,7,2024-04-09,Champions Tour 2024: Pacific Stage 1
314307,163167,LotusPICK,TLN,1,4,1,1,0,4,2,13,6,2024-04-09,Champions Tour 2024: Pacific Stage 1
314307,163168,AscentPICK,GEN,0,4,1,0,0,4,2,13,10,2024-04-09,Champions Tour 2024: Pacific Stage 1
314307,163168,AscentPICK,TLN,2,3,2,2,0,6,1,10,5,2024-04-09,Champions Tour 2024: Pacific Stage 1
314308,163170,AscentPICK,T1,1,3,1,0,0,6,3,14,6,2024-04-09,Champions Tour 2024: Pacific Stage 1
314308,163170,AscentPICK,DFM,1,3,1,0,0,7,1,13,11,2024-04-09,Champions Tour 2024: Pacific Stage 1
314308,163171,LotusPICK,T1,1,3,2,2,2,2,1,11,8,2024-04-09,Champions Tour 2024: Pacific Stage 1
314308,163171,LotusPICK,DFM,1,2,1,4,0,7,2,5,2,2024-04-09,Champions Tour 2024: Pacific Stage 1
314308,163172,Sunset,T1,1,3,1,0,0,10,6,11,4,2024-04-09,Champions Tour 2024: Pacific Stage 1
314308,163172,Sunset,DFM,1,3,1,0,0,10,6,11,6,2024-04-09,Champions Tour 2024: Pacific Stage 1
314309,163173,LotusPICK,GEN,1,3,1,1,1,8,3,12,8,2024-04-13,Champions Tour 2024: Pacific Stage 1
314309,163173,LotusPICK,PRX,1,3,1,1,0,5,1,15,9,2024-04-13,Champions Tour 2024: Pacific Stage 1
314309,163174,IceboxPICK,GEN,1,4,2,2,0,7,3,11,6,2024-04-13,Champions Tour 2024: Pacific Stage 1
314309,163174,IceboxPICK,PRX,1,2,1,3,1,4,2,15,9,2024-04-13,Champions Tour 2024: Pacific Stage 1
314309,163175,Bind,GEN,1,3,1,1,0,12,5,3,0,2024-04-13,Champions Tour 2024: Pacific Stage 1
314309,163175,Bind,PRX,1,3,1,0,0,3,2,13,10,2024-04-13,Champions Tour 2024: Pacific Stage 1
314310,163176,BreezePICK,T1,1,3,1,1,0,4,2,14,10,2024-04-13,Champions Tour 2024: Pacific Stage 1
314310,163176,BreezePICK,KRX,1,4,1,1,0,4,1,13,7,2024-04-13,Champions Tour 2024: Pacific Stage 1
314310,163177,SplitPICK,T1,1,3,1,0,0,10,4,5,0,2024-04-13,Champions Tour 2024: Pacific Stage 1
314310,163177,SplitPICK,KRX,1,3,1,0,0,5,4,10,8,2024-04-13,Champions Tour 2024: Pacific Stage 1
314310,163178,Bind,T1,1,3,1,1,0,9,4,6,1,2024-04-13,Champions Tour 2024: Pacific Stage 1
314310,163178,Bind,KRX,1,3,1,0,0,2,2,14,10,2024-04-13,Champions Tour 2024: Pacific Stage 1
314311,163179,IceboxPICK,TS,0,4,0,0,0,4,3,13,10,2024-04-14,Champions Tour 2024: Pacific Stage 1
314311,163179,IceboxPICK,ZETA,2,2,2,0,0,11,3,8,3,2024-04-14,Champions Tour 2024: Pacific Stage 1
314311,163180,LotusPICK,TS,1,3,1,3,0,5,1,8,4,2024-04-14,Champions Tour 2024: Pacific Stage 1
314311,163180,LotusPICK,ZETA,1,3,1,1,1,2,2,13,9,2024-04-14,Champions Tour 2024: Pacific Stage 1
314311,163181,Sunset,TS,1,3,1,2,0,3,2,12,10,2024-04-14,Champions Tour 2024: Pacific Stage 1
314311,163181,Sunset,ZETA,1,3,2,1,0,9,3,7,2,2024-04-14,Champions Tour 2024: Pacific Stage 1
314312,163182,LotusPICK,BLD,0,3,0,3,0,4,1,5,1,2024-04-14,Champions Tour 2024: Pacific Stage 1
314312,163182,LotusPICK,RRQ,2,2,2,0,0,3,3,10,8,2024-04-14,Champions Tour 2024: Pacific Stage 1
314312,163183,IceboxPICK,BLD,1,3,1,1,0,7,2,7,2,2024-04-14,Champions Tour 2024: Pacific Stage 1
314312,163183,IceboxPICK,RRQ,1,3,1,0,0,4,4,11,8,2024-04-14,Champions Tour 2024: Pacific Stage 1
314313,163185,SplitPICK,GEN,1,3,1,1,1,1,1,16,10,2024-04-15,Champions Tour 2024: Pacific Stage 1
314313,163185,SplitPICK,DFM,1,3,1,0,0,6,2,12,5,2024-04-15,Champions Tour 2024: Pacific Stage 1
314313,163186,LotusPICK,GEN,2,2,2,1,0,8,5,9,6,2024-04-15,Champions Tour 2024: Pacific Stage 1
314313,163186,LotusPICK,DFM,0,4,0,0,0,5,3,11,4,2024-04-15,Champions Tour 2024: Pacific Stage 1
314314,163188,IceboxPICK,GE,2,2,2,0,0,5,5,10,6,2024-04-15,Champions Tour 2024: Pacific Stage 1
314314,163188,IceboxPICK,TLN,0,3,0,4,0,1,1,9,3,2024-04-15,Champions Tour 2024: Pacific Stage 1
314314,163189,BreezePICK,GE,0,3,0,1,1,8,6,14,5,2024-04-15,Champions Tour 2024: Pacific Stage 1
314314,163189,BreezePICK,TLN,2,3,2,2,2,5,1,16,9,2024-04-15,Champions Tour 2024: Pacific Stage 1
314314,163190,Lotus,GE,0,4,0,0,0,4,2,11,4,2024-04-15,Champions Tour 2024: Pacific Stage 1
314314,163190,Lotus,TLN,2,2,2,0,0,6,3,11,8,2024-04-15,Champions Tour 2024: Pacific Stage 1
314315,163191,AscentPICK,T1,1,3,1,1,1,3,3,12,8,2024-04-16,Champions Tour 2024: Pacific Stage 1
314315,163191,AscentPICK,RRQ,1,3,1,0,0,11,4,5,1,2024-04-16,Champions Tour 2024: Pacific Stage 1
314315,163192,LotusPICK,T1,2,2,2,2,1,6,4,11,6,2024-04-16,Champions Tour 2024: Pacific Stage 1
314315,163192,LotusPICK,RRQ,0,4,0,0,0,10,4,7,4,2024-04-16,Champions Tour 2024: Pacific Stage 1
314316,163194,SunsetPICK,BLD,1,3,1,1,0,7,2,11,6,2024-04-16,Champions Tour 2024: Pacific Stage 1
314316,163194,SunsetPICK,ZETA,1,3,1,3,0,3,1,13,11,2024-04-16,Champions Tour 2024: Pacific Stage 1
314316,163195,AscentPICK,BLD,2,2,2,1,0,5,3,14,8,2024-04-16,Champions Tour 2024: Pacific Stage 1
314316,163195,AscentPICK,ZETA,0,4,0,1,0,5,3,12,6,2024-04-16,Champions Tour 2024: Pacific Stage 1
314316,163196,Lotus,BLD,0,4,0,0,0,4,1,13,7,2024-04-16,Champions Tour 2024: Pacific Stage 1
314316,163196,Lotus,ZETA,2,2,2,1,0,5,3,13,8,2024-04-16,Champions Tour 2024: Pacific Stage 1
314317,163197,BindPICK,GEN,1,3,1,1,0,8,4,11,5,2024-04-20,Champions Tour 2024: Pacific Stage 1
314317,163197,BindPICK,KRX,1,3,1,1,1,3,2,16,9,2024-04-20,Champions Tour 2024: Pacific Stage 1
314317,163198,AscentPICK,GEN,2,2,2,0,0,7,4,13,7,2024-04-20,Champions Tour 2024: Pacific Stage 1
314317,163198,AscentPICK,KRX,0,4,0,2,0,1,1,15,8,2024-04-20,Champions Tour 2024: Pacific Stage 1
314317,163199,Split,GEN,1,3,1,2,0,4,3,11,3,2024-04-20,Champions Tour 2024: Pacific Stage 1
314317,163199,Split,KRX,1,3,1,0,0,2,2,15,10,2024-04-20,Champions Tour 2024: Pacific Stage 1
314318,163200,LotusPICK,BLD,1,3,1,1,0,5,1,13,7,2024-04-20,Champions Tour 2024: Pacific Stage 1
314318,163200,LotusPICK,DFM,1,3,1,0,0,7,4,12,8,2024-04-20,Champions Tour 2024: Pacific Stage 1
314318,163201,SplitPICK,BLD,1,3,1,0,0,3,2,14,10,2024-04-20,Champions Tour 2024: Pacific Stage 1
314318,163201,SplitPICK,DFM,1,3,1,0,0,7,3,10,3,2024-04-20,Champions Tour 2024: Pacific Stage 1
314318,163202,Ascent,BLD,1,3,2,0,0,2,2,12,9,2024-04-20,Champions Tour 2024: Pacific Stage 1
314318,163202,Ascent,DFM,1,3,1,2,0,4,2,8,1,2024-04-20,Champions Tour 2024: Pacific Stage 1
314319,163203,LotusPICK,GE,2,2,2,1,0,5,3,15,8,2024-04-21,Champions Tour 2024: Pacific Stage 1
314319,163203,LotusPICK,RRQ,0,4,0,2,0,4,2,13,8,2024-04-21,Champions Tour 2024: Pacific Stage 1
314319,163204,IceboxPICK,GE,2,2,2,1,1,3,2,11,8,2024-04-21,Champions Tour 2024: Pacific Stage 1
314319,163204,IceboxPICK,RRQ,0,4,1,1,0,6,1,6,2,2024-04-21,Champions Tour 2024: Pacific Stage 1
314320,163206,IceboxPICK,TS,0,4,0,1,1,1,1,16,11,2024-04-21,Champions Tour 2024: Pacific Stage 1
314320,163206,IceboxPICK,PRX,2,2,2,2,0,10,5,8,2,2024-04-21,Champions Tour 2024: Pacific Stage 1
314320,163207,SunsetPICK,TS,2,2,2,0,0,7,6,12,5,2024-04-21,Champions Tour 2024: Pacific Stage 1
314320,163207,SunsetPICK,PRX,0,4,0,0,0,6,4,11,4,2024-04-21,Champions Tour 2024: Pacific Stage 1
314321,163209,LotusPICK,T1,1,3,1,1,0,5,2,15,8,2024-04-22,Champions Tour 2024: Pacific Stage 1
314321,163209,LotusPICK,TLN,1,3,1,1,0,6,4,14,8,2024-04-22,Champions Tour 2024: Pacific Stage 1
314321,163210,BindPICK,T1,1,3,1,1,0,7,4,12,5,2024-04-22,Champions Tour 2024: Pacific Stage 1
314321,163210,BindPICK,TLN,1,3,1,1,1,2,1,17,10,2024-04-22,Champions Tour 2024: Pacific Stage 1
314322,163212,SplitPICK,GEN,2,2,2,1,0,3,2,15,9,2024-04-22,Champions Tour 2024: Pacific Stage 1
314322,163212,SplitPICK,ZETA,0,4,1,1,0,3,2,13,5,2024-04-22,Champions Tour 2024: Pacific Stage 1
314322,163213,AscentPICK,GEN,1,3,1,1,0,3,2,19,11,2024-04-22,Champions Tour 2024: Pacific Stage 1
314322,163213,AscentPICK,ZETA,1,3,1,0,0,5,1,18,10,2024-04-22,Champions Tour 2024: Pacific Stage 1
314323,163215,LotusPICK,TS,2,3,2,0,0,3,2,11,9,2024-04-23,Champions Tour 2024: Pacific Stage 1
314323,163215,LotusPICK,DFM,0,3,0,2,0,5,3,7,1,2024-04-23,Champions Tour 2024: Pacific Stage 1
314323,163216,BreezePICK,TS,1,3,1,1,0,7,2,11,6,2024-04-23,Champions Tour 2024: Pacific Stage 1
314323,163216,BreezePICK,DFM,1,3,1,1,0,6,3,12,9,2024-04-23,Champions Tour 2024: Pacific Stage 1
314323,163217,Sunset,TS,1,3,1,0,0,2,2,10,10,2024-04-23,Champions Tour 2024: Pacific Stage 1
314323,163217,Sunset,DFM,1,3,1,1,0,7,1,4,0,2024-04-23,Champions Tour 2024: Pacific Stage 1
314324,163218,SunsetPICK,GE,1,4,1,0,0,9,2,4,1,2024-04-23,Champions Tour 2024: Pacific Stage 1
314324,163218,SunsetPICK,PRX,1,3,1,0,0,3,3,11,9,2024-04-23,Champions Tour 2024: Pacific Stage 1
314324,163219,IceboxPICK,GE,1,3,1,1,1,7,3,9,2,2024-04-23,Champions Tour 2024: Pacific Stage 1
314324,163219,IceboxPICK,PRX,1,3,1,1,1,3,2,13,9,2024-04-23,Champions Tour 2024: Pacific Stage 1
314325,163221,AscentPICK,BLD,0,4,0,1,1,7,3,6,1,2024-04-27,Champions Tour 2024: Pacific Stage 1
314325,163221,AscentPICK,PRX,2,2,2,1,0,4,3,11,8,2024-04-27,Champions Tour 2024: Pacific Stage 1
314325,163222,BindPICK,BLD,0,4,0,2,1,2,0,11,5,2024-04-27,Champions Tour 2024: Pacific Stage 1
314325,163222,BindPICK,PRX,2,2,2,0,0,6,4,11,7,2024-04-27,Champions Tour 2024: Pacific Stage 1
314326,163224,SplitPICK,GE,1,3,1,1,0,8,5,11,4,2024-04-27,Champions Tour 2024: Pacific Stage 1
314326,163224,SplitPICK,DFM,1,3,1,1,0,3,1,16,11,2024-04-27,Champions Tour 2024: Pacific Stage 1
314326,163225,LotusPICK,GE,1,3,1,2,1,3,1,10,10,2024-04-27,Champions Tour 2024: Pacific Stage 1
314326,163225,LotusPICK,DFM,1,3,2,0,0,9,1,6,2,2024-04-27,Champions Tour 2024: Pacific Stage 1
314326,163226,Ascent,GE,2,2,2,1,0,8,6,13,5,2024-04-27,Champions Tour 2024: Pacific Stage 1
314326,163226,Ascent,DFM,0,4,0,1,0,6,4,13,7,2024-04-27,Champions Tour 2024: Pacific Stage 1
314327,163227,BindPICK,T1,1,3,1,1,1,4,2,16,7,2024-04-28,Champions Tour 2024: Pacific Stage 1
314327,163227,BindPICK,ZETA,1,3,1,1,0,4,2,16,10,2024-04-28,Champions Tour 2024: Pacific Stage 1
314327,163228,LotusPICK,T1,1,3,1,1,0,4,2,14,10,2024-04-28,Champions Tour 2024: Pacific Stage 1
314327,163228,LotusPICK,ZETA,1,3,1,1,0,6,2,12,6,2024-04-28,Champions Tour 2024: Pacific Stage 1
314327,163229,Sunset,T1,2,2,2,1,1,9,4,11,6,2024-04-28,Champions Tour 2024: Pacific Stage 1
314327,163229,Sunset,ZETA,0,4,0,1,0,4,3,14,7,2024-04-28,Champions Tour 2024: Pacific Stage 1
314328,163230,SunsetPICK,TS,1,3,1,1,0,7,3,13,9,2024-04-28,Champions Tour 2024: Pacific Stage 1
314328,163230,SunsetPICK,TLN,1,3,1,0,0,6,2,15,8,2024-04-28,Champions Tour 2024: Pacific Stage 1
314328,163231,LotusPICK,TS,2,2,2,2,0,7,3,13,6,2024-04-28,Champions Tour 2024: Pacific Stage 1
314328,163231,LotusPICK,TLN,0,5,0,0,0,3,0,16,13,2024-04-28,Champions Tour 2024: Pacific Stage 1
314328,163232,Breeze,TS,0,4,1,0,0,5,2,14,7,2024-04-28,Champions Tour 2024: Pacific Stage 1
314328,163232,Breeze,TLN,2,3,2,2,1,7,5,11,5,2024-04-28,Champions Tour 2024: Pacific Stage 1
314329,163233,BindPICK,BLD,0,4,0,1,1,2,0,15,8,2024-04-29,Champions Tour 2024: Pacific Stage 1
314329,163233,BindPICK,KRX,2,2,2,3,1,6,5,11,5,2024-04-29,Champions Tour 2024: Pacific Stage 1
314329,163234,BreezePICK,BLD,2,2,2,3,0,8,2,4,0,2024-04-29,Champions Tour 2024: Pacific Stage 1
314329,163234,BreezePICK,KRX,0,4,1,0,0,0,0,13,12,2024-04-29,Champions Tour 2024: Pacific Stage 1
314330,163236,BreezePICK,GEN,1,3,1,0,0,4,4,9,8,2024-04-29,Champions Tour 2024: Pacific Stage 1
314330,163236,BreezePICK,RRQ,1,3,1,1,0,12,2,0,0,2024-04-29,Champions Tour 2024: Pacific Stage 1
314330,163237,AscentPICK,GEN,1,3,2,2,0,5,1,14,8,2024-04-29,Champions Tour 2024: Pacific Stage 1
314330,163237,AscentPICK,RRQ,1,3,1,1,0,9,5,11,7,2024-04-29,Champions Tour 2024: Pacific Stage 1
314330,163238,Split,GEN,0,4,0,2,1,4,3,13,6,2024-04-29,Champions Tour 2024: Pacific Stage 1
314330,163238,Split,RRQ,2,2,2,1,1,9,6,11,4,2024-04-29,Champions Tour 2024: Pacific Stage 1
314340,163239,IceboxPICK,ZETA,0,3,0,2,0,3,0,5,0,2024-06-15,Champions Tour 2024: Pacific Stage 2
314340,163239,IceboxPICK,KRX,2,2,2,0,0,1,1,10,10,2024-06-15,Champions Tour 2024: Pacific Stage 2
314340,163240,SunsetPICK,ZETA,2,2,2,3,1,6,3,13,7,2024-06-15,Champions Tour 2024: Pacific Stage 2
314340,163240,SunsetPICK,KRX,0,4,0,1,1,2,0,17,10,2024-06-15,Champions Tour 2024: Pacific Stage 2
314340,163241,Breeze,ZETA,1,3,1,2,2,6,1,6,0,2024-06-15,Champions Tour 2024: Pacific Stage 2
314340,163241,Breeze,KRX,1,3,1,0,0,1,1,13,11,2024-06-15,Champions Tour 2024: Pacific Stage 2
314341,163242,AscentPICK,TS,1,3,1,0,0,7,2,13,7,2024-06-15,Champions Tour 2024: Pacific Stage 2
314341,163242,AscentPICK,BLD,1,3,1,1,0,5,2,14,10,2024-06-15,Champions Tour 2024: Pacific Stage 2
314341,163243,SunsetPICK,TS,1,3,1,2,1,3,3,13,8,2024-06-15,Champions Tour 2024: Pacific Stage 2
314341,163243,SunsetPICK,BLD,1,3,1,1,1,6,4,11,2,2024-06-15,Champions Tour 2024: Pacific Stage 2
314341,163244,Split,TS,2,2,2,0,0,5,2,14,9,2024-06-15,Champions Tour 2024: Pacific Stage 2
314341,163244,Split,BLD,0,5,0,1,1,4,3,11,4,2024-06-15,Champions Tour 2024: Pacific Stage 2
314342,163245,SplitPICK,T1,1,3,1,0,0,5,3,20,9,2024-06-16,Champions Tour 2024: Pacific Stage 2
314342,163245,SplitPICK,GEN,1,3,1,1,0,9,3,15,11,2024-06-16,Champions Tour 2024: Pacific Stage 2
314342,163246,LotusPICK,T1,2,2,2,1,1,5,3,10,7,2024-06-16,Champions Tour 2024: Pacific Stage 2
314342,163246,LotusPICK,GEN,0,4,0,1,0,9,4,4,1,2024-06-16,Champions Tour 2024: Pacific Stage 2
314342,163247,Sunset,T1,0,4,0,0,0,3,1,15,8,2024-06-16,Champions Tour 2024: Pacific Stage 2
314342,163247,Sunset,GEN,2,2,2,1,1,8,6,11,4,2024-06-16,Champions Tour 2024: Pacific Stage 2
314343,163248,IceboxPICK,PRX,2,2,2,0,0,3,2,12,9,2024-06-16,Champions Tour 2024: Pacific Stage 2
314343,163248,IceboxPICK,TLN,0,3,0,2,0,3,1,9,3,2024-06-16,Champions Tour 2024: Pacific Stage 2
314343,163249,SunsetPICK,PRX,1,3,2,1,0,2,2,14,9,2024-06-16,Champions Tour 2024: Pacific Stage 2
314343,163249,SunsetPICK,TLN,1,4,1,1,0,3,1,12,5,2024-06-16,Champions Tour 2024: Pacific Stage 2
314344,163251,IceboxPICK,RRQ,1,3,1,0,0,10,6,15,8,2024-06-17,Champions Tour 2024: Pacific Stage 2
314344,163251,IceboxPICK,DFM,1,4,1,1,0,9,5,14,7,2024-06-17,Champions Tour 2024: Pacific Stage 2
314344,163252,AscentPICK,RRQ,0,4,0,0,0,4,3,14,10,2024-06-17,Champions Tour 2024: Pacific Stage 2
314344,163252,AscentPICK,DFM,2,2,2,2,1,8,4,10,2,2024-06-17,Champions Tour 2024: Pacific Stage 2
314345,163254,SunsetPICK,TS,1,3,1,0,0,6,2,12,10,2024-06-17,Champions Tour 2024: Pacific Stage 2
314345,163254,SunsetPICK,GE,1,3,1,1,0,7,1,10,6,2024-06-17,Champions Tour 2024: Pacific Stage 2
314345,163255,AscentPICK,TS,2,2,2,1,0,7,4,13,7,2024-06-17,Champions Tour 2024: Pacific Stage 2
314345,163255,AscentPICK,GE,0,4,1,2,0,1,1,16,8,2024-06-17,Champions Tour 2024: Pacific Stage 2
314346,163257,LotusPICK,TLN,1,4,1,1,0,2,1,21,13,2024-06-22,Champions Tour 2024: Pacific Stage 2
314346,163257,LotusPICK,RRQ,1,3,2,0,0,4,3,21,8,2024-06-22,Champions Tour 2024: Pacific Stage 2
314346,163258,AscentPICK,TLN,1,3,1,2,1,6,2,12,6,2024-06-22,Champions Tour 2024: Pacific Stage 2
314346,163258,AscentPICK,RRQ,1,3,1,0,0,4,4,16,8,2024-06-22,Champions Tour 2024: Pacific Stage 2
314346,163259,Icebox,TLN,1,4,1,1,0,2,2,16,10,2024-06-22,Champions Tour 2024: Pacific Stage 2
314346,163259,Icebox,RRQ,1,3,1,1,0,11,4,8,5,2024-06-22,Champions Tour 2024: Pacific Stage 2
314347,163260,SplitPICK,PRX,2,2,2,0,0,5,4,10,7,2024-06-22,Champions Tour 2024: Pacific Stage 2
314347,163260,SplitPICK,KRX,0,4,0,0,0,5,2,8,2,2024-06-22,Champions Tour 2024: Pacific Stage 2
314347,163261,HavenPICK,PRX,0,4,0,3,2,4,0,10,6,2024-06-22,Champions Tour 2024: Pacific Stage 2
314347,163261,HavenPICK,KRX,2,2,2,1,0,6,4,12,7,2024-06-22,Champions Tour 2024: Pacific Stage 2
314347,163262,Icebox,PRX,2,3,2,0,0,6,4,9,7,2024-06-22,Champions Tour 2024: Pacific Stage 2
314347,163262,Icebox,KRX,0,3,0,3,1,3,1,9,3,2024-06-22,Champions Tour 2024: Pacific Stage 2
314348,163263,LotusPICK,GE,1,3,1,0,0,5,5,11,7,2024-06-23,Champions Tour 2024: Pacific Stage 2
314348,163263,LotusPICK,BLD,1,4,1,2,0,4,1,9,4,2024-06-23,Champions Tour 2024: Pacific Stage 2
314348,163264,SunsetPICK,GE,1,3,1,0,0,8,6,8,6,2024-06-23,Champions Tour 2024: Pacific Stage 2
314348,163264,SunsetPICK,BLD,1,3,1,1,0,6,3,9,2,2024-06-23,Champions Tour 2024: Pacific Stage 2
314349,163266,HavenPICK,DFM,2,2,2,1,0,7,3,10,2,2024-06-23,Champions Tour 2024: Pacific Stage 2
314349,163266,HavenPICK,ZETA,0,4,0,0,0,0,0,16,13,2024-06-23,Champions Tour 2024: Pacific Stage 2
314349,163267,SunsetPICK,DFM,2,2,2,1,0,7,5,12,6,2024-06-23,Champions Tour 2024: Pacific Stage 2
314349,163267,SunsetPICK,ZETA,0,4,0,2,0,2,2,14,7,2024-06-23,Champions Tour 2024: Pacific Stage 2
314349,163268,Ascent,DFM,0,4,0,2,1,1,1,16,11,2024-06-23,Champions Tour 2024: Pacific Stage 2
314349,163268,Ascent,ZETA,2,2,2,1,1,9,3,11,4,2024-06-23,Champions Tour 2024: Pacific Stage 2
314350,163269,SplitPICK,KRX,2,2,2,4,1,6,4,14,5,2024-06-24,Champions Tour 2024: Pacific Stage 2
314350,163269,SplitPICK,RRQ,0,4,1,0,0,2,2,20,11,2024-06-24,Champions Tour 2024: Pacific Stage 2
314350,163270,SunsetPICK,KRX,1,3,1,3,1,5,2,15,8,2024-06-24,Champions Tour 2024: Pacific Stage 2
314350,163270,SunsetPICK,RRQ,1,3,1,0,0,12,7,11,6,2024-06-24,Champions Tour 2024: Pacific Stage 2
314351,163272,HavenPICK,TS,2,3,3,3,1,7,2,10,4,2024-06-24,Champions Tour 2024: Pacific Stage 2
314351,163272,HavenPICK,T1,0,4,1,0,0,6,2,13,10,2024-06-24,Champions Tour 2024: Pacific Stage 2
314351,163273,SplitPICK,TS,2,2,2,0,0,7,4,10,7,2024-06-24,Champions Tour 2024: Pacific Stage 2
314351,163273,SplitPICK,T1,0,4,0,1,0,3,1,11,5,2024-06-24,Champions Tour 2024: Pacific Stage 2
314351,163274,Icebox,TS,1,4,1,0,0,4,2,18,11,2024-06-24,Champions Tour 2024: Pacific Stage 2
314351,163274,Icebox,T1,1,3,2,2,0,5,3,16,7,2024-06-24,Champions Tour 2024: Pacific Stage 2
314352,163275,LotusPICK,TLN,1,4,1,0,0,1,0,15,12,2024-06-29,Champions Tour 2024: Pacific Stage 2
314352,163275,LotusPICK,DFM,1,3,2,3,0,4,1,10,4,2024-06-29,Champions Tour 2024: Pacific Stage 2
314352,163276,SunsetPICK,TLN,2,2,2,1,0,12,7,8,4,2024-06-29,Champions Tour 2024: Pacific Stage 2
314352,163276,SunsetPICK,DFM,0,4,0,2,1,1,1,16,8,2024-06-29,Champions Tour 2024: Pacific Stage 2
314353,163278,SplitPICK,ZETA,1,3,1,2,0,4,3,12,4,2024-06-29,Champions Tour 2024: Pacific Stage 2
314353,163278,SplitPICK,RRQ,1,3,1,0,0,3,2,15,10,2024-06-29,Champions Tour 2024: Pacific Stage 2
314353,163279,SunsetPICK,ZETA,1,3,1,0,0,6,3,14,6,2024-06-29,Champions Tour 2024: Pacific Stage 2
314353,163279,SunsetPICK,RRQ,1,3,1,1,1,9,5,10,6,2024-06-29,Champions Tour 2024: Pacific Stage 2
314354,163281,IceboxPICK,GE,2,2,2,2,2,8,4,11,5,2024-06-30,Champions Tour 2024: Pacific Stage 2
314354,163281,IceboxPICK,T1,0,4,0,1,0,2,2,16,8,2024-06-30,Champions Tour 2024: Pacific Stage 2
314354,163282,LotusPICK,GE,2,3,2,1,0,13,4,4,2,2024-06-30,Champions Tour 2024: Pacific Stage 2
314354,163282,LotusPICK,T1,0,4,0,0,0,1,1,16,12,2024-06-30,Champions Tour 2024: Pacific Stage 2
314354,163283,Ascent,GE,1,3,1,1,0,9,5,8,2,2024-06-30,Champions Tour 2024: Pacific Stage 2
314354,163283,Ascent,T1,1,3,1,0,0,4,2,14,10,2024-06-30,Champions Tour 2024: Pacific Stage 2
314355,163284,AscentPICK,BLD,0,4,0,2,1,2,0,11,5,2024-06-30,Champions Tour 2024: Pacific Stage 2
314355,163284,AscentPICK,GEN,2,2,2,0,0,6,3,11,8,2024-06-30,Champions Tour 2024: Pacific Stage 2
314355,163285,SunsetPICK,BLD,1,3,1,2,1,2,1,16,10,2024-06-30,Champions Tour 2024: Pacific Stage 2
314355,163285,SunsetPICK,GEN,1,3,2,1,0,8,5,11,3,2024-06-30,Champions Tour 2024: Pacific Stage 2
314355,163286,Icebox,BLD,0,4,0,2,0,1,1,17,10,2024-06-30,Champions Tour 2024: Pacific Stage 2
314355,163286,Icebox,GEN,2,2,2,0,0,6,4,16,7,2024-06-30,Champions Tour 2024: Pacific Stage 2
314356,163287,IceboxPICK,PRX,1,3,1,0,0,2,2,12,10,2024-07-01,Champions Tour 2024: Pacific Stage 2
314356,163287,IceboxPICK,DFM,1,3,1,1,1,7,2,6,0,2024-07-01,Champions Tour 2024: Pacific Stage 2
314356,163288,SunsetPICK,PRX,1,3,1,1,0,3,2,14,10,2024-07-01,Champions Tour 2024: Pacific Stage 2
314356,163288,SunsetPICK,DFM,1,3,1,0,0,4,1,14,6,2024-07-01,Champions Tour 2024: Pacific Stage 2
314357,163290,AscentPICK,KRX,1,3,1,4,1,3,2,14,7,2024-07-01,Champions Tour 2024: Pacific Stage 2
314357,163290,AscentPICK,TLN,1,3,1,1,0,2,1,18,11,2024-07-01,Champions Tour 2024: Pacific Stage 2
314357,163291,HavenPICK,KRX,0,4,0,2,2,1,0,16,11,2024-07-01,Champions Tour 2024: Pacific Stage 2
314357,163291,HavenPICK,TLN,2,2,2,0,0,9,3,12,5,2024-07-01,Champions Tour 2024: Pacific Stage 2
314357,163292,Icebox,KRX,1,3,1,1,0,3,3,11,9,2024-07-01,Champions Tour 2024: Pacific Stage 2
314357,163292,Icebox,TLN,1,3,1,1,0,9,1,5,3,2024-07-01,Champions Tour 2024: Pacific Stage 2
314358,163293,LotusPICK,PRX,0,3,0,0,0,6,6,11,7,2024-07-05,Champions Tour 2024: Pacific Stage 2
314358,163293,LotusPICK,RRQ,2,2,2,1,0,6,2,11,3,2024-07-05,Champions Tour 2024: Pacific Stage 2
314358,163294,AscentPICK,PRX,1,3,1,1,0,9,5,7,1,2024-07-05,Champions Tour 2024: Pacific Stage 2
314358,163294,AscentPICK,RRQ,1,3,2,0,0,6,5,11,6,2024-07-05,Champions Tour 2024: Pacific Stage 2
314358,163295,Sunset,PRX,2,2,2,2,1,5,3,14,7,2024-07-05,Champions Tour 2024: Pacific Stage 2
314358,163295,Sunset,RRQ,0,4,0,1,0,9,5,9,5,2024-07-05,Champions Tour 2024: Pacific Stage 2
314359,163296,LotusPICK,GEN,2,2,2,0,0,4,3,8,8,2024-07-05,Champions Tour 2024: Pacific Stage 2
314359,163296,LotusPICK,GE,0,3,0,1,0,8,0,2,1,2024-07-05,Champions Tour 2024: Pacific Stage 2
314359,163297,AscentPICK,GEN,2,2,2,1,0,7,3,9,8,2024-07-05,Champions Tour 2024: Pacific Stage 2
314359,163297,AscentPICK,GE,0,4,0,0,0,8,2,7,4,2024-07-05,Champions Tour 2024: Pacific Stage 2
314360,163299,IceboxPICK,KRX,1,3,1,1,0,3,3,13,9,2024-07-06,Champions Tour 2024: Pacific Stage 2
314360,163299,IceboxPICK,DFM,1,3,1,1,1,4,2,12,3,2024-07-06,Champions Tour 2024: Pacific Stage 2
314360,163300,AscentPICK,KRX,0,4,0,0,0,4,2,11,4,2024-07-06,Champions Tour 2024: Pacific Stage 2
314360,163300,AscentPICK,DFM,2,2,2,0,0,7,5,10,6,2024-07-06,Champions Tour 2024: Pacific Stage 2
314360,178343,Haven,KRX,2,2,2,0,0,3,3,10,8,2024-07-06,Champions Tour 2024: Pacific Stage 2
314360,178343,Haven,DFM,0,3,0,2,0,4,0,6,2,2024-07-06,Champions Tour 2024: Pacific Stage 2
314361,163302,AscentPICK,ZETA,1,3,1,1,0,3,3,12,9,2024-07-06,Champions Tour 2024: Pacific Stage 2
314361,163302,AscentPICK,TLN,1,3,1,1,0,7,3,8,2,2024-07-06,Champions Tour 2024: Pacific Stage 2
314361,163303,LotusPICK,ZETA,1,3,1,2,0,6,2,10,5,2024-07-06,Champions Tour 2024: Pacific Stage 2
314361,163303,LotusPICK,TLN,1,3,1,0,0,4,4,14,8,2024-07-06,Champions Tour 2024: Pacific Stage 2
314361,163304,Haven,ZETA,1,2,1,1,1,5,5,13,6,2024-07-06,Champions Tour 2024: Pacific Stage 2
314361,163304,Haven,TLN,1,5,1,0,0,5,2,11,5,2024-07-06,Champions Tour 2024: Pacific Stage 2
314362,163305,SunsetPICK,GEN,2,2,2,2,0,9,2,6,2,2024-07-07,Champions Tour 2024: Pacific Stage 2
314362,163305,SunsetPICK,TS,0,4,1,1,0,1,1,13,11,2024-07-07,Champions Tour 2024: Pacific Stage 2
314362,163306,LotusPICK,GEN,2,2,2,0,0,6,3,12,8,2024-07-07,Champions Tour 2024: Pacific Stage 2
314362,163306,LotusPICK,TS,0,4,0,1,0,4,2,11,5,2024-07-07,Champions Tour 2024: Pacific Stage 2
314362,163307,Split,GEN,1,3,1,1,0,6,4,16,7,2024-07-07,Champions Tour 2024: Pacific Stage 2
314362,163307,Split,TS,1,3,1,1,0,5,3,17,10,2024-07-07,Champions Tour 2024: Pacific Stage 2
314363,163308,AscentPICK,PRX,0,3,1,1,0,5,1,13,7,2024-07-07,Champions Tour 2024: Pacific Stage 2
314363,163308,AscentPICK,ZETA,2,3,2,2,0,5,3,12,8,2024-07-07,Champions Tour 2024: Pacific Stage 2
314363,163309,LotusPICK,PRX,1,3,1,1,0,4,2,13,10,2024-07-07,Champions Tour 2024: Pacific Stage 2
314363,163309,LotusPICK,ZETA,1,3,1,3,0,5,2,10,5,2024-07-07,Champions Tour 2024: Pacific Stage 2
314363,163310,Sunset,PRX,1,3,1,0,0,2,2,12,10,2024-07-07,Champions Tour 2024: Pacific Stage 2
314363,163310,Sunset,ZETA,1,3,1,1,1,6,1,7,1,2024-07-07,Champions Tour 2024: Pacific Stage 2
314364,163311,BindPICK,T1,1,3,1,1,1,4,2,16,9,2024-07-08,Champions Tour 2024: Pacific Stage 2
314364,163311,BindPICK,BLD,1,3,1,2,1,6,3,13,6,2024-07-08,Champions Tour 2024: Pacific Stage 2
314364,163312,LotusPICK,T1,2,2,2,2,0,8,3,10,4,2024-07-08,Champions Tour 2024: Pacific Stage 2
314364,163312,LotusPICK,BLD,0,3,1,2,1,2,2,15,9,2024-07-08,Champions Tour 2024: Pacific Stage 2
314364,163313,Ascent,T1,2,2,2,1,0,7,4,11,7,2024-07-08,Champions Tour 2024: Pacific Stage 2
314364,163313,Ascent,BLD,0,6,0,1,1,3,2,11,5,2024-07-08,Champions Tour 2024: Pacific Stage 2
314622,163351,IceboxPICK,C9,1,3,1,2,1,5,2,10,3,2024-04-06,Champions Tour 2024: Americas Stage 1
314622,163351,IceboxPICK,LEV,1,3,1,1,0,1,1,15,11,2024-04-06,Champions Tour 2024: Americas Stage 1
314622,163352,SunsetPICK,C9,1,3,1,1,0,2,1,14,11,2024-04-06,Champions Tour 2024: Americas Stage 1
314622,163352,SunsetPICK,LEV,1,3,1,1,0,5,1,11,5,2024-04-06,Champions Tour 2024: Americas Stage 1
314622,163353,Ascent,C9,0,4,1,1,0,5,3,24,14,2024-04-06,Champions Tour 2024: Americas Stage 1
314622,163353,Ascent,LEV,2,3,2,2,0,4,2,25,12,2024-04-06,Champions Tour 2024: Americas Stage 1
314623,163354,BreezePICK,NRG,2,3,2,2,1,7,5,11,5,2024-04-06,Champions Tour 2024: Americas Stage 1
314623,163354,BreezePICK,LOUD,0,4,0,1,1,2,0,16,9,2024-04-06,Champions Tour 2024: Americas Stage 1
314623,163355,SunsetPICK,NRG,2,2,2,0,0,4,4,9,7,2024-04-06,Champions Tour 2024: Americas Stage 1
314623,163355,SunsetPICK,LOUD,0,3,0,1,0,6,2,5,0,2024-04-06,Champions Tour 2024: Americas Stage 1
314624,163357,LotusPICK,G2,2,2,2,1,1,8,3,10,7,2024-04-07,Champions Tour 2024: Americas Stage 1
314624,163357,LotusPICK,EG,0,4,0,3,1,3,1,11,6,2024-04-07,Champions Tour 2024: Americas Stage 1
314624,163358,IceboxPICK,G2,2,2,2,0,0,3,2,11,9,2024-04-07,Champions Tour 2024: Americas Stage 1
314624,163358,IceboxPICK,EG,0,3,0,2,0,6,1,5,2,2024-04-07,Champions Tour 2024: Americas Stage 1
314625,163360,IceboxPICK,SEN,2,2,2,1,0,11,6,9,5,2024-04-07,Champions Tour 2024: Americas Stage 1
314625,163360,IceboxPICK,100T,0,4,0,2,1,0,0,17,9,2024-04-07,Champions Tour 2024: Americas Stage 1
314625,163361,SplitPICK,SEN,1,3,1,0,0,4,3,12,9,2024-04-07,Champions Tour 2024: Americas Stage 1
314625,163361,SplitPICK,100T,1,3,1,3,0,4,1,9,4,2024-04-07,Champions Tour 2024: Americas Stage 1
314626,163363,LotusPICK,KRÜ,1,3,1,1,0,3,3,13,9,2024-04-08,Champions Tour 2024: Americas Stage 1
314626,163363,LotusPICK,FUR,1,3,1,2,0,7,3,8,3,2024-04-08,Champions Tour 2024: Americas Stage 1
314626,163364,IceboxPICK,KRÜ,1,3,1,1,1,5,1,15,8,2024-04-08,Champions Tour 2024: Americas Stage 1
314626,163364,IceboxPICK,FUR,1,3,2,2,0,9,7,10,4,2024-04-08,Champions Tour 2024: Americas Stage 1
314626,163365,Breeze,KRÜ,0,4,0,1,0,0,0,15,13,2024-04-08,Champions Tour 2024: Americas Stage 1
314626,163365,Breeze,FUR,2,2,2,2,0,11,4,5,1,2024-04-08,Champions Tour 2024: Americas Stage 1
314628,163366,BindPICK,G2,1,3,1,2,0,6,3,11,5,2024-04-13,Champions Tour 2024: Americas Stage 1
314628,163366,BindPICK,100T,1,3,1,1,0,3,2,15,10,2024-04-13,Champions Tour 2024: Americas Stage 1
314628,163367,SplitPICK,G2,2,2,2,2,0,11,4,6,2,2024-04-13,Champions Tour 2024: Americas Stage 1
314628,163367,SplitPICK,100T,0,4,0,0,0,3,1,14,12,2024-04-13,Champions Tour 2024: Americas Stage 1
314629,163369,LotusPICK,SEN,1,3,1,2,0,10,6,21,10,2024-04-13,Champions Tour 2024: Americas Stage 1
314629,163369,LotusPICK,LEV,1,3,1,2,0,4,3,27,15,2024-04-13,Champions Tour 2024: Americas Stage 1
314629,163370,IceboxPICK,SEN,2,3,2,0,0,13,7,8,2,2024-04-13,Champions Tour 2024: Americas Stage 1
314629,163370,IceboxPICK,LEV,0,4,1,0,0,4,3,16,9,2024-04-13,Champions Tour 2024: Americas Stage 1
314630,163372,IceboxPICK,KRÜ,2,2,2,0,0,4,3,13,8,2024-04-14,Champions Tour 2024: Americas Stage 1
314630,163372,IceboxPICK,MIBR,0,4,0,1,0,5,3,9,3,2024-04-14,Champions Tour 2024: Americas Stage 1
314630,163373,SunsetPICK,KRÜ,1,3,1,1,1,4,2,13,9,2024-04-14,Champions Tour 2024: Americas Stage 1
314630,163373,SunsetPICK,MIBR,1,3,1,0,0,6,2,12,5,2024-04-14,Champions Tour 2024: Americas Stage 1
314631,163375,SplitPICK,NRG,1,3,1,0,0,1,1,11,11,2024-04-14,Champions Tour 2024: Americas Stage 1
314631,163375,SplitPICK,FUR,1,2,1,1,0,8,1,4,0,2024-04-14,Champions Tour 2024: Americas Stage 1
314631,163376,BreezePICK,NRG,0,4,0,1,0,2,2,14,11,2024-04-14,Champions Tour 2024: Americas Stage 1
314631,163376,BreezePICK,FUR,2,2,2,1,0,11,4,7,2,2024-04-14,Champions Tour 2024: Americas Stage 1
314632,163378,LotusPICK,C9,1,2,1,2,1,9,3,9,4,2024-04-15,Champions Tour 2024: Americas Stage 1
314632,163378,LotusPICK,EG,1,3,1,0,0,5,3,14,9,2024-04-15,Champions Tour 2024: Americas Stage 1
314632,163379,SunsetPICK,C9,1,2,1,1,1,4,4,14,7,2024-04-15,Champions Tour 2024: Americas Stage 1
314632,163379,SunsetPICK,EG,1,4,1,1,0,6,3,10,4,2024-04-15,Champions Tour 2024: Americas Stage 1
314632,163380,Split,C9,2,2,2,1,0,3,3,11,8,2024-04-15,Champions Tour 2024: Americas Stage 1
314632,163380,Split,EG,0,3,0,3,0,5,2,6,2,2024-04-15,Champions Tour 2024: Americas Stage 1
314634,163381,LotusPICK,SEN,2,2,2,0,0,4,3,10,8,2024-04-20,Champions Tour 2024: Americas Stage 1
314634,163381,LotusPICK,MIBR,0,4,0,3,0,3,2,6,1,2024-04-20,Champions Tour 2024: Americas Stage 1
314634,163382,BindPICK,SEN,0,4,1,0,0,1,1,15,11,2024-04-20,Champions Tour 2024: Americas Stage 1
314634,163382,BindPICK,MIBR,2,3,2,1,0,7,3,9,2,2024-04-20,Champions Tour 2024: Americas Stage 1
314635,163384,BindPICK,C9,1,2,1,1,0,7,3,14,7,2024-04-20,Champions Tour 2024: Americas Stage 1
314635,163384,BindPICK,LOUD,1,3,1,0,0,8,4,13,8,2024-04-20,Champions Tour 2024: Americas Stage 1
314635,163385,IceboxPICK,C9,2,2,2,0,0,5,4,10,7,2024-04-20,Champions Tour 2024: Americas Stage 1
314635,163385,IceboxPICK,LOUD,0,4,0,2,0,2,1,9,3,2024-04-20,Champions Tour 2024: Americas Stage 1
314635,163386,Lotus,C9,0,3,0,1,1,3,3,15,9,2024-04-20,Champions Tour 2024: Americas Stage 1
314635,163386,Lotus,LOUD,2,2,2,2,0,12,5,6,2,2024-04-20,Champions Tour 2024: Americas Stage 1
314636,163387,LotusPICK,KRÜ,1,3,1,0,0,2,2,13,10,2024-04-21,Champions Tour 2024: Americas Stage 1
314636,163387,LotusPICK,EG,1,4,1,2,0,7,3,5,1,2024-04-21,Champions Tour 2024: Americas Stage 1
314636,163388,BreezePICK,KRÜ,2,2,2,3,0,3,2,14,9,2024-04-21,Champions Tour 2024: Americas Stage 1
314636,163388,BreezePICK,EG,0,4,0,0,0,5,3,13,6,2024-04-21,Champions Tour 2024: Americas Stage 1
314637,163390,SunsetPICK,NRG,0,3,0,2,1,6,3,6,0,2024-04-21,Champions Tour 2024: Americas Stage 1
314637,163390,SunsetPICK,LEV,2,2,2,1,0,3,2,11,9,2024-04-21,Champions Tour 2024: Americas Stage 1
314637,163391,BindPICK,NRG,1,3,1,1,0,7,2,6,1,2024-04-21,Champions Tour 2024: Americas Stage 1
314637,163391,BindPICK,LEV,1,3,1,0,0,3,3,11,9,2024-04-21,Champions Tour 2024: Americas Stage 1
314638,163393,LotusPICK,G2,1,3,1,0,0,3,3,10,9,2024-04-22,Champions Tour 2024: Americas Stage 1
314638,163393,LotusPICK,FUR,1,3,1,1,0,10,2,2,0,2024-04-22,Champions Tour 2024: Americas Stage 1
314638,163394,IceboxPICK,G2,2,2,2,0,0,6,4,8,7,2024-04-22,Champions Tour 2024: Americas Stage 1
314638,163394,IceboxPICK,FUR,0,3,0,2,0,7,2,4,1,2024-04-22,Champions Tour 2024: Americas Stage 1
314639,163396,BindPICK,C9,1,3,1,2,0,6,3,9,3,2024-04-22,Champions Tour 2024: Americas Stage 1
314639,163396,BindPICK,100T,1,3,1,1,1,3,3,13,8,2024-04-22,Champions Tour 2024: Americas Stage 1
314639,163397,AscentPICK,C9,1,3,1,0,0,7,2,9,3,2024-04-22,Champions Tour 2024: Americas Stage 1
314639,163397,AscentPICK,100T,1,2,1,1,0,3,2,13,10,2024-04-22,Champions Tour 2024: Americas Stage 1
314640,163399,LotusPICK,SEN,1,3,1,2,1,7,3,11,8,2024-04-23,Champions Tour 2024: Americas Stage 1
314640,163399,LotusPICK,EG,1,3,1,1,0,8,4,11,5,2024-04-23,Champions Tour 2024: Americas Stage 1
314640,163400,BindPICK,SEN,1,3,1,2,0,5,1,14,9,2024-04-23,Champions Tour 2024: Americas Stage 1
314640,163400,BindPICK,EG,1,3,1,0,0,7,3,14,9,2024-04-23,Champions Tour 2024: Americas Stage 1
314640,163401,Sunset,SEN,0,5,1,1,0,8,4,9,5,2024-04-23,Champions Tour 2024: Americas Stage 1
314640,163401,Sunset,EG,2,2,2,2,0,9,5,10,6,2024-04-23,Champions Tour 2024: Americas Stage 1
314641,163402,SplitPICK,NRG,1,4,2,1,0,3,1,14,10,2024-04-23,Champions Tour 2024: Americas Stage 1
314641,163402,SplitPICK,MIBR,1,3,1,2,0,7,5,10,3,2024-04-23,Champions Tour 2024: Americas Stage 1
314641,163403,BreezePICK,NRG,2,2,2,0,0,4,3,10,8,2024-04-23,Champions Tour 2024: Americas Stage 1
314641,163403,BreezePICK,MIBR,0,4,0,1,0,5,1,6,2,2024-04-23,Champions Tour 2024: Americas Stage 1
314642,163405,BreezePICK,G2,1,2,1,4,0,5,2,8,3,2024-04-24,Champions Tour 2024: Americas Stage 1
314642,163405,BreezePICK,LEV,1,3,1,1,1,3,2,12,9,2024-04-24,Champions Tour 2024: Americas Stage 1
314642,163406,IceboxPICK,G2,1,3,1,1,0,6,2,11,10,2024-04-24,Champions Tour 2024: Americas Stage 1
314642,163406,IceboxPICK,LEV,1,3,1,0,0,5,2,13,5,2024-04-24,Champions Tour 2024: Americas Stage 1
314642,163407,Lotus,G2,1,3,1,1,1,5,2,13,5,2024-04-24,Champions Tour 2024: Americas Stage 1
314642,163407,Lotus,LEV,1,3,1,0,0,5,4,14,8,2024-04-24,Champions Tour 2024: Americas Stage 1
314643,163408,SplitPICK,KRÜ,1,4,2,0,0,4,1,13,10,2024-04-24,Champions Tour 2024: Americas Stage 1
314643,163408,SplitPICK,LOUD,1,3,1,0,0,7,3,11,4,2024-04-24,Champions Tour 2024: Americas Stage 1
314643,163409,AscentPICK,KRÜ,1,3,1,1,1,3,1,14,10,2024-04-24,Champions Tour 2024: Americas Stage 1
314643,163409,AscentPICK,LOUD,1,3,1,3,0,4,3,11,4,2024-04-24,Champions Tour 2024: Americas Stage 1
314644,163411,IceboxPICK,G2,1,3,1,3,2,5,2,11,8,2024-04-27,Champions Tour 2024: Americas Stage 1
314644,163411,IceboxPICK,MIBR,1,3,1,3,2,5,1,11,5,2024-04-27,Champions Tour 2024: Americas Stage 1
314644,163412,BindPICK,G2,1,3,1,1,1,1,1,11,10,2024-04-27,Champions Tour 2024: Americas Stage 1
314644,163412,BindPICK,MIBR,1,3,1,0,0,9,2,4,0,2024-04-27,Champions Tour 2024: Americas Stage 1
314645,163414,LotusPICK,SEN,1,3,1,1,0,9,3,7,3,2024-04-27,Champions Tour 2024: Americas Stage 1
314645,163414,LotusPICK,LOUD,1,3,1,0,0,5,3,12,9,2024-04-27,Champions Tour 2024: Americas Stage 1
314645,163415,IceboxPICK,SEN,1,3,1,0,0,9,4,9,3,2024-04-27,Champions Tour 2024: Americas Stage 1
314645,163415,IceboxPICK,LOUD,1,3,1,0,0,6,4,12,8,2024-04-27,Champions Tour 2024: Americas Stage 1
314646,163417,AscentPICK,C9,1,3,1,3,0,4,1,5,0,2024-04-28,Champions Tour 2024: Americas Stage 1
314646,163417,AscentPICK,FUR,1,3,1,0,0,3,3,9,9,2024-04-28,Champions Tour 2024: Americas Stage 1
314646,163418,LotusPICK,C9,1,3,2,0,0,3,3,10,8,2024-04-28,Champions Tour 2024: Americas Stage 1
314646,163418,LotusPICK,FUR,1,3,1,3,1,6,1,4,0,2024-04-28,Champions Tour 2024: Americas Stage 1
314646,163419,Bind,C9,1,3,1,1,1,5,3,12,8,2024-04-28,Champions Tour 2024: Americas Stage 1
314646,163419,Bind,FUR,1,3,1,2,0,8,5,8,2,2024-04-28,Champions Tour 2024: Americas Stage 1
314647,163420,AscentPICK,NRG,2,2,2,1,0,8,3,8,1,2024-04-28,Champions Tour 2024: Americas Stage 1
314647,163420,AscentPICK,EG,0,4,0,0,0,2,1,13,12,2024-04-28,Champions Tour 2024: Americas Stage 1
314647,163421,LotusPICK,NRG,1,3,1,2,2,5,3,20,10,2024-04-28,Champions Tour 2024: Americas Stage 1
314647,163421,LotusPICK,EG,1,3,1,1,0,5,4,21,9,2024-04-28,Champions Tour 2024: Americas Stage 1
314647,163422,Sunset,NRG,2,3,3,0,0,11,5,10,3,2024-04-28,Champions Tour 2024: Americas Stage 1
314647,163422,Sunset,EG,0,4,0,2,0,3,2,15,11,2024-04-28,Champions Tour 2024: Americas Stage 1
314648,163423,SunsetPICK,KRÜ,1,3,1,0,0,1,1,16,11,2024-04-29,Champions Tour 2024: Americas Stage 1
314648,163423,SunsetPICK,100T,1,3,1,1,0,5,1,11,5,2024-04-29,Champions Tour 2024: Americas Stage 1
314648,163424,BreezePICK,KRÜ,1,3,1,4,2,6,3,11,5,2024-04-29,Champions Tour 2024: Americas Stage 1
314648,163424,BreezePICK,100T,1,3,1,1,1,5,3,15,8,2024-04-29,Champions Tour 2024: Americas Stage 1
314648,163425,Split,KRÜ,2,2,2,2,0,3,3,14,8,2024-04-29,Champions Tour 2024: Americas Stage 1
314648,163425,Split,100T,0,4,0,1,0,2,1,14,7,2024-04-29,Champions Tour 2024: Americas Stage 1
314650,163426,SplitPICK,SEN,1,3,2,0,0,4,3,11,8,2024-05-03,Champions Tour 2024: Americas Stage 1
314650,163426,SplitPICK,FUR,1,4,1,0,0,6,1,8,3,2024-05-03,Champions Tour 2024: Americas Stage 1
314650,163427,IceboxPICK,SEN,0,4,0,0,0,6,6,12,7,2024-05-03,Champions Tour 2024: Americas Stage 1
314650,163427,IceboxPICK,FUR,2,2,2,0,0,15,6,5,1,2024-05-03,Champions Tour 2024: Americas Stage 1
314651,163429,SplitPICK,NRG,0,4,1,2,1,2,1,13,5,2024-05-04,Champions Tour 2024: Americas Stage 1
314651,163429,SplitPICK,100T,2,2,2,1,0,4,2,14,9,2024-05-04,Champions Tour 2024: Americas Stage 1
314651,163430,BindPICK,NRG,1,3,1,2,0,6,2,9,4,2024-05-04,Champions Tour 2024: Americas Stage 1
314651,163430,BindPICK,100T,1,3,1,0,0,4,3,13,9,2024-05-04,Champions Tour 2024: Americas Stage 1
314652,163432,AscentPICK,KRÜ,1,3,1,2,0,6,3,6,0,2024-05-04,Champions Tour 2024: Americas Stage 1
314652,163432,AscentPICK,LEV,1,3,1,0,0,1,1,13,11,2024-05-04,Champions Tour 2024: Americas Stage 1
314652,163433,BreezePICK,KRÜ,0,4,1,1,1,1,1,20,11,2024-05-04,Champions Tour 2024: Americas Stage 1
314652,163433,BreezePICK,LEV,2,2,2,1,0,9,4,14,6,2024-05-04,Champions Tour 2024: Americas Stage 1
314652,163434,Lotus,KRÜ,2,3,2,0,0,6,2,14,6,2024-05-04,Champions Tour 2024: Americas Stage 1
314652,163434,Lotus,LEV,0,4,1,2,1,2,0,15,11,2024-05-04,Champions Tour 2024: Americas Stage 1
314653,163435,IceboxPICK,C9,1,3,1,0,0,6,3,17,10,2024-05-05,Champions Tour 2024: Americas Stage 1
314653,163435,IceboxPICK,MIBR,1,3,1,1,0,10,5,12,6,2024-05-05,Champions Tour 2024: Americas Stage 1
314653,163436,SunsetPICK,C9,2,2,2,0,0,6,3,14,8,2024-05-05,Champions Tour 2024: Americas Stage 1
314653,163436,SunsetPICK,MIBR,0,4,0,1,0,8,4,9,5,2024-05-05,Champions Tour 2024: Americas Stage 1
314654,163438,BindPICK,G2,2,2,2,1,0,4,2,17,7,2024-05-05,Champions Tour 2024: Americas Stage 1
314654,163438,BindPICK,LOUD,0,4,0,0,0,3,2,17,11,2024-05-05,Champions Tour 2024: Americas Stage 1
314654,163439,IceboxPICK,G2,0,4,0,1,0,3,1,9,3,2024-05-05,Champions Tour 2024: Americas Stage 1
314654,163439,IceboxPICK,LOUD,2,2,2,0,0,5,4,10,7,2024-05-05,Champions Tour 2024: Americas Stage 1
318911,164091,BreezePICK,KC,2,2,2,1,0,5,2,9,9,2024-04-03,Champions Tour 2024: EMEA Stage 1
318911,164091,BreezePICK,GX,0,4,0,0,0,6,1,7,3,2024-04-03,Champions Tour 2024: EMEA Stage 1
318911,164092,SunsetPICK,KC,2,3,2,2,1,4,2,13,8,2024-04-03,Champions Tour 2024: EMEA Stage 1
318911,164092,SunsetPICK,GX,0,4,1,1,0,4,1,13,7,2024-04-03,Champions Tour 2024: EMEA Stage 1
318913,164094,SplitPICK,MKOI,0,4,0,0,0,4,1,14,8,2024-04-03,Champions Tour 2024: EMEA Stage 1
318913,164094,SplitPICK,TL,2,3,2,1,0,4,3,14,8,2024-04-03,Champions Tour 2024: EMEA Stage 1
318913,164095,AscentPICK,MKOI,1,3,1,1,0,8,5,8,1,2024-04-03,Champions Tour 2024: EMEA Stage 1
318913,164095,AscentPICK,TL,1,4,1,0,0,3,2,13,10,2024-04-03,Champions Tour 2024: EMEA Stage 1
318914,164097,BindPICK,VIT,1,2,1,3,0,9,3,8,5,2024-04-04,Champions Tour 2024: EMEA Stage 1
318914,164097,BindPICK,NAVI,1,3,1,0,0,4,2,15,10,2024-04-04,Champions Tour 2024: EMEA Stage 1
318914,164098,LotusPICK,VIT,2,2,2,2,0,11,2,2,0,2024-04-04,Champions Tour 2024: EMEA Stage 1
318914,164098,LotusPICK,NAVI,0,4,1,0,0,0,0,13,12,2024-04-04,Champions Tour 2024: EMEA Stage 1
318915,164100,IceboxPICK,FNC,0,4,0,2,0,6,2,5,2,2024-04-04,Champions Tour 2024: EMEA Stage 1
318915,164100,IceboxPICK,TH,2,2,2,0,0,4,3,11,8,2024-04-04,Champions Tour 2024: EMEA Stage 1
318915,164101,LotusPICK,FNC,1,3,1,2,1,3,1,24,12,2024-04-04,Champions Tour 2024: EMEA Stage 1
318915,164101,LotusPICK,TH,1,3,1,2,2,6,3,21,11,2024-04-04,Champions Tour 2024: EMEA Stage 1
318916,164103,SplitPICK,TL,1,4,1,0,0,7,2,7,2,2024-04-05,Champions Tour 2024: EMEA Stage 1
318916,164103,SplitPICK,FUT,1,3,2,1,0,2,1,12,10,2024-04-05,Champions Tour 2024: EMEA Stage 1
318916,164104,IceboxPICK,TL,2,4,2,1,0,5,3,11,3,2024-04-05,Champions Tour 2024: EMEA Stage 1
318916,164104,IceboxPICK,FUT,0,4,1,2,0,1,0,14,12,2024-04-05,Champions Tour 2024: EMEA Stage 1
318917,164106,AscentPICK,BBL,1,3,1,1,0,4,1,12,5,2024-04-05,Champions Tour 2024: EMEA Stage 1
318917,164106,AscentPICK,M8,1,3,1,0,0,4,3,13,9,2024-04-05,Champions Tour 2024: EMEA Stage 1
318917,164107,SunsetPICK,BBL,1,3,1,1,0,4,2,16,8,2024-04-05,Champions Tour 2024: EMEA Stage 1
318917,164107,SunsetPICK,M8,1,3,1,0,0,10,7,11,5,2024-04-05,Champions Tour 2024: EMEA Stage 1
318918,164109,BindPICK,KC,1,3,1,2,0,2,1,17,11,2024-04-10,Champions Tour 2024: EMEA Stage 1
318918,164109,BindPICK,FUT,1,3,2,3,1,1,1,17,7,2024-04-10,Champions Tour 2024: EMEA Stage 1
318918,164110,LotusPICK,KC,1,4,1,2,0,4,1,11,6,2024-04-10,Champions Tour 2024: EMEA Stage 1
318918,164110,LotusPICK,FUT,1,3,1,0,0,4,1,14,11,2024-04-10,Champions Tour 2024: EMEA Stage 1
318918,164111,Breeze,KC,1,3,1,1,1,7,2,9,3,2024-04-10,Champions Tour 2024: EMEA Stage 1
318918,164111,Breeze,FUT,1,3,1,1,0,3,2,13,10,2024-04-10,Champions Tour 2024: EMEA Stage 1
318919,164112,BreezePICK,VIT,2,3,3,3,1,8,5,8,4,2024-04-10,Champions Tour 2024: EMEA Stage 1
318919,164112,BreezePICK,TH,0,3,0,2,1,4,3,13,5,2024-04-10,Champions Tour 2024: EMEA Stage 1
318919,164113,SunsetPICK,VIT,2,2,2,1,0,10,5,11,4,2024-04-10,Champions Tour 2024: EMEA Stage 1
318919,164113,SunsetPICK,TH,0,4,0,3,1,4,3,13,9,2024-04-10,Champions Tour 2024: EMEA Stage 1
318919,164114,Icebox,VIT,1,3,1,2,1,4,2,13,9,2024-04-10,Champions Tour 2024: EMEA Stage 1
318919,164114,Icebox,TH,1,3,1,1,0,11,6,7,2,2024-04-10,Champions Tour 2024: EMEA Stage 1
318920,164115,LotusPICK,TL,2,4,2,0,0,6,3,13,8,2024-04-11,Champions Tour 2024: EMEA Stage 1
318920,164115,LotusPICK,NAVI,0,3,0,2,0,2,1,16,9,2024-04-11,Champions Tour 2024: EMEA Stage 1
318920,164116,SplitPICK,TL,1,3,1,2,0,6,2,13,8,2024-04-11,Champions Tour 2024: EMEA Stage 1
318920,164116,SplitPICK,NAVI,1,3,1,1,0,7,4,13,8,2024-04-11,Champions Tour 2024: EMEA Stage 1
318920,164117,Ascent,TL,1,3,1,2,0,7,1,6,3,2024-04-11,Champions Tour 2024: EMEA Stage 1
318920,164117,Ascent,NAVI,1,3,1,0,0,4,4,11,8,2024-04-11,Champions Tour 2024: EMEA Stage 1
318921,164118,BreezePICK,BBL,2,3,2,0,0,6,4,8,7,2024-04-11,Champions Tour 2024: EMEA Stage 1
318921,164118,BreezePICK,MKOI,0,4,1,0,0,4,1,9,2,2024-04-11,Champions Tour 2024: EMEA Stage 1
318921,164119,IceboxPICK,BBL,2,2,2,0,0,4,4,10,7,2024-04-11,Champions Tour 2024: EMEA Stage 1
318921,164119,IceboxPICK,MKOI,0,4,0,1,0,3,1,8,2,2024-04-11,Champions Tour 2024: EMEA Stage 1
318922,164121,BindPICK,FNC,1,3,1,0,0,2,2,13,10,2024-04-12,Champions Tour 2024: EMEA Stage 1
318922,164121,BindPICK,GX,1,3,1,1,0,6,4,8,0,2024-04-12,Champions Tour 2024: EMEA Stage 1
318922,164122,BreezePICK,FNC,0,4,0,1,0,5,3,8,2,2024-04-12,Champions Tour 2024: EMEA Stage 1
318922,164122,BreezePICK,GX,2,2,2,0,0,4,3,12,8,2024-04-12,Champions Tour 2024: EMEA Stage 1
318922,164123,Split,FNC,1,3,1,0,0,3,2,14,10,2024-04-12,Champions Tour 2024: EMEA Stage 1
318922,164123,Split,GX,1,3,1,0,0,4,2,13,4,2024-04-12,Champions Tour 2024: EMEA Stage 1
318923,164124,SplitPICK,KC,1,3,1,0,0,3,3,13,9,2024-04-12,Champions Tour 2024: EMEA Stage 1
318923,164124,SplitPICK,M8,1,3,1,1,0,6,2,9,3,2024-04-12,Champions Tour 2024: EMEA Stage 1
318923,164125,IceboxPICK,KC,1,3,1,2,1,3,2,11,9,2024-04-12,Champions Tour 2024: EMEA Stage 1
318923,164125,IceboxPICK,M8,1,3,1,0,0,9,3,7,2,2024-04-12,Champions Tour 2024: EMEA Stage 1
318924,164127,BreezePICK,M8,0,4,0,2,0,6,4,7,2,2024-04-17,Champions Tour 2024: EMEA Stage 1
318924,164127,BreezePICK,FNC,2,2,2,0,0,7,4,10,7,2024-04-17,Champions Tour 2024: EMEA Stage 1
318924,164128,LotusPICK,M8,1,3,1,0,0,11,3,3,0,2024-04-17,Champions Tour 2024: EMEA Stage 1
318924,164128,LotusPICK,FNC,1,3,1,0,0,3,3,11,9,2024-04-17,Champions Tour 2024: EMEA Stage 1
318925,164130,BindPICK,KC,2,2,2,1,0,7,3,10,8,2024-04-17,Champions Tour 2024: EMEA Stage 1
318925,164130,BindPICK,NAVI,0,4,0,0,0,2,1,14,6,2024-04-17,Champions Tour 2024: EMEA Stage 1
318925,164131,SunsetPICK,KC,1,3,1,3,1,3,1,11,4,2024-04-17,Champions Tour 2024: EMEA Stage 1
318925,164131,SunsetPICK,NAVI,1,3,1,0,0,4,4,13,8,2024-04-17,Champions Tour 2024: EMEA Stage 1
318925,164132,Split,KC,0,3,0,0,0,7,3,9,3,2024-04-17,Champions Tour 2024: EMEA Stage 1
318925,164132,Split,NAVI,2,2,2,1,0,5,3,11,8,2024-04-17,Champions Tour 2024: EMEA Stage 1
318926,164133,SplitPICK,BBL,1,2,1,2,0,3,1,13,11,2024-04-18,Champions Tour 2024: EMEA Stage 1
318926,164133,SplitPICK,TH,1,3,1,2,0,3,1,12,5,2024-04-18,Champions Tour 2024: EMEA Stage 1
318926,164134,SunsetPICK,BBL,0,3,0,3,1,2,1,15,11,2024-04-18,Champions Tour 2024: EMEA Stage 1
318926,164134,SunsetPICK,TH,2,2,2,0,0,12,4,9,4,2024-04-18,Champions Tour 2024: EMEA Stage 1
318927,164136,AscentPICK,VIT,1,3,1,2,0,5,3,10,3,2024-04-18,Champions Tour 2024: EMEA Stage 1
318927,164136,AscentPICK,FUT,1,3,1,1,1,2,2,14,9,2024-04-18,Champions Tour 2024: EMEA Stage 1
318927,164137,IceboxPICK,VIT,1,3,2,1,0,4,3,14,8,2024-04-18,Champions Tour 2024: EMEA Stage 1
318927,164137,IceboxPICK,FUT,1,4,1,3,0,2,1,13,7,2024-04-18,Champions Tour 2024: EMEA Stage 1
318927,164138,Sunset,VIT,2,2,2,0,0,7,4,13,7,2024-04-18,Champions Tour 2024: EMEA Stage 1
318927,164138,Sunset,FUT,0,4,0,1,0,4,2,13,7,2024-04-18,Champions Tour 2024: EMEA Stage 1
318928,164139,LotusPICK,TL,0,4,0,0,0,3,1,23,13,2024-04-19,Champions Tour 2024: EMEA Stage 1
318928,164139,LotusPICK,GX,2,3,2,1,0,6,4,20,10,2024-04-19,Champions Tour 2024: EMEA Stage 1
318928,164140,IceboxPICK,TL,1,3,1,2,1,2,2,13,9,2024-04-19,Champions Tour 2024: EMEA Stage 1
318928,164140,IceboxPICK,GX,1,3,1,1,0,6,2,10,4,2024-04-19,Champions Tour 2024: EMEA Stage 1
318928,164141,Ascent,TL,2,2,2,3,1,4,2,15,8,2024-04-19,Champions Tour 2024: EMEA Stage 1
318928,164141,Ascent,GX,0,5,0,1,0,5,3,13,8,2024-04-19,Champions Tour 2024: EMEA Stage 1
318929,164142,BindPICK,FNC,0,4,0,1,0,2,1,17,12,2024-04-19,Champions Tour 2024: EMEA Stage 1
318929,164142,BindPICK,MKOI,2,3,2,2,0,7,3,12,6,2024-04-19,Champions Tour 2024: EMEA Stage 1
318929,164143,IceboxPICK,FNC,1,3,1,0,0,2,2,12,10,2024-04-19,Champions Tour 2024: EMEA Stage 1
318929,164143,IceboxPICK,MKOI,1,3,1,2,0,7,2,5,1,2024-04-19,Champions Tour 2024: EMEA Stage 1
318930,164145,SunsetPICK,TL,0,4,0,2,0,4,1,5,1,2024-04-24,Champions Tour 2024: EMEA Stage 1
318930,164145,SunsetPICK,TH,2,2,2,0,0,3,3,10,8,2024-04-24,Champions Tour 2024: EMEA Stage 1
318930,164146,BindPICK,TL,1,5,1,0,0,3,1,12,5,2024-04-24,Champions Tour 2024: EMEA Stage 1
318930,164146,BindPICK,TH,1,3,1,0,0,4,2,13,10,2024-04-24,Champions Tour 2024: EMEA Stage 1
318931,164148,IceboxPICK,VIT,0,4,1,1,0,3,1,10,3,2024-04-24,Champions Tour 2024: EMEA Stage 1
318931,164148,IceboxPICK,M8,2,2,2,2,1,4,2,10,8,2024-04-24,Champions Tour 2024: EMEA Stage 1
318931,164149,SunsetPICK,VIT,0,3,0,1,1,7,1,7,3,2024-04-24,Champions Tour 2024: EMEA Stage 1
318931,164149,SunsetPICK,M8,2,2,2,0,0,5,3,11,8,2024-04-24,Champions Tour 2024: EMEA Stage 1
318932,164151,SplitPICK,FNC,1,4,1,1,0,7,3,8,3,2024-04-25,Champions Tour 2024: EMEA Stage 1
318932,164151,SplitPICK,FUT,1,3,1,0,0,2,1,15,11,2024-04-25,Champions Tour 2024: EMEA Stage 1
318932,164152,LotusPICK,FNC,1,3,1,1,0,6,3,18,9,2024-04-25,Champions Tour 2024: EMEA Stage 1
318932,164152,LotusPICK,FUT,1,3,1,1,1,7,3,17,10,2024-04-25,Champions Tour 2024: EMEA Stage 1
318933,164154,AscentPICK,BBL,0,4,0,2,1,4,4,11,3,2024-04-25,Champions Tour 2024: EMEA Stage 1
318933,164154,AscentPICK,NAVI,2,2,2,1,0,5,5,13,6,2024-04-25,Champions Tour 2024: EMEA Stage 1
318933,164155,SunsetPICK,BBL,2,2,2,1,0,7,4,11,7,2024-04-25,Champions Tour 2024: EMEA Stage 1
318933,164155,SunsetPICK,NAVI,0,4,0,0,0,3,0,14,8,2024-04-25,Champions Tour 2024: EMEA Stage 1
318933,164156,Split,BBL,1,3,1,1,1,5,2,13,9,2024-04-25,Champions Tour 2024: EMEA Stage 1
318933,164156,Split,NAVI,1,3,1,0,0,7,4,12,4,2024-04-25,Champions Tour 2024: EMEA Stage 1
318934,164157,LotusPICK,VIT,1,3,2,1,1,5,2,21,9,2024-04-26,Champions Tour 2024: EMEA Stage 1
318934,164157,LotusPICK,GX,1,3,1,2,1,11,5,14,9,2024-04-26,Champions Tour 2024: EMEA Stage 1
318934,164158,BreezePICK,VIT,2,2,2,2,0,5,3,11,8,2024-04-26,Champions Tour 2024: EMEA Stage 1
318934,164158,BreezePICK,GX,0,4,1,1,0,7,3,8,3,2024-04-26,Champions Tour 2024: EMEA Stage 1
318934,164159,Sunset,VIT,0,4,1,0,0,0,0,15,12,2024-04-26,Champions Tour 2024: EMEA Stage 1
318934,164159,Sunset,GX,2,2,2,4,0,12,3,1,1,2024-04-26,Champions Tour 2024: EMEA Stage 1
318935,164160,SunsetPICK,KC,0,4,0,0,0,0,0,16,13,2024-04-26,Champions Tour 2024: EMEA Stage 1
318935,164160,SunsetPICK,MKOI,2,2,2,1,0,9,4,8,1,2024-04-26,Champions Tour 2024: EMEA Stage 1
318935,164161,IceboxPICK,KC,1,3,1,1,0,7,2,9,4,2024-04-26,Champions Tour 2024: EMEA Stage 1
318935,164161,IceboxPICK,MKOI,1,3,1,1,1,4,3,12,8,2024-04-26,Champions Tour 2024: EMEA Stage 1
318935,164162,Bind,KC,0,4,0,0,0,3,1,21,14,2024-04-26,Champions Tour 2024: EMEA Stage 1
318935,164162,Bind,MKOI,2,3,2,1,1,9,5,15,5,2024-04-26,Champions Tour 2024: EMEA Stage 1
318936,164163,BindPICK,BBL,1,3,1,1,0,4,3,11,2,2024-05-01,Champions Tour 2024: EMEA Stage 1
318936,164163,BindPICK,GX,1,3,1,0,0,2,2,14,10,2024-05-01,Champions Tour 2024: EMEA Stage 1
318936,164164,SunsetPICK,BBL,1,3,1,2,2,5,0,14,8,2024-05-01,Champions Tour 2024: EMEA Stage 1
318936,164164,SunsetPICK,GX,1,3,2,2,0,12,6,7,5,2024-05-01,Champions Tour 2024: EMEA Stage 1
318937,164166,IceboxPICK,KC,2,2,2,1,0,7,4,16,6,2024-05-01,Champions Tour 2024: EMEA Stage 1
318937,164166,IceboxPICK,TH,0,4,0,1,0,4,2,17,12,2024-05-01,Champions Tour 2024: EMEA Stage 1
318937,164167,LotusPICK,KC,1,4,2,0,0,1,1,13,10,2024-05-01,Champions Tour 2024: EMEA Stage 1
318937,164167,LotusPICK,TH,1,3,1,3,0,6,2,6,2,2024-05-01,Champions Tour 2024: EMEA Stage 1
318937,164168,Bind,KC,0,4,0,2,2,3,0,13,7,2024-05-01,Champions Tour 2024: EMEA Stage 1
318937,164168,Bind,TH,2,2,2,1,0,8,5,11,6,2024-05-01,Champions Tour 2024: EMEA Stage 1
318938,164169,SplitPICK,VIT,0,4,0,2,0,3,1,9,4,2024-05-02,Champions Tour 2024: EMEA Stage 1
318938,164169,SplitPICK,MKOI,2,2,2,0,0,6,6,10,5,2024-05-02,Champions Tour 2024: EMEA Stage 1
318938,164170,BreezePICK,VIT,1,3,2,1,0,4,1,12,10,2024-05-02,Champions Tour 2024: EMEA Stage 1
318938,164170,BreezePICK,MKOI,1,3,2,2,0,10,3,5,2,2024-05-02,Champions Tour 2024: EMEA Stage 1
318938,164171,Icebox,VIT,0,4,0,2,0,4,2,7,2,2024-05-02,Champions Tour 2024: EMEA Stage 1
318938,164171,Icebox,MKOI,2,2,2,0,0,4,2,11,9,2024-05-02,Champions Tour 2024: EMEA Stage 1
318939,164172,BreezePICK,NAVI,1,3,1,2,0,7,2,7,3,2024-05-02,Champions Tour 2024: EMEA Stage 1
318939,164172,BreezePICK,FNC,1,3,1,0,0,1,1,15,11,2024-05-02,Champions Tour 2024: EMEA Stage 1
318939,164173,AscentPICK,NAVI,1,3,1,1,1,6,3,11,8,2024-05-02,Champions Tour 2024: EMEA Stage 1
318939,164173,AscentPICK,FNC,1,3,1,2,1,6,3,10,3,2024-05-02,Champions Tour 2024: EMEA Stage 1
318939,164174,Bind,NAVI,1,3,1,0,0,4,4,9,8,2024-05-02,Champions Tour 2024: EMEA Stage 1
318939,164174,Bind,FNC,1,3,1,0,0,8,2,5,0,2024-05-02,Champions Tour 2024: EMEA Stage 1
318940,164175,LotusPICK,TL,2,2,2,0,0,8,6,7,5,2024-05-03,Champions Tour 2024: EMEA Stage 1
318940,164175,LotusPICK,M8,0,4,0,0,0,8,2,5,2,2024-05-03,Champions Tour 2024: EMEA Stage 1
318940,164176,IceboxPICK,TL,2,2,2,0,0,4,4,9,7,2024-05-03,Champions Tour 2024: EMEA Stage 1
318940,164176,IceboxPICK,M8,0,4,0,2,0,3,0,6,2,2024-05-03,Champions Tour 2024: EMEA Stage 1
318941,164178,BindPICK,BBL,1,3,1,2,0,4,3,13,5,2024-05-03,Champions Tour 2024: EMEA Stage 1
318941,164178,BindPICK,FUT,1,3,1,0,0,4,2,15,10,2024-05-03,Champions Tour 2024: EMEA Stage 1
318941,164179,IceboxPICK,BBL,0,3,0,2,0,5,1,9,5,2024-05-03,Champions Tour 2024: EMEA Stage 1
318941,164179,IceboxPICK,FUT,2,2,2,1,0,3,3,13,8,2024-05-03,Champions Tour 2024: EMEA Stage 1
329907,167267,LotusPICK,TS,1,3,2,2,0,4,1,11,4,2024-05-03,Champions Tour 2024: Pacific Stage 1
329907,167267,LotusPICK,T1,1,4,1,0,0,3,2,13,10,2024-05-03,Champions Tour 2024: Pacific Stage 1
329907,167268,SunsetPICK,TS,1,4,1,0,0,8,3,12,7,2024-05-03,Champions Tour 2024: Pacific Stage 1
329907,167268,SunsetPICK,T1,1,3,1,1,1,5,1,15,10,2024-05-03,Champions Tour 2024: Pacific Stage 1
329908,167270,LotusPICK,PRX,2,2,2,0,0,2,2,9,9,2024-05-03,Champions Tour 2024: Pacific Stage 1
329908,167270,LotusPICK,TLN,0,3,0,3,0,4,0,3,0,2024-05-03,Champions Tour 2024: Pacific Stage 1
329908,167272,Sunset,PRX,1,3,1,0,0,6,4,13,8,2024-05-03,Champions Tour 2024: Pacific Stage 1
329908,167272,Sunset,TLN,1,3,1,1,0,6,3,12,5,2024-05-03,Champions Tour 2024: Pacific Stage 1
329908,169325,Bind,PRX,1,3,1,1,0,7,1,9,5,2024-05-03,Champions Tour 2024: Pacific Stage 1
329908,169325,Bind,TLN,1,3,1,2,1,1,1,14,10,2024-05-03,Champions Tour 2024: Pacific Stage 1
329909,167273,AscentPICK,GEN,1,3,1,1,0,9,5,9,3,2024-05-04,Champions Tour 2024: Pacific Stage 1
329909,167273,AscentPICK,T1,1,3,1,1,0,3,2,15,10,2024-05-04,Champions Tour 2024: Pacific Stage 1
329909,167274,SunsetPICK,GEN,1,3,1,1,0,4,2,13,10,2024-05-04,Champions Tour 2024: Pacific Stage 1
329909,167274,SunsetPICK,T1,1,3,1,2,0,5,2,11,5,2024-05-04,Champions Tour 2024: Pacific Stage 1
329909,167275,Breeze,GEN,1,3,1,0,0,8,4,9,2,2024-05-04,Champions Tour 2024: Pacific Stage 1
329909,167275,Breeze,T1,1,3,2,1,1,4,2,12,8,2024-05-04,Champions Tour 2024: Pacific Stage 1
329910,167276,LotusPICK,KRX,1,3,1,2,1,5,1,9,3,2024-05-04,Champions Tour 2024: Pacific Stage 1
329910,167276,LotusPICK,PRX,1,3,1,0,0,6,4,10,8,2024-05-04,Champions Tour 2024: Pacific Stage 1
329910,167277,AscentPICK,KRX,2,3,2,2,1,4,1,14,9,2024-05-04,Champions Tour 2024: Pacific Stage 1
329910,167277,AscentPICK,PRX,0,4,2,1,0,3,1,15,7,2024-05-04,Champions Tour 2024: Pacific Stage 1
329910,167278,Bind,KRX,2,2,2,3,0,6,2,8,2,2024-05-04,Champions Tour 2024: Pacific Stage 1
329910,167278,Bind,PRX,0,4,0,0,0,1,1,14,12,2024-05-04,Champions Tour 2024: Pacific Stage 1
329911,167279,BindPICK,GEN,0,4,0,0,0,5,2,12,6,2024-05-05,Champions Tour 2024: Pacific Stage 1
329911,167279,BindPICK,KRX,2,2,2,1,1,7,5,11,5,2024-05-05,Champions Tour 2024: Pacific Stage 1
329911,167280,SunsetPICK,GEN,1,3,1,2,0,5,4,14,8,2024-05-05,Champions Tour 2024: Pacific Stage 1
329911,167280,SunsetPICK,KRX,1,3,1,1,1,4,1,16,8,2024-05-05,Champions Tour 2024: Pacific Stage 1
329911,167281,Ascent,GEN,2,2,2,0,0,6,4,13,7,2024-05-05,Champions Tour 2024: Pacific Stage 1
329911,167281,Ascent,KRX,0,4,0,2,1,4,3,11,4,2024-05-05,Champions Tour 2024: Pacific Stage 1
329912,167282,LotusPICK,T1,1,3,1,2,0,6,1,5,1,2024-05-05,Champions Tour 2024: Pacific Stage 1
329912,167282,LotusPICK,PRX,1,3,1,0,0,3,3,10,9,2024-05-05,Champions Tour 2024: Pacific Stage 1
329912,167283,SunsetPICK,T1,1,5,1,0,0,8,3,5,1,2024-05-05,Champions Tour 2024: Pacific Stage 1
329912,167283,SunsetPICK,PRX,1,3,1,0,0,3,3,12,9,2024-05-05,Champions Tour 2024: Pacific Stage 1
329913,167285,LotusPICK,T1,0,3,0,2,0,5,0,5,2,2024-05-11,Champions Tour 2024: Pacific Stage 1
329913,167285,LotusPICK,GEN,2,2,2,0,0,4,3,9,8,2024-05-11,Champions Tour 2024: Pacific Stage 1
329913,167286,IceboxPICK,T1,0,4,1,2,0,0,0,18,10,2024-05-11,Champions Tour 2024: Pacific Stage 1
329913,167286,IceboxPICK,GEN,2,3,2,1,1,9,3,11,7,2024-05-11,Champions Tour 2024: Pacific Stage 1
329913,167287,BindPICK,T1,1,3,1,0,0,7,1,12,7,2024-05-11,Champions Tour 2024: Pacific Stage 1
329913,167287,BindPICK,GEN,1,3,2,3,1,2,2,14,8,2024-05-11,Champions Tour 2024: Pacific Stage 1
329914,167290,LotusPICK,PRX,1,3,1,0,0,9,5,10,3,2024-05-12,Champions Tour 2024: Pacific Stage 1
329914,167290,LotusPICK,GEN,1,3,1,0,0,8,6,11,6,2024-05-12,Champions Tour 2024: Pacific Stage 1
329914,167291,SunsetPICK,PRX,0,4,0,0,0,1,1,17,12,2024-05-12,Champions Tour 2024: Pacific Stage 1
329914,167291,SunsetPICK,GEN,2,2,2,0,0,12,4,8,3,2024-05-12,Champions Tour 2024: Pacific Stage 1
329914,167292,IceboxPICK,PRX,1,2,1,2,1,6,3,14,8,2024-05-12,Champions Tour 2024: Pacific Stage 1
329914,167292,IceboxPICK,GEN,1,3,1,1,1,9,5,11,4,2024-05-12,Champions Tour 2024: Pacific Stage 1
329914,167293,BindPICK,PRX,1,3,1,1,1,4,1,14,6,2024-05-12,Champions Tour 2024: Pacific Stage 1
329914,167293,BindPICK,GEN,1,3,1,1,0,7,5,11,7,2024-05-12,Champions Tour 2024: Pacific Stage 1
329914,167294,Split,PRX,1,3,1,0,0,7,5,11,7,2024-05-12,Champions Tour 2024: Pacific Stage 1
329914,167294,Split,GEN,1,3,1,1,0,5,2,12,5,2024-05-12,Champions Tour 2024: Pacific Stage 1
337407,168972,LotusPICK,C9,1,2,1,1,0,8,2,8,3,2024-05-08,Champions Tour 2024: Americas Stage 1
337407,168972,LotusPICK,G2,1,3,1,0,0,3,2,13,10,2024-05-08,Champions Tour 2024: Americas Stage 1
337407,168973,AscentPICK,C9,1,4,1,0,0,7,3,17,9,2024-05-08,Champions Tour 2024: Americas Stage 1
337407,168973,AscentPICK,G2,1,3,1,0,0,5,3,20,11,2024-05-08,Champions Tour 2024: Americas Stage 1
337408,168975,BindPICK,100T,0,4,0,0,0,1,1,14,12,2024-05-08,Champions Tour 2024: Americas Stage 1
337408,168975,BindPICK,LOUD,2,2,2,1,0,12,4,4,0,2024-05-08,Champions Tour 2024: Americas Stage 1
337408,168976,IceboxPICK,100T,1,3,1,0,0,1,1,13,11,2024-05-08,Champions Tour 2024: Americas Stage 1
337408,168976,IceboxPICK,LOUD,1,3,1,0,0,9,3,5,0,2024-05-08,Champions Tour 2024: Americas Stage 1
337409,168978,IceboxPICK,KRÜ,0,4,0,0,0,6,2,8,3,2024-05-09,Champions Tour 2024: Americas Stage 1
337409,168978,IceboxPICK,G2,2,2,2,0,0,4,3,12,8,2024-05-09,Champions Tour 2024: Americas Stage 1
337409,168979,AscentPICK,KRÜ,2,2,2,2,0,8,2,9,4,2024-05-09,Champions Tour 2024: Americas Stage 1
337409,168979,AscentPICK,G2,0,4,0,0,0,3,3,14,10,2024-05-09,Champions Tour 2024: Americas Stage 1
337410,168981,BindPICK,LEV,0,3,0,3,0,3,0,7,3,2024-05-09,Champions Tour 2024: Americas Stage 1
337410,168981,BindPICK,100T,2,2,2,0,0,2,2,12,9,2024-05-09,Champions Tour 2024: Americas Stage 1
337410,168982,SunsetPICK,LEV,1,3,1,0,0,7,3,16,10,2024-05-09,Champions Tour 2024: Americas Stage 1
337410,168982,SunsetPICK,100T,1,4,1,0,0,8,3,14,8,2024-05-09,Champions Tour 2024: Americas Stage 1
337410,168983,Icebox,LEV,2,3,2,1,0,9,5,10,3,2024-05-09,Champions Tour 2024: Americas Stage 1
337410,168983,Icebox,100T,0,4,1,0,0,3,2,16,10,2024-05-09,Champions Tour 2024: Americas Stage 1
337411,168984,AscentPICK,G2,0,4,0,1,0,2,0,11,5,2024-05-10,Champions Tour 2024: Americas Stage 1
337411,168984,AscentPICK,100T,2,2,2,1,0,2,2,13,9,2024-05-10,Champions Tour 2024: Americas Stage 1
337411,168985,BindPICK,G2,0,4,0,2,1,2,1,13,11,2024-05-10,Champions Tour 2024: Americas Stage 1
337411,168985,BindPICK,100T,2,2,2,1,0,7,2,11,4,2024-05-10,Champions Tour 2024: Americas Stage 1
337411,168986,Split,G2,2,2,2,1,0,8,3,13,6,2024-05-10,Champions Tour 2024: Americas Stage 1
337411,168986,Split,100T,0,4,0,0,0,4,2,16,11,2024-05-10,Champions Tour 2024: Americas Stage 1
337412,168987,BindPICK,100T,2,2,2,2,0,6,3,12,8,2024-05-12,Champions Tour 2024: Americas Stage 1
337412,168987,BindPICK,G2,0,4,0,1,0,2,0,15,9,2024-05-12,Champions Tour 2024: Americas Stage 1
337412,168988,BreezePICK,100T,1,3,1,1,0,3,2,13,10,2024-05-12,Champions Tour 2024: Americas Stage 1
337412,168988,BreezePICK,G2,1,3,1,1,0,7,4,9,2,2024-05-12,Champions Tour 2024: Americas Stage 1
337412,168989,SunsetPICK,100T,1,3,2,1,1,3,2,14,8,2024-05-12,Champions Tour 2024: Americas Stage 1
337412,168989,SunsetPICK,G2,1,3,1,1,0,7,2,10,5,2024-05-12,Champions Tour 2024: Americas Stage 1
337413,168992,LotusPICK,KRÜ,1,3,1,0,0,1,1,15,11,2024-05-10,Champions Tour 2024: Americas Stage 1
337413,168992,LotusPICK,LEV,1,3,1,3,0,6,4,7,1,2024-05-10,Champions Tour 2024: Americas Stage 1
337413,168993,IceboxPICK,KRÜ,2,2,2,1,0,13,6,8,3,2024-05-10,Champions Tour 2024: Americas Stage 1
337413,168993,IceboxPICK,LEV,0,4,0,0,0,4,3,16,10,2024-05-10,Champions Tour 2024: Americas Stage 1
337413,168994,Sunset,KRÜ,0,4,0,3,1,1,0,13,7,2024-05-10,Champions Tour 2024: Americas Stage 1
337413,168994,Sunset,LEV,2,2,2,0,0,8,4,11,7,2024-05-10,Champions Tour 2024: Americas Stage 1
337414,168995,BindPICK,G2,2,2,2,2,0,4,2,18,8,2024-05-11,Champions Tour 2024: Americas Stage 1
337414,168995,BindPICK,LEV,0,4,0,3,2,2,2,17,10,2024-05-11,Champions Tour 2024: Americas Stage 1
337414,168996,BreezePICK,G2,2,3,2,1,0,5,4,11,7,2024-05-11,Champions Tour 2024: Americas Stage 1
337414,168996,BreezePICK,LEV,0,5,1,1,0,5,2,9,4,2024-05-11,Champions Tour 2024: Americas Stage 1
337414,168997,IceboxPICK,G2,2,2,2,1,0,11,5,12,5,2024-05-11,Champions Tour 2024: Americas Stage 1
337414,168997,IceboxPICK,LEV,0,4,0,1,0,7,5,14,9,2024-05-11,Champions Tour 2024: Americas Stage 1
337414,168998,LotusPICK,G2,1,3,1,2,0,8,6,10,6,2024-05-11,Champions Tour 2024: Americas Stage 1
337414,168998,LotusPICK,LEV,1,3,1,2,1,4,3,14,5,2024-05-11,Champions Tour 2024: Americas Stage 1
337414,168999,Ascent,G2,2,2,2,2,0,8,3,12,8,2024-05-11,Champions Tour 2024: Americas Stage 1
337414,168999,Ascent,LEV,0,4,1,2,1,5,1,13,8,2024-05-11,Champions Tour 2024: Americas Stage 1
341816,169368,AscentPICK,FNC,1,3,1,2,0,7,6,12,6,2024-05-08,Champions Tour 2024: EMEA Stage 1
341816,169368,AscentPICK,TL,1,2,1,3,0,5,1,14,9,2024-05-08,Champions Tour 2024: EMEA Stage 1
341816,169376,IceboxPICK,FNC,2,2,2,0,0,11,6,13,4,2024-05-08,Champions Tour 2024: EMEA Stage 1
341816,169376,IceboxPICK,TL,0,3,0,1,0,6,4,16,10,2024-05-08,Champions Tour 2024: EMEA Stage 1
341816,169377,Lotus,FNC,1,3,1,0,0,2,1,13,11,2024-05-08,Champions Tour 2024: EMEA Stage 1
341816,169377,Lotus,TL,1,3,1,2,0,5,2,8,2,2024-05-08,Champions Tour 2024: EMEA Stage 1
341817,169369,LotusPICK,NAVI,0,4,0,2,1,5,2,13,8,2024-05-08,Champions Tour 2024: EMEA Stage 1
341817,169369,LotusPICK,TH,2,2,2,2,0,9,4,11,7,2024-05-08,Champions Tour 2024: EMEA Stage 1
341817,169378,SplitPICK,NAVI,1,3,1,0,0,9,3,10,5,2024-05-08,Champions Tour 2024: EMEA Stage 1
341817,169378,SplitPICK,TH,1,4,2,0,0,5,1,13,10,2024-05-08,Champions Tour 2024: EMEA Stage 1
341818,169370,BreezePICK,KC,1,3,1,2,0,5,3,14,7,2024-05-09,Champions Tour 2024: EMEA Stage 1
341818,169370,BreezePICK,FNC,1,3,1,1,0,4,2,16,10,2024-05-09,Champions Tour 2024: EMEA Stage 1
341818,169380,BindPICK,KC,1,3,1,2,0,4,2,13,6,2024-05-09,Champions Tour 2024: EMEA Stage 1
341818,169380,BindPICK,FNC,1,3,1,0,0,4,3,15,9,2024-05-09,Champions Tour 2024: EMEA Stage 1
341819,169371,LotusPICK,FUT,2,2,2,4,1,5,2,12,5,2024-05-09,Champions Tour 2024: EMEA Stage 1
341819,169371,LotusPICK,TH,0,4,1,2,0,2,1,15,11,2024-05-09,Champions Tour 2024: EMEA Stage 1
341819,169382,SplitPICK,FUT,1,3,1,1,1,4,2,20,9,2024-05-09,Champions Tour 2024: EMEA Stage 1
341819,169382,SplitPICK,TH,1,3,1,1,0,7,5,17,9,2024-05-09,Champions Tour 2024: EMEA Stage 1
341820,169372,LotusPICK,FNC,2,2,2,1,0,5,2,20,9,2024-05-10,Champions Tour 2024: EMEA Stage 1
341820,169372,LotusPICK,TH,0,4,0,1,1,3,2,20,12,2024-05-10,Champions Tour 2024: EMEA Stage 1
341820,169384,BreezePICK,FNC,0,4,0,0,0,8,3,5,1,2024-05-10,Champions Tour 2024: EMEA Stage 1
341820,169384,BreezePICK,TH,2,2,2,0,0,6,4,9,7,2024-05-10,Champions Tour 2024: EMEA Stage 1
341821,169373,SunsetPICK,TH,2,2,2,1,0,7,4,10,7,2024-05-12,Champions Tour 2024: EMEA Stage 1
341821,169373,SunsetPICK,FNC,0,4,0,0,0,4,1,12,6,2024-05-12,Champions Tour 2024: EMEA Stage 1
341821,169386,BindPICK,TH,1,3,1,0,0,2,1,23,13,2024-05-12,Champions Tour 2024: EMEA Stage 1
341821,169386,BindPICK,FNC,1,3,1,0,0,4,3,21,9,2024-05-12,Champions Tour 2024: EMEA Stage 1
341821,169387,LotusPICK,TH,1,3,1,2,1,6,2,10,4,2024-05-12,Champions Tour 2024: EMEA Stage 1
341821,169387,LotusPICK,FNC,1,3,1,1,0,4,2,13,10,2024-05-12,Champions Tour 2024: EMEA Stage 1
341821,169388,SplitPICK,TH,0,4,0,1,0,5,1,8,4,2024-05-12,Champions Tour 2024: EMEA Stage 1
341821,169388,SplitPICK,FNC,2,2,2,0,0,3,3,13,8,2024-05-12,Champions Tour 2024: EMEA Stage 1
341821,169389,Breeze,TH,0,4,1,1,0,3,0,13,7,2024-05-12,Champions Tour 2024: EMEA Stage 1
341821,169389,Breeze,FNC,2,2,2,1,0,6,4,12,7,2024-05-12,Champions Tour 2024: EMEA Stage 1
341822,169374,IceboxPICK,KC,2,2,2,2,0,8,1,4,0,2024-05-10,Champions Tour 2024: EMEA Stage 1
341822,169374,IceboxPICK,FUT,0,4,1,0,0,0,0,12,12,2024-05-10,Champions Tour 2024: EMEA Stage 1
341822,169390,SunsetPICK,KC,2,2,2,2,0,9,3,10,5,2024-05-10,Champions Tour 2024: EMEA Stage 1
341822,169390,SunsetPICK,FUT,0,4,0,2,1,3,2,14,10,2024-05-10,Champions Tour 2024: EMEA Stage 1
341823,169375,IceboxPICK,FNC,1,3,1,0,0,6,3,15,7,2024-05-11,Champions Tour 2024: EMEA Stage 1
341823,169375,IceboxPICK,FUT,1,4,1,2,1,5,2,13,9,2024-05-11,Champions Tour 2024: EMEA Stage 1
341823,169392,BindPICK,FNC,1,3,2,0,0,3,2,13,9,2024-05-11,Champions Tour 2024: EMEA Stage 1
341823,169392,BindPICK,FUT,1,3,1,2,0,3,0,11,5,2024-05-11,Champions Tour 2024: EMEA Stage 1
341823,169393,BreezePICK,FNC,0,4,0,1,1,2,2,17,10,2024-05-11,Champions Tour 2024: EMEA Stage 1
341823,169393,BreezePICK,FUT,2,2,2,0,0,8,2,14,7,2024-05-11,Champions Tour 2024: EMEA Stage 1
341823,169394,SplitPICK,FNC,0,4,0,0,0,4,2,18,12,2024-05-11,Champions Tour 2024: EMEA Stage 1
341823,169394,SplitPICK,FUT,2,2,2,1,0,8,4,15,6,2024-05-11,Champions Tour 2024: EMEA Stage 1
353153,173346,SplitPICK,FUT,0,4,0,0,0,0,0,16,13,2024-06-18,Champions Tour 2024: EMEA Stage 2
353153,173346,SplitPICK,MKOI,2,2,2,1,0,10,3,7,2,2024-06-18,Champions Tour 2024: EMEA Stage 2
353153,173347,LotusPICK,FUT,0,4,0,2,1,2,1,12,5,2024-06-18,Champions Tour 2024: EMEA Stage 2
353153,173347,LotusPICK,MKOI,2,2,2,1,0,7,5,10,6,2024-06-18,Champions Tour 2024: EMEA Stage 2
353153,173348,Sunset,FUT,1,3,1,1,0,1,1,14,11,2024-06-18,Champions Tour 2024: EMEA Stage 2
353153,173348,Sunset,MKOI,1,3,1,2,1,4,1,10,3,2024-06-18,Champions Tour 2024: EMEA Stage 2
353154,173349,AscentPICK,BBL,0,4,1,1,0,5,2,12,6,2024-06-19,Champions Tour 2024: EMEA Stage 2
353154,173349,AscentPICK,FNC,2,2,2,2,1,5,2,13,8,2024-06-19,Champions Tour 2024: EMEA Stage 2
353154,173350,BindPICK,BBL,2,2,2,1,0,8,5,13,6,2024-06-19,Champions Tour 2024: EMEA Stage 2
353154,173350,BindPICK,FNC,0,4,0,1,0,2,2,17,9,2024-06-19,Champions Tour 2024: EMEA Stage 2
353154,173351,Lotus,BBL,1,3,1,2,1,5,1,14,8,2024-06-19,Champions Tour 2024: EMEA Stage 2
353154,173351,Lotus,FNC,1,3,1,0,0,10,4,11,8,2024-06-19,Champions Tour 2024: EMEA Stage 2
353155,173352,SunsetPICK,TH,1,3,2,0,0,3,3,10,8,2024-06-19,Champions Tour 2024: EMEA Stage 2
353155,173352,SunsetPICK,NAVI,1,3,1,1,0,7,1,5,1,2024-06-19,Champions Tour 2024: EMEA Stage 2
353155,173353,BindPICK,TH,0,3,1,1,1,1,1,13,10,2024-06-19,Champions Tour 2024: EMEA Stage 2
353155,173353,BindPICK,NAVI,2,2,2,2,0,8,1,6,2,2024-06-19,Champions Tour 2024: EMEA Stage 2
353156,173355,LotusPICK,VIT,0,4,0,1,0,1,1,17,12,2024-06-20,Champions Tour 2024: EMEA Stage 2
353156,173355,LotusPICK,TL,2,3,2,0,0,11,7,9,1,2024-06-20,Champions Tour 2024: EMEA Stage 2
353156,173356,IceboxPICK,VIT,1,3,1,1,0,9,4,19,12,2024-06-20,Champions Tour 2024: EMEA Stage 2
353156,173356,IceboxPICK,TL,1,3,2,1,0,5,1,23,12,2024-06-20,Champions Tour 2024: EMEA Stage 2
353157,173358,SplitPICK,GX,0,4,0,2,0,5,1,3,0,2024-06-20,Champions Tour 2024: EMEA Stage 2
353157,173358,SplitPICK,M8,2,2,2,0,0,2,2,10,9,2024-06-20,Champions Tour 2024: EMEA Stage 2
353157,173359,SunsetPICK,GX,1,3,1,0,0,8,6,13,6,2024-06-20,Champions Tour 2024: EMEA Stage 2
353157,173359,SunsetPICK,M8,1,3,1,2,0,6,4,13,6,2024-06-20,Champions Tour 2024: EMEA Stage 2
353157,173360,Breeze,GX,0,4,0,0,0,4,3,16,10,2024-06-20,Champions Tour 2024: EMEA Stage 2
353157,173360,Breeze,M8,2,2,2,1,0,9,4,12,5,2024-06-20,Champions Tour 2024: EMEA Stage 2
353158,173361,AscentPICK,NAVI,2,2,2,2,0,8,5,12,4,2024-06-21,Champions Tour 2024: EMEA Stage 2
353158,173361,AscentPICK,FUT,0,5,0,0,0,5,2,14,11,2024-06-21,Champions Tour 2024: EMEA Stage 2
353158,173362,LotusPICK,NAVI,0,3,0,2,0,6,2,7,3,2024-06-21,Champions Tour 2024: EMEA Stage 2
353158,173362,LotusPICK,FUT,2,2,2,1,1,7,5,8,5,2024-06-21,Champions Tour 2024: EMEA Stage 2
353159,173364,LotusPICK,BBL,0,3,0,3,1,3,1,10,4,2024-06-21,Champions Tour 2024: EMEA Stage 2
353159,173364,LotusPICK,KC,2,2,2,2,1,3,3,12,7,2024-06-21,Champions Tour 2024: EMEA Stage 2
353159,173365,SunsetPICK,BBL,1,3,1,0,0,10,3,5,1,2024-06-21,Champions Tour 2024: EMEA Stage 2
353159,173365,SunsetPICK,KC,1,3,1,2,2,1,1,12,9,2024-06-21,Champions Tour 2024: EMEA Stage 2
353160,173367,HavenPICK,FNC,1,3,2,0,0,3,3,13,8,2024-06-26,Champions Tour 2024: EMEA Stage 2
353160,173367,HavenPICK,VIT,1,3,1,1,0,8,3,7,2,2024-06-26,Champions Tour 2024: EMEA Stage 2
353160,173368,IceboxPICK,FNC,1,3,1,2,0,7,2,7,3,2024-06-26,Champions Tour 2024: EMEA Stage 2
353160,173368,IceboxPICK,VIT,1,2,1,1,1,3,2,13,9,2024-06-26,Champions Tour 2024: EMEA Stage 2
353160,173369,Lotus,FNC,1,3,2,0,0,1,1,16,10,2024-06-26,Champions Tour 2024: EMEA Stage 2
353160,173369,Lotus,VIT,1,3,1,2,0,10,4,5,2,2024-06-26,Champions Tour 2024: EMEA Stage 2
353161,173370,SunsetPICK,TH,1,3,2,2,0,3,1,15,10,2024-06-26,Champions Tour 2024: EMEA Stage 2
353161,173370,SunsetPICK,FUT,1,5,1,0,0,3,1,15,8,2024-06-26,Champions Tour 2024: EMEA Stage 2
353161,173371,SplitPICK,TH,1,3,2,0,0,4,2,12,9,2024-06-26,Champions Tour 2024: EMEA Stage 2
353161,173371,SplitPICK,FUT,1,4,1,2,0,4,2,9,3,2024-06-26,Champions Tour 2024: EMEA Stage 2
353162,173373,LotusPICK,BBL,1,3,1,1,0,1,1,14,11,2024-06-27,Champions Tour 2024: EMEA Stage 2
353162,173373,LotusPICK,TL,1,3,1,3,0,7,2,6,3,2024-06-27,Champions Tour 2024: EMEA Stage 2
353162,173374,AscentPICK,BBL,2,2,2,2,0,3,2,11,9,2024-06-27,Champions Tour 2024: EMEA Stage 2
353162,173374,AscentPICK,TL,0,4,0,2,0,4,1,8,4,2024-06-27,Champions Tour 2024: EMEA Stage 2
353163,173376,LotusPICK,NAVI,0,4,1,2,1,5,4,11,3,2024-06-27,Champions Tour 2024: EMEA Stage 2
353163,173376,LotusPICK,GX,2,2,2,1,0,5,3,14,8,2024-06-27,Champions Tour 2024: EMEA Stage 2
353163,173377,AscentPICK,NAVI,1,3,1,3,1,6,2,9,4,2024-06-27,Champions Tour 2024: EMEA Stage 2
353163,173377,AscentPICK,GX,1,3,1,1,0,7,5,10,7,2024-06-27,Champions Tour 2024: EMEA Stage 2
353164,173379,SunsetPICK,MKOI,2,2,2,2,0,10,4,10,5,2024-06-28,Champions Tour 2024: EMEA Stage 2
353164,173379,SunsetPICK,M8,0,4,1,0,0,5,4,15,8,2024-06-28,Champions Tour 2024: EMEA Stage 2
353164,173380,SplitPICK,MKOI,1,4,1,1,0,3,2,16,8,2024-06-28,Champions Tour 2024: EMEA Stage 2
353164,173380,SplitPICK,M8,1,3,2,1,1,7,2,13,8,2024-06-28,Champions Tour 2024: EMEA Stage 2
353165,173382,HavenPICK,FNC,1,3,1,0,0,1,1,12,11,2024-06-28,Champions Tour 2024: EMEA Stage 2
353165,173382,HavenPICK,KC,1,3,1,2,1,5,1,6,0,2024-06-28,Champions Tour 2024: EMEA Stage 2
353165,173383,LotusPICK,FNC,1,3,1,0,0,5,2,13,10,2024-06-28,Champions Tour 2024: EMEA Stage 2
353165,173383,LotusPICK,KC,1,3,1,2,0,4,2,12,5,2024-06-28,Champions Tour 2024: EMEA Stage 2
353166,173385,BindPICK,TH,2,2,2,0,0,8,6,12,5,2024-07-03,Champions Tour 2024: EMEA Stage 2
353166,173385,BindPICK,GX,0,4,0,1,0,4,3,13,6,2024-07-03,Champions Tour 2024: EMEA Stage 2
353166,173386,SplitPICK,TH,1,3,1,2,0,11,5,12,7,2024-07-03,Champions Tour 2024: EMEA Stage 2
353166,173386,SplitPICK,GX,1,3,2,3,0,5,2,17,11,2024-07-03,Champions Tour 2024: EMEA Stage 2
353166,173387,Haven,TH,1,3,1,1,0,3,1,15,11,2024-07-03,Champions Tour 2024: EMEA Stage 2
353166,173387,Haven,GX,1,3,1,1,0,10,4,8,4,2024-07-03,Champions Tour 2024: EMEA Stage 2
353167,173388,SunsetPICK,FUT,0,4,0,0,0,1,1,16,12,2024-07-03,Champions Tour 2024: EMEA Stage 2
353167,173388,SunsetPICK,M8,2,2,2,2,0,11,5,6,1,2024-07-03,Champions Tour 2024: EMEA Stage 2
353167,173389,SplitPICK,FUT,1,3,1,0,0,2,2,12,10,2024-07-03,Champions Tour 2024: EMEA Stage 2
353167,173389,SplitPICK,M8,1,3,1,1,0,10,2,3,1,2024-07-03,Champions Tour 2024: EMEA Stage 2
353168,173391,SplitPICK,MKOI,2,3,2,2,0,5,3,13,8,2024-07-04,Champions Tour 2024: EMEA Stage 2
353168,173391,SplitPICK,NAVI,0,4,1,2,0,1,0,16,9,2024-07-04,Champions Tour 2024: EMEA Stage 2
353168,173392,IceboxPICK,MKOI,2,2,2,1,0,4,3,12,8,2024-07-04,Champions Tour 2024: EMEA Stage 2
353168,173392,IceboxPICK,NAVI,0,4,0,0,0,7,2,8,4,2024-07-04,Champions Tour 2024: EMEA Stage 2
353169,173394,BindPICK,TL,0,4,1,2,1,0,0,18,11,2024-07-04,Champions Tour 2024: EMEA Stage 2
353169,173394,BindPICK,KC,2,2,2,4,0,6,3,12,6,2024-07-04,Champions Tour 2024: EMEA Stage 2
353169,173395,SunsetPICK,TL,2,2,2,0,0,4,4,9,7,2024-07-04,Champions Tour 2024: EMEA Stage 2
353169,173395,SunsetPICK,KC,0,3,0,2,0,5,1,5,1,2024-07-04,Champions Tour 2024: EMEA Stage 2
353170,173397,AscentPICK,BBL,0,4,0,0,0,6,2,10,5,2024-07-05,Champions Tour 2024: EMEA Stage 2
353170,173397,AscentPICK,VIT,2,2,2,0,0,6,4,12,7,2024-07-05,Champions Tour 2024: EMEA Stage 2
353170,173398,SunsetPICK,BBL,1,3,1,1,1,7,5,8,6,2024-07-05,Champions Tour 2024: EMEA Stage 2
353170,173398,SunsetPICK,VIT,1,3,1,1,1,7,1,8,3,2024-07-05,Champions Tour 2024: EMEA Stage 2
353170,173399,Lotus,BBL,2,2,2,2,0,7,2,13,7,2024-07-05,Champions Tour 2024: EMEA Stage 2
353170,173399,Lotus,VIT,0,4,1,1,0,4,1,15,11,2024-07-05,Champions Tour 2024: EMEA Stage 2
353171,173400,SunsetPICK,TH,2,2,2,1,0,3,2,14,9,2024-07-05,Champions Tour 2024: EMEA Stage 2
353171,173400,SunsetPICK,M8,0,4,0,1,1,5,4,10,2,2024-07-05,Champions Tour 2024: EMEA Stage 2
353171,173401,IceboxPICK,TH,1,3,1,0,0,6,3,14,6,2024-07-05,Champions Tour 2024: EMEA Stage 2
353171,173401,IceboxPICK,M8,1,3,1,0,0,12,7,8,5,2024-07-05,Champions Tour 2024: EMEA Stage 2
353171,173402,Lotus,TH,2,2,2,0,0,3,3,13,8,2024-07-05,Champions Tour 2024: EMEA Stage 2
353171,173402,Lotus,M8,0,4,0,0,0,8,2,6,3,2024-07-05,Champions Tour 2024: EMEA Stage 2
353172,173403,SplitPICK,FUT,1,3,1,0,0,3,3,11,9,2024-07-09,Champions Tour 2024: EMEA Stage 2
353172,173403,SplitPICK,GX,1,3,1,0,0,8,3,6,0,2024-07-09,Champions Tour 2024: EMEA Stage 2
353172,173404,LotusPICK,FUT,1,3,1,0,0,3,3,13,9,2024-07-09,Champions Tour 2024: EMEA Stage 2
353172,173404,LotusPICK,GX,1,3,1,0,0,11,4,5,1,2024-07-09,Champions Tour 2024: EMEA Stage 2
353173,173406,IceboxPICK,TH,0,5,0,1,0,7,3,11,8,2024-07-10,Champions Tour 2024: EMEA Stage 2
353173,173406,IceboxPICK,MKOI,2,2,2,1,0,6,5,15,6,2024-07-10,Champions Tour 2024: EMEA Stage 2
353173,173407,BindPICK,TH,1,3,1,0,0,3,3,16,9,2024-07-10,Champions Tour 2024: EMEA Stage 2
353173,173407,BindPICK,MKOI,1,3,1,3,1,5,3,11,4,2024-07-10,Champions Tour 2024: EMEA Stage 2
353173,173408,Haven,TH,0,4,1,2,1,1,0,16,11,2024-07-10,Champions Tour 2024: EMEA Stage 2
353173,173408,Haven,MKOI,2,3,2,1,0,8,4,11,4,2024-07-10,Champions Tour 2024: EMEA Stage 2
353174,173409,IceboxPICK,FNC,1,3,1,0,0,1,1,11,11,2024-07-10,Champions Tour 2024: EMEA Stage 2
353174,173409,IceboxPICK,TL,1,2,1,3,0,5,1,5,0,2024-07-10,Champions Tour 2024: EMEA Stage 2
353174,173410,HavenPICK,FNC,1,3,1,1,0,3,3,15,9,2024-07-10,Champions Tour 2024: EMEA Stage 2
353174,173410,HavenPICK,TL,1,3,1,2,1,6,3,11,4,2024-07-10,Champions Tour 2024: EMEA Stage 2
353175,173412,SunsetPICK,NAVI,1,3,1,2,0,4,4,11,8,2024-07-11,Champions Tour 2024: EMEA Stage 2
353175,173412,SunsetPICK,M8,1,3,1,1,0,5,1,11,5,2024-07-11,Champions Tour 2024: EMEA Stage 2
353175,173413,AscentPICK,NAVI,1,3,1,0,0,8,5,10,2,2024-07-11,Champions Tour 2024: EMEA Stage 2
353175,173413,AscentPICK,M8,1,3,1,1,1,8,6,9,5,2024-07-11,Champions Tour 2024: EMEA Stage 2
353175,173414,Split,NAVI,0,4,0,1,0,5,4,14,9,2024-07-11,Champions Tour 2024: EMEA Stage 2
353175,173414,Split,M8,2,2,2,1,0,11,6,10,3,2024-07-11,Champions Tour 2024: EMEA Stage 2
353177,173415,AscentPICK,MIBR,2,2,2,1,1,6,2,13,4,2024-06-22,Champions Tour 2024: Americas Stage 2
353177,173415,AscentPICK,LEV,0,5,0,1,1,1,0,15,12,2024-06-22,Champions Tour 2024: Americas Stage 2
353177,173416,IceboxPICK,MIBR,1,4,1,1,0,7,3,8,3,2024-06-22,Champions Tour 2024: Americas Stage 2
353177,173416,IceboxPICK,LEV,1,3,2,1,0,3,2,13,9,2024-06-22,Champions Tour 2024: Americas Stage 2
353178,173418,LotusPICK,SEN,0,4,0,1,1,5,3,11,9,2024-06-22,Champions Tour 2024: Americas Stage 2
353178,173418,LotusPICK,NRG,2,2,2,2,0,7,2,10,4,2024-06-22,Champions Tour 2024: Americas Stage 2
353178,173419,SunsetPICK,SEN,2,2,2,0,0,12,5,12,7,2024-06-22,Champions Tour 2024: Americas Stage 2
353178,173419,SunsetPICK,NRG,0,3,0,2,0,6,3,15,9,2024-06-22,Champions Tour 2024: Americas Stage 2
353179,173421,IceboxPICK,FUR,0,4,0,1,0,3,2,18,12,2024-06-23,Champions Tour 2024: Americas Stage 2
353179,173421,IceboxPICK,100T,2,2,2,2,0,8,5,14,5,2024-06-23,Champions Tour 2024: Americas Stage 2
353179,173422,HavenPICK,FUR,1,3,1,1,0,4,3,22,12,2024-06-23,Champions Tour 2024: Americas Stage 2
353179,173422,HavenPICK,100T,1,3,1,2,0,3,2,22,11,2024-06-23,Champions Tour 2024: Americas Stage 2
353180,173424,LotusPICK,LOUD,2,2,2,0,0,7,5,11,6,2024-06-23,Champions Tour 2024: Americas Stage 2
353180,173424,LotusPICK,EG,0,3,0,4,0,4,1,9,6,2024-06-23,Champions Tour 2024: Americas Stage 2
353180,173425,SunsetPICK,LOUD,0,4,0,0,0,5,2,10,4,2024-06-23,Champions Tour 2024: Americas Stage 2
353180,173425,SunsetPICK,EG,2,2,2,0,0,6,3,11,8,2024-06-23,Champions Tour 2024: Americas Stage 2
353180,173426,Icebox,LOUD,1,3,1,0,0,5,3,16,7,2024-06-23,Champions Tour 2024: Americas Stage 2
353180,173426,Icebox,EG,1,3,1,2,1,5,1,14,10,2024-06-23,Champions Tour 2024: Americas Stage 2
353181,173427,AscentPICK,G2,2,2,2,1,0,7,4,14,7,2024-06-24,Champions Tour 2024: Americas Stage 2
353181,173427,AscentPICK,C9,0,4,0,0,0,5,2,15,9,2024-06-24,Champions Tour 2024: Americas Stage 2
353181,173428,IceboxPICK,G2,1,3,1,2,0,7,3,6,1,2024-06-24,Champions Tour 2024: Americas Stage 2
353181,173428,IceboxPICK,C9,1,3,1,0,0,5,5,10,7,2024-06-24,Champions Tour 2024: Americas Stage 2
353181,173429,Lotus,G2,2,2,2,2,0,6,5,11,6,2024-06-24,Champions Tour 2024: Americas Stage 2
353181,173429,Lotus,C9,0,4,0,1,0,4,1,12,7,2024-06-24,Champions Tour 2024: Americas Stage 2
353182,173430,BindPICK,EG,1,3,2,1,0,2,1,12,10,2024-06-29,Champions Tour 2024: Americas Stage 2
353182,173430,BindPICK,FUR,1,3,1,2,0,10,3,3,1,2024-06-29,Champions Tour 2024: Americas Stage 2
353182,173431,LotusPICK,EG,1,3,2,0,0,3,3,11,8,2024-06-29,Champions Tour 2024: Americas Stage 2
353182,173431,LotusPICK,FUR,1,3,1,1,0,8,3,5,0,2024-06-29,Champions Tour 2024: Americas Stage 2
353183,173433,LotusPICK,SEN,1,3,1,0,0,10,5,11,7,2024-06-29,Champions Tour 2024: Americas Stage 2
353183,173433,LotusPICK,KRÜ,1,2,1,2,0,5,2,15,8,2024-06-29,Champions Tour 2024: Americas Stage 2
353183,173434,SplitPICK,SEN,0,4,0,1,0,5,4,13,9,2024-06-29,Champions Tour 2024: Americas Stage 2
353183,173434,SplitPICK,KRÜ,2,2,2,0,0,7,3,14,5,2024-06-29,Champions Tour 2024: Americas Stage 2
353184,173436,AscentPICK,LOUD,2,2,2,0,0,7,5,11,6,2024-06-30,Champions Tour 2024: Americas Stage 2
353184,173436,AscentPICK,MIBR,0,4,0,1,0,5,1,10,6,2024-06-30,Champions Tour 2024: Americas Stage 2
353184,173437,LotusPICK,LOUD,2,2,2,2,0,8,4,12,5,2024-06-30,Champions Tour 2024: Americas Stage 2
353184,173437,LotusPICK,MIBR,0,5,1,0,0,4,3,15,9,2024-06-30,Champions Tour 2024: Americas Stage 2
353184,173438,Sunset,LOUD,2,2,2,2,0,5,3,13,8,2024-06-30,Champions Tour 2024: Americas Stage 2
353184,173438,Sunset,MIBR,0,4,1,0,0,4,2,14,6,2024-06-30,Champions Tour 2024: Americas Stage 2
353185,173439,BindPICK,LEV,1,3,1,1,1,6,3,13,8,2024-06-30,Champions Tour 2024: Americas Stage 2
353185,173439,BindPICK,100T,1,3,2,2,1,3,2,15,5,2024-06-30,Champions Tour 2024: Americas Stage 2
353185,173440,HavenPICK,LEV,2,3,2,0,0,3,2,11,9,2024-06-30,Champions Tour 2024: Americas Stage 2
353185,173440,HavenPICK,100T,0,3,0,1,0,7,3,6,1,2024-06-30,Champions Tour 2024: Americas Stage 2
353186,173442,HavenPICK,NRG,1,3,1,2,0,6,1,9,5,2024-07-01,Champions Tour 2024: Americas Stage 2
353186,173442,HavenPICK,G2,1,3,1,1,1,2,2,14,9,2024-07-01,Champions Tour 2024: Americas Stage 2
353186,173443,BindPICK,NRG,1,3,1,1,0,6,4,11,3,2024-07-01,Champions Tour 2024: Americas Stage 2
353186,173443,BindPICK,G2,1,3,1,1,1,4,3,13,8,2024-07-01,Champions Tour 2024: Americas Stage 2
353187,173445,HavenPICK,SEN,1,3,2,0,0,3,3,12,8,2024-07-01,Champions Tour 2024: Americas Stage 2
353187,173445,HavenPICK,C9,1,4,1,0,0,4,0,10,4,2024-07-01,Champions Tour 2024: Americas Stage 2
353187,173446,SplitPICK,SEN,0,4,0,0,0,2,2,15,11,2024-07-01,Champions Tour 2024: Americas Stage 2
353187,173446,SplitPICK,C9,2,2,2,2,0,10,5,7,1,2024-07-01,Champions Tour 2024: Americas Stage 2
353188,173448,IceboxPICK,EG,0,4,0,2,0,4,1,8,4,2024-07-02,Champions Tour 2024: Americas Stage 2
353188,173448,IceboxPICK,LEV,2,2,2,0,0,6,4,10,7,2024-07-02,Champions Tour 2024: Americas Stage 2
353188,173449,SunsetPICK,EG,0,4,0,2,1,4,2,13,7,2024-07-02,Champions Tour 2024: Americas Stage 2
353188,173449,SunsetPICK,LEV,2,2,2,1,0,6,3,14,8,2024-07-02,Champions Tour 2024: Americas Stage 2
353189,173451,HavenPICK,LOUD,2,2,2,3,0,5,1,14,10,2024-07-02,Champions Tour 2024: Americas Stage 2
353189,173451,HavenPICK,FUR,0,4,1,1,0,3,0,16,10,2024-07-02,Champions Tour 2024: Americas Stage 2
353189,173452,IceboxPICK,LOUD,1,3,1,3,3,5,2,12,4,2024-07-02,Champions Tour 2024: Americas Stage 2
353189,173452,IceboxPICK,FUR,1,3,1,2,0,5,4,13,8,2024-07-02,Champions Tour 2024: Americas Stage 2
353189,173453,Bind,LOUD,1,3,2,0,0,6,2,13,5,2024-07-02,Champions Tour 2024: Americas Stage 2
353189,173453,Bind,FUR,1,3,1,3,2,2,0,14,10,2024-07-02,Champions Tour 2024: Americas Stage 2
353190,173454,IceboxPICK,MIBR,1,3,1,1,0,8,4,6,0,2024-07-03,Champions Tour 2024: Americas Stage 2
353190,173454,IceboxPICK,100T,1,3,1,0,0,3,3,12,9,2024-07-03,Champions Tour 2024: Americas Stage 2
353190,173455,SplitPICK,MIBR,1,3,1,1,0,7,2,8,3,2024-07-03,Champions Tour 2024: Americas Stage 2
353190,173455,SplitPICK,100T,1,3,1,0,0,3,2,13,10,2024-07-03,Champions Tour 2024: Americas Stage 2
353191,173457,SplitPICK,NRG,1,3,1,2,0,5,2,11,5,2024-07-03,Champions Tour 2024: Americas Stage 2
353191,173457,SplitPICK,KRÜ,1,3,1,1,1,5,3,12,8,2024-07-03,Champions Tour 2024: Americas Stage 2
353191,173458,AscentPICK,NRG,1,3,2,1,0,4,3,13,8,2024-07-03,Champions Tour 2024: Americas Stage 2
353191,173458,AscentPICK,KRÜ,1,3,1,1,0,6,3,11,4,2024-07-03,Champions Tour 2024: Americas Stage 2
353191,173459,Sunset,NRG,2,2,2,2,1,5,4,11,6,2024-07-03,Champions Tour 2024: Americas Stage 2
353191,173459,Sunset,KRÜ,0,4,0,1,0,3,1,12,6,2024-07-03,Champions Tour 2024: Americas Stage 2
353192,173460,LotusPICK,G2,1,4,1,2,0,7,2,4,1,2024-07-06,Champions Tour 2024: Americas Stage 2
353192,173460,LotusPICK,KRÜ,1,2,1,1,1,2,1,12,10,2024-07-06,Champions Tour 2024: Americas Stage 2
353192,173461,AscentPICK,G2,1,3,1,4,1,4,3,19,11,2024-07-06,Champions Tour 2024: Americas Stage 2
353192,173461,AscentPICK,KRÜ,1,3,1,1,1,6,4,20,8,2024-07-06,Champions Tour 2024: Americas Stage 2
353192,173462,Split,G2,1,3,1,0,0,4,3,11,9,2024-07-06,Champions Tour 2024: Americas Stage 2
353192,173462,Split,KRÜ,1,3,1,1,0,5,1,9,3,2024-07-06,Champions Tour 2024: Americas Stage 2
353193,173463,LotusPICK,LOUD,0,4,0,2,1,6,1,12,9,2024-07-06,Champions Tour 2024: Americas Stage 2
353193,173463,LotusPICK,LEV,2,2,2,1,0,5,3,16,8,2024-07-06,Champions Tour 2024: Americas Stage 2
353193,173464,IceboxPICK,LOUD,0,4,0,2,0,4,0,9,6,2024-07-06,Champions Tour 2024: Americas Stage 2
353193,173464,IceboxPICK,LEV,2,2,2,1,0,4,3,12,8,2024-07-06,Champions Tour 2024: Americas Stage 2
353194,173466,SunsetPICK,MIBR,1,4,1,2,1,4,1,13,7,2024-07-07,Champions Tour 2024: Americas Stage 2
353194,173466,SunsetPICK,FUR,1,3,1,0,0,8,5,12,7,2024-07-07,Champions Tour 2024: Americas Stage 2
353194,173467,IceboxPICK,MIBR,1,3,1,1,0,7,2,9,4,2024-07-07,Champions Tour 2024: Americas Stage 2
353194,173467,IceboxPICK,FUR,1,3,1,1,0,4,2,12,10,2024-07-07,Champions Tour 2024: Americas Stage 2
353195,173469,AscentPICK,NRG,2,2,2,0,0,4,4,10,7,2024-07-07,Champions Tour 2024: Americas Stage 2
353195,173469,AscentPICK,C9,0,4,0,1,0,2,1,9,2,2024-07-07,Champions Tour 2024: Americas Stage 2
353195,173470,IceboxPICK,NRG,0,4,0,2,0,1,1,16,9,2024-07-07,Champions Tour 2024: Americas Stage 2
353195,173470,IceboxPICK,C9,2,2,2,0,0,10,4,11,7,2024-07-07,Champions Tour 2024: Americas Stage 2
353195,173471,Sunset,NRG,1,3,1,0,0,3,2,20,9,2024-07-07,Champions Tour 2024: Americas Stage 2
353195,173471,Sunset,C9,1,3,1,0,0,10,4,13,9,2024-07-07,Champions Tour 2024: Americas Stage 2
353196,173472,LotusPICK,EG,1,4,1,1,0,5,2,13,7,2024-07-08,Champions Tour 2024: Americas Stage 2
353196,173472,LotusPICK,100T,1,4,1,1,0,3,2,15,10,2024-07-08,Champions Tour 2024: Americas Stage 2
353196,173473,BindPICK,EG,1,3,1,3,1,1,1,16,10,2024-07-08,Champions Tour 2024: Americas Stage 2
353196,173473,BindPICK,100T,1,3,1,0,0,6,5,14,4,2024-07-08,Champions Tour 2024: Americas Stage 2
353196,173474,Ascent,EG,1,4,2,1,0,9,2,6,3,2024-07-08,Champions Tour 2024: Americas Stage 2
353196,173474,Ascent,100T,1,3,1,2,1,3,1,12,10,2024-07-08,Champions Tour 2024: Americas Stage 2
353197,173475,IceboxPICK,C9,0,5,0,0,0,8,5,7,2,2024-07-12,Champions Tour 2024: Americas Stage 2
353197,173475,IceboxPICK,KRÜ,2,2,2,1,1,3,2,14,8,2024-07-12,Champions Tour 2024: Americas Stage 2
353197,173476,SplitPICK,C9,2,2,2,0,0,9,5,12,3,2024-07-12,Champions Tour 2024: Americas Stage 2
353197,173476,SplitPICK,KRÜ,0,4,0,0,0,2,2,17,11,2024-07-12,Champions Tour 2024: Americas Stage 2
353198,173478,BindPICK,EG,2,2,2,0,0,8,5,12,2,2024-07-13,Champions Tour 2024: Americas Stage 2
353198,173478,BindPICK,MIBR,0,4,0,0,0,3,3,15,10,2024-07-13,Champions Tour 2024: Americas Stage 2
353198,173479,LotusPICK,EG,0,3,0,4,0,3,0,5,2,2024-07-13,Champions Tour 2024: Americas Stage 2
353198,173479,LotusPICK,MIBR,2,2,2,0,0,3,3,10,8,2024-07-13,Champions Tour 2024: Americas Stage 2
353199,173481,SunsetPICK,LEV,1,3,1,0,0,3,3,13,9,2024-07-13,Champions Tour 2024: Americas Stage 2
353199,173481,SunsetPICK,FUR,1,3,1,4,2,5,2,7,1,2024-07-13,Champions Tour 2024: Americas Stage 2
353199,173482,IceboxPICK,LEV,2,2,2,2,1,4,3,11,7,2024-07-13,Champions Tour 2024: Americas Stage 2
353199,173482,IceboxPICK,FUR,0,4,0,2,0,3,2,10,4,2024-07-13,Champions Tour 2024: Americas Stage 2
353200,173484,AscentPICK,LOUD,0,3,0,4,0,3,1,4,0,2024-07-14,Champions Tour 2024: Americas Stage 2
353200,173484,AscentPICK,100T,2,2,2,0,0,2,2,10,9,2024-07-14,Champions Tour 2024: Americas Stage 2
353200,173485,BindPICK,LOUD,1,4,1,0,0,3,1,14,11,2024-07-14,Champions Tour 2024: Americas Stage 2
353200,173485,BindPICK,100T,1,3,1,2,0,5,3,11,4,2024-07-14,Champions Tour 2024: Americas Stage 2
353200,173486,Lotus,LOUD,0,4,0,1,0,2,1,16,12,2024-07-14,Champions Tour 2024: Americas Stage 2
353200,173486,Lotus,100T,2,2,2,0,0,10,5,11,3,2024-07-14,Champions Tour 2024: Americas Stage 2
353201,173487,BindPICK,SEN,0,4,0,2,1,4,1,9,4,2024-07-14,Champions Tour 2024: Americas Stage 2
353201,173487,BindPICK,G2,2,2,2,0,0,5,4,12,7,2024-07-14,Champions Tour 2024: Americas Stage 2
353201,173488,LotusPICK,SEN,1,3,1,1,1,5,2,13,5,2024-07-14,Champions Tour 2024: Americas Stage 2
353201,173488,LotusPICK,G2,1,3,2,2,1,4,1,13,9,2024-07-14,Champions Tour 2024: Americas Stage 2
353202,173490,SunsetPICK,MKOI,1,3,1,0,0,2,2,13,10,2024-06-25,Champions Tour 2024: EMEA Stage 2
353202,173490,SunsetPICK,GX,1,3,1,2,0,13,4,0,0,2024-06-25,Champions Tour 2024: EMEA Stage 2
353202,173491,IceboxPICK,MKOI,2,2,2,1,0,7,4,16,8,2024-06-25,Champions Tour 2024: EMEA Stage 2
353202,173491,IceboxPICK,GX,0,4,0,0,0,14,9,8,3,2024-06-25,Champions Tour 2024: EMEA Stage 2
353203,173493,IceboxPICK,VIT,2,2,2,1,0,4,2,10,9,2024-07-11,Champions Tour 2024: EMEA Stage 2
353203,173493,IceboxPICK,KC,0,4,0,0,0,5,1,8,3,2024-07-11,Champions Tour 2024: EMEA Stage 2
353203,173494,LotusPICK,VIT,2,2,2,1,0,9,3,10,4,2024-07-11,Champions Tour 2024: EMEA Stage 2
353203,173494,LotusPICK,KC,0,4,0,0,0,3,1,15,12,2024-07-11,Champions Tour 2024: EMEA Stage 2
353203,173495,Sunset,VIT,1,3,1,0,0,11,6,12,7,2024-07-11,Champions Tour 2024: EMEA Stage 2
353203,173495,Sunset,KC,1,3,1,2,0,3,1,18,10,2024-07-11,Champions Tour 2024: EMEA Stage 2
365316,176169,HavenPICK,GEN,1,3,1,0,0,2,1,16,11,2024-07-12,Champions Tour 2024: Pacific Stage 2
365316,176169,HavenPICK,RRQ,1,3,1,1,0,11,3,6,4,2024-07-12,Champions Tour 2024: Pacific Stage 2
365316,176170,BindPICK,GEN,1,3,2,0,0,7,5,14,6,2024-07-12,Champions Tour 2024: Pacific Stage 2
365316,176170,BindPICK,RRQ,1,4,1,2,0,9,5,9,5,2024-07-12,Champions Tour 2024: Pacific Stage 2
365317,176172,LotusPICK,TS,0,4,0,0,0,3,2,17,9,2024-07-12,Champions Tour 2024: Pacific Stage 2
365317,176172,LotusPICK,TLN,2,2,2,1,0,9,5,12,6,2024-07-12,Champions Tour 2024: Pacific Stage 2
365317,176173,AbyssPICK,TS,0,4,0,2,1,5,3,13,7,2024-07-12,Champions Tour 2024: Pacific Stage 2
365317,176173,AbyssPICK,TLN,2,2,2,0,0,10,6,12,5,2024-07-12,Champions Tour 2024: Pacific Stage 2
365318,176175,AscentPICK,PRX,0,4,0,1,1,6,1,12,8,2024-07-13,Champions Tour 2024: Pacific Stage 2
365318,176175,AscentPICK,GEN,2,2,2,0,0,6,4,15,7,2024-07-13,Champions Tour 2024: Pacific Stage 2
365318,176176,IceboxPICK,PRX,1,3,1,1,0,7,2,7,2,2024-07-13,Champions Tour 2024: Pacific Stage 2
365318,176176,IceboxPICK,GEN,1,3,2,0,0,3,3,12,8,2024-07-13,Champions Tour 2024: Pacific Stage 2
365319,176178,AscentPICK,KRX,1,3,2,2,0,2,2,14,9,2024-07-13,Champions Tour 2024: Pacific Stage 2
365319,176178,AscentPICK,TLN,1,3,1,1,0,8,3,9,4,2024-07-13,Champions Tour 2024: Pacific Stage 2
365319,176179,AbyssPICK,KRX,2,2,2,0,0,4,4,11,7,2024-07-13,Champions Tour 2024: Pacific Stage 2
365319,176179,AbyssPICK,TLN,0,4,0,1,0,5,4,7,0,2024-07-13,Champions Tour 2024: Pacific Stage 2
365320,176181,HavenPICK,GEN,2,2,2,1,0,7,3,12,8,2024-07-14,Champions Tour 2024: Pacific Stage 2
365320,176181,HavenPICK,KRX,0,4,0,2,0,2,1,14,8,2024-07-14,Champions Tour 2024: Pacific Stage 2
365320,176182,SunsetPICK,GEN,0,4,0,1,1,5,1,13,8,2024-07-14,Champions Tour 2024: Pacific Stage 2
365320,176182,SunsetPICK,KRX,2,2,2,0,0,7,4,14,7,2024-07-14,Champions Tour 2024: Pacific Stage 2
365320,176183,Bind,GEN,1,3,1,0,0,3,3,13,9,2024-07-14,Champions Tour 2024: Pacific Stage 2
365320,176183,Bind,KRX,1,3,1,0,0,6,1,10,4,2024-07-14,Champions Tour 2024: Pacific Stage 2
365321,176184,HavenPICK,GEN,1,3,1,1,0,6,2,9,3,2024-07-21,Champions Tour 2024: Pacific Stage 2
365321,176184,HavenPICK,KRX,1,4,1,0,0,1,1,14,11,2024-07-21,Champions Tour 2024: Pacific Stage 2
365321,176185,BindPICK,GEN,0,4,1,0,0,5,3,25,14,2024-07-21,Champions Tour 2024: Pacific Stage 2
365321,176185,BindPICK,KRX,2,2,2,5,2,7,3,20,9,2024-07-21,Champions Tour 2024: Pacific Stage 2
365321,176186,LotusPICK,GEN,2,2,2,1,0,10,6,13,6,2024-07-21,Champions Tour 2024: Pacific Stage 2
365321,176186,LotusPICK,KRX,0,4,0,2,1,2,1,18,10,2024-07-21,Champions Tour 2024: Pacific Stage 2
365321,176187,IceboxPICK,GEN,1,3,1,1,1,3,2,12,9,2024-07-21,Champions Tour 2024: Pacific Stage 2
365321,176187,IceboxPICK,KRX,1,3,1,1,0,4,1,11,4,2024-07-21,Champions Tour 2024: Pacific Stage 2
365322,176189,AscentPICK,PRX,2,2,2,0,0,4,3,10,8,2024-07-14,Champions Tour 2024: Pacific Stage 2
365322,176189,AscentPICK,TLN,0,4,0,2,0,3,1,7,2,2024-07-14,Champions Tour 2024: Pacific Stage 2
365322,176190,SunsetPICK,PRX,2,2,2,0,0,4,4,10,7,2024-07-14,Champions Tour 2024: Pacific Stage 2
365322,176190,SunsetPICK,TLN,0,4,0,1,0,3,1,8,2,2024-07-14,Champions Tour 2024: Pacific Stage 2
365323,176192,AbyssPICK,KRX,0,4,0,1,0,2,0,13,7,2024-07-20,Champions Tour 2024: Pacific Stage 2
365323,176192,AbyssPICK,PRX,2,2,2,0,0,4,3,14,8,2024-07-20,Champions Tour 2024: Pacific Stage 2
365323,176193,LotusPICK,KRX,1,3,1,0,0,8,3,12,6,2024-07-20,Champions Tour 2024: Pacific Stage 2
365323,176193,LotusPICK,PRX,1,2,1,1,0,6,2,14,10,2024-07-20,Champions Tour 2024: Pacific Stage 2
365323,176194,BindPICK,KRX,1,3,1,0,0,3,1,17,11,2024-07-20,Champions Tour 2024: Pacific Stage 2
365323,176194,BindPICK,PRX,1,3,1,0,0,7,4,13,5,2024-07-20,Champions Tour 2024: Pacific Stage 2
365323,176195,IceboxPICK,KRX,2,2,2,3,1,4,2,14,8,2024-07-20,Champions Tour 2024: Pacific Stage 2
365323,176195,IceboxPICK,PRX,0,4,0,0,0,8,2,11,8,2024-07-20,Champions Tour 2024: Pacific Stage 2
365323,176196,Ascent,KRX,2,2,2,1,1,5,4,12,6,2024-07-20,Champions Tour 2024: Pacific Stage 2
365323,176196,Ascent,PRX,0,2,0,3,0,6,3,9,4,2024-07-20,Champions Tour 2024: Pacific Stage 2
371266,178819,AbyssPICK,KRÜ,1,3,2,0,0,4,3,17,8,2024-07-17,Champions Tour 2024: Americas Stage 2
371266,178819,AbyssPICK,C9,1,4,1,3,1,4,1,13,8,2024-07-17,Champions Tour 2024: Americas Stage 2
371266,178820,LotusPICK,KRÜ,1,3,1,0,0,8,3,13,7,2024-07-17,Champions Tour 2024: Americas Stage 2
371266,178820,LotusPICK,C9,1,3,1,0,0,9,2,12,10,2024-07-17,Champions Tour 2024: Americas Stage 2
371266,178821,Haven,KRÜ,1,3,1,0,0,3,1,13,11,2024-07-17,Champions Tour 2024: Americas Stage 2
371266,178821,Haven,C9,1,3,1,0,0,10,2,6,3,2024-07-17,Champions Tour 2024: Americas Stage 2
371267,178822,HavenPICK,SEN,1,3,1,1,1,8,2,8,3,2024-07-17,Champions Tour 2024: Americas Stage 2
371267,178822,HavenPICK,100T,1,3,1,1,0,3,2,13,10,2024-07-17,Champions Tour 2024: Americas Stage 2
371267,178823,AscentPICK,SEN,0,4,0,1,1,7,3,11,6,2024-07-17,Champions Tour 2024: Americas Stage 2
371267,178823,AscentPICK,100T,2,2,2,1,0,8,5,12,6,2024-07-17,Champions Tour 2024: Americas Stage 2
371268,178825,IceboxPICK,LEV,2,2,2,0,0,3,3,10,8,2024-07-18,Champions Tour 2024: Americas Stage 2
371268,178825,IceboxPICK,KRÜ,0,3,0,1,0,5,0,6,2,2024-07-18,Champions Tour 2024: Americas Stage 2
371268,178826,SunsetPICK,LEV,1,3,1,0,0,2,2,12,10,2024-07-18,Champions Tour 2024: Americas Stage 2
371268,178826,SunsetPICK,KRÜ,1,3,1,1,1,8,1,5,1,2024-07-18,Champions Tour 2024: Americas Stage 2
371269,178828,LotusPICK,G2,1,3,1,0,0,3,3,12,9,2024-07-18,Champions Tour 2024: Americas Stage 2
371269,178828,LotusPICK,100T,1,3,1,3,0,6,2,6,2,2024-07-18,Champions Tour 2024: Americas Stage 2
371269,178829,AbyssPICK,G2,2,2,2,1,0,7,4,13,7,2024-07-18,Champions Tour 2024: Americas Stage 2
371269,178829,AbyssPICK,100T,0,4,0,0,0,8,4,11,6,2024-07-18,Champions Tour 2024: Americas Stage 2
371270,178831,IceboxPICK,LEV,0,3,0,3,1,5,3,10,4,2024-07-19,Champions Tour 2024: Americas Stage 2
371270,178831,IceboxPICK,G2,2,3,2,3,2,6,1,9,8,2024-07-19,Champions Tour 2024: Americas Stage 2
371270,178832,BindPICK,LEV,1,3,1,1,1,7,3,8,1,2024-07-19,Champions Tour 2024: Americas Stage 2
371270,178832,BindPICK,G2,1,3,1,1,1,4,3,11,8,2024-07-19,Champions Tour 2024: Americas Stage 2
371271,178834,LotusPICK,G2,2,2,2,5,1,7,5,14,5,2024-07-21,Champions Tour 2024: Americas Stage 2
371271,178834,LotusPICK,LEV,0,4,0,1,1,4,3,19,11,2024-07-21,Champions Tour 2024: Americas Stage 2
371271,178835,HavenPICK,G2,2,2,2,3,2,10,4,15,6,2024-07-21,Champions Tour 2024: Americas Stage 2
371271,178835,HavenPICK,LEV,0,4,1,1,1,1,0,24,14,2024-07-21,Champions Tour 2024: Americas Stage 2
371271,178836,BindPICK,G2,1,3,1,1,0,5,4,13,8,2024-07-21,Champions Tour 2024: Americas Stage 2
371271,178836,BindPICK,LEV,1,3,1,1,0,5,3,13,5,2024-07-21,Champions Tour 2024: Americas Stage 2
371271,178837,AscentPICK,G2,1,3,1,3,0,3,1,8,2,2024-07-21,Champions Tour 2024: Americas Stage 2
371271,178837,AscentPICK,LEV,1,3,1,0,0,2,2,12,10,2024-07-21,Champions Tour 2024: Americas Stage 2
371272,178839,IceboxPICK,KRÜ,1,3,1,2,0,6,5,11,3,2024-07-19,Champions Tour 2024: Americas Stage 2
371272,178839,IceboxPICK,100T,1,3,1,1,0,3,2,15,10,2024-07-19,Champions Tour 2024: Americas Stage 2
371272,178840,LotusPICK,KRÜ,2,2,2,3,1,5,4,14,6,2024-07-19,Champions Tour 2024: Americas Stage 2
371272,178840,LotusPICK,100T,0,4,0,1,1,6,5,13,5,2024-07-19,Champions Tour 2024: Americas Stage 2
371272,178841,Ascent,KRÜ,1,3,1,1,0,5,2,15,10,2024-07-19,Champions Tour 2024: Americas Stage 2
371272,178841,Ascent,100T,1,3,1,1,0,4,1,16,9,2024-07-19,Champions Tour 2024: Americas Stage 2
371273,178842,IceboxPICK,LEV,0,4,1,0,0,0,0,12,12,2024-07-20,Champions Tour 2024: Americas Stage 2
371273,178842,IceboxPICK,KRÜ,2,2,2,1,0,8,0,5,1,2024-07-20,Champions Tour 2024: Americas Stage 2
371273,178843,HavenPICK,LEV,0,5,0,0,0,4,1,15,10,2024-07-20,Champions Tour 2024: Americas Stage 2
371273,178843,HavenPICK,KRÜ,2,2,2,1,0,8,5,13,6,2024-07-20,Champions Tour 2024: Americas Stage 2
371273,178844,SunsetPICK,LEV,1,3,1,3,0,4,2,10,4,2024-07-20,Champions Tour 2024: Americas Stage 2
371273,178844,SunsetPICK,KRÜ,1,3,1,0,0,3,3,14,9,2024-07-20,Champions Tour 2024: Americas Stage 2
371273,178845,AbyssPICK,LEV,2,2,2,1,0,8,7,12,4,2024-07-20,Champions Tour 2024: Americas Stage 2
371273,178845,AbyssPICK,KRÜ,0,4,0,0,0,6,4,13,6,2024-07-20,Champions Tour 2024: Americas Stage 2
371273,178846,Ascent,LEV,1,3,1,2,1,6,3,12,8,2024-07-20,Champions Tour 2024: Americas Stage 2
371273,178846,Ascent,KRÜ,1,3,1,2,1,5,3,13,5,2024-07-20,Champions Tour 2024: Americas Stage 2
371278,178847,HavenPICK,VIT,2,2,2,2,1,5,1,12,4,2024-07-15,Champions Tour 2024: EMEA Stage 2
371278,178847,HavenPICK,NAVI,0,4,1,1,0,2,0,14,12,2024-07-15,Champions Tour 2024: EMEA Stage 2
371278,178848,SunsetPICK,VIT,1,3,1,0,0,2,2,13,10,2024-07-15,Champions Tour 2024: EMEA Stage 2
371278,178848,SunsetPICK,NAVI,1,3,1,0,0,7,2,8,2,2024-07-15,Champions Tour 2024: EMEA Stage 2
371278,178849,Ascent,VIT,1,3,1,2,0,5,4,10,8,2024-07-15,Champions Tour 2024: EMEA Stage 2
371278,178849,Ascent,NAVI,1,3,1,2,0,4,2,11,4,2024-07-15,Champions Tour 2024: EMEA Stage 2
371279,178850,IceboxPICK,FNC,1,3,1,0,0,7,3,10,3,2024-07-15,Champions Tour 2024: EMEA Stage 2
371279,178850,IceboxPICK,KC,1,3,1,1,0,2,2,14,10,2024-07-15,Champions Tour 2024: EMEA Stage 2
371279,178851,SunsetPICK,FNC,1,3,1,0,0,6,4,19,10,2024-07-15,Champions Tour 2024: EMEA Stage 2
371279,178851,SunsetPICK,KC,1,3,1,3,1,6,3,16,8,2024-07-15,Champions Tour 2024: EMEA Stage 2
371279,178852,Lotus,FNC,2,2,2,2,1,6,5,9,5,2024-07-15,Champions Tour 2024: EMEA Stage 2
371279,178852,Lotus,KC,0,4,0,2,1,5,1,8,4,2024-07-15,Champions Tour 2024: EMEA Stage 2
371280,178853,IceboxPICK,TH,1,3,1,1,0,3,1,19,12,2024-07-16,Champions Tour 2024: EMEA Stage 2
371280,178853,IceboxPICK,VIT,1,2,1,2,1,9,5,13,5,2024-07-16,Champions Tour 2024: EMEA Stage 2
371280,178854,SunsetPICK,TH,1,3,1,2,0,6,4,12,5,2024-07-16,Champions Tour 2024: EMEA Stage 2
371280,178854,SunsetPICK,VIT,1,3,1,1,1,6,4,13,7,2024-07-16,Champions Tour 2024: EMEA Stage 2
371280,178855,Bind,TH,0,4,0,1,0,2,1,19,11,2024-07-16,Champions Tour 2024: EMEA Stage 2
371280,178855,Bind,VIT,2,2,2,1,1,10,5,13,6,2024-07-16,Champions Tour 2024: EMEA Stage 2
371281,178856,SunsetPICK,FUT,1,3,1,0,0,3,2,22,10,2024-07-16,Champions Tour 2024: EMEA Stage 2
371281,178856,SunsetPICK,FNC,1,3,1,2,1,8,6,15,7,2024-07-16,Champions Tour 2024: EMEA Stage 2
371281,178857,HavenPICK,FUT,1,3,1,2,0,5,1,8,3,2024-07-16,Champions Tour 2024: EMEA Stage 2
371281,178857,HavenPICK,FNC,1,3,2,0,0,2,2,13,9,2024-07-16,Champions Tour 2024: EMEA Stage 2
371282,178859,LotusPICK,VIT,2,2,2,0,0,14,7,8,2,2024-07-17,Champions Tour 2024: EMEA Stage 2
371282,178859,LotusPICK,FNC,0,4,0,1,0,3,2,16,11,2024-07-17,Champions Tour 2024: EMEA Stage 2
371282,178860,SunsetPICK,VIT,2,2,2,1,0,12,3,4,1,2024-07-17,Champions Tour 2024: EMEA Stage 2
371282,178860,SunsetPICK,FNC,0,4,1,0,0,0,0,15,12,2024-07-17,Champions Tour 2024: EMEA Stage 2
371283,178862,HavenPICK,FNC,1,3,1,1,0,3,2,14,10,2024-07-20,Champions Tour 2024: EMEA Stage 2
371283,178862,HavenPICK,VIT,1,3,1,2,0,6,3,10,4,2024-07-20,Champions Tour 2024: EMEA Stage 2
371283,178863,AscentPICK,FNC,1,3,1,2,1,6,2,11,5,2024-07-20,Champions Tour 2024: EMEA Stage 2
371283,178863,AscentPICK,VIT,1,3,1,0,0,7,4,12,8,2024-07-20,Champions Tour 2024: EMEA Stage 2
371283,178864,LotusPICK,FNC,2,2,2,2,0,11,7,7,4,2024-07-20,Champions Tour 2024: EMEA Stage 2
371283,178864,LotusPICK,VIT,0,4,0,0,0,8,4,10,5,2024-07-20,Champions Tour 2024: EMEA Stage 2
371283,178865,BindPICK,FNC,2,2,2,0,0,2,2,12,9,2024-07-20,Champions Tour 2024: EMEA Stage 2
371283,178865,BindPICK,VIT,0,3,0,0,0,9,2,4,1,2024-07-20,Champions Tour 2024: EMEA Stage 2
371284,178867,AbyssPICK,TH,1,3,1,0,0,4,2,16,10,2024-07-17,Champions Tour 2024: EMEA Stage 2
371284,178867,AbyssPICK,FUT,1,3,1,2,0,5,1,13,8,2024-07-17,Champions Tour 2024: EMEA Stage 2
371284,178868,SunsetPICK,TH,1,3,1,1,1,6,4,14,7,2024-07-17,Champions Tour 2024: EMEA Stage 2
371284,178868,SunsetPICK,FUT,1,3,1,1,1,4,2,16,7,2024-07-17,Champions Tour 2024: EMEA Stage 2
371285,178870,IceboxPICK,VIT,1,2,1,3,0,6,2,8,3,2024-07-19,Champions Tour 2024: EMEA Stage 2
371285,178870,IceboxPICK,TH,1,3,1,0,0,4,3,12,9,2024-07-19,Champions Tour 2024: EMEA Stage 2
371285,178871,SunsetPICK,VIT,2,2,2,0,0,7,5,8,6,2024-07-19,Champions Tour 2024: EMEA Stage 2
371285,178871,SunsetPICK,TH,0,4,0,2,0,2,1,9,3,2024-07-19,Champions Tour 2024: EMEA Stage 2
371285,178872,LotusPICK,VIT,2,2,2,0,0,5,4,9,7,2024-07-19,Champions Tour 2024: EMEA Stage 2
371285,178872,LotusPICK,TH,0,4,0,3,0,3,1,6,2,2024-07-19,Champions Tour 2024: EMEA Stage 2
371285,178873,HavenPICK,VIT,1,3,1,0,0,2,2,17,10,2024-07-19,Champions Tour 2024: EMEA Stage 2
371285,178873,HavenPICK,TH,1,3,1,3,1,3,1,13,6,2024-07-19,Champions Tour 2024: EMEA Stage 2
378656,180354,BindPICK,FNC,1,4,1,0,0,3,2,15,10,2024-08-02,Valorant Champions 2024
378656,180354,BindPICK,BLG,1,3,2,1,0,6,3,12,4,2024-08-02,Valorant Champions 2024
378656,180355,LotusPICK,FNC,2,2,2,0,0,3,2,12,9,2024-08-02,Valorant Champions 2024
378656,180355,LotusPICK,BLG,0,4,0,0,0,6,2,7,2,2024-08-02,Valorant Champions 2024
378657,180357,HavenPICK,KRX,0,3,0,3,0,2,0,7,2,2024-08-02,Valorant Champions 2024
378657,180357,HavenPICK,KRÜ,2,2,2,0,0,4,3,9,8,2024-08-02,Valorant Champions 2024
378657,180358,AbyssPICK,KRX,2,3,2,1,0,3,1,12,10,2024-08-02,Valorant Champions 2024
378657,180358,AbyssPICK,KRÜ,0,4,2,0,0,7,2,8,2,2024-08-02,Valorant Champions 2024
378657,180359,Bind,KRX,2,2,2,0,0,6,4,11,7,2024-08-02,Valorant Champions 2024
378657,180359,Bind,KRÜ,0,4,0,1,0,4,2,10,4,2024-08-02,Valorant Champions 2024
378658,180360,AbyssPICK,FNC,2,2,2,0,0,14,5,8,4,2024-08-06,Valorant Champions 2024
378658,180360,AbyssPICK,KRX,0,5,1,2,1,0,0,17,11,2024-08-06,Valorant Champions 2024
378658,180361,LotusPICK,FNC,1,4,1,0,0,7,2,8,3,2024-08-06,Valorant Champions 2024
378658,180361,LotusPICK,KRX,1,2,1,1,0,3,1,13,11,2024-08-06,Valorant Champions 2024
378659,180363,LotusPICK,BLG,1,3,1,3,1,6,5,10,2,2024-08-08,Valorant Champions 2024
378659,180363,LotusPICK,KRÜ,1,3,1,0,0,4,4,15,8,2024-08-08,Valorant Champions 2024
378659,180364,IceboxPICK,BLG,0,4,0,1,0,7,3,5,1,2024-08-08,Valorant Champions 2024
378659,180364,IceboxPICK,KRÜ,2,2,2,0,0,5,5,10,6,2024-08-08,Valorant Champions 2024
378660,180366,SunsetPICK,FNC,0,4,0,1,0,4,2,15,9,2024-08-10,Valorant Champions 2024
378660,180366,SunsetPICK,KRÜ,2,2,2,2,0,7,6,13,5,2024-08-10,Valorant Champions 2024
378660,180367,HavenPICK,FNC,2,2,2,0,0,6,4,14,7,2024-08-10,Valorant Champions 2024
378660,180367,HavenPICK,KRÜ,0,4,0,1,0,1,1,16,8,2024-08-10,Valorant Champions 2024
378660,180368,Lotus,FNC,2,2,2,0,0,5,4,11,7,2024-08-10,Valorant Champions 2024
378660,180368,Lotus,KRÜ,0,4,0,2,1,5,1,7,3,2024-08-10,Valorant Champions 2024
378662,180369,HavenPICK,GEN,2,2,2,1,0,6,4,12,7,2024-08-01,Valorant Champions 2024
378662,180369,HavenPICK,SEN,0,4,0,1,0,5,2,11,6,2024-08-01,Valorant Champions 2024
378662,180370,AscentPICK,GEN,1,3,1,0,0,3,3,14,9,2024-08-01,Valorant Champions 2024
378662,180370,AscentPICK,SEN,1,3,1,2,0,5,1,10,5,2024-08-01,Valorant Champions 2024
378663,180372,AbyssPICK,FPX,0,4,0,3,1,4,2,15,9,2024-08-01,Valorant Champions 2024
378663,180372,AbyssPICK,TH,2,2,2,2,0,7,4,15,8,2024-08-01,Valorant Champions 2024
378663,180373,BindPICK,FPX,2,2,2,1,0,5,2,14,9,2024-08-01,Valorant Champions 2024
378663,180373,BindPICK,TH,0,4,0,0,0,2,1,16,8,2024-08-01,Valorant Champions 2024
378663,180374,Lotus,FPX,1,4,1,1,0,5,4,18,8,2024-08-01,Valorant Champions 2024
378663,180374,Lotus,TH,1,3,2,2,1,6,3,17,9,2024-08-01,Valorant Champions 2024
378664,180375,AbyssPICK,GEN,2,2,2,1,0,9,6,12,5,2024-08-06,Valorant Champions 2024
378664,180375,AbyssPICK,TH,0,4,0,1,0,4,4,15,7,2024-08-06,Valorant Champions 2024
378664,180376,LotusPICK,GEN,0,4,1,2,0,6,2,12,8,2024-08-06,Valorant Champions 2024
378664,180376,LotusPICK,TH,2,2,2,3,0,9,4,10,7,2024-08-06,Valorant Champions 2024
378664,180377,Bind,GEN,1,3,1,0,0,11,5,9,4,2024-08-06,Valorant Champions 2024
378664,180377,Bind,TH,1,3,1,1,1,4,3,15,8,2024-08-06,Valorant Champions 2024
378665,180378,BindPICK,SEN,1,3,1,0,0,5,3,13,9,2024-08-08,Valorant Champions 2024
378665,180378,BindPICK,FPX,1,3,1,1,0,6,2,11,5,2024-08-08,Valorant Champions 2024
378665,180379,LotusPICK,SEN,1,3,1,0,0,5,3,10,9,2024-08-08,Valorant Champions 2024
378665,180379,LotusPICK,FPX,1,3,1,1,0,5,1,9,3,2024-08-08,Valorant Champions 2024
378666,180381,LotusPICK,GEN,0,3,0,2,1,6,2,11,6,2024-08-10,Valorant Champions 2024
378666,180381,LotusPICK,SEN,2,2,2,2,0,8,7,10,4,2024-08-10,Valorant Champions 2024
378666,180382,IceboxPICK,GEN,0,4,0,0,0,4,0,11,6,2024-08-10,Valorant Champions 2024
378666,180382,IceboxPICK,SEN,2,2,2,1,1,5,4,11,6,2024-08-10,Valorant Champions 2024
378667,180384,BindPICK,LEV,1,3,1,2,0,5,3,14,9,2024-08-03,Valorant Champions 2024
378667,180384,BindPICK,TLN,1,3,1,0,0,6,2,15,8,2024-08-03,Valorant Champions 2024
378667,180385,AscentPICK,LEV,2,2,2,3,0,3,1,13,10,2024-08-03,Valorant Champions 2024
378667,180385,AscentPICK,TLN,0,4,1,0,0,1,0,16,7,2024-08-03,Valorant Champions 2024
378669,180387,AscentPICK,VIT,0,3,0,4,1,5,4,16,8,2024-08-03,Valorant Champions 2024
378669,180387,AscentPICK,TE,2,2,2,1,0,5,3,20,10,2024-08-03,Valorant Champions 2024
378669,180388,SunsetPICK,VIT,1,3,1,0,0,6,4,11,8,2024-08-03,Valorant Champions 2024
378669,180388,SunsetPICK,TE,1,3,1,1,0,8,4,8,2,2024-08-03,Valorant Champions 2024
378669,180389,Bind,VIT,2,2,2,1,0,9,3,8,2,2024-08-03,Valorant Champions 2024
378669,180389,Bind,TE,0,4,1,1,0,1,1,14,11,2024-08-03,Valorant Champions 2024
378670,180390,BindPICK,LEV,0,4,0,0,0,1,0,18,10,2024-08-07,Valorant Champions 2024
378670,180390,BindPICK,TE,2,2,2,1,0,9,6,11,5,2024-08-07,Valorant Champions 2024
378670,180391,SunsetPICK,LEV,0,4,0,0,0,1,0,17,13,2024-08-07,Valorant Champions 2024
378670,180391,SunsetPICK,TE,2,2,2,1,0,10,3,9,4,2024-08-07,Valorant Champions 2024
378670,180392,Ascent,LEV,2,2,2,2,0,8,1,6,2,2024-08-07,Valorant Champions 2024
378670,180392,Ascent,TE,0,4,1,0,0,0,0,14,12,2024-08-07,Valorant Champions 2024
378671,180393,LotusPICK,TLN,0,3,0,1,0,7,4,8,2,2024-08-09,Valorant Champions 2024
378671,180393,LotusPICK,VIT,2,2,2,2,0,4,3,11,8,2024-08-09,Valorant Champions 2024
378671,180394,SunsetPICK,TLN,1,4,1,2,0,9,3,6,4,2024-08-09,Valorant Champions 2024
378671,180394,SunsetPICK,VIT,1,3,2,1,1,6,2,11,8,2024-08-09,Valorant Champions 2024
378672,180396,IceboxPICK,LEV,1,3,1,3,0,4,3,16,10,2024-08-11,Valorant Champions 2024
378672,180396,IceboxPICK,VIT,1,3,1,2,2,6,5,15,4,2024-08-11,Valorant Champions 2024
378672,180397,SunsetPICK,LEV,1,3,1,0,0,4,4,10,8,2024-08-11,Valorant Champions 2024
378672,180397,SunsetPICK,VIT,1,3,1,1,0,10,2,3,1,2024-08-11,Valorant Champions 2024
378673,180399,LotusPICK,EDG,2,2,2,1,0,5,2,14,9,2024-08-04,Valorant Champions 2024
378673,180399,LotusPICK,FUT,0,4,0,2,0,0,0,16,9,2024-08-04,Valorant Champions 2024
378673,180400,BindPICK,EDG,1,3,1,1,0,4,1,15,11,2024-08-04,Valorant Champions 2024
378673,180400,BindPICK,FUT,1,3,1,1,0,3,2,16,7,2024-08-04,Valorant Champions 2024
378674,180402,IceboxPICK,G2,1,3,1,2,2,3,1,13,9,2024-08-04,Valorant Champions 2024
378674,180402,IceboxPICK,PRX,1,3,1,0,0,5,1,13,6,2024-08-04,Valorant Champions 2024
378674,180403,LotusPICK,G2,2,2,2,2,1,4,2,14,8,2024-08-04,Valorant Champions 2024
378674,180403,LotusPICK,PRX,0,3,1,1,0,6,2,12,6,2024-08-04,Valorant Champions 2024
378675,180405,IceboxPICK,EDG,2,2,2,2,1,6,4,11,6,2024-08-07,Valorant Champions 2024
378675,180405,IceboxPICK,G2,0,4,0,1,0,2,1,14,7,2024-08-07,Valorant Champions 2024
378675,180406,HavenPICK,EDG,1,3,1,1,1,7,4,13,5,2024-08-07,Valorant Champions 2024
378675,180406,HavenPICK,G2,1,4,1,0,0,8,4,12,8,2024-08-07,Valorant Champions 2024
378675,180407,Bind,EDG,1,4,1,1,0,8,5,11,5,2024-08-07,Valorant Champions 2024
378675,180407,Bind,G2,1,3,1,3,1,2,1,16,10,2024-08-07,Valorant Champions 2024
378676,180408,SunsetPICK,FUT,1,3,1,1,1,5,2,15,7,2024-08-09,Valorant Champions 2024
378676,180408,SunsetPICK,PRX,1,3,1,0,0,7,3,14,9,2024-08-09,Valorant Champions 2024
378676,180409,BindPICK,FUT,0,4,0,2,0,3,1,10,5,2024-08-09,Valorant Champions 2024
378676,180409,BindPICK,PRX,2,2,2,1,0,5,3,11,8,2024-08-09,Valorant Champions 2024
378677,180411,IceboxPICK,EDG,0,4,0,1,1,4,0,7,2,2024-08-11,Valorant Champions 2024
378677,180411,IceboxPICK,PRX,2,2,2,0,0,5,5,9,6,2024-08-11,Valorant Champions 2024
378677,180412,SunsetPICK,EDG,1,3,1,0,0,3,3,15,9,2024-08-11,Valorant Champions 2024
378677,180412,SunsetPICK,PRX,1,3,1,2,0,6,3,10,4,2024-08-11,Valorant Champions 2024
378677,180413,Lotus,EDG,2,2,2,0,0,3,2,12,9,2024-08-11,Valorant Champions 2024
378677,180413,Lotus,PRX,0,4,0,1,0,3,0,9,4,2024-08-11,Valorant Champions 2024
378822,180414,SunsetPICK,KRX,1,3,1,2,0,5,2,18,10,2024-08-14,Valorant Champions 2024
378822,180414,SunsetPICK,SEN,1,3,1,1,0,6,2,18,12,2024-08-14,Valorant Champions 2024
378822,180415,HavenPICK,KRX,1,2,1,4,0,4,2,11,5,2024-08-14,Valorant Champions 2024
378822,180415,HavenPICK,SEN,1,3,1,1,1,4,2,13,9,2024-08-14,Valorant Champions 2024
378823,180417,BindPICK,TE,1,3,1,1,0,4,2,12,4,2024-08-14,Valorant Champions 2024
378823,180417,BindPICK,EDG,1,3,1,1,0,2,1,14,11,2024-08-14,Valorant Champions 2024
378823,180418,SunsetPICK,TE,1,3,1,2,0,3,2,15,7,2024-08-14,Valorant Champions 2024
378823,180418,SunsetPICK,EDG,1,3,1,3,1,3,1,14,10,2024-08-14,Valorant Champions 2024
378824,180420,IceboxPICK,G2,1,3,1,3,2,7,3,17,8,2024-08-15,Valorant Champions 2024
378824,180420,IceboxPICK,LEV,1,3,1,0,0,6,3,21,12,2024-08-15,Valorant Champions 2024
378824,180421,AbyssPICK,G2,0,4,0,1,0,6,1,7,4,2024-08-15,Valorant Champions 2024
378824,180421,AbyssPICK,LEV,2,2,2,1,1,3,3,12,7,2024-08-15,Valorant Champions 2024
378825,180423,LotusPICK,TH,2,2,2,0,0,4,4,10,7,2024-08-15,Valorant Champions 2024
378825,180423,LotusPICK,FNC,0,4,0,0,0,3,1,9,2,2024-08-15,Valorant Champions 2024
378825,180424,AbyssPICK,TH,1,3,1,1,0,6,4,16,9,2024-08-15,Valorant Champions 2024
378825,180424,AbyssPICK,FNC,1,3,1,2,1,5,3,16,7,2024-08-15,Valorant Champions 2024
378826,180426,HavenPICK,SEN,0,4,1,1,0,1,0,16,12,2024-08-17,Valorant Champions 2024
378826,180426,HavenPICK,EDG,2,3,2,1,0,8,2,10,5,2024-08-17,Valorant Champions 2024
378826,180427,LotusPICK,SEN,1,3,1,1,0,8,4,10,4,2024-08-17,Valorant Champions 2024
378826,180427,LotusPICK,EDG,1,3,1,0,0,7,5,12,7,2024-08-17,Valorant Champions 2024
378826,180428,Sunset,SEN,0,3,0,2,1,6,2,8,3,2024-08-17,Valorant Champions 2024
378826,180428,Sunset,EDG,2,2,2,2,1,5,4,10,6,2024-08-17,Valorant Champions 2024
378827,180429,IceboxPICK,LEV,1,3,1,2,0,7,4,16,10,2024-08-17,Valorant Champions 2024
378827,180429,IceboxPICK,TH,1,3,1,3,1,3,1,19,10,2024-08-17,Valorant Champions 2024
378827,180430,LotusPICK,LEV,1,3,1,2,1,5,3,13,8,2024-08-17,Valorant Champions 2024
378827,180430,LotusPICK,TH,1,3,1,1,0,6,3,13,6,2024-08-17,Valorant Champions 2024
378828,180432,IceboxPICK,EDG,1,3,1,0,0,7,3,20,10,2024-08-23,Valorant Champions 2024
378828,180432,IceboxPICK,LEV,1,3,1,1,0,7,4,19,11,2024-08-23,Valorant Champions 2024
378828,180433,LotusPICK,EDG,2,2,2,0,0,4,3,11,8,2024-08-23,Valorant Champions 2024
378828,180433,LotusPICK,LEV,0,4,0,1,0,6,1,6,3,2024-08-23,Valorant Champions 2024
378828,182971,Abyss,EDG,0,4,0,2,1,3,1,15,11,2024-08-23,Valorant Champions 2024
378828,182971,Abyss,LEV,2,2,2,1,0,11,6,10,3,2024-08-23,Valorant Champions 2024
378829,180435,HavenPICK,EDG,1,3,1,0,0,4,1,12,4,2024-08-25,Valorant Champions 2024
378829,180435,HavenPICK,TH,1,3,1,1,0,2,1,13,11,2024-08-25,Valorant Champions 2024
378829,180436,SunsetPICK,EDG,2,2,2,2,1,3,2,10,8,2024-08-25,Valorant Champions 2024
378829,180436,SunsetPICK,TH,0,3,0,2,0,5,3,7,1,2024-08-25,Valorant Champions 2024
378829,180437,LotusPICK,EDG,1,4,2,0,0,4,2,14,9,2024-08-25,Valorant Champions 2024
378829,180437,LotusPICK,TH,1,3,2,2,0,7,4,10,3,2024-08-25,Valorant Champions 2024
378829,180438,BindPICK,EDG,0,4,0,1,0,5,4,14,7,2024-08-25,Valorant Champions 2024
378829,180438,BindPICK,TH,2,2,2,1,1,7,4,14,6,2024-08-25,Valorant Champions 2024
378829,180439,Abyss,EDG,2,2,2,0,0,8,5,12,6,2024-08-25,Valorant Champions 2024
378829,180439,Abyss,TH,0,4,0,3,1,5,3,10,5,2024-08-25,Valorant Champions 2024
378831,180440,LotusPICK,KRX,2,2,2,1,1,4,2,9,8,2024-08-16,Valorant Champions 2024
378831,180440,LotusPICK,TE,0,5,0,1,0,6,3,4,0,2024-08-16,Valorant Champions 2024
378831,180441,AbyssPICK,KRX,2,2,2,1,0,5,4,10,7,2024-08-16,Valorant Champions 2024
378831,180441,AbyssPICK,TE,0,4,0,0,0,5,3,9,2,2024-08-16,Valorant Champions 2024
378832,180443,HavenPICK,G2,0,4,0,1,0,6,2,5,1,2024-08-16,Valorant Champions 2024
378832,180443,HavenPICK,FNC,2,2,2,0,0,4,4,10,7,2024-08-16,Valorant Champions 2024
378832,180444,BindPICK,G2,2,3,2,2,0,5,2,14,7,2024-08-16,Valorant Champions 2024
378832,180444,BindPICK,FNC,0,4,1,0,0,6,2,14,10,2024-08-16,Valorant Champions 2024
378833,180446,AbyssPICK,TH,0,4,0,1,0,7,5,6,0,2024-08-18,Valorant Champions 2024
378833,180446,AbyssPICK,KRX,2,2,2,2,0,4,3,10,8,2024-08-18,Valorant Champions 2024
378833,180447,SunsetPICK,TH,2,2,2,1,0,3,3,12,8,2024-08-18,Valorant Champions 2024
378833,180447,SunsetPICK,KRX,0,5,0,2,1,2,1,9,3,2024-08-18,Valorant Champions 2024
378833,180448,Icebox,TH,1,3,1,1,0,6,3,13,9,2024-08-18,Valorant Champions 2024
378833,180448,Icebox,KRX,1,3,1,3,1,3,1,14,7,2024-08-18,Valorant Champions 2024
378834,180449,SunsetPICK,SEN,1,3,1,1,0,8,4,12,8,2024-08-18,Valorant Champions 2024
378834,180449,SunsetPICK,FNC,1,3,1,1,1,11,5,9,4,2024-08-18,Valorant Champions 2024
378834,180450,BindPICK,SEN,0,4,0,1,0,4,2,13,7,2024-08-18,Valorant Champions 2024
378834,180450,BindPICK,FNC,2,2,2,1,0,8,4,11,7,2024-08-18,Valorant Champions 2024
378834,180451,Lotus,SEN,1,3,1,0,0,3,3,13,9,2024-08-18,Valorant Champions 2024
378834,180451,Lotus,FNC,1,3,1,2,0,8,4,6,1,2024-08-18,Valorant Champions 2024
378835,180452,HavenPICK,TH,0,4,0,2,0,2,1,13,7,2024-08-23,Valorant Champions 2024
378835,180452,HavenPICK,SEN,2,2,2,0,0,9,6,10,5,2024-08-23,Valorant Champions 2024
378835,180453,IceboxPICK,TH,2,2,2,1,0,5,3,14,8,2024-08-23,Valorant Champions 2024
378835,180453,IceboxPICK,SEN,0,4,0,1,1,4,2,13,6,2024-08-23,Valorant Champions 2024
378835,180454,Abyss,TH,1,3,1,0,0,2,2,15,10,2024-08-23,Valorant Champions 2024
378835,180454,Abyss,SEN,1,3,1,1,1,11,3,5,2,2024-08-23,Valorant Champions 2024
378836,180455,IceboxPICK,LEV,1,3,1,0,0,9,5,8,1,2024-08-24,Valorant Champions 2024
378836,180455,IceboxPICK,TH,1,3,1,1,1,3,2,13,9,2024-08-24,Valorant Champions 2024
378836,180456,SunsetPICK,LEV,1,4,1,1,1,7,4,16,7,2024-08-24,Valorant Champions 2024
378836,180456,SunsetPICK,TH,1,3,1,1,0,6,3,18,11,2024-08-24,Valorant Champions 2024
378836,180457,AbyssPICK,LEV,2,2,2,0,0,10,5,10,6,2024-08-24,Valorant Champions 2024
378836,180457,AbyssPICK,TH,0,4,0,3,1,3,0,12,8,2024-08-24,Valorant Champions 2024
378836,180458,LotusPICK,LEV,1,3,1,1,0,6,1,6,1,2024-08-24,Valorant Champions 2024
378836,180458,LotusPICK,TH,1,3,1,0,0,1,1,12,11,2024-08-24,Valorant Champions 2024
408415,186274,LotusPICK,SEN,2,2,2,1,0,11,4,8,3,2024-09-29,Red Bull Home Ground #5
408415,186274,LotusPICK,C9,0,4,0,0,0,6,3,12,10,2024-09-29,Red Bull Home Ground #5
408415,186275,BindPICK,SEN,1,3,1,2,1,4,1,14,7,2024-09-29,Red Bull Home Ground #5
408415,186275,BindPICK,C9,1,3,1,1,0,5,4,14,8,2024-09-29,Red Bull Home Ground #5
414230,188578,Haven,RRQ,2,2,2,0,0,12,5,9,6,2024-10-18,Red Bull Home Ground #5
414230,188578,Haven,DFM,0,4,0,2,1,7,2,10,7,2024-10-18,Red Bull Home Ground #5
414231,188579,Sunset,TLN,1,3,1,3,0,5,3,13,9,2024-10-19,Red Bull Home Ground #5
414231,188579,Sunset,RRQ,1,3,2,1,0,7,2,13,7,2024-10-19,Red Bull Home Ground #5
414232,188580,Lotus,TLN,1,3,2,2,0,6,2,12,6,2024-10-19,Red Bull Home Ground #5
414232,188580,Lotus,DFM,1,4,1,1,0,4,2,14,10,2024-10-19,Red Bull Home Ground #5
414235,188582,Lotus,ZETA,1,3,1,1,0,3,2,13,10,2024-10-19,Red Bull Home Ground #5
414235,188582,Lotus,T1,1,3,1,2,0,8,3,7,3,2024-10-19,Red Bull Home Ground #5
414238,188584,AscentPICK,RRQ,0,4,0,0,0,5,0,7,3,2024-10-19,Red Bull Home Ground #5
414238,188584,AscentPICK,T1,2,2,2,0,0,4,4,10,7,2024-10-19,Red Bull Home Ground #5
414238,188585,IceboxPICK,RRQ,0,4,0,0,0,8,4,10,5,2024-10-19,Red Bull Home Ground #5
414238,188585,IceboxPICK,T1,2,3,3,0,0,8,4,11,6,2024-10-19,Red Bull Home Ground #5
414239,188587,AscentPICK,ZETA,2,2,2,2,1,7,1,9,3,2024-10-19,Red Bull Home Ground #5
414239,188587,AscentPICK,DFM,0,4,1,0,0,6,5,10,7,2024-10-19,Red Bull Home Ground #5
414239,188588,SunsetPICK,ZETA,0,4,0,0,0,2,2,13,11,2024-10-19,Red Bull Home Ground #5
414239,188588,SunsetPICK,DFM,2,2,2,0,0,12,3,5,1,2024-10-19,Red Bull Home Ground #5
414239,188589,Haven,ZETA,0,4,0,1,0,4,3,19,12,2024-10-19,Red Bull Home Ground #5
414239,188589,Haven,DFM,2,2,2,0,0,13,5,13,6,2024-10-19,Red Bull Home Ground #5
414241,188591,HavenPICK,T1,1,3,1,1,0,6,3,13,9,2024-10-20,Red Bull Home Ground #5
414241,188591,HavenPICK,ZETA,1,3,1,1,0,8,4,11,5,2024-10-20,Red Bull Home Ground #5
414241,188592,AscentPICK,T1,1,3,1,0,0,3,3,12,9,2024-10-20,Red Bull Home Ground #5
414241,188592,AscentPICK,ZETA,1,3,1,3,1,5,2,7,1,2024-10-20,Red Bull Home Ground #5
414241,188593,SunsetPICK,T1,1,3,1,2,0,9,4,6,2,2024-10-20,Red Bull Home Ground #5
414241,188593,SunsetPICK,ZETA,1,2,1,1,1,3,3,14,8,2024-10-20,Red Bull Home Ground #5
414241,188594,BindPICK,T1,1,3,1,0,0,3,3,10,9,2024-10-20,Red Bull Home Ground #5
414241,188594,BindPICK,ZETA,1,2,1,3,0,7,1,4,1,2024-10-20,Red Bull Home Ground #5
415852,189737,Ascent,GEN,2,3,2,1,1,3,1,13,9,2024-10-26,TEN Valorant Asia Invitational
415852,189737,Ascent,FPX,0,4,1,2,2,6,0,8,4,2024-10-26,TEN Valorant Asia Invitational
415853,189738,Ascent,KRX,0,4,1,1,0,4,2,17,11,2024-10-26,TEN Valorant Asia Invitational
415853,189738,Ascent,FPX,2,3,2,1,1,6,2,16,7,2024-10-26,TEN Valorant Asia Invitational
415854,189739,Haven,KRX,1,3,1,3,1,4,1,11,5,2024-10-26,TEN Valorant Asia Invitational
415854,189739,Haven,TLN,1,2,1,2,2,3,1,14,9,2024-10-26,TEN Valorant Asia Invitational
415855,189740,Bind,GEN,2,2,2,0,0,6,4,13,7,2024-10-26,TEN Valorant Asia Invitational
415855,189740,Bind,TLN,0,4,0,0,0,5,3,12,5,2024-10-26,TEN Valorant Asia Invitational
415856,189741,Ascent,GEN,1,3,1,2,1,8,4,11,5,2024-10-26,TEN Valorant Asia Invitational
415856,189741,Ascent,KRX,1,3,1,2,0,6,3,13,9,2024-10-26,TEN Valorant Asia Invitational
415857,189742,Haven,TLN,2,3,2,0,0,6,4,12,7,2024-10-26,TEN Valorant Asia Invitational
415857,189742,Haven,FPX,0,4,0,1,1,2,1,14,6,2024-10-26,TEN Valorant Asia Invitational
415858,189743,Abyss,KRX,1,3,1,1,0,2,1,12,11,2024-10-27,TEN Valorant Asia Invitational
415858,189743,Abyss,FPX,1,3,1,1,0,8,1,6,3,2024-10-27,TEN Valorant Asia Invitational
415859,189744,AscentPICK,TLN,2,3,2,0,0,3,3,11,8,2024-10-27,TEN Valorant Asia Invitational
415859,189744,AscentPICK,KRX,0,3,0,2,0,5,3,7,1,2024-10-27,TEN Valorant Asia Invitational
415859,189745,SunsetPICK,TLN,1,3,1,0,0,3,3,11,9,2024-10-27,TEN Valorant Asia Invitational
415859,189745,SunsetPICK,KRX,1,3,1,2,0,6,1,6,2,2024-10-27,TEN Valorant Asia Invitational
415860,189747,AbyssPICK,GEN,1,3,1,0,0,3,3,14,9,2024-10-27,TEN Valorant Asia Invitational
415860,189747,AbyssPICK,TLN,1,3,1,1,0,6,2,10,4,2024-10-27,TEN Valorant Asia Invitational
415860,189748,BindPICK,GEN,0,4,0,0,0,2,1,17,9,2024-10-27,TEN Valorant Asia Invitational
415860,189748,BindPICK,TLN,2,2,2,3,2,7,5,11,4,2024-10-27,TEN Valorant Asia Invitational
415860,189749,Lotus,GEN,2,2,2,0,0,4,3,9,8,2024-10-27,TEN Valorant Asia Invitational
415860,189749,Lotus,TLN,0,4,0,1,0,6,0,4,2,2024-10-27,TEN Valorant Asia Invitational
421597,192867,Sunset,G2,2,2,2,1,0,4,3,11,8,2024-11-20,Red Bull Home Ground #5
421597,192867,Sunset,BBL,0,4,0,2,1,5,1,7,3,2024-11-20,Red Bull Home Ground #5
421599,192873,Haven,G2,1,4,2,1,0,3,1,16,8,2024-11-20,Red Bull Home Ground #5
421599,192873,Haven,FUT,1,4,2,0,0,3,2,17,9,2024-11-20,Red Bull Home Ground #5
423621,193708,Abyss,FNC,2,3,2,1,0,5,2,15,7,2024-11-21,Red Bull Home Ground #5
423621,193708,Abyss,C9,0,3,0,2,0,5,4,14,9,2024-11-21,Red Bull Home Ground #5
423622,193709,Haven,G2,2,2,2,0,0,7,6,11,5,2024-11-21,Red Bull Home Ground #5
423622,193709,Haven,KC,0,3,0,3,0,6,3,8,4,2024-11-21,Red Bull Home Ground #5
423623,193710,Ascent,FUT,1,3,1,1,1,6,1,10,4,2024-11-21,Red Bull Home Ground #5
423623,193710,Ascent,T1,1,3,1,1,1,4,3,12,8,2024-11-21,Red Bull Home Ground #5
423972,193711,Abyss,TH,0,8,3,0,0,5,2,11,6,2024-11-21,Red Bull Home Ground #5
423972,193711,Abyss,C9,2,8,4,0,0,4,3,12,6,2024-11-21,Red Bull Home Ground #5
423973,193712,Bind,G2,1,3,1,2,1,5,1,14,8,2024-11-21,Red Bull Home Ground #5
423973,193712,Bind,T1,1,3,1,1,0,5,2,15,10,2024-11-21,Red Bull Home Ground #5
423975,193714,Haven,FUT,2,2,2,0,0,4,3,12,8,2024-11-21,Red Bull Home Ground #5
423975,193714,Haven,KC,0,5,0,0,0,5,4,8,1,2024-11-21,Red Bull Home Ground #5
424006,193715,BindPICK,T1,1,3,1,1,0,1,1,13,11,2024-11-23,Red Bull Home Ground #5
424006,193715,BindPICK,FUT,1,3,1,1,0,6,2,8,2,2024-11-23,Red Bull Home Ground #5
424006,193716,PearlPICK,T1,0,4,0,2,0,5,1,5,2,2024-11-23,Red Bull Home Ground #5
424006,193716,PearlPICK,FUT,2,2,2,0,0,4,4,10,7,2024-11-23,Red Bull Home Ground #5
424006,193717,Ascent,T1,1,3,1,2,1,2,2,16,9,2024-11-23,Red Bull Home Ground #5
424006,193717,Ascent,FUT,1,3,1,1,0,6,4,13,5,2024-11-23,Red Bull Home Ground #5
424007,193718,SunsetPICK,G2,0,4,0,2,0,2,0,10,5,2024-11-22,Red Bull Home Ground #5
424007,193718,SunsetPICK,C9,2,2,2,0,0,6,5,10,6,2024-11-22,Red Bull Home Ground #5
424007,193719,PearlPICK,G2,0,4,0,2,1,3,0,8,3,2024-11-22,Red Bull Home Ground #5
424007,193719,PearlPICK,C9,2,2,2,0,0,4,4,11,7,2024-11-22,Red Bull Home Ground #5
424008,193721,AbyssPICK,T1,1,3,2,0,0,4,3,16,8,2024-11-23,Red Bull Home Ground #5
424008,193721,AbyssPICK,C9,1,4,1,1,0,5,3,13,6,2024-11-23,Red Bull Home Ground #5
424008,193722,PearlPICK,T1,0,4,0,3,2,3,1,11,5,2024-11-23,Red Bull Home Ground #5
424008,193722,PearlPICK,C9,2,2,2,1,1,9,6,9,4,2024-11-23,Red Bull Home Ground #5
424008,193723,BindPICK,T1,0,4,0,0,0,1,1,16,12,2024-11-23,Red Bull Home Ground #5
424008,193723,BindPICK,C9,2,2,2,1,0,9,2,9,4,2024-11-23,Red Bull Home Ground #5
424008,193724,HavenPICK,T1,1,3,1,0,0,5,3,11,9,2024-11-23,Red Bull Home Ground #5
424008,193724,HavenPICK,C9,1,2,1,1,1,9,3,7,1,2024-11-23,Red Bull Home Ground #5
424022,193729,HavenPICK,FNC,0,4,1,1,1,4,0,13,7,2024-11-22,Red Bull Home Ground #5
424022,193729,HavenPICK,G2,2,2,2,0,0,5,2,15,9,2024-11-22,Red Bull Home Ground #5
424022,193730,BindPICK,FNC,0,3,0,2,0,5,0,5,2,2024-11-22,Red Bull Home Ground #5
424022,193730,BindPICK,G2,2,2,2,0,0,4,4,9,7,2024-11-22,Red Bull Home Ground #5
427991,195761,SplitPICK,EG,0,4,0,1,1,1,0,20,11,2025-01-16,VCT 2025: Americas Kickoff
427991,195761,SplitPICK,LOUD,2,2,2,1,0,10,3,13,9,2025-01-16,VCT 2025: Americas Kickoff
427991,195762,PearlPICK,EG,2,2,2,3,0,5,2,13,6,2025-01-16,VCT 2025: Americas Kickoff
427991,195762,PearlPICK,LOUD,0,4,0,0,0,4,3,15,10,2025-01-16,VCT 2025: Americas Kickoff
427992,195764,LotusPICK,MIBR,1,3,1,1,0,9,3,4,0,2025-01-16,VCT 2025: Americas Kickoff
427992,195764,LotusPICK,100T,1,3,1,0,0,2,2,12,10,2025-01-16,VCT 2025: Americas Kickoff
427992,195765,BindPICK,MIBR,0,4,0,2,0,3,0,13,9,2025-01-16,VCT 2025: Americas Kickoff
427992,195765,BindPICK,100T,2,2,2,0,0,7,2,13,9,2025-01-16,VCT 2025: Americas Kickoff
427993,195767,FracturePICK,NRG,1,3,1,2,0,6,3,15,8,2025-01-17,VCT 2025: Americas Kickoff
427993,195767,FracturePICK,C9,1,3,1,1,0,6,3,16,10,2025-01-17,VCT 2025: Americas Kickoff
427993,195768,LotusPICK,NRG,1,3,1,2,0,4,2,14,7,2025-01-17,VCT 2025: Americas Kickoff
427993,195768,LotusPICK,C9,1,3,1,0,0,6,2,14,10,2025-01-17,VCT 2025: Americas Kickoff
427994,195770,HavenPICK,2G,2,3,2,1,0,6,2,10,3,2025-01-17,VCT 2025: Americas Kickoff
427994,195770,HavenPICK,FUR,0,4,1,1,0,2,2,13,10,2025-01-17,VCT 2025: Americas Kickoff
427994,195771,LotusPICK,2G,0,4,0,3,0,2,1,9,4,2025-01-17,VCT 2025: Americas Kickoff
427994,195771,LotusPICK,FUR,2,2,2,0,0,6,4,10,7,2025-01-17,VCT 2025: Americas Kickoff
427995,195773,HavenPICK,KRÜ,1,3,1,2,0,6,3,9,3,2025-01-18,VCT 2025: Americas Kickoff
427995,195773,HavenPICK,LOUD,1,3,1,1,1,2,1,14,10,2025-01-18,VCT 2025: Americas Kickoff
427995,195774,SplitPICK,KRÜ,0,4,0,0,0,1,0,18,10,2025-01-18,VCT 2025: Americas Kickoff
427995,195774,SplitPICK,LOUD,2,2,2,3,1,9,5,9,5,2025-01-18,VCT 2025: Americas Kickoff
427996,195776,SplitPICK,SEN,1,3,1,0,0,7,1,7,2,2025-01-18,VCT 2025: Americas Kickoff
427996,195776,SplitPICK,100T,1,3,1,1,0,4,4,9,8,2025-01-18,VCT 2025: Americas Kickoff
427996,195777,BindPICK,SEN,1,3,1,1,1,5,1,13,10,2025-01-18,VCT 2025: Americas Kickoff
427996,195777,BindPICK,100T,1,3,1,1,0,5,2,13,6,2025-01-18,VCT 2025: Americas Kickoff
427996,195778,Pearl,SEN,1,2,1,2,1,7,5,11,6,2025-01-18,VCT 2025: Americas Kickoff
427996,195778,Pearl,100T,1,3,1,2,0,3,1,14,7,2025-01-18,VCT 2025: Americas Kickoff
427997,195779,LotusPICK,G2,2,2,2,0,0,5,4,12,7,2025-01-19,VCT 2025: Americas Kickoff
427997,195779,LotusPICK,C9,0,4,0,2,0,3,1,10,5,2025-01-19,VCT 2025: Americas Kickoff
427997,195780,AbyssPICK,G2,1,3,1,0,0,6,3,12,9,2025-01-19,VCT 2025: Americas Kickoff
427997,195780,AbyssPICK,C9,1,3,1,0,0,7,1,11,6,2025-01-19,VCT 2025: Americas Kickoff
427998,195782,HavenPICK,LEV,1,3,1,1,0,3,2,14,10,2025-01-19,VCT 2025: Americas Kickoff
427998,195782,HavenPICK,FUR,1,3,1,2,0,5,3,11,4,2025-01-19,VCT 2025: Americas Kickoff
427998,195783,SplitPICK,LEV,2,2,2,0,0,5,4,12,7,2025-01-19,VCT 2025: Americas Kickoff
427998,195783,SplitPICK,FUR,0,3,0,2,1,4,1,10,4,2025-01-19,VCT 2025: Americas Kickoff
427999,195785,LotusPICK,LOUD,1,3,1,2,1,3,2,16,9,2025-01-31,VCT 2025: Americas Kickoff
427999,195785,LotusPICK,SEN,1,3,1,0,0,7,3,14,7,2025-01-31,VCT 2025: Americas Kickoff
427999,195786,PearlPICK,LOUD,1,4,1,0,0,4,2,16,8,2025-01-31,VCT 2025: Americas Kickoff
427999,195786,PearlPICK,SEN,1,3,1,2,0,4,3,15,9,2025-01-31,VCT 2025: Americas Kickoff
427999,195787,Split,LOUD,1,3,1,2,0,4,3,13,5,2025-01-31,VCT 2025: Americas Kickoff
427999,195787,Split,SEN,1,3,1,2,0,3,2,14,10,2025-01-31,VCT 2025: Americas Kickoff
428000,195788,PearlPICK,G2,1,3,1,0,0,4,3,11,9,2025-01-31,VCT 2025: Americas Kickoff
428000,195788,PearlPICK,LEV,1,4,1,2,0,6,1,6,3,2025-01-31,VCT 2025: Americas Kickoff
428000,195789,FracturePICK,G2,1,3,1,2,1,6,5,11,6,2025-01-31,VCT 2025: Americas Kickoff
428000,195789,FracturePICK,LEV,1,3,1,3,2,5,1,11,5,2025-01-31,VCT 2025: Americas Kickoff
428001,195791,AbyssPICK,SEN,1,3,1,1,0,7,4,9,2,2025-02-06,VCT 2025: Americas Kickoff
428001,195791,AbyssPICK,G2,1,3,1,1,0,3,3,13,9,2025-02-06,VCT 2025: Americas Kickoff
428001,195792,PearlPICK,SEN,1,4,2,1,0,6,1,9,4,2025-02-06,VCT 2025: Americas Kickoff
428001,195792,PearlPICK,G2,1,3,1,1,0,5,3,11,9,2025-02-06,VCT 2025: Americas Kickoff
428002,195794,SplitPICK,G2,0,4,0,2,0,4,2,7,2,2025-02-08,VCT 2025: Americas Kickoff
428002,195794,SplitPICK,SEN,2,2,2,1,1,4,2,10,8,2025-02-08,VCT 2025: Americas Kickoff
428002,195795,PearlPICK,G2,2,2,2,2,0,5,4,12,7,2025-02-08,VCT 2025: Americas Kickoff
428002,195795,PearlPICK,SEN,0,4,0,2,1,3,1,12,6,2025-02-08,VCT 2025: Americas Kickoff
428002,195796,AbyssPICK,G2,1,4,1,2,1,3,2,13,5,2025-02-08,VCT 2025: Americas Kickoff
428002,195796,AbyssPICK,SEN,1,3,1,1,0,3,2,15,10,2025-02-08,VCT 2025: Americas Kickoff
428002,195797,FracturePICK,G2,2,2,2,0,0,4,3,12,8,2025-02-08,VCT 2025: Americas Kickoff
428002,195797,FracturePICK,SEN,0,4,0,2,0,7,2,5,3,2025-02-08,VCT 2025: Americas Kickoff
428002,195798,Haven,G2,2,2,2,1,0,7,4,13,7,2025-02-08,VCT 2025: Americas Kickoff
428002,195798,Haven,SEN,0,4,0,1,0,5,3,13,7,2025-02-08,VCT 2025: Americas Kickoff
428003,195799,AbyssPICK,FUR,0,4,1,0,0,5,3,11,3,2025-01-23,VCT 2025: Americas Kickoff
428003,195799,AbyssPICK,EG,2,2,2,2,0,4,2,12,9,2025-01-23,VCT 2025: Americas Kickoff
428003,195800,FracturePICK,FUR,1,3,1,1,0,7,2,9,4,2025-01-23,VCT 2025: Americas Kickoff
428003,195800,FracturePICK,EG,1,3,1,1,1,3,2,13,9,2025-01-23,VCT 2025: Americas Kickoff
428004,195802,LotusPICK,C9,2,2,2,0,0,6,4,12,7,2025-01-23,VCT 2025: Americas Kickoff
428004,195802,LotusPICK,MIBR,0,4,0,1,0,4,1,11,6,2025-01-23,VCT 2025: Americas Kickoff
428004,195803,AbyssPICK,C9,1,3,1,1,0,5,3,14,6,2025-01-23,VCT 2025: Americas Kickoff
428004,195803,AbyssPICK,MIBR,1,3,1,1,0,4,3,15,9,2025-01-23,VCT 2025: Americas Kickoff
428004,195804,Pearl,C9,1,3,1,1,0,8,3,8,3,2025-01-23,VCT 2025: Americas Kickoff
428004,195804,Pearl,MIBR,1,3,1,1,1,4,3,12,8,2025-01-23,VCT 2025: Americas Kickoff
428005,195805,LotusPICK,100T,2,2,2,0,0,7,4,17,8,2025-01-24,VCT 2025: Americas Kickoff
428005,195805,LotusPICK,NRG,0,4,0,1,0,2,2,19,10,2025-01-24,VCT 2025: Americas Kickoff
428005,195806,PearlPICK,100T,0,4,0,2,0,3,2,13,7,2025-01-24,VCT 2025: Americas Kickoff
428005,195806,PearlPICK,NRG,2,2,2,4,3,6,3,10,5,2025-01-24,VCT 2025: Americas Kickoff
428005,195807,Bind,100T,0,4,0,0,0,3,1,15,8,2025-01-24,VCT 2025: Americas Kickoff
428005,195807,Bind,NRG,2,2,2,0,0,5,5,15,6,2025-01-24,VCT 2025: Americas Kickoff
428006,195808,AbyssPICK,KRÜ,2,2,2,1,1,3,2,10,8,2025-01-24,VCT 2025: Americas Kickoff
428006,195808,AbyssPICK,2G,0,3,0,1,0,7,1,5,2,2025-01-24,VCT 2025: Americas Kickoff
428006,195809,SplitPICK,KRÜ,2,2,2,0,0,4,4,9,7,2025-01-24,VCT 2025: Americas Kickoff
428006,195809,SplitPICK,2G,0,3,0,2,0,4,1,6,1,2025-01-24,VCT 2025: Americas Kickoff
428007,195811,AbyssPICK,EG,1,3,2,2,0,8,3,10,5,2025-02-01,VCT 2025: Americas Kickoff
428007,195811,AbyssPICK,MIBR,1,3,1,2,1,3,0,15,11,2025-02-01,VCT 2025: Americas Kickoff
428007,195812,SplitPICK,EG,1,2,1,2,0,6,2,6,0,2025-02-01,VCT 2025: Americas Kickoff
428007,195812,SplitPICK,MIBR,1,3,2,0,0,3,3,10,8,2025-02-01,VCT 2025: Americas Kickoff
428008,195814,AbyssPICK,NRG,0,4,0,1,0,4,1,12,7,2025-02-01,VCT 2025: Americas Kickoff
428008,195814,AbyssPICK,KRÜ,2,2,2,2,0,6,4,11,7,2025-02-01,VCT 2025: Americas Kickoff
428008,195815,HavenPICK,NRG,1,3,1,1,0,6,5,13,7,2025-02-01,VCT 2025: Americas Kickoff
428008,195815,HavenPICK,KRÜ,1,3,1,1,0,5,3,14,6,2025-02-01,VCT 2025: Americas Kickoff
428008,195816,Bind,NRG,1,3,1,1,0,8,4,8,2,2025-02-01,VCT 2025: Americas Kickoff
428008,195816,Bind,KRÜ,1,3,2,0,0,3,2,14,9,2025-02-01,VCT 2025: Americas Kickoff
428009,195817,LotusPICK,LEV,1,3,1,1,0,4,3,12,9,2025-02-02,VCT 2025: Americas Kickoff
428009,195817,LotusPICK,MIBR,1,3,1,0,0,7,2,10,4,2025-02-02,VCT 2025: Americas Kickoff
428009,195818,PearlPICK,LEV,1,3,1,1,0,6,4,12,4,2025-02-02,VCT 2025: Americas Kickoff
428009,195818,PearlPICK,MIBR,1,3,1,0,0,6,5,13,7,2025-02-02,VCT 2025: Americas Kickoff
428009,195819,Split,LEV,1,3,1,0,0,8,3,15,8,2025-02-02,VCT 2025: Americas Kickoff
428009,195819,Split,MIBR,1,3,1,2,1,3,2,18,10,2025-02-02,VCT 2025: Americas Kickoff
428010,195820,BindPICK,LOUD,1,4,1,1,0,4,1,9,3,2025-02-02,VCT 2025: Americas Kickoff
428010,195820,BindPICK,KRÜ,1,3,2,1,1,1,1,13,9,2025-02-02,VCT 2025: Americas Kickoff
428010,195821,HavenPICK,LOUD,1,3,1,1,0,6,3,14,7,2025-02-02,VCT 2025: Americas Kickoff
428010,195821,HavenPICK,KRÜ,1,3,1,1,0,5,2,15,10,2025-02-02,VCT 2025: Americas Kickoff
428011,195823,BindPICK,MIBR,1,3,1,1,0,8,4,9,3,2025-02-06,VCT 2025: Americas Kickoff
428011,195823,BindPICK,KRÜ,1,3,1,1,0,3,3,14,9,2025-02-06,VCT 2025: Americas Kickoff
428011,195824,AbyssPICK,MIBR,1,3,1,1,0,2,1,15,11,2025-02-06,VCT 2025: Americas Kickoff
428011,195824,AbyssPICK,KRÜ,1,3,1,2,0,6,3,10,4,2025-02-06,VCT 2025: Americas Kickoff
428011,195825,Split,MIBR,2,2,2,2,1,7,4,13,6,2025-02-06,VCT 2025: Americas Kickoff
428011,195825,Split,KRÜ,0,4,0,2,0,2,0,16,11,2025-02-06,VCT 2025: Americas Kickoff
428012,195826,LotusPICK,SEN,1,3,2,1,0,5,3,11,8,2025-02-07,VCT 2025: Americas Kickoff
428012,195826,LotusPICK,MIBR,1,3,1,2,1,4,1,11,4,2025-02-07,VCT 2025: Americas Kickoff
428012,195827,AbyssPICK,SEN,0,4,1,0,0,0,0,14,12,2025-02-07,VCT 2025: Americas Kickoff
428012,195827,AbyssPICK,MIBR,2,3,2,1,0,8,2,6,1,2025-02-07,VCT 2025: Americas Kickoff
428012,195828,PearlPICK,SEN,1,3,1,2,0,9,5,26,13,2025-02-07,VCT 2025: Americas Kickoff
428012,195828,PearlPICK,MIBR,1,3,1,1,0,6,3,30,17,2025-02-07,VCT 2025: Americas Kickoff
428012,195829,SplitPICK,SEN,2,3,3,0,0,5,3,12,7,2025-02-07,VCT 2025: Americas Kickoff
428012,195829,SplitPICK,MIBR,0,3,0,3,1,4,2,10,4,2025-02-07,VCT 2025: Americas Kickoff
429379,196067,FracturePICK,TL,1,3,1,1,0,6,2,13,7,2025-01-16,VCT 2025: EMEA Kickoff
429379,196067,FracturePICK,MKOI,1,4,2,1,0,2,1,16,10,2025-01-16,VCT 2025: EMEA Kickoff
429379,196068,AbyssPICK,TL,1,3,1,0,0,2,2,11,10,2025-01-16,VCT 2025: EMEA Kickoff
429379,196068,AbyssPICK,MKOI,1,3,1,2,0,4,1,7,1,2025-01-16,VCT 2025: EMEA Kickoff
429379,196069,Bind,TL,1,3,1,0,0,4,2,16,10,2025-01-16,VCT 2025: EMEA Kickoff
429379,196069,Bind,MKOI,1,4,2,0,0,7,3,12,5,2025-01-16,VCT 2025: EMEA Kickoff
429380,196070,AbyssPICK,KC,1,3,1,1,0,8,3,11,6,2025-01-15,VCT 2025: EMEA Kickoff
429380,196070,AbyssPICK,NAVI,1,3,1,0,0,5,3,15,9,2025-01-15,VCT 2025: EMEA Kickoff
429380,196071,BindPICK,KC,2,2,2,0,0,4,4,9,7,2025-01-15,VCT 2025: EMEA Kickoff
429380,196071,BindPICK,NAVI,0,3,0,1,0,4,1,7,1,2025-01-15,VCT 2025: EMEA Kickoff
429380,196072,Lotus,KC,1,3,1,0,0,3,2,13,10,2025-01-15,VCT 2025: EMEA Kickoff
429380,196072,Lotus,NAVI,1,2,1,3,0,5,2,9,3,2025-01-15,VCT 2025: EMEA Kickoff
429381,196073,LotusPICK,BBL,1,3,1,2,0,3,2,14,10,2025-01-15,VCT 2025: EMEA Kickoff
429381,196073,LotusPICK,GX,1,3,1,1,0,5,2,13,6,2025-01-15,VCT 2025: EMEA Kickoff
429381,196074,HavenPICK,BBL,2,2,2,0,0,6,3,18,7,2025-01-15,VCT 2025: EMEA Kickoff
429381,196074,HavenPICK,GX,0,4,0,2,1,3,1,17,12,2025-01-15,VCT 2025: EMEA Kickoff
429381,196075,Pearl,BBL,2,2,2,0,0,5,4,11,7,2025-01-15,VCT 2025: EMEA Kickoff
429381,196075,Pearl,GX,0,4,0,3,1,3,0,8,4,2025-01-15,VCT 2025: EMEA Kickoff
429382,196076,PearlPICK,APK,0,5,0,2,0,2,1,11,6,2025-01-16,VCT 2025: EMEA Kickoff
429382,196076,PearlPICK,M8,2,3,3,0,0,6,4,11,6,2025-01-16,VCT 2025: EMEA Kickoff
429382,196077,HavenPICK,APK,1,3,1,3,0,2,1,18,10,2025-01-16,VCT 2025: EMEA Kickoff
429382,196077,HavenPICK,M8,1,3,1,2,0,3,2,18,11,2025-01-16,VCT 2025: EMEA Kickoff
429383,196079,PearlPICK,FUT,1,4,1,0,0,3,1,13,11,2025-01-22,VCT 2025: EMEA Kickoff
429383,196079,PearlPICK,TL,1,3,1,1,0,5,1,11,5,2025-01-22,VCT 2025: EMEA Kickoff
429383,196080,FracturePICK,FUT,1,3,1,1,1,4,4,11,7,2025-01-22,VCT 2025: EMEA Kickoff
429383,196080,FracturePICK,TL,1,3,1,3,1,5,2,8,2,2025-01-22,VCT 2025: EMEA Kickoff
429384,196082,HavenPICK,VIT,2,2,2,0,0,5,4,11,7,2025-01-17,VCT 2025: EMEA Kickoff
429384,196082,HavenPICK,KC,0,4,0,1,0,4,2,9,3,2025-01-17,VCT 2025: EMEA Kickoff
429384,196083,BindPICK,VIT,1,3,1,0,0,6,1,13,7,2025-01-17,VCT 2025: EMEA Kickoff
429384,196083,BindPICK,KC,1,3,1,1,0,7,4,11,8,2025-01-17,VCT 2025: EMEA Kickoff
429384,196084,Abyss,VIT,2,2,2,2,1,9,5,19,9,2025-01-17,VCT 2025: EMEA Kickoff
429384,196084,Abyss,KC,0,4,0,0,0,4,3,24,12,2025-01-17,VCT 2025: EMEA Kickoff
429385,196085,AbyssPICK,FNC,1,3,1,0,0,5,3,13,4,2025-01-17,VCT 2025: EMEA Kickoff
429385,196085,AbyssPICK,BBL,1,3,1,2,0,5,4,11,8,2025-01-17,VCT 2025: EMEA Kickoff
429385,196086,FracturePICK,FNC,2,2,2,0,0,6,4,13,7,2025-01-17,VCT 2025: EMEA Kickoff
429385,196086,FracturePICK,BBL,0,4,1,4,1,5,3,8,3,2025-01-17,VCT 2025: EMEA Kickoff
429385,196087,Split,FNC,1,3,1,1,0,7,3,12,6,2025-01-17,VCT 2025: EMEA Kickoff
429385,196087,Split,BBL,1,3,1,2,1,7,3,11,8,2025-01-17,VCT 2025: EMEA Kickoff
429386,196088,AbyssPICK,TH,0,4,0,1,0,2,0,10,4,2025-01-22,VCT 2025: EMEA Kickoff
429386,196088,AbyssPICK,M8,2,2,2,0,0,3,3,12,8,2025-01-22,VCT 2025: EMEA Kickoff
429386,196089,FracturePICK,TH,2,3,2,0,0,3,2,10,9,2025-01-22,VCT 2025: EMEA Kickoff
429386,196089,FracturePICK,M8,0,3,0,2,0,3,1,8,2,2025-01-22,VCT 2025: EMEA Kickoff
429386,196090,Pearl,TH,1,3,1,1,0,2,1,15,11,2025-01-22,VCT 2025: EMEA Kickoff
429386,196090,Pearl,M8,1,4,1,1,0,5,2,11,5,2025-01-22,VCT 2025: EMEA Kickoff
429387,196091,BindPICK,FUT,2,2,2,2,0,6,3,10,2,2025-01-29,VCT 2025: EMEA Kickoff
429387,196091,BindPICK,VIT,0,3,0,2,0,0,0,15,13,2025-01-29,VCT 2025: EMEA Kickoff
429387,196092,SplitPICK,FUT,0,3,0,3,0,2,2,9,2,2025-01-29,VCT 2025: EMEA Kickoff
429387,196092,SplitPICK,VIT,2,3,2,0,0,4,3,10,8,2025-01-29,VCT 2025: EMEA Kickoff
429388,196094,PearlPICK,BBL,1,3,1,2,0,4,2,15,8,2025-01-29,VCT 2025: EMEA Kickoff
429388,196094,PearlPICK,TH,1,3,1,2,0,4,2,15,10,2025-01-29,VCT 2025: EMEA Kickoff
429388,196095,LotusPICK,BBL,1,3,1,3,1,8,3,6,2,2025-01-29,VCT 2025: EMEA Kickoff
429388,196095,LotusPICK,TH,1,3,1,0,0,2,2,15,10,2025-01-29,VCT 2025: EMEA Kickoff
429389,196097,HavenPICK,VIT,1,3,1,1,0,5,4,14,8,2025-02-07,VCT 2025: EMEA Kickoff
429389,196097,HavenPICK,TH,1,3,1,3,1,4,3,13,5,2025-02-07,VCT 2025: EMEA Kickoff
429389,196098,AbyssPICK,VIT,2,2,2,0,0,3,3,9,8,2025-02-07,VCT 2025: EMEA Kickoff
429389,196098,AbyssPICK,TH,0,3,0,2,0,4,1,5,0,2025-02-07,VCT 2025: EMEA Kickoff
429390,196100,SplitPICK,VIT,0,4,0,2,1,4,2,13,7,2025-02-09,VCT 2025: EMEA Kickoff
429390,196100,SplitPICK,TL,2,2,2,2,0,7,4,12,7,2025-02-09,VCT 2025: EMEA Kickoff
429390,196101,HavenPICK,VIT,1,3,1,0,0,8,2,9,4,2025-02-09,VCT 2025: EMEA Kickoff
429390,196101,HavenPICK,TL,1,3,1,1,1,4,3,12,8,2025-02-09,VCT 2025: EMEA Kickoff
429390,196102,LotusPICK,VIT,2,3,2,2,1,3,1,11,9,2025-02-09,VCT 2025: EMEA Kickoff
429390,196102,LotusPICK,TL,0,3,0,0,0,8,3,8,3,2025-02-09,VCT 2025: EMEA Kickoff
429390,196103,BindPICK,VIT,1,3,1,0,0,2,2,15,10,2025-02-09,VCT 2025: EMEA Kickoff
429390,196103,BindPICK,TL,1,3,1,2,2,6,2,9,2,2025-02-09,VCT 2025: EMEA Kickoff
429390,196104,Fracture,VIT,2,2,2,0,0,5,4,14,7,2025-02-09,VCT 2025: EMEA Kickoff
429390,196104,Fracture,TL,0,4,0,0,0,6,3,11,5,2025-02-09,VCT 2025: EMEA Kickoff
429391,196105,HavenPICK,M8,1,3,2,0,0,2,2,11,9,2025-01-24,VCT 2025: EMEA Kickoff
429391,196105,HavenPICK,MKOI,1,3,1,3,0,2,0,8,2,2025-01-24,VCT 2025: EMEA Kickoff
429391,196106,LotusPICK,M8,1,4,1,2,1,3,1,11,4,2025-01-24,VCT 2025: EMEA Kickoff
429391,196106,LotusPICK,MKOI,1,3,2,0,0,3,2,14,9,2025-01-24,VCT 2025: EMEA Kickoff
429391,196107,Pearl,M8,1,4,2,1,0,2,1,12,10,2025-01-24,VCT 2025: EMEA Kickoff
429391,196107,Pearl,MKOI,1,4,2,1,0,5,1,9,3,2025-01-24,VCT 2025: EMEA Kickoff
429392,196108,PearlPICK,FNC,1,4,1,2,1,3,2,13,9,2025-01-23,VCT 2025: EMEA Kickoff
429392,196108,PearlPICK,NAVI,1,4,1,0,0,5,2,13,6,2025-01-23,VCT 2025: EMEA Kickoff
429392,196109,FracturePICK,FNC,1,2,1,3,0,4,2,12,5,2025-01-23,VCT 2025: EMEA Kickoff
429392,196109,FracturePICK,NAVI,1,3,1,0,0,3,2,15,10,2025-01-23,VCT 2025: EMEA Kickoff
429392,196110,Haven,FNC,0,4,1,1,0,3,1,20,13,2025-01-23,VCT 2025: EMEA Kickoff
429392,196110,Haven,NAVI,2,2,2,2,1,5,1,19,9,2025-01-23,VCT 2025: EMEA Kickoff
429393,196111,BindPICK,KC,2,2,2,2,0,8,5,14,7,2025-01-23,VCT 2025: EMEA Kickoff
429393,196111,BindPICK,GX,0,4,0,0,0,3,0,19,12,2025-01-23,VCT 2025: EMEA Kickoff
429393,196112,LotusPICK,KC,1,3,1,2,0,6,3,10,4,2025-01-23,VCT 2025: EMEA Kickoff
429393,196112,LotusPICK,GX,1,3,2,0,0,3,3,15,8,2025-01-23,VCT 2025: EMEA Kickoff
429393,196113,Fracture,KC,2,2,2,3,0,3,2,15,6,2025-01-23,VCT 2025: EMEA Kickoff
429393,196113,Fracture,GX,0,4,0,1,0,1,0,17,13,2025-01-23,VCT 2025: EMEA Kickoff
429394,196114,AbyssPICK,TL,1,3,1,1,0,4,2,14,10,2025-01-24,VCT 2025: EMEA Kickoff
429394,196114,AbyssPICK,APK,1,4,1,2,0,4,3,12,5,2025-01-24,VCT 2025: EMEA Kickoff
429394,196115,PearlPICK,TL,0,4,0,2,0,2,1,16,10,2025-01-24,VCT 2025: EMEA Kickoff
429394,196115,PearlPICK,APK,2,2,2,3,1,7,5,12,5,2025-01-24,VCT 2025: EMEA Kickoff
429394,196116,Haven,TL,2,2,2,1,0,4,3,12,8,2025-01-24,VCT 2025: EMEA Kickoff
429394,196116,Haven,APK,0,4,0,2,1,2,0,11,5,2025-01-24,VCT 2025: EMEA Kickoff
429395,196117,AbyssPICK,M8,1,3,1,1,0,5,2,9,2,2025-01-30,VCT 2025: EMEA Kickoff
429395,196117,AbyssPICK,FNC,1,3,1,0,0,2,1,13,11,2025-01-30,VCT 2025: EMEA Kickoff
429395,196118,FracturePICK,M8,1,4,1,0,0,9,4,6,1,2025-01-30,VCT 2025: EMEA Kickoff
429395,196118,FracturePICK,FNC,1,3,1,0,0,3,3,13,9,2025-01-30,VCT 2025: EMEA Kickoff
429396,196120,FracturePICK,GX,0,4,0,2,1,1,1,14,6,2025-01-30,VCT 2025: EMEA Kickoff
429396,196120,FracturePICK,TL,2,2,2,2,2,7,5,10,4,2025-01-30,VCT 2025: EMEA Kickoff
429396,196121,SplitPICK,GX,1,3,1,2,0,5,2,9,3,2025-01-30,VCT 2025: EMEA Kickoff
429396,196121,SplitPICK,TL,1,3,2,0,0,4,3,12,8,2025-01-30,VCT 2025: EMEA Kickoff
429397,196123,AbyssPICK,FUT,2,3,2,1,0,6,2,13,9,2025-01-31,VCT 2025: EMEA Kickoff
429397,196123,AbyssPICK,FNC,0,4,0,2,0,0,0,17,10,2025-01-31,VCT 2025: EMEA Kickoff
429397,196124,FracturePICK,FUT,2,4,2,1,1,4,2,10,8,2025-01-31,VCT 2025: EMEA Kickoff
429397,196124,FracturePICK,FNC,0,4,1,1,0,4,1,10,4,2025-01-31,VCT 2025: EMEA Kickoff
429398,196126,BindPICK,BBL,1,3,2,1,1,5,4,15,4,2025-01-31,VCT 2025: EMEA Kickoff
429398,196126,BindPICK,TL,1,3,1,2,1,3,2,16,9,2025-01-31,VCT 2025: EMEA Kickoff
429398,196127,PearlPICK,BBL,2,3,2,2,0,5,1,12,10,2025-01-31,VCT 2025: EMEA Kickoff
429398,196127,PearlPICK,TL,0,3,0,1,0,10,7,8,2,2025-01-31,VCT 2025: EMEA Kickoff
429398,196128,Split,BBL,2,2,2,2,1,7,3,12,4,2025-01-31,VCT 2025: EMEA Kickoff
429398,196128,Split,TL,0,4,0,1,0,4,3,14,10,2025-01-31,VCT 2025: EMEA Kickoff
429400,196129,AbyssPICK,FUT,0,6,0,1,0,2,1,11,6,2025-02-07,VCT 2025: EMEA Kickoff
429400,196129,AbyssPICK,TL,2,2,2,0,0,6,4,12,7,2025-02-07,VCT 2025: EMEA Kickoff
429400,196130,BindPICK,FUT,1,4,1,1,1,3,2,16,9,2025-02-07,VCT 2025: EMEA Kickoff
429400,196130,BindPICK,TL,1,3,1,1,0,5,1,15,9,2025-02-07,VCT 2025: EMEA Kickoff
429400,196131,Haven,FUT,1,3,1,3,0,3,0,8,3,2025-02-07,VCT 2025: EMEA Kickoff
429400,196131,Haven,TL,1,3,2,0,0,3,2,11,9,2025-02-07,VCT 2025: EMEA Kickoff
429401,196132,LotusPICK,TH,0,4,0,2,0,5,3,6,1,2025-02-08,VCT 2025: EMEA Kickoff
429401,196132,LotusPICK,TL,2,2,2,0,0,5,4,10,7,2025-02-08,VCT 2025: EMEA Kickoff
429401,196133,AbyssPICK,TH,1,3,1,3,0,5,1,6,2,2025-02-08,VCT 2025: EMEA Kickoff
429401,196133,AbyssPICK,TL,1,3,2,0,0,2,2,12,9,2025-02-08,VCT 2025: EMEA Kickoff
429401,196134,FracturePICK,TH,0,4,0,0,0,4,1,12,6,2025-02-08,VCT 2025: EMEA Kickoff
429401,196134,FracturePICK,TL,2,2,2,2,0,5,4,11,7,2025-02-08,VCT 2025: EMEA Kickoff
430514,196410,PearlPICK,BME,2,2,2,4,0,6,3,12,6,2025-01-18,VCT 2025: Pacific Kickoff
430514,196410,PearlPICK,T1,0,3,1,1,0,2,2,18,10,2025-01-18,VCT 2025: Pacific Kickoff
430514,196411,BindPICK,BME,1,3,1,1,1,3,3,14,8,2025-01-18,VCT 2025: Pacific Kickoff
430514,196411,BindPICK,T1,1,3,1,3,0,3,3,12,4,2025-01-18,VCT 2025: Pacific Kickoff
430514,196412,Fracture,BME,2,2,2,2,0,7,2,9,3,2025-01-18,VCT 2025: Pacific Kickoff
430514,196412,Fracture,T1,0,4,0,0,0,4,3,12,10,2025-01-18,VCT 2025: Pacific Kickoff
430515,196413,SplitPICK,ZETA,1,3,1,1,0,5,2,13,6,2025-01-18,VCT 2025: Pacific Kickoff
430515,196413,SplitPICK,NS,1,3,1,1,0,6,3,12,9,2025-01-18,VCT 2025: Pacific Kickoff
430515,196414,HavenPICK,ZETA,1,3,1,2,0,6,2,11,6,2025-01-18,VCT 2025: Pacific Kickoff
430515,196414,HavenPICK,NS,1,3,1,1,0,4,3,14,9,2025-01-18,VCT 2025: Pacific Kickoff
430516,196416,AbyssPICK,GE,0,3,0,2,1,4,0,7,2,2025-01-19,VCT 2025: Pacific Kickoff
430516,196416,AbyssPICK,TS,2,2,2,0,0,5,4,9,7,2025-01-19,VCT 2025: Pacific Kickoff
430516,196417,SplitPICK,GE,2,2,2,3,1,8,5,7,5,2025-01-19,VCT 2025: Pacific Kickoff
430516,196417,SplitPICK,TS,0,4,0,0,0,4,1,12,6,2025-01-19,VCT 2025: Pacific Kickoff
430516,196418,Pearl,GE,2,2,2,0,0,4,4,13,7,2025-01-19,VCT 2025: Pacific Kickoff
430516,196418,Pearl,TS,0,4,0,2,1,3,3,10,2,2025-01-19,VCT 2025: Pacific Kickoff
430517,196419,AbyssPICK,DFM,1,3,1,1,0,4,2,18,11,2025-01-19,VCT 2025: Pacific Kickoff
430517,196419,AbyssPICK,RRQ,1,3,1,1,0,6,3,16,8,2025-01-19,VCT 2025: Pacific Kickoff
430517,196420,PearlPICK,DFM,1,3,1,1,0,9,2,3,0,2025-01-19,VCT 2025: Pacific Kickoff
430517,196420,PearlPICK,RRQ,1,3,1,0,0,4,3,9,9,2025-01-19,VCT 2025: Pacific Kickoff
430517,196421,Haven,DFM,1,3,1,2,1,6,0,5,1,2025-01-19,VCT 2025: Pacific Kickoff
430517,196421,Haven,RRQ,1,3,2,0,0,1,1,12,10,2025-01-19,VCT 2025: Pacific Kickoff
430518,196422,BindPICK,PRX,1,3,1,1,0,9,3,6,2,2025-01-20,VCT 2025: Pacific Kickoff
430518,196422,BindPICK,T1,1,3,1,0,0,2,2,14,10,2025-01-20,VCT 2025: Pacific Kickoff
430518,196423,FracturePICK,PRX,2,2,2,2,1,6,3,11,7,2025-01-20,VCT 2025: Pacific Kickoff
430518,196423,FracturePICK,T1,0,4,1,1,0,4,1,12,6,2025-01-20,VCT 2025: Pacific Kickoff
430518,196424,Split,PRX,1,3,1,0,0,9,5,12,5,2025-01-20,VCT 2025: Pacific Kickoff
430518,196424,Split,T1,1,3,1,0,0,5,1,16,11,2025-01-20,VCT 2025: Pacific Kickoff
430519,196425,SplitPICK,TLN,2,2,2,2,0,9,2,6,2,2025-01-25,VCT 2025: Pacific Kickoff
430519,196425,SplitPICK,GE,0,5,0,0,0,2,1,12,12,2025-01-25,VCT 2025: Pacific Kickoff
430519,196426,AbyssPICK,TLN,0,3,0,1,1,7,5,11,7,2025-01-25,VCT 2025: Pacific Kickoff
430519,196426,AbyssPICK,GE,2,3,2,2,0,5,2,12,5,2025-01-25,VCT 2025: Pacific Kickoff
430519,196427,Lotus,TLN,2,2,2,1,0,4,3,14,8,2025-01-25,VCT 2025: Pacific Kickoff
430519,196427,Lotus,GE,0,4,0,3,1,1,1,13,6,2025-01-25,VCT 2025: Pacific Kickoff
430520,196428,FracturePICK,GEN,1,3,1,1,0,7,3,8,2,2025-01-25,VCT 2025: Pacific Kickoff
430520,196428,FracturePICK,RRQ,1,3,1,1,0,5,3,10,9,2025-01-25,VCT 2025: Pacific Kickoff
430520,196429,LotusPICK,GEN,1,3,1,0,0,7,4,11,8,2025-01-25,VCT 2025: Pacific Kickoff
430520,196429,LotusPICK,RRQ,1,3,1,0,0,10,4,8,3,2025-01-25,VCT 2025: Pacific Kickoff
430520,196430,Haven,GEN,0,3,0,1,1,3,3,19,10,2025-01-25,VCT 2025: Pacific Kickoff
430520,196430,Haven,RRQ,2,2,2,1,0,7,4,16,6,2025-01-25,VCT 2025: Pacific Kickoff
430521,196431,LotusPICK,KRX,1,4,1,0,0,5,2,15,10,2025-01-20,VCT 2025: Pacific Kickoff
430521,196431,LotusPICK,NS,1,2,1,4,1,5,4,13,5,2025-01-20,VCT 2025: Pacific Kickoff
430521,196432,PearlPICK,KRX,1,3,1,2,0,2,1,12,4,2025-01-20,VCT 2025: Pacific Kickoff
430521,196432,PearlPICK,NS,1,3,1,0,0,5,4,11,8,2025-01-20,VCT 2025: Pacific Kickoff
430521,196433,Fracture,KRX,2,2,2,1,0,8,4,11,7,2025-01-20,VCT 2025: Pacific Kickoff
430521,196433,Fracture,NS,0,4,0,2,1,2,0,14,8,2025-01-20,VCT 2025: Pacific Kickoff
430522,196434,FracturePICK,T1,1,3,1,1,0,3,3,11,9,2025-01-31,VCT 2025: Pacific Kickoff
430522,196434,FracturePICK,TLN,1,3,1,0,0,8,2,7,2,2025-01-31,VCT 2025: Pacific Kickoff
430522,196435,BindPICK,T1,0,4,0,0,0,7,3,6,1,2025-01-31,VCT 2025: Pacific Kickoff
430522,196435,BindPICK,TLN,2,2,2,0,0,5,3,10,8,2025-01-31,VCT 2025: Pacific Kickoff
430522,196436,Haven,T1,1,4,1,1,1,1,0,16,11,2025-01-31,VCT 2025: Pacific Kickoff
430522,196436,Haven,TLN,1,2,1,0,0,10,5,10,3,2025-01-31,VCT 2025: Pacific Kickoff
430523,196437,AbyssPICK,GEN,2,2,2,2,0,9,4,9,3,2025-01-31,VCT 2025: Pacific Kickoff
430523,196437,AbyssPICK,KRX,0,5,0,1,1,2,1,14,11,2025-01-31,VCT 2025: Pacific Kickoff
430523,196438,BindPICK,GEN,0,3,0,1,1,7,4,17,8,2025-01-31,VCT 2025: Pacific Kickoff
430523,196438,BindPICK,KRX,2,3,2,0,0,5,2,20,11,2025-01-31,VCT 2025: Pacific Kickoff
430524,196440,LotusPICK,T1,0,4,0,1,0,4,3,15,10,2025-02-07,VCT 2025: Pacific Kickoff
430524,196440,LotusPICK,KRX,2,2,2,5,1,2,2,15,6,2025-02-07,VCT 2025: Pacific Kickoff
430524,196441,HavenPICK,T1,1,3,1,0,0,9,5,16,7,2025-02-07,VCT 2025: Pacific Kickoff
430524,196441,HavenPICK,KRX,1,3,1,2,1,4,2,19,11,2025-02-07,VCT 2025: Pacific Kickoff
430524,196442,Fracture,T1,0,5,1,2,1,3,1,13,7,2025-02-07,VCT 2025: Pacific Kickoff
430524,196442,Fracture,KRX,2,3,3,3,1,4,2,13,7,2025-02-07,VCT 2025: Pacific Kickoff
430525,196443,AbyssPICK,KRX,2,2,2,0,0,4,3,10,8,2025-02-09,VCT 2025: Pacific Kickoff
430525,196443,AbyssPICK,T1,0,4,0,1,0,5,2,6,1,2025-02-09,VCT 2025: Pacific Kickoff
430525,196444,LotusPICK,KRX,0,4,0,1,0,5,2,9,4,2025-02-09,VCT 2025: Pacific Kickoff
430525,196444,LotusPICK,T1,2,2,2,0,0,4,3,13,8,2025-02-09,VCT 2025: Pacific Kickoff
430525,196445,FracturePICK,KRX,2,2,2,1,1,8,4,11,6,2025-02-09,VCT 2025: Pacific Kickoff
430525,196445,FracturePICK,T1,0,4,0,0,0,5,2,13,7,2025-02-09,VCT 2025: Pacific Kickoff
430525,196446,BindPICK,KRX,1,3,2,1,0,4,2,18,8,2025-02-09,VCT 2025: Pacific Kickoff
430525,196446,BindPICK,T1,1,3,2,2,0,4,2,17,10,2025-02-09,VCT 2025: Pacific Kickoff
430525,196447,Split,KRX,0,4,1,0,0,3,2,17,10,2025-02-09,VCT 2025: Pacific Kickoff
430525,196447,Split,T1,2,2,2,4,1,5,3,13,5,2025-02-09,VCT 2025: Pacific Kickoff
430526,196448,PearlPICK,NS,2,2,2,0,0,4,3,10,8,2025-01-26,VCT 2025: Pacific Kickoff
430526,196448,PearlPICK,BME,0,4,0,2,0,3,0,7,3,2025-01-26,VCT 2025: Pacific Kickoff
430526,196449,BindPICK,NS,0,4,0,2,1,2,1,12,5,2025-01-26,VCT 2025: Pacific Kickoff
430526,196449,BindPICK,BME,2,2,2,3,1,4,4,11,6,2025-01-26,VCT 2025: Pacific Kickoff
430526,196450,Lotus,NS,1,2,1,1,0,3,2,16,10,2025-01-26,VCT 2025: Pacific Kickoff
430526,196450,Lotus,BME,1,3,1,2,1,10,3,7,4,2025-01-26,VCT 2025: Pacific Kickoff
430527,196451,LotusPICK,RRQ,1,3,1,0,0,11,4,8,4,2025-01-27,VCT 2025: Pacific Kickoff
430527,196451,LotusPICK,TS,1,3,1,1,0,4,3,14,9,2025-01-27,VCT 2025: Pacific Kickoff
430527,196452,PearlPICK,RRQ,1,3,1,0,0,3,3,11,9,2025-01-27,VCT 2025: Pacific Kickoff
430527,196452,PearlPICK,TS,1,3,1,2,0,6,2,6,1,2025-01-27,VCT 2025: Pacific Kickoff
430527,196453,Haven,RRQ,2,2,2,0,0,5,5,10,6,2025-01-27,VCT 2025: Pacific Kickoff
430527,196453,Haven,TS,0,4,0,1,0,2,0,10,4,2025-01-27,VCT 2025: Pacific Kickoff
430528,196454,AbyssPICK,GE,1,3,1,2,0,7,4,9,3,2025-01-27,VCT 2025: Pacific Kickoff
430528,196454,AbyssPICK,DFM,1,3,1,0,0,6,3,12,9,2025-01-27,VCT 2025: Pacific Kickoff
430528,196455,SplitPICK,GE,0,4,0,0,0,2,2,20,10,2025-01-27,VCT 2025: Pacific Kickoff
430528,196455,SplitPICK,DFM,2,2,2,1,0,11,6,12,6,2025-01-27,VCT 2025: Pacific Kickoff
430529,196457,LotusPICK,PRX,1,3,2,0,0,1,1,14,10,2025-01-26,VCT 2025: Pacific Kickoff
430529,196457,LotusPICK,ZETA,1,3,1,4,1,3,0,8,3,2025-01-26,VCT 2025: Pacific Kickoff
430529,196458,FracturePICK,PRX,1,2,1,2,1,2,1,15,10,2025-01-26,VCT 2025: Pacific Kickoff
430529,196458,FracturePICK,ZETA,1,3,1,2,0,7,3,9,4,2025-01-26,VCT 2025: Pacific Kickoff
430530,196460,FracturePICK,NS,1,3,1,2,0,5,3,16,8,2025-02-01,VCT 2025: Pacific Kickoff
430530,196460,FracturePICK,RRQ,1,3,1,0,0,5,4,18,9,2025-02-01,VCT 2025: Pacific Kickoff
430530,196461,LotusPICK,NS,1,2,1,3,1,5,4,32,16,2025-02-01,VCT 2025: Pacific Kickoff
430530,196461,LotusPICK,RRQ,1,3,1,2,1,6,3,31,15,2025-02-01,VCT 2025: Pacific Kickoff
430530,196462,Pearl,NS,1,3,1,2,1,2,0,14,11,2025-02-01,VCT 2025: Pacific Kickoff
430530,196462,Pearl,RRQ,1,3,2,2,0,7,3,9,3,2025-02-01,VCT 2025: Pacific Kickoff
430531,196463,AbyssPICK,DFM,2,2,2,2,1,13,6,6,4,2025-02-01,VCT 2025: Pacific Kickoff
430531,196463,AbyssPICK,PRX,0,3,0,1,0,4,2,15,8,2025-02-01,VCT 2025: Pacific Kickoff
430531,196464,PearlPICK,DFM,2,2,2,0,0,4,4,8,7,2025-02-01,VCT 2025: Pacific Kickoff
430531,196464,PearlPICK,PRX,0,3,0,2,1,8,0,1,0,2025-02-01,VCT 2025: Pacific Kickoff
430532,196466,LotusPICK,TLN,2,2,2,2,0,6,3,12,4,2025-02-02,VCT 2025: Pacific Kickoff
430532,196466,LotusPICK,NS,0,3,0,2,1,2,1,15,11,2025-02-02,VCT 2025: Pacific Kickoff
430532,196467,BindPICK,TLN,2,3,2,2,1,4,3,14,7,2025-02-02,VCT 2025: Pacific Kickoff
430532,196467,BindPICK,NS,0,3,0,0,0,8,2,12,8,2025-02-02,VCT 2025: Pacific Kickoff
430532,196468,Split,TLN,2,2,2,1,1,4,3,11,7,2025-02-02,VCT 2025: Pacific Kickoff
430532,196468,Split,NS,0,4,0,1,0,6,3,7,2,2025-02-02,VCT 2025: Pacific Kickoff
430533,196469,AbyssPICK,GEN,1,3,1,0,0,4,4,12,8,2025-02-02,VCT 2025: Pacific Kickoff
430533,196469,AbyssPICK,DFM,1,3,1,1,0,8,5,7,0,2025-02-02,VCT 2025: Pacific Kickoff
430533,196470,LotusPICK,GEN,0,4,1,0,0,1,1,14,11,2025-02-02,VCT 2025: Pacific Kickoff
430533,196470,LotusPICK,DFM,2,3,2,1,0,11,3,4,1,2025-02-02,VCT 2025: Pacific Kickoff
430534,196472,BindPICK,TLN,2,3,2,0,0,11,5,6,0,2025-02-07,VCT 2025: Pacific Kickoff
430534,196472,BindPICK,GEN,0,4,0,0,0,1,1,15,12,2025-02-07,VCT 2025: Pacific Kickoff
430534,196473,LotusPICK,TLN,0,3,0,2,0,8,2,2,0,2025-02-07,VCT 2025: Pacific Kickoff
430534,196473,LotusPICK,GEN,2,2,2,0,0,4,4,9,7,2025-02-07,VCT 2025: Pacific Kickoff
430535,196475,PearlPICK,T1,2,2,2,3,1,6,4,10,6,2025-02-08,VCT 2025: Pacific Kickoff
430535,196475,PearlPICK,GEN,0,4,0,1,0,5,2,11,6,2025-02-08,VCT 2025: Pacific Kickoff
430535,196476,LotusPICK,T1,0,4,0,0,0,4,4,13,9,2025-02-08,VCT 2025: Pacific Kickoff
430535,196476,LotusPICK,GEN,2,2,2,0,0,11,6,8,0,2025-02-08,VCT 2025: Pacific Kickoff
430535,196477,HavenPICK,T1,1,3,1,3,0,3,0,9,4,2025-02-08,VCT 2025: Pacific Kickoff
430535,196477,HavenPICK,GEN,1,3,2,0,0,3,1,12,10,2025-02-08,VCT 2025: Pacific Kickoff
430535,196478,SplitPICK,T1,1,3,2,2,1,5,1,22,11,2025-02-08,VCT 2025: Pacific Kickoff
430535,196478,SplitPICK,GEN,1,3,2,1,0,7,1,21,14,2025-02-08,VCT 2025: Pacific Kickoff
430535,196479,Bind,T1,1,3,1,2,0,3,3,15,9,2025-02-08,VCT 2025: Pacific Kickoff
430535,196479,Bind,GEN,1,3,1,1,0,3,1,16,8,2025-02-08,VCT 2025: Pacific Kickoff
448597,202492,LotusPICK,G2,1,3,1,0,0,4,3,14,9,2025-02-21,Valorant Masters Bangkok 2025
448597,202492,LotusPICK,TE,1,3,1,1,0,8,5,9,2,2025-02-21,Valorant Masters Bangkok 2025
448597,202493,AbyssPICK,G2,2,2,2,1,0,4,3,9,8,2025-02-21,Valorant Masters Bangkok 2025
448597,202493,AbyssPICK,TE,0,4,0,0,0,4,0,8,3,2025-02-21,Valorant Masters Bangkok 2025
448598,202495,SplitPICK,EDG,1,3,1,2,0,5,2,24,15,2025-02-20,Valorant Masters Bangkok 2025
448598,202495,SplitPICK,TL,1,3,1,2,1,4,2,25,12,2025-02-20,Valorant Masters Bangkok 2025
448598,202496,PearlPICK,EDG,1,3,1,1,1,2,2,13,9,2025-02-20,Valorant Masters Bangkok 2025
448598,202496,PearlPICK,TL,1,2,1,2,0,6,1,9,4,2025-02-20,Valorant Masters Bangkok 2025
448599,202498,FracturePICK,VIT,1,3,1,0,0,4,2,16,10,2025-02-21,Valorant Masters Bangkok 2025
448599,202498,FracturePICK,T1,1,4,1,1,0,6,3,12,6,2025-02-21,Valorant Masters Bangkok 2025
448599,202499,BindPICK,VIT,1,3,1,1,1,5,3,13,8,2025-02-21,Valorant Masters Bangkok 2025
448599,202499,BindPICK,T1,1,3,1,4,1,3,1,12,6,2025-02-21,Valorant Masters Bangkok 2025
448600,202501,LotusPICK,KRX,2,2,2,0,0,5,4,9,7,2025-02-20,Valorant Masters Bangkok 2025
448600,202501,LotusPICK,SEN,0,4,0,1,0,6,1,5,2,2025-02-20,Valorant Masters Bangkok 2025
448600,202502,HavenPICK,KRX,1,3,1,1,0,5,4,14,8,2025-02-20,Valorant Masters Bangkok 2025
448600,202502,HavenPICK,SEN,1,3,1,2,0,5,3,13,6,2025-02-20,Valorant Masters Bangkok 2025
449000,202765,BindPICK,KRX,1,3,1,2,1,5,2,11,4,2025-02-22,Valorant Masters Bangkok 2025
449000,202765,BindPICK,VIT,1,3,1,0,0,5,4,13,8,2025-02-22,Valorant Masters Bangkok 2025
449000,202766,AbyssPICK,KRX,1,5,1,1,1,3,1,15,10,2025-02-22,Valorant Masters Bangkok 2025
449000,202766,AbyssPICK,VIT,1,2,1,2,1,8,5,12,4,2025-02-22,Valorant Masters Bangkok 2025
449000,202767,Split,KRX,1,3,1,1,1,5,2,15,7,2025-02-22,Valorant Masters Bangkok 2025
449000,202767,Split,VIT,1,3,1,2,2,3,1,16,9,2025-02-22,Valorant Masters Bangkok 2025
449001,202768,PearlPICK,EDG,2,2,2,1,0,8,4,23,10,2025-02-22,Valorant Masters Bangkok 2025
449001,202768,PearlPICK,G2,0,5,0,2,2,3,2,24,14,2025-02-22,Valorant Masters Bangkok 2025
449001,202769,BindPICK,EDG,2,2,2,2,0,5,2,12,9,2025-02-22,Valorant Masters Bangkok 2025
449001,202769,BindPICK,G2,0,3,0,1,0,6,3,11,5,2025-02-22,Valorant Masters Bangkok 2025
449001,202770,Fracture,EDG,2,3,2,0,0,4,3,10,8,2025-02-22,Valorant Masters Bangkok 2025
449001,202770,Fracture,G2,0,3,0,2,0,5,2,7,2,2025-02-22,Valorant Masters Bangkok 2025
449002,202771,LotusPICK,T1,1,3,2,0,0,3,3,10,8,2025-02-23,Valorant Masters Bangkok 2025
449002,202771,LotusPICK,TE,1,4,1,1,0,5,0,6,2,2025-02-23,Valorant Masters Bangkok 2025
449002,202772,HavenPICK,T1,2,2,2,1,1,4,2,14,8,2025-02-23,Valorant Masters Bangkok 2025
449002,202772,HavenPICK,TE,0,4,1,3,0,1,1,13,6,2025-02-23,Valorant Masters Bangkok 2025
449003,202774,LotusPICK,TL,1,3,1,0,0,8,2,9,4,2025-02-23,Valorant Masters Bangkok 2025
449003,202774,LotusPICK,SEN,1,3,1,1,0,8,5,8,7,2025-02-23,Valorant Masters Bangkok 2025
449003,202775,AbyssPICK,TL,2,2,2,1,0,6,3,21,11,2025-02-23,Valorant Masters Bangkok 2025
449003,202775,AbyssPICK,SEN,0,4,0,0,0,4,3,22,11,2025-02-23,Valorant Masters Bangkok 2025
449003,202776,Bind,TL,2,2,2,0,0,4,4,8,7,2025-02-23,Valorant Masters Bangkok 2025
449003,202776,Bind,SEN,0,3,0,1,0,6,1,4,0,2025-02-23,Valorant Masters Bangkok 2025
449004,202777,FracturePICK,T1,1,3,1,2,0,2,1,17,11,2025-02-24,Valorant Masters Bangkok 2025
449004,202777,FracturePICK,KRX,1,3,1,2,0,6,5,13,5,2025-02-24,Valorant Masters Bangkok 2025
449004,202778,PearlPICK,T1,2,2,2,1,0,5,4,9,7,2025-02-24,Valorant Masters Bangkok 2025
449004,202778,PearlPICK,KRX,0,4,0,0,0,4,1,9,3,2025-02-24,Valorant Masters Bangkok 2025
449005,202780,HavenPICK,G2,1,3,1,1,1,4,4,10,7,2025-02-24,Valorant Masters Bangkok 2025
449005,202780,HavenPICK,TL,1,3,1,0,0,8,2,7,2,2025-02-24,Valorant Masters Bangkok 2025
449005,202781,LotusPICK,G2,1,3,1,1,1,2,1,14,10,2025-02-24,Valorant Masters Bangkok 2025
449005,202781,LotusPICK,TL,1,3,1,3,0,8,4,6,2,2025-02-24,Valorant Masters Bangkok 2025
449008,202783,SplitPICK,EDG,2,2,2,1,0,5,3,12,8,2025-02-27,Valorant Masters Bangkok 2025
449008,202783,SplitPICK,T1,0,3,0,1,0,7,3,9,4,2025-02-27,Valorant Masters Bangkok 2025
449008,202784,BindPICK,EDG,0,4,0,1,1,3,1,11,4,2025-02-27,Valorant Masters Bangkok 2025
449008,202784,BindPICK,T1,2,2,2,2,2,6,4,9,5,2025-02-27,Valorant Masters Bangkok 2025
449008,202785,Pearl,EDG,0,4,0,2,0,3,3,15,10,2025-02-27,Valorant Masters Bangkok 2025
449008,202785,Pearl,T1,2,2,2,3,2,8,3,11,4,2025-02-27,Valorant Masters Bangkok 2025
449009,202786,BindPICK,VIT,2,2,2,1,0,6,4,19,7,2025-02-27,Valorant Masters Bangkok 2025
449009,202786,BindPICK,G2,0,3,0,2,0,5,2,18,13,2025-02-27,Valorant Masters Bangkok 2025
449009,202787,LotusPICK,VIT,0,4,0,1,1,4,1,13,7,2025-02-27,Valorant Masters Bangkok 2025
449009,202787,LotusPICK,G2,2,2,2,0,0,6,4,14,7,2025-02-27,Valorant Masters Bangkok 2025
449010,202789,LotusPICK,EDG,1,3,1,1,0,5,2,12,5,2025-02-28,Valorant Masters Bangkok 2025
449010,202789,LotusPICK,G2,1,3,1,1,0,3,2,14,10,2025-02-28,Valorant Masters Bangkok 2025
449010,202790,SplitPICK,EDG,1,3,1,2,0,6,3,9,3,2025-02-28,Valorant Masters Bangkok 2025
449010,202790,SplitPICK,G2,1,3,1,0,0,4,2,13,10,2025-02-28,Valorant Masters Bangkok 2025
449011,202792,LotusPICK,G2,1,2,1,0,0,6,6,10,6,2025-03-02,Valorant Masters Bangkok 2025
449011,202792,LotusPICK,T1,1,4,1,0,0,7,2,7,2,2025-03-02,Valorant Masters Bangkok 2025
449011,202793,HavenPICK,G2,1,4,1,1,0,7,3,10,5,2025-03-02,Valorant Masters Bangkok 2025
449011,202793,HavenPICK,T1,1,3,1,2,1,3,1,14,10,2025-03-02,Valorant Masters Bangkok 2025
449011,202794,AbyssPICK,G2,1,3,1,2,0,7,6,12,6,2025-03-02,Valorant Masters Bangkok 2025
449011,202794,AbyssPICK,T1,1,3,1,1,0,5,2,15,8,2025-03-02,Valorant Masters Bangkok 2025
449011,202795,SplitPICK,G2,0,4,0,2,0,2,1,20,12,2025-03-02,Valorant Masters Bangkok 2025
449011,202795,SplitPICK,T1,2,2,2,1,0,7,4,18,9,2025-03-02,Valorant Masters Bangkok 2025
449011,202796,Pearl,G2,1,3,1,0,0,6,4,21,9,2025-03-02,Valorant Masters Bangkok 2025
449011,202796,Pearl,T1,1,3,1,2,1,6,4,19,10,2025-03-02,Valorant Masters Bangkok 2025
449012,202797,LotusPICK,T1,1,3,2,1,0,4,1,18,9,2025-02-28,Valorant Masters Bangkok 2025
449012,202797,LotusPICK,VIT,1,3,1,2,0,6,2,15,11,2025-02-28,Valorant Masters Bangkok 2025
449012,202798,HavenPICK,T1,2,2,2,0,0,5,5,10,6,2025-02-28,Valorant Masters Bangkok 2025
449012,202798,HavenPICK,VIT,0,3,0,1,0,7,2,6,2,2025-02-28,Valorant Masters Bangkok 2025
449012,202799,Split,T1,1,3,2,1,0,1,0,13,11,2025-02-28,Valorant Masters Bangkok 2025
449012,202799,Split,VIT,1,3,2,3,0,4,1,8,2,2025-02-28,Valorant Masters Bangkok 2025
449013,202800,BindPICK,EDG,1,3,1,4,1,4,0,6,2,2025-03-01,Valorant Masters Bangkok 2025
449013,202800,BindPICK,T1,1,3,2,0,0,3,3,11,8,2025-03-01,Valorant Masters Bangkok 2025
449013,202801,HavenPICK,EDG,1,3,2,2,0,5,1,13,7,2025-03-01,Valorant Masters Bangkok 2025
449013,202801,HavenPICK,T1,1,3,2,3,0,2,0,15,11,2025-03-01,Valorant Masters Bangkok 2025
449013,202802,FracturePICK,EDG,2,2,2,1,1,9,4,14,7,2025-03-01,Valorant Masters Bangkok 2025
449013,202802,FracturePICK,T1,0,4,0,1,1,2,0,19,11,2025-03-01,Valorant Masters Bangkok 2025
449013,202803,SplitPICK,EDG,0,4,0,1,1,6,2,7,2,2025-03-01,Valorant Masters Bangkok 2025
449013,202803,SplitPICK,T1,2,2,2,1,0,3,2,12,9,2025-03-01,Valorant Masters Bangkok 2025
458805,206150,LotusPICK,DFM,1,2,1,2,0,6,3,10,3,2025-03-22,VCT 2025: Pacific Stage 1
458805,206150,LotusPICK,GE,1,3,1,1,0,3,2,13,10,2025-03-22,VCT 2025: Pacific Stage 1
458805,206151,PearlPICK,DFM,1,3,1,1,0,6,4,14,6,2025-03-22,VCT 2025: Pacific Stage 1
458805,206151,PearlPICK,GE,1,3,1,1,1,3,2,17,9,2025-03-22,VCT 2025: Pacific Stage 1
458806,206153,FracturePICK,T1,2,2,2,1,0,4,3,13,8,2025-03-22,VCT 2025: Pacific Stage 1
458806,206153,FracturePICK,ZETA,0,3,0,2,0,5,4,10,3,2025-03-22,VCT 2025: Pacific Stage 1
458806,206154,SplitPICK,T1,0,5,0,1,0,1,1,19,11,2025-03-22,VCT 2025: Pacific Stage 1
458806,206154,SplitPICK,ZETA,2,2,2,0,0,8,4,16,8,2025-03-22,VCT 2025: Pacific Stage 1
458806,206155,Haven,T1,1,3,1,0,0,2,2,13,10,2025-03-22,VCT 2025: Pacific Stage 1
458806,206155,Haven,ZETA,1,3,1,2,0,5,3,8,1,2025-03-22,VCT 2025: Pacific Stage 1
458807,206156,HavenPICK,KRX,1,3,1,3,0,2,2,14,10,2025-03-23,VCT 2025: Pacific Stage 1
458807,206156,HavenPICK,PRX,1,3,1,1,0,7,3,11,5,2025-03-23,VCT 2025: Pacific Stage 1
458807,206157,IceboxPICK,KRX,1,3,1,2,0,2,1,16,8,2025-03-23,VCT 2025: Pacific Stage 1
458807,206157,IceboxPICK,PRX,1,3,1,2,0,5,4,13,8,2025-03-23,VCT 2025: Pacific Stage 1
458807,206158,Lotus,KRX,0,3,0,2,1,2,1,13,11,2025-03-23,VCT 2025: Pacific Stage 1
458807,206158,Lotus,PRX,2,2,2,1,0,9,2,8,3,2025-03-23,VCT 2025: Pacific Stage 1
458808,206159,PearlPICK,TLN,0,5,0,1,0,5,1,7,4,2025-03-23,VCT 2025: Pacific Stage 1
458808,206159,PearlPICK,TS,2,2,2,0,0,7,5,9,6,2025-03-23,VCT 2025: Pacific Stage 1
458808,206160,FracturePICK,TLN,2,2,2,0,0,4,3,9,8,2025-03-23,VCT 2025: Pacific Stage 1
458808,206160,FracturePICK,TS,0,4,0,3,0,5,1,3,1,2025-03-23,VCT 2025: Pacific Stage 1
458808,206161,Haven,TLN,1,2,1,2,2,7,2,11,8,2025-03-23,VCT 2025: Pacific Stage 1
458808,206161,Haven,TS,1,4,1,1,0,4,1,13,7,2025-03-23,VCT 2025: Pacific Stage 1
458809,206162,AscentPICK,GEN,0,4,0,1,1,4,2,12,5,2025-03-24,VCT 2025: Pacific Stage 1
458809,206162,AscentPICK,BME,2,2,2,2,0,5,4,12,7,2025-03-24,VCT 2025: Pacific Stage 1
458809,206163,HavenPICK,GEN,1,3,1,1,0,6,3,22,11,2025-03-24,VCT 2025: Pacific Stage 1
458809,206163,HavenPICK,BME,1,3,1,2,2,6,3,21,11,2025-03-24,VCT 2025: Pacific Stage 1
458810,206165,AscentPICK,NS,0,4,1,2,0,2,1,10,3,2025-03-24,VCT 2025: Pacific Stage 1
458810,206165,AscentPICK,RRQ,2,3,2,0,0,4,3,11,8,2025-03-24,VCT 2025: Pacific Stage 1
458810,206166,SplitPICK,NS,1,2,1,3,1,5,3,11,8,2025-03-24,VCT 2025: Pacific Stage 1
458810,206166,SplitPICK,RRQ,1,3,1,0,0,7,4,11,3,2025-03-24,VCT 2025: Pacific Stage 1
458810,206167,Pearl,NS,1,5,3,1,1,3,2,14,7,2025-03-24,VCT 2025: Pacific Stage 1
458810,206167,Pearl,RRQ,1,6,2,1,0,3,2,13,6,2025-03-24,VCT 2025: Pacific Stage 1
458811,206168,LotusPICK,TS,1,3,1,0,0,5,1,16,9,2025-03-29,VCT 2025: Pacific Stage 1
458811,206168,LotusPICK,ZETA,1,3,1,3,0,6,5,12,7,2025-03-29,VCT 2025: Pacific Stage 1
458811,206169,IceboxPICK,TS,2,3,2,1,0,8,4,11,4,2025-03-29,VCT 2025: Pacific Stage 1
458811,206169,IceboxPICK,ZETA,0,4,1,0,0,3,2,16,10,2025-03-29,VCT 2025: Pacific Stage 1
458812,206171,IceboxPICK,T1,0,4,0,1,0,4,2,14,11,2025-03-29,VCT 2025: Pacific Stage 1
458812,206171,IceboxPICK,NS,2,2,2,2,0,9,4,10,4,2025-03-29,VCT 2025: Pacific Stage 1
458812,206172,SplitPICK,T1,1,3,1,1,0,3,2,17,10,2025-03-29,VCT 2025: Pacific Stage 1
458812,206172,SplitPICK,NS,1,3,1,1,0,6,2,14,8,2025-03-29,VCT 2025: Pacific Stage 1
458813,206174,LotusPICK,GEN,2,2,2,1,0,7,4,13,7,2025-03-30,VCT 2025: Pacific Stage 1
458813,206174,LotusPICK,PRX,0,3,0,0,0,10,6,10,4,2025-03-30,VCT 2025: Pacific Stage 1
458813,206175,FracturePICK,GEN,1,3,1,2,0,4,2,10,3,2025-03-30,VCT 2025: Pacific Stage 1
458813,206175,FracturePICK,PRX,1,2,1,2,1,7,5,8,6,2025-03-30,VCT 2025: Pacific Stage 1
458813,206176,Haven,GEN,1,3,1,0,0,2,1,12,11,2025-03-30,VCT 2025: Pacific Stage 1
458813,206176,Haven,PRX,1,3,1,3,0,4,1,7,2,2025-03-30,VCT 2025: Pacific Stage 1
458814,206177,LotusPICK,KRX,2,2,2,0,0,4,4,10,7,2025-03-30,VCT 2025: Pacific Stage 1
458814,206177,LotusPICK,DFM,0,3,0,3,1,5,1,5,1,2025-03-30,VCT 2025: Pacific Stage 1
458814,206178,AscentPICK,KRX,2,2,2,0,0,6,3,13,8,2025-03-30,VCT 2025: Pacific Stage 1
458814,206178,AscentPICK,DFM,0,4,0,2,0,6,3,9,5,2025-03-30,VCT 2025: Pacific Stage 1
458815,206180,LotusPICK,TLN,1,3,1,1,0,6,2,11,5,2025-03-31,VCT 2025: Pacific Stage 1
458815,206180,LotusPICK,RRQ,1,3,1,1,0,4,2,13,10,2025-03-31,VCT 2025: Pacific Stage 1
458815,206181,AscentPICK,TLN,0,5,0,0,0,4,2,9,3,2025-03-31,VCT 2025: Pacific Stage 1
458815,206181,AscentPICK,RRQ,2,2,2,0,0,6,5,10,6,2025-03-31,VCT 2025: Pacific Stage 1
458816,206183,LotusPICK,BME,2,2,2,0,0,3,2,9,9,2025-03-31,VCT 2025: Pacific Stage 1
458816,206183,LotusPICK,GE,0,3,0,0,0,5,0,6,1,2025-03-31,VCT 2025: Pacific Stage 1
458816,206184,HavenPICK,BME,1,3,1,1,1,4,2,16,9,2025-03-31,VCT 2025: Pacific Stage 1
458816,206184,HavenPICK,GE,1,3,1,3,0,7,3,11,7,2025-03-31,VCT 2025: Pacific Stage 1
458817,206186,LotusPICK,GEN,2,2,2,0,0,2,2,11,9,2025-04-05,VCT 2025: Pacific Stage 1
458817,206186,LotusPICK,DFM,0,4,0,1,0,8,2,2,0,2025-04-05,VCT 2025: Pacific Stage 1
458817,206187,FracturePICK,GEN,1,3,1,0,0,4,4,10,8,2025-04-05,VCT 2025: Pacific Stage 1
458817,206187,FracturePICK,DFM,1,3,1,2,2,6,1,6,0,2025-04-05,VCT 2025: Pacific Stage 1
458818,206189,SplitPICK,RRQ,2,2,2,1,0,5,2,11,9,2025-04-05,VCT 2025: Pacific Stage 1
458818,206189,SplitPICK,ZETA,0,4,0,1,0,5,1,9,5,2025-04-05,VCT 2025: Pacific Stage 1
458818,210878,HavenPICK,RRQ,1,3,1,1,0,4,1,14,11,2025-04-05,VCT 2025: Pacific Stage 1
458818,210878,HavenPICK,ZETA,1,3,1,2,0,5,2,12,6,2025-04-05,VCT 2025: Pacific Stage 1
458819,206193,AscentPICK,PRX,2,2,2,1,0,5,2,13,9,2025-04-06,VCT 2025: Pacific Stage 1
458819,206193,AscentPICK,BME,0,3,0,0,0,7,3,11,5,2025-04-06,VCT 2025: Pacific Stage 1
458819,206194,Fracture,PRX,0,4,0,1,0,6,3,11,6,2025-04-06,VCT 2025: Pacific Stage 1
458819,206194,Fracture,BME,2,2,2,2,1,5,3,13,7,2025-04-06,VCT 2025: Pacific Stage 1
458819,211027,PearlPICK,PRX,1,3,1,1,1,4,2,15,6,2025-04-06,VCT 2025: Pacific Stage 1
458819,211027,PearlPICK,BME,1,3,1,2,0,3,2,15,10,2025-04-06,VCT 2025: Pacific Stage 1
458820,206195,HavenPICK,TLN,0,4,0,1,0,3,0,10,5,2025-04-06,VCT 2025: Pacific Stage 1
458820,206195,HavenPICK,NS,2,2,2,1,0,4,4,11,7,2025-04-06,VCT 2025: Pacific Stage 1
458820,206196,LotusPICK,TLN,1,4,2,1,0,2,0,14,11,2025-04-06,VCT 2025: Pacific Stage 1
458820,206196,LotusPICK,NS,1,3,2,1,0,6,2,11,4,2025-04-06,VCT 2025: Pacific Stage 1
458820,206197,Fracture,TLN,1,3,1,1,0,3,3,12,9,2025-04-06,VCT 2025: Pacific Stage 1
458820,206197,Fracture,NS,1,3,1,2,0,3,2,11,3,2025-04-06,VCT 2025: Pacific Stage 1
458821,211411,AscentPICK,KRX,2,2,2,0,0,5,5,9,6,2025-04-07,VCT 2025: Pacific Stage 1
458821,211411,AscentPICK,GE,0,4,0,1,0,4,0,7,3,2025-04-07,VCT 2025: Pacific Stage 1
458821,211440,Split,KRX,0,3,0,1,0,3,1,16,12,2025-04-07,VCT 2025: Pacific Stage 1
458821,211440,Split,GE,2,2,2,2,0,9,5,10,3,2025-04-07,VCT 2025: Pacific Stage 1
458822,206201,HavenPICK,T1,1,3,1,0,0,2,1,14,11,2025-04-07,VCT 2025: Pacific Stage 1
458822,206201,HavenPICK,TS,1,3,1,1,0,7,3,8,2,2025-04-07,VCT 2025: Pacific Stage 1
458822,206202,IceboxPICK,T1,1,3,1,1,0,7,3,11,5,2025-04-07,VCT 2025: Pacific Stage 1
458822,206202,IceboxPICK,TS,1,3,1,2,1,3,2,14,9,2025-04-07,VCT 2025: Pacific Stage 1
458822,206203,Lotus,T1,1,3,1,1,0,3,3,14,9,2025-04-07,VCT 2025: Pacific Stage 1
458822,206203,Lotus,TS,1,4,2,0,0,7,4,10,2,2025-04-07,VCT 2025: Pacific Stage 1
458823,206204,PearlPICK,NS,1,3,1,4,3,3,2,13,7,2025-04-12,VCT 2025: Pacific Stage 1
458823,206204,PearlPICK,TS,1,3,1,1,1,5,2,14,6,2025-04-12,VCT 2025: Pacific Stage 1
458823,206205,SplitPICK,NS,1,3,1,0,0,2,2,11,10,2025-04-12,VCT 2025: Pacific Stage 1
458823,206205,SplitPICK,TS,1,2,1,3,0,5,1,6,1,2025-04-12,VCT 2025: Pacific Stage 1
458824,206207,IceboxPICK,KRX,0,3,0,2,0,3,1,13,7,2025-04-12,VCT 2025: Pacific Stage 1
458824,206207,IceboxPICK,BME,2,2,2,1,0,6,6,12,5,2025-04-12,VCT 2025: Pacific Stage 1
458824,206208,HavenPICK,KRX,1,3,2,1,1,8,5,14,6,2025-04-12,VCT 2025: Pacific Stage 1
458824,206208,HavenPICK,BME,1,4,1,2,1,4,2,16,8,2025-04-12,VCT 2025: Pacific Stage 1
458824,206209,Ascent,KRX,1,3,1,1,1,9,2,8,4,2025-04-12,VCT 2025: Pacific Stage 1
458824,206209,Ascent,BME,1,3,1,0,0,3,2,15,10,2025-04-12,VCT 2025: Pacific Stage 1
458825,206210,PearlPICK,T1,0,4,0,1,1,7,5,11,7,2025-04-13,VCT 2025: Pacific Stage 1
458825,206210,PearlPICK,RRQ,2,2,2,1,0,8,3,12,5,2025-04-13,VCT 2025: Pacific Stage 1
458825,206211,IceboxPICK,T1,2,2,2,1,0,6,2,14,6,2025-04-13,VCT 2025: Pacific Stage 1
458825,206211,IceboxPICK,RRQ,0,4,0,1,0,4,3,14,10,2025-04-13,VCT 2025: Pacific Stage 1
458825,206212,Lotus,T1,1,3,1,2,0,4,2,9,2,2025-04-13,VCT 2025: Pacific Stage 1
458825,206212,Lotus,RRQ,1,3,1,1,1,3,2,11,9,2025-04-13,VCT 2025: Pacific Stage 1
458826,206213,HavenPICK,GEN,2,2,2,1,1,5,3,10,7,2025-04-13,VCT 2025: Pacific Stage 1
458826,206213,HavenPICK,GE,0,4,0,0,0,4,2,10,3,2025-04-13,VCT 2025: Pacific Stage 1
458826,206214,PearlPICK,GEN,1,3,1,1,1,2,2,14,9,2025-04-13,VCT 2025: Pacific Stage 1
458826,206214,PearlPICK,GE,1,3,1,1,0,6,2,10,4,2025-04-13,VCT 2025: Pacific Stage 1
458827,206216,LotusPICK,TLN,0,5,0,0,0,3,2,9,2,2025-04-14,VCT 2025: Pacific Stage 1
458827,206216,LotusPICK,ZETA,2,2,2,0,0,5,4,10,7,2025-04-14,VCT 2025: Pacific Stage 1
458827,206217,SplitPICK,TLN,1,3,1,2,0,7,3,11,6,2025-04-14,VCT 2025: Pacific Stage 1
458827,206217,SplitPICK,ZETA,1,5,2,1,0,3,1,14,10,2025-04-14,VCT 2025: Pacific Stage 1
458828,206219,AscentPICK,DFM,1,3,1,1,0,10,7,10,5,2025-04-14,VCT 2025: Pacific Stage 1
458828,206219,AscentPICK,PRX,1,3,1,1,1,6,3,14,6,2025-04-14,VCT 2025: Pacific Stage 1
458828,206220,LotusPICK,DFM,0,4,0,1,1,2,0,13,6,2025-04-14,VCT 2025: Pacific Stage 1
458828,206220,LotusPICK,PRX,2,1,1,2,1,4,2,13,9,2025-04-14,VCT 2025: Pacific Stage 1
458828,206221,Pearl,DFM,1,3,1,0,0,9,6,16,6,2025-04-14,VCT 2025: Pacific Stage 1
458828,206221,Pearl,PRX,1,3,1,0,0,10,5,15,9,2025-04-14,VCT 2025: Pacific Stage 1
458830,206222,SplitPICK,PRX,2,2,2,1,1,4,2,11,8,2025-04-19,VCT 2025: Pacific Stage 1
458830,206222,SplitPICK,GE,0,2,0,3,2,6,1,7,2,2025-04-19,VCT 2025: Pacific Stage 1
458830,206223,LotusPICK,PRX,1,4,1,1,1,4,2,13,9,2025-04-19,VCT 2025: Pacific Stage 1
458830,206223,LotusPICK,GE,1,2,1,0,0,9,4,11,4,2025-04-19,VCT 2025: Pacific Stage 1
458831,206225,IceboxPICK,T1,1,3,1,2,1,4,1,10,3,2025-04-19,VCT 2025: Pacific Stage 1
458831,206225,IceboxPICK,TLN,1,3,1,0,0,2,2,14,10,2025-04-19,VCT 2025: Pacific Stage 1
458831,206226,HavenPICK,T1,0,4,0,2,1,2,0,12,6,2025-04-19,VCT 2025: Pacific Stage 1
458831,206226,HavenPICK,TLN,2,3,2,0,0,6,4,11,7,2025-04-19,VCT 2025: Pacific Stage 1
458832,206228,LotusPICK,KRX,2,3,2,1,1,7,2,10,3,2025-04-20,VCT 2025: Pacific Stage 1
458832,206228,LotusPICK,GEN,0,4,1,0,0,5,3,12,9,2025-04-20,VCT 2025: Pacific Stage 1
458832,206229,SplitPICK,KRX,2,2,2,1,1,6,3,14,7,2025-04-20,VCT 2025: Pacific Stage 1
458832,206229,SplitPICK,GEN,0,4,0,1,0,3,2,15,8,2025-04-20,VCT 2025: Pacific Stage 1
458832,206230,Ascent,KRX,1,3,1,1,0,3,2,15,10,2025-04-20,VCT 2025: Pacific Stage 1
458832,206230,Ascent,GEN,1,3,1,2,1,5,2,12,5,2025-04-20,VCT 2025: Pacific Stage 1
458833,206231,LotusPICK,NS,1,3,2,1,1,2,1,13,9,2025-04-20,VCT 2025: Pacific Stage 1
458833,206231,LotusPICK,ZETA,1,4,1,1,0,4,1,10,4,2025-04-20,VCT 2025: Pacific Stage 1
458833,206232,PearlPICK,NS,1,3,1,2,0,8,2,11,8,2025-04-20,VCT 2025: Pacific Stage 1
458833,206232,PearlPICK,ZETA,1,4,1,1,1,3,2,16,9,2025-04-20,VCT 2025: Pacific Stage 1
458833,206233,Split,NS,1,3,1,0,0,4,3,13,9,2025-04-20,VCT 2025: Pacific Stage 1
458833,206233,Split,ZETA,1,3,1,0,0,6,2,11,4,2025-04-20,VCT 2025: Pacific Stage 1
458834,206234,FracturePICK,DFM,0,4,0,0,0,7,3,10,5,2025-04-21,VCT 2025: Pacific Stage 1
458834,206234,FracturePICK,BME,2,2,2,1,1,5,3,13,7,2025-04-21,VCT 2025: Pacific Stage 1
458834,206235,AscentPICK,DFM,0,4,0,1,1,6,3,8,2,2025-04-21,VCT 2025: Pacific Stage 1
458834,206235,AscentPICK,BME,2,2,2,0,0,5,5,12,6,2025-04-21,VCT 2025: Pacific Stage 1
458835,206237,HavenPICK,RRQ,0,4,0,1,0,4,1,19,14,2025-04-21,VCT 2025: Pacific Stage 1
458835,206237,HavenPICK,TS,2,3,2,2,0,6,2,17,9,2025-04-21,VCT 2025: Pacific Stage 1
458835,206238,AscentPICK,RRQ,0,4,0,1,0,2,0,11,5,2025-04-21,VCT 2025: Pacific Stage 1
458835,206238,AscentPICK,TS,2,2,2,1,1,4,3,11,7,2025-04-21,VCT 2025: Pacific Stage 1
458835,206239,Lotus,RRQ,1,3,1,1,0,3,1,15,7,2025-04-21,VCT 2025: Pacific Stage 1
458835,206239,Lotus,TS,1,3,2,1,0,5,2,13,9,2025-04-21,VCT 2025: Pacific Stage 1
459517,206933,LotusPICK,C9,0,4,0,0,0,5,1,10,5,2025-03-21,VCT 2025: Americas Stage 1
459517,206933,LotusPICK,NRG,2,2,2,0,0,8,6,9,5,2025-03-21,VCT 2025: Americas Stage 1
459517,206934,FracturePICK,C9,1,3,2,0,0,3,3,12,8,2025-03-21,VCT 2025: Americas Stage 1
459517,206934,FracturePICK,NRG,1,3,1,1,0,8,3,6,1,2025-03-21,VCT 2025: Americas Stage 1
459517,206935,Pearl,C9,2,2,2,2,0,6,4,12,7,2025-03-21,VCT 2025: Americas Stage 1
459517,206935,Pearl,NRG,0,3,0,3,1,7,5,9,3,2025-03-21,VCT 2025: Americas Stage 1
459518,206936,FracturePICK,KRÜ,0,3,0,2,1,5,2,6,0,2025-03-21,VCT 2025: Americas Stage 1
459518,206936,FracturePICK,LOUD,2,3,2,0,0,2,1,11,10,2025-03-21,VCT 2025: Americas Stage 1
459518,206937,HavenPICK,KRÜ,2,2,2,0,0,5,4,8,7,2025-03-21,VCT 2025: Americas Stage 1
459518,206937,HavenPICK,LOUD,0,3,0,3,0,3,1,6,1,2025-03-21,VCT 2025: Americas Stage 1
459518,206938,Split,KRÜ,2,4,2,2,1,6,3,11,7,2025-03-21,VCT 2025: Americas Stage 1
459518,206938,Split,LOUD,0,4,1,2,0,4,2,13,7,2025-03-21,VCT 2025: Americas Stage 1
459519,206939,LotusPICK,G2,1,3,1,3,0,4,4,13,8,2025-03-22,VCT 2025: Americas Stage 1
459519,206939,LotusPICK,FUR,1,3,1,2,0,6,2,12,7,2025-03-22,VCT 2025: Americas Stage 1
459519,206940,AscentPICK,G2,2,3,2,1,1,5,2,11,8,2025-03-22,VCT 2025: Americas Stage 1
459519,206940,AscentPICK,FUR,0,4,1,0,0,5,3,11,3,2025-03-22,VCT 2025: Americas Stage 1
459520,206942,SplitPICK,MIBR,2,2,2,0,0,6,3,12,8,2025-03-22,VCT 2025: Americas Stage 1
459520,206942,SplitPICK,LEV,0,4,0,2,0,2,0,12,7,2025-03-22,VCT 2025: Americas Stage 1
459520,206943,IceboxPICK,MIBR,2,2,2,1,0,5,3,13,8,2025-03-22,VCT 2025: Americas Stage 1
459520,206943,IceboxPICK,LEV,0,4,0,1,0,3,0,13,8,2025-03-22,VCT 2025: Americas Stage 1
459521,206945,HavenPICK,2G,1,4,1,1,0,4,1,15,9,2025-03-23,VCT 2025: Americas Stage 1
459521,206945,HavenPICK,EG,1,3,2,2,0,6,3,13,8,2025-03-23,VCT 2025: Americas Stage 1
459521,206946,LotusPICK,2G,0,4,1,1,0,4,1,12,6,2025-03-23,VCT 2025: Americas Stage 1
459521,206946,LotusPICK,EG,2,2,2,2,0,4,3,13,8,2025-03-23,VCT 2025: Americas Stage 1
459522,206948,PearlPICK,SEN,2,3,2,0,0,4,2,11,9,2025-03-23,VCT 2025: Americas Stage 1
459522,206948,PearlPICK,100T,0,4,1,2,0,3,1,9,3,2025-03-23,VCT 2025: Americas Stage 1
459522,206949,HavenPICK,SEN,0,4,0,1,0,3,1,14,8,2025-03-23,VCT 2025: Americas Stage 1
459522,206949,HavenPICK,100T,2,2,2,0,0,4,3,16,8,2025-03-23,VCT 2025: Americas Stage 1
459522,206950,Split,SEN,2,2,2,0,0,3,3,9,8,2025-03-23,VCT 2025: Americas Stage 1
459522,206950,Split,100T,0,3,0,3,0,3,0,5,1,2025-03-23,VCT 2025: Americas Stage 1
459523,206951,LotusPICK,NRG,0,4,0,1,0,3,2,15,8,2025-03-28,VCT 2025: Americas Stage 1
459523,206951,LotusPICK,FUR,2,2,2,1,0,10,6,10,5,2025-03-28,VCT 2025: Americas Stage 1
459523,206952,PearlPICK,NRG,2,2,2,0,0,4,4,9,7,2025-03-28,VCT 2025: Americas Stage 1
459523,206952,PearlPICK,FUR,0,3,0,1,0,9,2,2,0,2025-03-28,VCT 2025: Americas Stage 1
459523,206953,Fracture,NRG,1,3,1,0,0,3,3,11,9,2025-03-28,VCT 2025: Americas Stage 1
459523,206953,Fracture,FUR,1,3,1,0,0,12,3,2,0,2025-03-28,VCT 2025: Americas Stage 1
459524,206954,LotusPICK,SEN,1,3,1,1,1,4,2,12,3,2025-03-28,VCT 2025: Americas Stage 1
459524,206954,LotusPICK,KRÜ,1,3,1,1,0,2,1,14,11,2025-03-28,VCT 2025: Americas Stage 1
459524,206955,IceboxPICK,SEN,0,4,0,1,0,3,0,13,8,2025-03-28,VCT 2025: Americas Stage 1
459524,206955,IceboxPICK,KRÜ,2,2,2,1,0,6,4,12,7,2025-03-28,VCT 2025: Americas Stage 1
459525,206957,FracturePICK,100T,0,4,1,2,2,0,0,17,10,2025-03-29,VCT 2025: Americas Stage 1
459525,206957,FracturePICK,EG,2,2,2,2,1,10,4,9,3,2025-03-29,VCT 2025: Americas Stage 1
459525,206958,HavenPICK,100T,2,2,2,1,0,6,3,11,8,2025-03-29,VCT 2025: Americas Stage 1
459525,206958,HavenPICK,EG,0,4,0,2,0,6,3,8,4,2025-03-29,VCT 2025: Americas Stage 1
459526,206960,PearlPICK,G2,1,3,1,1,1,5,3,17,7,2025-03-29,VCT 2025: Americas Stage 1
459526,206960,PearlPICK,MIBR,1,3,1,1,0,9,5,13,8,2025-03-29,VCT 2025: Americas Stage 1
459526,206961,HavenPICK,G2,1,2,1,1,0,9,5,12,7,2025-03-29,VCT 2025: Americas Stage 1
459526,206961,HavenPICK,MIBR,1,3,1,1,0,5,3,15,7,2025-03-29,VCT 2025: Americas Stage 1
459526,206962,Ascent,G2,2,2,2,1,0,8,5,10,6,2025-03-29,VCT 2025: Americas Stage 1
459526,206962,Ascent,MIBR,0,3,0,2,1,5,0,11,7,2025-03-29,VCT 2025: Americas Stage 1
459527,206963,LotusPICK,LOUD,1,3,1,1,0,5,4,17,7,2025-03-30,VCT 2025: Americas Stage 1
459527,206963,LotusPICK,2G,1,3,1,1,0,3,1,19,12,2025-03-30,VCT 2025: Americas Stage 1
459527,206964,PearlPICK,LOUD,0,4,0,2,1,2,1,16,9,2025-03-30,VCT 2025: Americas Stage 1
459527,206964,PearlPICK,2G,2,2,2,6,1,3,3,13,7,2025-03-30,VCT 2025: Americas Stage 1
459528,206966,SplitPICK,LEV,1,3,1,3,0,5,3,10,4,2025-03-30,VCT 2025: Americas Stage 1
459528,206966,SplitPICK,C9,1,3,1,0,0,4,3,14,9,2025-03-30,VCT 2025: Americas Stage 1
459528,206967,AscentPICK,LEV,0,3,0,4,1,3,1,6,1,2025-03-30,VCT 2025: Americas Stage 1
459528,206967,AscentPICK,C9,2,3,2,0,0,3,2,10,9,2025-03-30,VCT 2025: Americas Stage 1
459529,206969,HavenPICK,EG,1,3,1,2,1,6,1,6,1,2025-04-04,VCT 2025: Americas Stage 1
459529,206969,HavenPICK,SEN,1,3,1,0,0,1,1,13,11,2025-04-04,VCT 2025: Americas Stage 1
459529,206970,PearlPICK,EG,0,5,0,1,0,6,3,7,3,2025-04-04,VCT 2025: Americas Stage 1
459529,206970,PearlPICK,SEN,2,2,2,0,0,8,5,9,6,2025-04-04,VCT 2025: Americas Stage 1
459530,206972,Haven,100T,0,4,0,0,0,6,4,9,2,2025-04-04,VCT 2025: Americas Stage 1
459530,206972,Haven,LOUD,2,2,2,0,0,4,4,13,7,2025-04-04,VCT 2025: Americas Stage 1
459530,206973,Icebox,100T,2,3,2,3,1,3,1,15,9,2025-04-04,VCT 2025: Americas Stage 1
459530,206973,Icebox,LOUD,0,4,1,1,0,5,0,14,10,2025-04-04,VCT 2025: Americas Stage 1
459530,206974,Split,100T,0,4,0,1,0,1,1,15,12,2025-04-04,VCT 2025: Americas Stage 1
459530,206974,Split,LOUD,2,2,2,1,0,10,3,8,3,2025-04-04,VCT 2025: Americas Stage 1
459531,206975,IceboxPICK,2G,1,3,1,2,0,5,2,9,3,2025-04-05,VCT 2025: Americas Stage 1
459531,206975,IceboxPICK,KRÜ,1,3,1,1,1,1,1,14,10,2025-04-05,VCT 2025: Americas Stage 1
459531,206976,AscentPICK,2G,2,2,2,0,0,4,3,13,8,2025-04-05,VCT 2025: Americas Stage 1
459531,206976,AscentPICK,KRÜ,0,4,0,0,0,5,1,10,5,2025-04-05,VCT 2025: Americas Stage 1
459531,206977,Pearl,2G,1,3,1,2,0,5,2,9,3,2025-04-05,VCT 2025: Americas Stage 1
459531,206977,Pearl,KRÜ,1,3,1,1,0,4,3,11,9,2025-04-05,VCT 2025: Americas Stage 1
459532,206978,LotusPICK,G2,2,2,2,0,0,3,3,9,8,2025-04-05,VCT 2025: Americas Stage 1
459532,206978,LotusPICK,NRG,0,3,0,2,0,3,0,6,1,2025-04-05,VCT 2025: Americas Stage 1
459532,206979,AscentPICK,G2,1,2,1,2,0,6,5,9,7,2025-04-05,VCT 2025: Americas Stage 1
459532,206979,AscentPICK,NRG,1,3,1,3,0,5,2,8,3,2025-04-05,VCT 2025: Americas Stage 1
459533,206981,AscentPICK,FUR,0,4,0,1,0,2,1,10,3,2025-04-06,VCT 2025: Americas Stage 1
459533,206981,AscentPICK,LEV,2,3,2,0,0,5,5,9,6,2025-04-06,VCT 2025: Americas Stage 1
459533,206982,PearlPICK,FUR,0,5,0,0,0,11,3,2,2,2025-04-06,VCT 2025: Americas Stage 1
459533,206982,PearlPICK,LEV,2,2,2,1,1,5,4,10,6,2025-04-06,VCT 2025: Americas Stage 1
459534,206984,PearlPICK,C9,1,3,1,1,0,2,2,16,10,2025-04-06,VCT 2025: Americas Stage 1
459534,206984,PearlPICK,MIBR,1,3,1,2,1,7,3,10,4,2025-04-06,VCT 2025: Americas Stage 1
459534,206985,LotusPICK,C9,1,3,1,0,0,8,4,17,8,2025-04-06,VCT 2025: Americas Stage 1
459534,206985,LotusPICK,MIBR,1,3,1,0,0,10,4,15,10,2025-04-06,VCT 2025: Americas Stage 1
459534,206986,Haven,C9,1,2,1,1,0,7,2,14,8,2025-04-06,VCT 2025: Americas Stage 1
459534,206986,Haven,MIBR,1,2,1,2,0,9,5,11,7,2025-04-06,VCT 2025: Americas Stage 1
459535,206987,AscentPICK,100T,1,4,1,4,2,3,0,17,12,2025-04-11,VCT 2025: Americas Stage 1
459535,206987,AscentPICK,2G,1,3,2,2,0,3,2,20,9,2025-04-11,VCT 2025: Americas Stage 1
459535,206988,IceboxPICK,100T,0,4,1,1,1,0,0,14,11,2025-04-11,VCT 2025: Americas Stage 1
459535,206988,IceboxPICK,2G,2,2,2,3,0,6,3,8,1,2025-04-11,VCT 2025: Americas Stage 1
459536,206990,LotusPICK,G2,0,3,0,0,0,7,5,13,8,2025-04-11,VCT 2025: Americas Stage 1
459536,206990,LotusPICK,LEV,2,3,2,1,0,4,1,15,7,2025-04-11,VCT 2025: Americas Stage 1
459536,206991,FracturePICK,G2,2,2,2,3,2,8,4,11,3,2025-04-11,VCT 2025: Americas Stage 1
459536,206991,FracturePICK,LEV,0,4,1,2,0,1,1,17,11,2025-04-11,VCT 2025: Americas Stage 1
459536,206992,Haven,G2,0,4,0,1,0,1,1,14,12,2025-04-11,VCT 2025: Americas Stage 1
459536,206992,Haven,LEV,2,2,2,3,0,7,2,8,3,2025-04-11,VCT 2025: Americas Stage 1
459537,206993,LotusPICK,FUR,1,3,1,0,0,9,4,18,9,2025-04-12,VCT 2025: Americas Stage 1
459537,206993,LotusPICK,C9,1,3,1,1,0,6,1,20,14,2025-04-12,VCT 2025: Americas Stage 1
459537,206994,PearlPICK,FUR,0,3,0,2,0,8,1,1,0,2025-04-12,VCT 2025: Americas Stage 1
459537,206994,PearlPICK,C9,2,2,2,0,0,3,3,9,8,2025-04-12,VCT 2025: Americas Stage 1
459538,206996,SplitPICK,SEN,1,3,2,0,0,5,3,15,8,2025-04-12,VCT 2025: Americas Stage 1
459538,206996,SplitPICK,LOUD,1,4,1,2,1,3,1,14,7,2025-04-12,VCT 2025: Americas Stage 1
459538,206997,LotusPICK,SEN,1,4,2,1,0,3,1,16,8,2025-04-12,VCT 2025: Americas Stage 1
459538,206997,LotusPICK,LOUD,1,3,1,2,0,1,1,18,11,2025-04-12,VCT 2025: Americas Stage 1
459538,211889,Haven,SEN,1,3,2,1,0,3,2,11,9,2025-04-12,VCT 2025: Americas Stage 1
459538,211889,Haven,LOUD,1,3,1,4,1,2,0,9,3,2025-04-12,VCT 2025: Americas Stage 1
459539,206999,LotusPICK,KRÜ,1,3,1,1,0,7,2,6,1,2025-04-13,VCT 2025: Americas Stage 1
459539,206999,LotusPICK,EG,1,3,2,0,0,2,1,12,10,2025-04-13,VCT 2025: Americas Stage 1
459539,207000,PearlPICK,KRÜ,1,3,1,3,0,6,3,8,3,2025-04-13,VCT 2025: Americas Stage 1
459539,207000,PearlPICK,EG,1,3,1,2,1,5,5,10,6,2025-04-13,VCT 2025: Americas Stage 1
459540,207002,HavenPICK,NRG,1,3,1,0,0,5,2,11,3,2025-04-13,VCT 2025: Americas Stage 1
459540,207002,HavenPICK,MIBR,1,3,1,1,0,3,3,12,9,2025-04-13,VCT 2025: Americas Stage 1
459540,207003,IceboxPICK,NRG,2,2,2,1,0,10,3,5,0,2025-04-13,VCT 2025: Americas Stage 1
459540,207003,IceboxPICK,MIBR,0,4,1,0,0,0,0,14,12,2025-04-13,VCT 2025: Americas Stage 1
459541,207005,IceboxPICK,G2,1,3,1,1,1,2,2,12,9,2025-04-18,VCT 2025: Americas Stage 1
459541,207005,IceboxPICK,C9,1,3,1,2,0,6,2,7,2,2025-04-18,VCT 2025: Americas Stage 1
459541,207006,HavenPICK,G2,0,3,0,3,1,5,1,6,2,2025-04-18,VCT 2025: Americas Stage 1
459541,207006,HavenPICK,C9,2,2,2,0,0,5,4,10,7,2025-04-18,VCT 2025: Americas Stage 1
459541,207007,Pearl,G2,2,2,2,3,1,7,4,12,6,2025-04-18,VCT 2025: Americas Stage 1
459541,207007,Pearl,C9,0,4,0,2,1,1,1,17,9,2025-04-18,VCT 2025: Americas Stage 1
459542,207008,IceboxPICK,MIBR,2,2,2,0,0,5,3,9,8,2025-04-18,VCT 2025: Americas Stage 1
459542,207008,IceboxPICK,FUR,0,4,0,0,0,5,0,7,3,2025-04-18,VCT 2025: Americas Stage 1
459542,207009,AscentPICK,MIBR,2,2,2,0,0,9,2,11,5,2025-04-18,VCT 2025: Americas Stage 1
459542,207009,AscentPICK,FUR,0,4,0,1,0,5,3,12,10,2025-04-18,VCT 2025: Americas Stage 1
459542,207010,Split,MIBR,1,3,2,0,0,5,4,13,7,2025-04-18,VCT 2025: Americas Stage 1
459542,207010,Split,FUR,1,3,1,3,0,5,2,10,5,2025-04-18,VCT 2025: Americas Stage 1
459543,207011,HavenPICK,SEN,1,3,1,0,0,2,1,12,11,2025-04-19,VCT 2025: Americas Stage 1
459543,207011,HavenPICK,2G,1,3,1,2,0,6,1,6,2,2025-04-19,VCT 2025: Americas Stage 1
459543,207012,PearlPICK,SEN,2,2,2,1,1,8,7,7,3,2025-04-19,VCT 2025: Americas Stage 1
459543,207012,PearlPICK,2G,0,4,0,0,0,4,1,10,4,2025-04-19,VCT 2025: Americas Stage 1
459544,207014,FracturePICK,KRÜ,1,3,1,1,0,4,4,15,8,2025-04-19,VCT 2025: Americas Stage 1
459544,207014,FracturePICK,100T,1,3,1,1,0,5,1,14,8,2025-04-19,VCT 2025: Americas Stage 1
459544,207015,IceboxPICK,KRÜ,1,3,1,1,1,4,2,14,9,2025-04-19,VCT 2025: Americas Stage 1
459544,207015,IceboxPICK,100T,1,3,2,3,1,6,2,10,4,2025-04-19,VCT 2025: Americas Stage 1
459545,207017,LotusPICK,EG,1,4,1,2,1,9,4,9,5,2025-04-20,VCT 2025: Americas Stage 1
459545,207017,LotusPICK,LOUD,1,3,1,3,1,2,2,16,9,2025-04-20,VCT 2025: Americas Stage 1
459545,207018,PearlPICK,EG,0,4,0,4,3,3,2,15,9,2025-04-20,VCT 2025: Americas Stage 1
459545,207018,PearlPICK,LOUD,2,2,2,1,0,7,3,16,7,2025-04-20,VCT 2025: Americas Stage 1
459545,207019,Split,EG,1,3,1,3,1,5,3,13,8,2025-04-20,VCT 2025: Americas Stage 1
459545,207019,Split,LOUD,1,3,1,0,0,6,3,15,7,2025-04-20,VCT 2025: Americas Stage 1
459546,207020,FracturePICK,LEV,0,4,0,0,0,0,0,24,13,2025-04-20,VCT 2025: Americas Stage 1
459546,207020,FracturePICK,NRG,2,2,2,0,0,12,6,14,7,2025-04-20,VCT 2025: Americas Stage 1
459546,207021,IceboxPICK,LEV,0,4,0,1,0,4,2,12,6,2025-04-20,VCT 2025: Americas Stage 1
459546,207021,IceboxPICK,NRG,2,2,2,1,0,6,4,12,7,2025-04-20,VCT 2025: Americas Stage 1
459826,207147,SplitPICK,VIT,1,3,1,2,1,2,2,15,9,2025-03-26,VCT 2025: EMEA Stage 1
459826,207147,SplitPICK,GX,1,3,1,0,0,6,4,13,4,2025-03-26,VCT 2025: EMEA Stage 1
459826,207148,LotusPICK,VIT,2,2,2,0,0,3,3,10,8,2025-03-26,VCT 2025: EMEA Stage 1
459826,207148,LotusPICK,GX,0,3,0,2,0,7,2,3,0,2025-03-26,VCT 2025: EMEA Stage 1
459827,207150,IceboxPICK,BBL,1,3,1,1,0,4,1,8,1,2025-03-26,VCT 2025: EMEA Stage 1
459827,207150,IceboxPICK,KC,1,3,1,0,0,2,2,11,10,2025-03-26,VCT 2025: EMEA Stage 1
459827,207151,PearlPICK,BBL,1,3,1,4,2,5,3,12,7,2025-03-26,VCT 2025: EMEA Stage 1
459827,207151,PearlPICK,KC,1,4,2,0,0,6,1,14,8,2025-03-26,VCT 2025: EMEA Stage 1
459827,207152,Fracture,BBL,2,2,2,1,1,5,2,13,8,2025-03-26,VCT 2025: EMEA Stage 1
459827,207152,Fracture,KC,0,4,0,2,0,4,2,11,6,2025-03-26,VCT 2025: EMEA Stage 1
459828,207153,AscentPICK,TH,1,3,1,1,0,7,2,7,2,2025-03-27,VCT 2025: EMEA Stage 1
459828,207153,AscentPICK,APK,1,3,1,1,0,2,2,12,10,2025-03-27,VCT 2025: EMEA Stage 1
459828,207154,SplitPICK,TH,2,2,2,0,0,8,3,11,8,2025-03-27,VCT 2025: EMEA Stage 1
459828,207154,SplitPICK,APK,0,4,0,2,0,2,0,13,8,2025-03-27,VCT 2025: EMEA Stage 1
459828,207155,Icebox,TH,0,4,1,1,1,1,0,13,11,2025-03-27,VCT 2025: EMEA Stage 1
459828,207155,Icebox,APK,2,3,2,2,0,5,1,9,3,2025-03-27,VCT 2025: EMEA Stage 1
459829,207156,PearlPICK,FUT,1,3,1,0,0,2,2,12,10,2025-03-27,VCT 2025: EMEA Stage 1
459829,207156,PearlPICK,MKOI,1,3,1,2,1,7,1,5,1,2025-03-27,VCT 2025: EMEA Stage 1
459829,207157,LotusPICK,FUT,2,2,2,2,0,7,4,15,8,2025-03-27,VCT 2025: EMEA Stage 1
459829,207157,LotusPICK,MKOI,0,5,0,2,0,1,1,18,11,2025-03-27,VCT 2025: EMEA Stage 1
459830,207159,SplitPICK,FNC,2,2,2,0,0,3,3,13,8,2025-03-28,VCT 2025: EMEA Stage 1
459830,207159,SplitPICK,NAVI,0,4,0,1,0,8,3,5,2,2025-03-28,VCT 2025: EMEA Stage 1
459830,207160,FracturePICK,FNC,1,3,1,2,1,4,1,15,10,2025-03-28,VCT 2025: EMEA Stage 1
459830,207160,FracturePICK,NAVI,1,3,1,0,0,4,1,17,9,2025-03-28,VCT 2025: EMEA Stage 1
459831,207162,SplitPICK,TL,0,4,1,0,0,3,3,12,9,2025-03-28,VCT 2025: EMEA Stage 1
459831,207162,SplitPICK,M8,2,2,2,4,1,4,1,9,2,2025-03-28,VCT 2025: EMEA Stage 1
459831,207163,HavenPICK,TL,2,2,2,3,1,8,3,13,6,2025-03-28,VCT 2025: EMEA Stage 1
459831,207163,HavenPICK,M8,0,5,1,0,0,2,1,19,12,2025-03-28,VCT 2025: EMEA Stage 1
459831,207164,Icebox,TL,0,3,0,4,1,3,1,9,4,2025-03-28,VCT 2025: EMEA Stage 1
459831,207164,Icebox,M8,2,2,2,0,0,5,5,12,6,2025-03-28,VCT 2025: EMEA Stage 1
459832,207165,FracturePICK,TL,1,3,2,2,1,2,2,13,8,2025-04-02,VCT 2025: EMEA Stage 1
459832,207165,FracturePICK,BBL,1,3,1,4,0,1,0,12,6,2025-04-02,VCT 2025: EMEA Stage 1
459832,207166,HavenPICK,TL,0,4,0,0,0,6,1,7,3,2025-04-02,VCT 2025: EMEA Stage 1
459832,207166,HavenPICK,BBL,2,2,2,2,2,4,3,9,6,2025-04-02,VCT 2025: EMEA Stage 1
459832,207167,Ascent,TL,1,3,1,1,0,2,2,11,10,2025-04-02,VCT 2025: EMEA Stage 1
459832,207167,Ascent,BBL,1,3,1,3,0,3,1,8,2,2025-04-02,VCT 2025: EMEA Stage 1
459833,207168,LotusPICK,APK,1,3,2,1,0,5,2,14,9,2025-04-02,VCT 2025: EMEA Stage 1
459833,207168,LotusPICK,NAVI,1,3,1,2,0,4,0,14,9,2025-04-02,VCT 2025: EMEA Stage 1
459833,207169,HavenPICK,APK,1,2,1,1,0,9,5,12,5,2025-04-02,VCT 2025: EMEA Stage 1
459833,207169,HavenPICK,NAVI,1,3,1,2,0,4,2,15,10,2025-04-02,VCT 2025: EMEA Stage 1
459833,207170,Split,APK,1,5,2,0,0,5,2,9,2,2025-04-02,VCT 2025: EMEA Stage 1
459833,207170,Split,NAVI,1,3,1,0,0,2,2,14,10,2025-04-02,VCT 2025: EMEA Stage 1
459834,207171,IceboxPICK,FUT,1,3,2,2,1,5,3,13,4,2025-04-03,VCT 2025: EMEA Stage 1
459834,207171,IceboxPICK,M8,1,4,1,1,0,1,0,17,12,2025-04-03,VCT 2025: EMEA Stage 1
459834,207172,FracturePICK,FUT,1,4,2,1,0,5,2,24,14,2025-04-03,VCT 2025: EMEA Stage 1
459834,207172,FracturePICK,M8,1,3,1,3,0,5,3,23,12,2025-04-03,VCT 2025: EMEA Stage 1
459834,207173,Lotus,FUT,2,2,2,0,0,6,4,9,7,2025-04-03,VCT 2025: EMEA Stage 1
459834,207173,Lotus,M8,0,4,0,1,0,3,0,9,4,2025-04-03,VCT 2025: EMEA Stage 1
459835,207174,HavenPICK,TH,2,2,2,0,0,4,3,10,8,2025-04-03,VCT 2025: EMEA Stage 1
459835,207174,HavenPICK,GX,0,3,0,3,0,4,0,6,3,2025-04-03,VCT 2025: EMEA Stage 1
459835,207175,SplitPICK,TH,1,3,1,1,0,5,2,15,8,2025-04-03,VCT 2025: EMEA Stage 1
459835,207175,SplitPICK,GX,1,3,1,2,1,7,4,12,7,2025-04-03,VCT 2025: EMEA Stage 1
459835,207176,Lotus,TH,1,2,1,3,1,4,3,12,8,2025-04-03,VCT 2025: EMEA Stage 1
459835,207176,Lotus,GX,1,3,1,1,1,7,2,10,4,2025-04-03,VCT 2025: EMEA Stage 1
459836,207177,SplitPICK,VIT,1,3,1,2,1,2,1,27,15,2025-04-04,VCT 2025: EMEA Stage 1
459836,207177,SplitPICK,FNC,1,4,1,0,0,6,4,24,11,2025-04-04,VCT 2025: EMEA Stage 1
459836,207178,LotusPICK,VIT,2,3,2,1,0,7,3,8,1,2025-04-04,VCT 2025: EMEA Stage 1
459836,207178,LotusPICK,FNC,0,4,0,0,0,2,1,13,12,2025-04-04,VCT 2025: EMEA Stage 1
459836,207179,Haven,VIT,1,3,1,2,0,6,3,12,6,2025-04-04,VCT 2025: EMEA Stage 1
459836,207179,Haven,FNC,1,3,1,1,1,3,1,16,10,2025-04-04,VCT 2025: EMEA Stage 1
459837,207180,LotusPICK,MKOI,1,4,1,1,0,7,1,3,0,2025-04-04,VCT 2025: EMEA Stage 1
459837,207180,LotusPICK,KC,1,3,1,0,0,1,1,11,11,2025-04-04,VCT 2025: EMEA Stage 1
459837,207181,IceboxPICK,MKOI,2,2,2,0,0,5,2,19,8,2025-04-04,VCT 2025: EMEA Stage 1
459837,207181,IceboxPICK,KC,0,4,0,1,0,4,2,17,12,2025-04-04,VCT 2025: EMEA Stage 1
459839,207183,PearlPICK,MKOI,1,3,1,1,0,8,2,7,3,2025-04-09,VCT 2025: EMEA Stage 1
459839,207183,PearlPICK,BBL,1,2,1,0,0,6,3,11,9,2025-04-09,VCT 2025: EMEA Stage 1
459839,207184,IceboxPICK,MKOI,0,4,0,2,1,8,5,8,3,2025-04-09,VCT 2025: EMEA Stage 1
459839,207184,IceboxPICK,BBL,2,2,2,1,1,4,3,15,7,2025-04-09,VCT 2025: EMEA Stage 1
459840,207186,FracturePICK,NAVI,1,3,1,0,0,7,2,12,6,2025-04-09,VCT 2025: EMEA Stage 1
459840,207186,FracturePICK,GX,1,3,1,1,0,5,5,13,7,2025-04-09,VCT 2025: EMEA Stage 1
459840,207187,PearlPICK,NAVI,2,2,2,2,0,4,3,12,8,2025-04-09,VCT 2025: EMEA Stage 1
459840,207187,PearlPICK,GX,0,3,0,3,1,3,2,11,4,2025-04-09,VCT 2025: EMEA Stage 1
459840,207188,Split,NAVI,2,2,2,0,0,2,2,9,9,2025-04-09,VCT 2025: EMEA Stage 1
459840,207188,Split,GX,0,3,0,1,0,4,0,5,0,2025-04-09,VCT 2025: EMEA Stage 1
459841,207189,LotusPICK,TL,2,2,2,0,0,3,3,9,8,2025-04-10,VCT 2025: EMEA Stage 1
459841,207189,LotusPICK,FUT,0,4,0,2,0,2,0,6,1,2025-04-10,VCT 2025: EMEA Stage 1
459841,207190,SplitPICK,TL,1,3,1,0,0,5,2,14,10,2025-04-10,VCT 2025: EMEA Stage 1
459841,207190,SplitPICK,FUT,1,3,1,2,0,2,2,15,6,2025-04-10,VCT 2025: EMEA Stage 1
459842,207192,HavenPICK,VIT,1,3,1,1,0,5,3,14,6,2025-04-10,VCT 2025: EMEA Stage 1
459842,207192,HavenPICK,TH,1,3,1,1,1,6,4,13,7,2025-04-10,VCT 2025: EMEA Stage 1
459842,207193,IceboxPICK,VIT,1,2,1,1,0,10,3,6,2,2025-04-10,VCT 2025: EMEA Stage 1
459842,207193,IceboxPICK,TH,1,3,1,0,0,3,2,13,10,2025-04-10,VCT 2025: EMEA Stage 1
459843,207195,LotusPICK,APK,0,4,0,1,0,4,3,9,2,2025-04-11,VCT 2025: EMEA Stage 1
459843,207195,LotusPICK,FNC,2,2,2,0,0,3,3,13,8,2025-04-11,VCT 2025: EMEA Stage 1
459843,207196,SplitPICK,APK,1,3,1,2,0,5,2,20,11,2025-04-11,VCT 2025: EMEA Stage 1
459843,207196,SplitPICK,FNC,1,3,2,3,1,4,1,20,12,2025-04-11,VCT 2025: EMEA Stage 1
459844,207198,HavenPICK,KC,0,4,0,1,0,4,3,17,11,2025-04-11,VCT 2025: EMEA Stage 1
459844,207198,HavenPICK,M8,2,2,2,1,0,10,3,13,7,2025-04-11,VCT 2025: EMEA Stage 1
459844,207199,PearlPICK,KC,2,2,2,0,0,3,3,10,8,2025-04-11,VCT 2025: EMEA Stage 1
459844,207199,PearlPICK,M8,0,3,0,3,1,4,1,5,0,2025-04-11,VCT 2025: EMEA Stage 1
459845,207201,AscentPICK,VIT,1,3,1,1,1,3,2,11,9,2025-04-16,VCT 2025: EMEA Stage 1
459845,207201,AscentPICK,APK,1,3,1,1,0,7,4,7,0,2025-04-16,VCT 2025: EMEA Stage 1
459845,207202,LotusPICK,VIT,1,3,1,1,0,7,3,12,9,2025-04-16,VCT 2025: EMEA Stage 1
459845,207202,LotusPICK,APK,1,3,1,2,0,6,3,12,6,2025-04-16,VCT 2025: EMEA Stage 1
459846,212700,SplitPICK,TL,2,2,2,0,0,7,6,9,5,2025-04-16,VCT 2025: EMEA Stage 1
459846,212700,SplitPICK,MKOI,0,5,0,0,0,6,3,7,2,2025-04-16,VCT 2025: EMEA Stage 1
459846,212701,LotusPICK,TL,2,4,4,1,0,6,3,11,6,2025-04-16,VCT 2025: EMEA Stage 1
459846,212701,LotusPICK,MKOI,0,5,0,2,0,1,0,14,9,2025-04-16,VCT 2025: EMEA Stage 1
459847,207207,LotusPICK,M8,0,4,0,0,0,3,2,19,10,2025-04-17,VCT 2025: EMEA Stage 1
459847,207207,LotusPICK,BBL,2,2,2,0,0,9,5,15,7,2025-04-17,VCT 2025: EMEA Stage 1
459847,207208,HavenPICK,M8,0,3,0,3,1,3,0,6,1,2025-04-17,VCT 2025: EMEA Stage 1
459847,207208,HavenPICK,BBL,2,2,2,0,0,3,2,10,9,2025-04-17,VCT 2025: EMEA Stage 1
459848,207210,AscentPICK,GX,1,3,1,1,0,4,2,15,10,2025-04-17,VCT 2025: EMEA Stage 1
459848,207210,AscentPICK,FNC,1,3,1,1,0,5,2,14,7,2025-04-17,VCT 2025: EMEA Stage 1
459848,207211,LotusPICK,GX,2,2,2,2,0,8,2,6,1,2025-04-17,VCT 2025: EMEA Stage 1
459848,207211,LotusPICK,FNC,0,4,0,0,0,1,1,13,12,2025-04-17,VCT 2025: EMEA Stage 1
459848,207212,Haven,GX,1,3,1,1,0,7,3,12,6,2025-04-17,VCT 2025: EMEA Stage 1
459848,207212,Haven,FNC,1,3,1,0,0,5,1,15,11,2025-04-17,VCT 2025: EMEA Stage 1
459849,207214,LotusPICK,KC,1,3,1,1,0,5,1,9,3,2025-04-18,VCT 2025: EMEA Stage 1
459849,207214,LotusPICK,FUT,1,3,1,1,1,2,2,12,9,2025-04-18,VCT 2025: EMEA Stage 1
459849,207215,Ascent,KC,2,2,2,0,0,9,3,13,6,2025-04-18,VCT 2025: EMEA Stage 1
459849,207215,Ascent,FUT,0,4,0,2,0,0,0,18,13,2025-04-18,VCT 2025: EMEA Stage 1
459849,212913,PearlPICK,KC,0,4,1,2,2,0,0,20,11,2025-04-18,VCT 2025: EMEA Stage 1
459849,212913,PearlPICK,FUT,2,4,2,2,1,4,2,16,7,2025-04-18,VCT 2025: EMEA Stage 1
459850,207216,HavenPICK,NAVI,0,4,0,1,0,4,2,7,1,2025-04-18,VCT 2025: EMEA Stage 1
459850,207216,HavenPICK,TH,2,2,2,0,0,3,3,11,8,2025-04-18,VCT 2025: EMEA Stage 1
459850,207217,PearlPICK,NAVI,1,3,1,1,0,4,1,13,6,2025-04-18,VCT 2025: EMEA Stage 1
459850,207217,PearlPICK,TH,1,3,1,1,0,5,4,12,8,2025-04-18,VCT 2025: EMEA Stage 1
459852,207219,AscentPICK,BBL,1,3,1,2,1,5,3,38,20,2025-04-23,VCT 2025: EMEA Stage 1
459852,207219,AscentPICK,FUT,1,4,1,1,0,4,2,39,20,2025-04-23,VCT 2025: EMEA Stage 1
459852,207220,IceboxPICK,BBL,1,3,1,0,0,5,3,16,9,2025-04-23,VCT 2025: EMEA Stage 1
459852,207220,IceboxPICK,FUT,1,4,1,2,0,3,2,15,8,2025-04-23,VCT 2025: EMEA Stage 1
459853,207222,LotusPICK,GX,2,2,2,1,0,6,3,11,8,2025-04-23,VCT 2025: EMEA Stage 1
459853,207222,LotusPICK,APK,0,4,0,1,0,2,1,13,6,2025-04-23,VCT 2025: EMEA Stage 1
459853,207223,AscentPICK,GX,0,4,2,1,0,1,0,16,11,2025-04-23,VCT 2025: EMEA Stage 1
459853,207223,AscentPICK,APK,2,3,2,3,1,5,1,11,5,2025-04-23,VCT 2025: EMEA Stage 1
459854,207225,SplitPICK,M8,0,4,0,1,1,1,1,18,11,2025-04-24,VCT 2025: EMEA Stage 1
459854,207225,SplitPICK,MKOI,2,2,2,2,0,8,5,12,4,2025-04-24,VCT 2025: EMEA Stage 1
459854,207226,IceboxPICK,M8,0,4,0,3,0,2,2,10,4,2025-04-24,VCT 2025: EMEA Stage 1
459854,207226,IceboxPICK,MKOI,2,2,2,0,0,5,3,12,8,2025-04-24,VCT 2025: EMEA Stage 1
459854,207227,Fracture,M8,0,4,0,2,1,5,1,11,7,2025-04-24,VCT 2025: EMEA Stage 1
459854,207227,Fracture,MKOI,2,2,2,2,0,7,4,11,7,2025-04-24,VCT 2025: EMEA Stage 1
459855,207228,HavenPICK,VIT,0,5,0,1,0,5,1,7,4,2025-04-24,VCT 2025: EMEA Stage 1
459855,207228,HavenPICK,NAVI,2,3,3,0,0,6,3,9,7,2025-04-24,VCT 2025: EMEA Stage 1
459855,207229,IceboxPICK,VIT,1,3,1,0,0,8,3,13,7,2025-04-24,VCT 2025: EMEA Stage 1
459855,207229,IceboxPICK,NAVI,1,3,1,0,0,1,1,20,11,2025-04-24,VCT 2025: EMEA Stage 1
459856,207232,IceboxPICK,TL,0,4,0,1,0,3,1,14,8,2025-05-02,VCT 2025: EMEA Stage 1
459856,207232,IceboxPICK,KC,2,2,2,0,0,8,4,12,7,2025-05-02,VCT 2025: EMEA Stage 1
459856,207233,Lotus,TL,1,3,2,1,0,4,3,11,8,2025-05-02,VCT 2025: EMEA Stage 1
459856,207233,Lotus,KC,1,3,1,1,1,9,3,6,1,2025-05-02,VCT 2025: EMEA Stage 1
459857,207235,HavenPICK,FNC,2,2,2,2,0,11,2,3,1,2025-05-02,VCT 2025: EMEA Stage 1
459857,207235,HavenPICK,TH,0,5,1,0,0,1,0,12,12,2025-05-02,VCT 2025: EMEA Stage 1
459857,215378,LotusPICK,FNC,0,4,1,1,0,5,1,13,8,2025-05-02,VCT 2025: EMEA Stage 1
459857,215378,LotusPICK,TH,2,2,2,2,0,5,3,14,8,2025-05-02,VCT 2025: EMEA Stage 1
473833,212502,HavenPICK,TLN,1,3,1,0,0,2,2,14,10,2025-04-26,VCT 2025: Pacific Stage 1
473833,212502,HavenPICK,GEN,1,3,1,1,0,8,3,7,2,2025-04-26,VCT 2025: Pacific Stage 1
473833,212503,IceboxPICK,TLN,1,3,1,1,0,6,2,9,3,2025-04-26,VCT 2025: Pacific Stage 1
473833,212503,IceboxPICK,GEN,1,3,1,0,0,3,3,13,9,2025-04-26,VCT 2025: Pacific Stage 1
473833,212504,Pearl,TLN,1,4,1,1,0,6,1,5,1,2025-04-26,VCT 2025: Pacific Stage 1
473833,212504,Pearl,GEN,1,3,1,0,0,2,2,11,10,2025-04-26,VCT 2025: Pacific Stage 1
473834,212505,LotusPICK,KRX,2,3,2,3,1,3,1,19,11,2025-04-26,VCT 2025: Pacific Stage 1
473834,212505,LotusPICK,T1,0,4,1,1,0,1,0,22,12,2025-04-26,VCT 2025: Pacific Stage 1
473834,212506,FracturePICK,KRX,0,4,0,0,0,3,2,19,12,2025-04-26,VCT 2025: Pacific Stage 1
473834,212506,FracturePICK,T1,2,2,2,2,1,7,5,15,4,2025-04-26,VCT 2025: Pacific Stage 1
473835,212508,HavenPICK,TLN,1,3,1,1,0,5,4,13,8,2025-05-03,VCT 2025: Pacific Stage 1
473835,212508,HavenPICK,NS,1,2,1,2,0,7,3,11,5,2025-05-03,VCT 2025: Pacific Stage 1
473835,212509,PearlPICK,TLN,0,6,0,1,0,3,2,10,5,2025-05-03,VCT 2025: Pacific Stage 1
473835,212509,PearlPICK,NS,2,2,2,0,0,7,4,11,7,2025-05-03,VCT 2025: Pacific Stage 1
473835,212510,Ascent,TLN,0,5,0,1,0,1,1,15,12,2025-05-03,VCT 2025: Pacific Stage 1
473835,212510,Ascent,NS,2,2,2,0,0,8,4,12,3,2025-05-03,VCT 2025: Pacific Stage 1
473836,212511,FracturePICK,T1,2,2,2,0,0,3,3,11,8,2025-05-03,VCT 2025: Pacific Stage 1
473836,212511,FracturePICK,PRX,0,3,0,2,0,4,2,7,1,2025-05-03,VCT 2025: Pacific Stage 1
473836,212512,AscentPICK,T1,0,4,0,3,0,2,2,8,2,2025-05-03,VCT 2025: Pacific Stage 1
473836,212512,AscentPICK,PRX,2,2,2,0,0,7,5,8,6,2025-05-03,VCT 2025: Pacific Stage 1
473836,212513,Lotus,T1,0,3,0,1,0,6,1,5,1,2025-05-03,VCT 2025: Pacific Stage 1
473836,212513,Lotus,PRX,2,2,2,0,0,3,3,10,8,2025-05-03,VCT 2025: Pacific Stage 1
473837,212514,SplitPICK,BME,1,3,1,2,1,7,4,9,2,2025-04-27,VCT 2025: Pacific Stage 1
473837,212514,SplitPICK,GEN,1,3,1,1,0,3,3,14,9,2025-04-27,VCT 2025: Pacific Stage 1
473837,212515,AscentPICK,BME,1,3,1,1,0,5,1,10,4,2025-04-27,VCT 2025: Pacific Stage 1
473837,212515,AscentPICK,GEN,1,3,1,0,0,5,3,11,9,2025-04-27,VCT 2025: Pacific Stage 1
473838,212517,FracturePICK,RRQ,1,3,2,1,0,6,3,14,6,2025-04-27,VCT 2025: Pacific Stage 1
473838,212517,FracturePICK,KRX,1,3,1,3,1,2,1,16,10,2025-04-27,VCT 2025: Pacific Stage 1
473838,212518,IceboxPICK,RRQ,1,3,1,0,0,4,4,10,8,2025-04-27,VCT 2025: Pacific Stage 1
473838,212518,IceboxPICK,KRX,1,3,1,2,0,4,2,8,1,2025-04-27,VCT 2025: Pacific Stage 1
473838,212519,Lotus,RRQ,1,3,1,0,0,5,2,18,11,2025-04-27,VCT 2025: Pacific Stage 1
473838,212519,Lotus,KRX,1,3,1,2,0,4,2,17,9,2025-04-27,VCT 2025: Pacific Stage 1
473839,212520,IceboxPICK,KRX,1,3,2,0,0,2,1,12,10,2025-05-04,VCT 2025: Pacific Stage 1
473839,212520,IceboxPICK,TLN,1,3,1,1,0,8,2,5,1,2025-05-04,VCT 2025: Pacific Stage 1
473839,212521,FracturePICK,KRX,1,3,1,1,0,3,2,19,11,2025-05-04,VCT 2025: Pacific Stage 1
473839,212521,FracturePICK,TLN,1,5,1,1,0,5,3,15,8,2025-05-04,VCT 2025: Pacific Stage 1
473840,212523,LotusPICK,BME,0,4,0,2,1,3,0,9,4,2025-05-04,VCT 2025: Pacific Stage 1
473840,212523,LotusPICK,PRX,2,2,2,0,0,4,4,12,7,2025-05-04,VCT 2025: Pacific Stage 1
473840,212524,FracturePICK,BME,0,3,0,1,0,7,3,10,5,2025-05-04,VCT 2025: Pacific Stage 1
473840,212524,FracturePICK,PRX,2,2,2,1,0,7,3,11,8,2025-05-04,VCT 2025: Pacific Stage 1
473841,212526,LotusPICK,GEN,2,2,2,0,0,3,3,13,8,2025-05-09,VCT 2025: Pacific Stage 1
473841,212526,LotusPICK,RRQ,0,4,0,1,0,3,1,10,4,2025-05-09,VCT 2025: Pacific Stage 1
473841,212527,IceboxPICK,GEN,1,3,1,0,0,3,2,15,10,2025-05-09,VCT 2025: Pacific Stage 1
473841,212527,IceboxPICK,RRQ,1,3,1,1,0,8,3,9,4,2025-05-09,VCT 2025: Pacific Stage 1
473842,212529,LotusPICK,KRX,1,3,1,1,0,4,2,16,8,2025-05-09,VCT 2025: Pacific Stage 1
473842,212529,LotusPICK,PRX,1,3,1,2,1,3,1,16,10,2025-05-09,VCT 2025: Pacific Stage 1
473842,212530,IceboxPICK,KRX,1,3,1,2,0,4,3,12,4,2025-05-09,VCT 2025: Pacific Stage 1
473842,212530,IceboxPICK,PRX,1,3,1,1,1,5,4,12,7,2025-05-09,VCT 2025: Pacific Stage 1
473843,212532,FracturePICK,RRQ,0,3,0,1,0,7,1,4,1,2025-05-10,VCT 2025: Pacific Stage 1
473843,212532,FracturePICK,PRX,2,2,2,0,0,3,3,10,8,2025-05-10,VCT 2025: Pacific Stage 1
473843,212533,SplitPICK,RRQ,1,3,1,3,2,4,3,16,8,2025-05-10,VCT 2025: Pacific Stage 1
473843,212533,SplitPICK,PRX,1,3,1,1,0,1,1,21,10,2025-05-10,VCT 2025: Pacific Stage 1
473843,212534,PearlPICK,RRQ,1,3,1,3,2,4,1,16,10,2025-05-10,VCT 2025: Pacific Stage 1
473843,212534,PearlPICK,PRX,1,4,1,1,0,9,4,12,7,2025-05-10,VCT 2025: Pacific Stage 1
473843,212535,IceboxPICK,RRQ,0,3,0,2,0,4,0,7,3,2025-05-10,VCT 2025: Pacific Stage 1
473843,212535,IceboxPICK,PRX,2,2,2,1,1,4,3,9,7,2025-05-10,VCT 2025: Pacific Stage 1
473843,212536,Ascent,RRQ,1,3,1,0,0,3,3,13,9,2025-05-10,VCT 2025: Pacific Stage 1
473843,212536,Ascent,PRX,1,3,1,2,0,6,3,8,2,2025-05-10,VCT 2025: Pacific Stage 1
473844,212537,HavenPICK,GEN,1,3,2,0,0,5,3,13,8,2025-05-11,VCT 2025: Pacific Stage 1
473844,212537,HavenPICK,RRQ,1,3,1,1,0,4,1,13,6,2025-05-11,VCT 2025: Pacific Stage 1
473844,212538,AscentPICK,GEN,0,3,0,1,0,5,3,15,8,2025-05-11,VCT 2025: Pacific Stage 1
473844,212538,AscentPICK,RRQ,2,3,2,2,0,3,2,16,9,2025-05-11,VCT 2025: Pacific Stage 1
473844,212539,LotusPICK,GEN,1,3,1,3,1,7,3,9,4,2025-05-11,VCT 2025: Pacific Stage 1
473844,212539,LotusPICK,RRQ,1,3,1,1,1,4,3,14,8,2025-05-11,VCT 2025: Pacific Stage 1
473844,212540,IceboxPICK,GEN,2,2,2,0,0,12,6,10,3,2025-05-11,VCT 2025: Pacific Stage 1
473844,212540,IceboxPICK,RRQ,0,5,1,0,0,1,1,18,11,2025-05-11,VCT 2025: Pacific Stage 1
475897,213487,SplitPICK,MIBR,2,2,2,1,0,3,2,17,9,2025-04-24,VCT 2025: Americas Stage 1
475897,213487,SplitPICK,100T,0,4,0,3,1,2,1,14,8,2025-04-24,VCT 2025: Americas Stage 1
475897,213488,IceboxPICK,MIBR,1,3,2,0,0,3,3,11,8,2025-04-24,VCT 2025: Americas Stage 1
475897,213488,IceboxPICK,100T,1,4,1,2,1,5,1,6,1,2025-04-24,VCT 2025: Americas Stage 1
475898,213490,AscentPICK,SEN,1,3,2,1,1,4,1,14,9,2025-04-24,VCT 2025: Americas Stage 1
475898,213490,AscentPICK,C9,1,2,1,3,0,7,3,10,5,2025-04-24,VCT 2025: Americas Stage 1
475898,213491,PearlPICK,SEN,1,3,1,1,1,5,3,13,8,2025-04-24,VCT 2025: Americas Stage 1
475898,213491,PearlPICK,C9,1,3,1,2,0,5,1,12,7,2025-04-24,VCT 2025: Americas Stage 1
475899,213493,LotusPICK,KRÜ,0,4,0,0,0,5,3,12,5,2025-04-26,VCT 2025: Americas Stage 1
475899,213493,LotusPICK,MIBR,2,2,2,2,2,7,4,10,5,2025-04-26,VCT 2025: Americas Stage 1
475899,213494,IceboxPICK,KRÜ,1,3,1,1,1,2,1,12,2,2025-04-26,VCT 2025: Americas Stage 1
475899,213494,IceboxPICK,MIBR,1,3,1,0,0,2,2,13,10,2025-04-26,VCT 2025: Americas Stage 1
475900,213496,SplitPICK,G2,1,2,1,1,0,4,2,11,10,2025-04-26,VCT 2025: Americas Stage 1
475900,213496,SplitPICK,SEN,1,3,1,0,0,8,3,7,1,2025-04-26,VCT 2025: Americas Stage 1
475900,213497,IceboxPICK,G2,2,2,2,2,0,9,4,11,5,2025-04-26,VCT 2025: Americas Stage 1
475900,213497,IceboxPICK,SEN,0,4,0,0,0,2,2,18,11,2025-04-26,VCT 2025: Americas Stage 1
475900,213498,Ascent,G2,0,2,0,0,0,8,4,14,7,2025-04-26,VCT 2025: Americas Stage 1
475900,213498,Ascent,SEN,2,4,2,1,0,4,0,15,11,2025-04-26,VCT 2025: Americas Stage 1
475901,213499,LotusPICK,MIBR,1,3,1,0,0,8,3,9,3,2025-05-02,VCT 2025: Americas Stage 1
475901,213499,LotusPICK,SEN,1,3,1,0,0,3,3,14,9,2025-05-02,VCT 2025: Americas Stage 1
475901,213500,SplitPICK,MIBR,1,3,2,1,0,7,4,13,5,2025-05-02,VCT 2025: Americas Stage 1
475901,213500,SplitPICK,SEN,1,3,1,1,0,6,2,14,10,2025-05-02,VCT 2025: Americas Stage 1
475902,213502,HavenPICK,SEN,0,4,0,0,0,4,1,14,8,2025-05-04,VCT 2025: Americas Stage 1
475902,213502,HavenPICK,G2,2,2,2,2,0,8,5,10,6,2025-05-04,VCT 2025: Americas Stage 1
475902,213503,SplitPICK,SEN,2,2,2,2,0,8,2,10,5,2025-05-04,VCT 2025: Americas Stage 1
475902,213503,SplitPICK,G2,0,4,1,1,0,4,2,13,10,2025-05-04,VCT 2025: Americas Stage 1
475902,213504,PearlPICK,SEN,1,3,2,2,0,5,3,13,8,2025-05-04,VCT 2025: Americas Stage 1
475902,213504,PearlPICK,G2,1,3,1,2,1,5,2,13,6,2025-05-04,VCT 2025: Americas Stage 1
475902,213505,AscentPICK,SEN,0,4,0,1,0,5,3,13,7,2025-05-04,VCT 2025: Americas Stage 1
475902,213505,AscentPICK,G2,2,2,2,0,0,9,3,12,8,2025-05-04,VCT 2025: Americas Stage 1
475903,213507,FracturePICK,100T,2,2,2,0,0,6,5,10,6,2025-04-25,VCT 2025: Americas Stage 1
475903,213507,FracturePICK,NRG,0,4,0,1,0,6,2,7,3,2025-04-25,VCT 2025: Americas Stage 1
475903,213508,HavenPICK,100T,1,3,1,2,0,5,3,14,9,2025-04-25,VCT 2025: Americas Stage 1
475903,213508,HavenPICK,NRG,1,3,1,0,0,7,3,14,7,2025-04-25,VCT 2025: Americas Stage 1
475904,213510,FracturePICK,C9,1,3,2,1,0,9,3,9,4,2025-04-25,VCT 2025: Americas Stage 1
475904,213510,FracturePICK,EG,1,3,1,1,1,3,0,15,11,2025-04-25,VCT 2025: Americas Stage 1
475904,213511,IceboxPICK,C9,1,3,1,4,0,4,4,17,8,2025-04-25,VCT 2025: Americas Stage 1
475904,213511,IceboxPICK,EG,1,3,1,3,1,5,2,17,11,2025-04-25,VCT 2025: Americas Stage 1
475905,213513,HavenPICK,G2,1,2,1,0,0,6,5,9,7,2025-04-27,VCT 2025: Americas Stage 1
475905,213513,HavenPICK,100T,1,3,1,3,0,5,0,6,3,2025-04-27,VCT 2025: Americas Stage 1
475905,213514,SplitPICK,G2,0,4,0,1,0,2,1,19,11,2025-04-27,VCT 2025: Americas Stage 1
475905,213514,SplitPICK,100T,2,2,2,1,0,10,6,13,6,2025-04-27,VCT 2025: Americas Stage 1
475905,213515,Pearl,G2,1,3,1,3,2,4,1,20,12,2025-04-27,VCT 2025: Americas Stage 1
475905,213515,Pearl,100T,1,3,1,3,0,3,2,21,11,2025-04-27,VCT 2025: Americas Stage 1
475906,213516,LotusPICK,KRÜ,2,2,2,2,1,7,4,15,5,2025-04-27,VCT 2025: Americas Stage 1
475906,213516,LotusPICK,EG,0,4,0,2,1,1,1,19,12,2025-04-27,VCT 2025: Americas Stage 1
475906,213517,IceboxPICK,KRÜ,1,3,1,2,1,5,1,14,8,2025-04-27,VCT 2025: Americas Stage 1
475906,213517,IceboxPICK,EG,1,4,1,2,1,4,2,14,9,2025-04-27,VCT 2025: Americas Stage 1
475907,213519,LotusPICK,G2,0,3,0,0,0,8,3,11,6,2025-05-02,VCT 2025: Americas Stage 1
475907,213519,LotusPICK,EG,2,3,3,2,0,4,2,13,8,2025-05-02,VCT 2025: Americas Stage 1
475907,213520,SplitPICK,G2,1,2,1,1,1,5,2,12,9,2025-05-02,VCT 2025: Americas Stage 1
475907,213520,SplitPICK,EG,1,2,1,3,0,7,4,8,2,2025-05-02,VCT 2025: Americas Stage 1
475907,213521,Pearl,G2,1,4,1,1,1,6,2,13,9,2025-05-02,VCT 2025: Americas Stage 1
475907,213521,Pearl,EG,1,4,1,3,0,5,3,12,7,2025-05-02,VCT 2025: Americas Stage 1
475908,213522,HavenPICK,MIBR,2,2,2,0,0,8,6,13,5,2025-05-03,VCT 2025: Americas Stage 1
475908,213522,HavenPICK,G2,0,3,0,4,2,3,1,13,7,2025-05-03,VCT 2025: Americas Stage 1
475908,213523,LotusPICK,MIBR,1,3,1,2,0,5,2,18,10,2025-05-03,VCT 2025: Americas Stage 1
475908,213523,LotusPICK,G2,1,2,1,2,1,5,1,19,12,2025-05-03,VCT 2025: Americas Stage 1
475908,213524,SplitPICK,MIBR,1,3,1,3,3,6,2,11,4,2025-05-03,VCT 2025: Americas Stage 1
475908,213524,SplitPICK,G2,1,3,1,0,0,2,1,18,11,2025-05-03,VCT 2025: Americas Stage 1
475908,215607,AscentPICK,MIBR,0,4,0,2,1,5,2,10,5,2025-05-03,VCT 2025: Americas Stage 1
475908,215607,AscentPICK,G2,2,2,2,2,2,8,4,9,5,2025-05-03,VCT 2025: Americas Stage 1
482503,215379,LotusPICK,BBL,0,3,1,1,0,0,0,18,12,2025-05-08,VCT 2025: EMEA Stage 1
482503,215379,LotusPICK,NAVI,2,2,2,2,0,8,2,10,5,2025-05-08,VCT 2025: EMEA Stage 1
482503,215380,FracturePICK,BBL,0,4,0,0,0,5,5,14,8,2025-05-08,VCT 2025: EMEA Stage 1
482503,215380,FracturePICK,NAVI,2,2,2,2,0,6,3,13,5,2025-05-08,VCT 2025: EMEA Stage 1
482504,215383,SplitPICK,FNC,1,3,1,0,0,5,5,13,7,2025-05-08,VCT 2025: EMEA Stage 1
482504,215383,SplitPICK,FUT,1,4,1,0,0,5,2,12,5,2025-05-08,VCT 2025: EMEA Stage 1
482504,216517,LotusPICK,FNC,0,4,1,0,0,1,1,14,11,2025-05-08,VCT 2025: EMEA Stage 1
482504,216517,LotusPICK,FUT,2,4,2,1,0,5,2,9,2,2025-05-08,VCT 2025: EMEA Stage 1
482505,215385,IceboxPICK,NAVI,1,4,1,1,0,1,1,20,10,2025-05-09,VCT 2025: EMEA Stage 1
482505,215385,IceboxPICK,KC,1,3,1,2,0,5,3,16,10,2025-05-09,VCT 2025: EMEA Stage 1
482505,215386,SplitPICK,NAVI,1,3,1,2,0,4,3,15,9,2025-05-09,VCT 2025: EMEA Stage 1
482505,215386,SplitPICK,KC,1,3,1,2,1,8,4,11,5,2025-05-09,VCT 2025: EMEA Stage 1
482505,216537,Ascent,NAVI,2,2,2,2,0,5,5,15,6,2025-05-09,VCT 2025: EMEA Stage 1
482505,216537,Ascent,KC,0,4,0,1,1,3,2,16,8,2025-05-09,VCT 2025: EMEA Stage 1
482506,215389,SplitPICK,FUT,0,4,0,0,0,0,0,15,13,2025-05-09,VCT 2025: EMEA Stage 1
482506,215389,SplitPICK,VIT,2,2,2,1,0,8,3,8,1,2025-05-09,VCT 2025: EMEA Stage 1
482506,216584,FracturePICK,FUT,2,2,2,0,0,6,3,12,8,2025-05-09,VCT 2025: EMEA Stage 1
482506,216584,FracturePICK,VIT,0,4,0,2,0,4,1,10,6,2025-05-09,VCT 2025: EMEA Stage 1
482507,215392,IceboxPICK,TH,1,5,1,0,0,6,3,15,10,2025-05-10,VCT 2025: EMEA Stage 1
482507,215392,IceboxPICK,BBL,1,3,1,2,1,4,1,17,9,2025-05-10,VCT 2025: EMEA Stage 1
482507,216644,AscentPICK,TH,1,3,1,1,0,4,3,15,9,2025-05-10,VCT 2025: EMEA Stage 1
482507,216644,AscentPICK,BBL,1,3,1,1,0,7,5,12,4,2025-05-10,VCT 2025: EMEA Stage 1
482508,215394,SplitPICK,TL,1,3,2,1,0,7,4,12,4,2025-05-10,VCT 2025: EMEA Stage 1
482508,215394,SplitPICK,FNC,1,3,1,1,0,3,1,16,11,2025-05-10,VCT 2025: EMEA Stage 1
482508,215395,IceboxPICK,TL,1,3,1,2,0,3,3,16,9,2025-05-10,VCT 2025: EMEA Stage 1
482508,215395,IceboxPICK,FNC,1,3,1,0,0,6,2,15,8,2025-05-10,VCT 2025: EMEA Stage 1
482508,215396,Fracture,TL,0,4,0,0,0,4,2,18,10,2025-05-10,VCT 2025: EMEA Stage 1
482508,215396,Fracture,FNC,2,2,2,0,0,11,6,13,6,2025-05-10,VCT 2025: EMEA Stage 1
482509,215397,IceboxPICK,TL,1,2,1,2,0,7,5,13,5,2025-05-11,VCT 2025: EMEA Stage 1
482509,215397,IceboxPICK,NAVI,1,2,1,1,0,6,4,15,8,2025-05-11,VCT 2025: EMEA Stage 1
482509,215398,SplitPICK,TL,2,2,2,1,1,4,2,10,8,2025-05-11,VCT 2025: EMEA Stage 1
482509,215398,SplitPICK,NAVI,0,3,0,1,0,7,1,6,3,2025-05-11,VCT 2025: EMEA Stage 1
482509,215399,Ascent,TL,2,2,2,1,0,6,3,12,8,2025-05-11,VCT 2025: EMEA Stage 1
482509,215399,Ascent,NAVI,0,4,1,2,0,6,2,9,5,2025-05-11,VCT 2025: EMEA Stage 1
482510,215402,Ascent,BBL,1,3,1,2,0,3,1,15,11,2025-05-11,VCT 2025: EMEA Stage 1
482510,215402,Ascent,FUT,1,4,1,0,0,4,2,15,7,2025-05-11,VCT 2025: EMEA Stage 1
482510,216645,SplitPICK,BBL,2,2,2,0,0,4,3,9,8,2025-05-11,VCT 2025: EMEA Stage 1
482510,216645,SplitPICK,FUT,0,4,0,2,0,0,0,9,2,2025-05-11,VCT 2025: EMEA Stage 1
482511,215403,HavenPICK,TL,2,2,2,2,1,7,2,13,8,2025-05-16,VCT 2025: EMEA Stage 1
482511,215403,HavenPICK,BBL,0,4,0,2,1,3,1,15,9,2025-05-16,VCT 2025: EMEA Stage 1
482511,215404,SplitPICK,TL,0,4,0,1,0,6,2,9,5,2025-05-16,VCT 2025: EMEA Stage 1
482511,215404,SplitPICK,BBL,2,3,2,1,0,4,2,12,9,2025-05-16,VCT 2025: EMEA Stage 1
482511,215405,Fracture,TL,1,3,1,1,0,2,2,15,10,2025-05-16,VCT 2025: EMEA Stage 1
482511,215405,Fracture,BBL,1,4,1,2,0,4,2,11,5,2025-05-16,VCT 2025: EMEA Stage 1
482512,215406,HavenPICK,TH,2,2,2,1,1,3,2,10,8,2025-05-17,VCT 2025: EMEA Stage 1
482512,215406,HavenPICK,TL,0,3,0,2,0,8,1,3,2,2025-05-17,VCT 2025: EMEA Stage 1
482512,215407,AscentPICK,TH,1,3,1,2,1,2,1,16,10,2025-05-17,VCT 2025: EMEA Stage 1
482512,215407,AscentPICK,TL,1,4,1,1,0,6,4,12,5,2025-05-17,VCT 2025: EMEA Stage 1
482512,215408,IceboxPICK,TH,2,2,2,0,0,3,3,10,8,2025-05-17,VCT 2025: EMEA Stage 1
482512,215408,IceboxPICK,TL,0,3,0,1,0,6,0,5,2,2025-05-17,VCT 2025: EMEA Stage 1
482513,215411,SplitPICK,FNC,2,2,2,0,0,4,3,11,8,2025-05-18,VCT 2025: EMEA Stage 1
482513,215411,SplitPICK,TH,0,4,0,0,0,5,1,8,3,2025-05-18,VCT 2025: EMEA Stage 1
482513,215412,IceboxPICK,FNC,1,3,1,1,1,2,1,16,10,2025-05-18,VCT 2025: EMEA Stage 1
482513,215412,IceboxPICK,TH,1,3,1,1,0,4,2,14,6,2025-05-18,VCT 2025: EMEA Stage 1
482513,215413,FracturePICK,FNC,0,4,0,1,0,6,3,15,11,2025-05-18,VCT 2025: EMEA Stage 1
482513,215413,FracturePICK,TH,2,2,2,2,1,6,4,16,5,2025-05-18,VCT 2025: EMEA Stage 1
482515,215416,FracturePICK,TH,0,4,1,1,1,4,0,10,4,2025-05-16,VCT 2025: EMEA Stage 1
482515,215416,FracturePICK,FNC,2,2,2,1,0,6,5,10,6,2025-05-16,VCT 2025: EMEA Stage 1
482515,217080,IceboxPICK,TH,1,3,2,2,0,6,3,10,3,2025-05-16,VCT 2025: EMEA Stage 1
482515,217080,IceboxPICK,FNC,1,3,1,1,1,2,1,15,10,2025-05-16,VCT 2025: EMEA Stage 1
487985,216862,Split,FUT,1,3,1,1,0,3,1,17,11,2025-05-16,Esports World Cup 2025
487985,216862,Split,APK,1,3,1,3,0,8,4,10,6,2025-05-16,Esports World Cup 2025
487985,216863,Lotus,FUT,2,3,2,0,0,6,3,14,8,2025-05-16,Esports World Cup 2025
487985,216863,Lotus,APK,0,4,0,1,0,8,5,10,5,2025-05-16,Esports World Cup 2025
487986,216865,Ascent,VIT,1,3,1,0,0,3,3,14,9,2025-05-16,Esports World Cup 2025
487986,216865,Ascent,GX,1,3,1,3,1,5,2,9,3,2025-05-16,Esports World Cup 2025
487986,216866,Lotus,VIT,1,3,1,4,0,2,0,12,7,2025-05-16,Esports World Cup 2025
487986,216866,Lotus,GX,1,3,2,0,0,4,3,14,8,2025-05-16,Esports World Cup 2025
487986,216867,Haven,VIT,1,3,1,0,0,1,1,12,11,2025-05-16,Esports World Cup 2025
487986,216867,Haven,GX,1,3,1,2,0,8,1,3,1,2025-05-16,Esports World Cup 2025
487987,216868,Fracture,NAVI,1,3,1,1,1,3,2,14,9,2025-05-16,Esports World Cup 2025
487987,216868,Fracture,M8,1,4,2,2,0,6,2,9,4,2025-05-16,Esports World Cup 2025
487987,216869,Icebox,NAVI,2,3,2,1,0,5,2,15,9,2025-05-16,Esports World Cup 2025
487987,216869,Icebox,M8,0,3,0,2,1,5,2,14,8,2025-05-16,Esports World Cup 2025
487988,216871,Ascent,KC,2,2,2,1,1,10,4,19,10,2025-05-16,Esports World Cup 2025
487988,216871,Ascent,MKOI,0,5,1,2,0,3,1,22,13,2025-05-16,Esports World Cup 2025
487988,216872,Haven,KC,0,4,0,2,1,0,0,16,12,2025-05-16,Esports World Cup 2025
487988,216872,Haven,MKOI,2,3,2,1,0,6,3,12,4,2025-05-16,Esports World Cup 2025
487989,216874,FracturePICK,FUT,2,4,2,0,0,4,3,11,8,2025-05-17,Esports World Cup 2025
487989,216874,FracturePICK,VIT,0,4,1,1,0,5,3,9,2,2025-05-17,Esports World Cup 2025
487989,216875,HavenPICK,FUT,2,2,2,1,0,5,4,11,7,2025-05-17,Esports World Cup 2025
487989,216875,HavenPICK,VIT,0,4,0,0,0,5,1,10,5,2025-05-17,Esports World Cup 2025
487990,216877,HavenPICK,NAVI,1,3,1,4,1,3,0,10,5,2025-05-17,Esports World Cup 2025
487990,216877,HavenPICK,KC,1,3,2,0,0,3,2,14,9,2025-05-17,Esports World Cup 2025
487990,216878,IceboxPICK,NAVI,1,3,1,2,0,6,3,19,10,2025-05-17,Esports World Cup 2025
487990,216878,IceboxPICK,KC,1,3,1,2,0,4,3,21,12,2025-05-17,Esports World Cup 2025
487991,216880,LotusPICK,FUT,1,5,1,1,1,4,2,14,7,2025-05-18,Esports World Cup 2025
487991,216880,LotusPICK,KC,1,3,1,1,1,9,6,11,5,2025-05-18,Esports World Cup 2025
487991,216881,AscentPICK,FUT,1,4,1,0,0,3,1,15,11,2025-05-18,Esports World Cup 2025
487991,216881,AscentPICK,KC,1,3,1,0,0,13,6,6,2,2025-05-18,Esports World Cup 2025
487991,216882,Haven,FUT,2,3,2,1,0,7,4,9,1,2025-05-18,Esports World Cup 2025
487991,216882,Haven,KC,0,4,0,1,1,2,2,13,10,2025-05-18,Esports World Cup 2025
487992,216883,HavenPICK,APK,1,3,1,2,0,5,2,11,5,2025-05-17,Esports World Cup 2025
487992,216883,HavenPICK,GX,1,3,1,0,0,3,2,15,10,2025-05-17,Esports World Cup 2025
487992,216884,LotusPICK,APK,1,3,2,3,0,8,4,10,5,2025-05-17,Esports World Cup 2025
487992,216884,LotusPICK,GX,1,3,1,1,0,6,4,14,8,2025-05-17,Esports World Cup 2025
487993,216886,Haven,M8,1,3,1,2,2,3,2,13,8,2025-05-17,Esports World Cup 2025
487993,216886,Haven,MKOI,1,3,1,3,0,4,1,11,6,2025-05-17,Esports World Cup 2025
487993,216887,Ascent,M8,0,4,0,1,0,0,0,18,13,2025-05-17,Esports World Cup 2025
487993,216887,Ascent,MKOI,2,3,2,1,0,8,3,11,5,2025-05-17,Esports World Cup 2025
487994,216889,AscentPICK,NAVI,2,2,2,2,1,5,2,11,8,2025-05-18,Esports World Cup 2025
487994,216889,AscentPICK,GX,0,4,0,2,1,3,0,11,6,2025-05-18,Esports World Cup 2025
487994,216890,PearlPICK,NAVI,1,3,1,2,1,3,3,13,8,2025-05-18,Esports World Cup 2025
487994,216890,PearlPICK,GX,1,3,1,2,0,6,4,10,3,2025-05-18,Esports World Cup 2025
487995,216892,SplitPICK,VIT,1,3,1,1,0,5,2,29,15,2025-05-18,Esports World Cup 2025
487995,216892,SplitPICK,M8,1,3,1,1,1,6,3,28,15,2025-05-18,Esports World Cup 2025
487995,216893,IceboxPICK,VIT,1,2,1,1,1,5,4,11,7,2025-05-18,Esports World Cup 2025
487995,216893,IceboxPICK,M8,1,3,1,3,1,6,1,7,3,2025-05-18,Esports World Cup 2025
487995,216894,Haven,VIT,1,3,1,1,0,10,3,4,1,2025-05-18,Esports World Cup 2025
487995,216894,Haven,M8,1,3,1,0,0,3,2,12,10,2025-05-18,Esports World Cup 2025
487996,216895,FracturePICK,NAVI,0,3,0,4,0,2,1,14,9,2025-05-19,Esports World Cup 2025
487996,216895,FracturePICK,M8,2,2,2,1,0,7,4,13,7,2025-05-19,Esports World Cup 2025
487996,216896,AscentPICK,NAVI,1,3,2,0,0,2,1,18,10,2025-05-19,Esports World Cup 2025
487996,216896,AscentPICK,M8,1,3,1,4,0,3,0,13,9,2025-05-19,Esports World Cup 2025
487996,216897,Icebox,NAVI,2,2,2,1,0,2,1,12,10,2025-05-19,Esports World Cup 2025
487996,216897,Icebox,M8,0,3,0,3,1,5,1,6,2,2025-05-19,Esports World Cup 2025
487997,216898,PearlPICK,FUT,1,6,1,0,0,3,2,19,12,2025-05-20,Esports World Cup 2025
487997,216898,PearlPICK,NAVI,1,4,1,2,2,6,4,16,6,2025-05-20,Esports World Cup 2025
487997,216899,AscentPICK,FUT,1,3,1,0,0,4,4,13,8,2025-05-20,Esports World Cup 2025
487997,216899,AscentPICK,NAVI,1,3,1,4,1,4,2,9,3,2025-05-20,Esports World Cup 2025
487998,216901,HavenPICK,TL,0,4,1,0,0,2,2,13,10,2025-05-23,Esports World Cup 2025
487998,216901,HavenPICK,FUT,2,3,2,2,0,7,2,7,2,2025-05-23,Esports World Cup 2025
487998,216902,SplitPICK,TL,1,3,1,0,0,4,3,15,9,2025-05-23,Esports World Cup 2025
487998,216902,SplitPICK,FUT,1,3,1,1,1,4,2,14,5,2025-05-23,Esports World Cup 2025
487999,216904,AscentPICK,BBL,2,2,2,1,0,5,3,14,8,2025-05-23,Esports World Cup 2025
487999,216904,AscentPICK,KC,0,4,0,2,0,1,1,15,8,2025-05-23,Esports World Cup 2025
487999,216905,HavenPICK,BBL,2,2,2,0,0,5,4,12,7,2025-05-23,Esports World Cup 2025
487999,216905,HavenPICK,KC,0,4,0,1,1,5,2,9,3,2025-05-23,Esports World Cup 2025
488000,216907,LotusPICK,TL,1,3,1,4,0,4,2,13,8,2025-05-24,Esports World Cup 2025
488000,216907,LotusPICK,BBL,1,3,1,2,0,5,3,14,9,2025-05-24,Esports World Cup 2025
488000,216908,IceboxPICK,TL,2,2,2,2,0,5,5,10,6,2025-05-24,Esports World Cup 2025
488000,216908,IceboxPICK,BBL,0,3,0,1,0,5,1,10,5,2025-05-24,Esports World Cup 2025
488000,216909,AscentPICK,TL,1,3,2,1,0,5,2,15,7,2025-05-24,Esports World Cup 2025
488000,216909,AscentPICK,BBL,1,4,1,1,0,3,2,16,10,2025-05-24,Esports World Cup 2025
488000,216910,HavenPICK,TL,1,3,1,2,1,7,3,12,6,2025-05-24,Esports World Cup 2025
488000,216910,HavenPICK,BBL,1,3,1,1,1,7,4,13,7,2025-05-24,Esports World Cup 2025
488001,216912,AscentPICK,FUT,1,4,1,1,0,4,1,14,8,2025-05-24,Esports World Cup 2025
488001,216912,AscentPICK,KC,1,3,1,1,0,3,2,16,10,2025-05-24,Esports World Cup 2025
488001,216913,HavenPICK,FUT,1,3,1,2,1,5,3,10,2,2025-05-24,Esports World Cup 2025
488001,216913,HavenPICK,KC,1,3,1,0,0,4,3,13,9,2025-05-24,Esports World Cup 2025
488002,216915,SplitPICK,TL,2,2,2,2,0,4,3,12,8,2025-05-25,Esports World Cup 2025
488002,216915,SplitPICK,KC,0,4,0,2,1,3,1,11,5,2025-05-25,Esports World Cup 2025
488002,216916,IceboxPICK,TL,0,3,0,2,1,6,3,7,1,2025-05-25,Esports World Cup 2025
488002,216916,IceboxPICK,KC,2,2,2,1,0,7,6,8,5,2025-05-25,Esports World Cup 2025
488002,216917,LotusPICK,TL,1,3,2,1,1,5,1,14,6,2025-05-25,Esports World Cup 2025
488002,216917,LotusPICK,KC,1,3,1,1,1,5,2,14,9,2025-05-25,Esports World Cup 2025
488002,216918,HavenPICK,TL,1,3,1,0,0,6,2,13,6,2025-05-25,Esports World Cup 2025
488002,216918,HavenPICK,KC,1,4,1,2,1,5,3,11,8,2025-05-25,Esports World Cup 2025
488003,216920,HavenPICK,100T,2,2,2,1,1,3,3,9,7,2025-05-16,Esports World Cup 2025
488003,216920,HavenPICK,FUR,0,3,0,0,0,8,2,4,0,2025-05-16,Esports World Cup 2025
488003,216921,IceboxPICK,100T,1,3,1,0,0,3,2,14,10,2025-05-16,Esports World Cup 2025
488003,216921,IceboxPICK,FUR,1,3,1,1,0,4,1,12,5,2025-05-16,Esports World Cup 2025
488004,216923,PearlPICK,LEV,1,3,1,3,0,4,3,18,9,2025-05-16,Esports World Cup 2025
488004,216923,PearlPICK,NRG,1,3,1,2,0,5,2,18,12,2025-05-16,Esports World Cup 2025
488004,216924,IceboxPICK,LEV,1,3,1,4,1,2,1,12,5,2025-05-16,Esports World Cup 2025
488004,216924,IceboxPICK,NRG,1,3,1,0,0,6,4,12,8,2025-05-16,Esports World Cup 2025
488005,216926,LotusPICK,C9,0,4,0,0,0,1,1,13,12,2025-05-16,Esports World Cup 2025
488005,216926,LotusPICK,2G,2,2,2,0,0,10,3,6,0,2025-05-16,Esports World Cup 2025
488005,216927,HavenPICK,C9,1,3,1,1,0,5,3,17,10,2025-05-16,Esports World Cup 2025
488005,216927,HavenPICK,2G,1,3,1,1,0,4,2,18,9,2025-05-16,Esports World Cup 2025
488007,216932,HavenPICK,100T,1,3,1,2,1,7,2,8,3,2025-05-17,Esports World Cup 2025
488007,216932,HavenPICK,NRG,1,3,1,0,0,7,5,10,7,2025-05-17,Esports World Cup 2025
488007,216933,AscentPICK,100T,1,3,1,3,2,2,1,14,9,2025-05-17,Esports World Cup 2025
488007,216933,AscentPICK,NRG,1,3,1,0,0,8,3,11,5,2025-05-17,Esports World Cup 2025
488007,216934,Fracture,100T,1,3,1,2,0,4,3,13,9,2025-05-17,Esports World Cup 2025
488007,216934,Fracture,NRG,1,2,1,3,1,7,4,10,3,2025-05-17,Esports World Cup 2025
488008,216935,PearlPICK,KRÜ,2,2,2,2,0,7,4,11,7,2025-05-17,Esports World Cup 2025
488008,216935,PearlPICK,C9,0,4,0,1,0,7,5,10,4,2025-05-17,Esports World Cup 2025
488008,216936,SplitPICK,KRÜ,2,3,2,1,0,7,2,9,3,2025-05-17,Esports World Cup 2025
488008,216936,SplitPICK,C9,0,4,1,0,0,0,0,16,12,2025-05-17,Esports World Cup 2025
488008,216937,Lotus,KRÜ,1,3,1,2,0,6,1,7,3,2025-05-17,Esports World Cup 2025
488008,216937,Lotus,C9,1,3,1,0,0,2,1,13,11,2025-05-17,Esports World Cup 2025
488009,216938,HavenPICK,100T,1,3,1,3,1,2,1,14,10,2025-05-18,Esports World Cup 2025
488009,216938,HavenPICK,C9,1,3,2,0,0,4,2,15,5,2025-05-18,Esports World Cup 2025
488009,216939,SplitPICK,100T,1,3,1,1,1,3,2,14,9,2025-05-18,Esports World Cup 2025
488009,216939,SplitPICK,C9,1,3,1,0,0,5,2,13,5,2025-05-18,Esports World Cup 2025
488010,216941,IceboxPICK,FUR,1,3,1,1,0,7,2,9,4,2025-05-17,Esports World Cup 2025
488010,216941,IceboxPICK,LEV,1,3,1,1,1,2,2,14,9,2025-05-17,Esports World Cup 2025
488010,216942,LotusPICK,FUR,1,3,1,0,0,9,4,12,6,2025-05-17,Esports World Cup 2025
488010,216942,LotusPICK,LEV,1,3,1,1,1,2,2,18,9,2025-05-17,Esports World Cup 2025
488012,216947,HavenPICK,KRÜ,1,3,1,1,0,5,3,17,10,2025-05-18,Esports World Cup 2025
488012,216947,HavenPICK,LEV,1,3,1,0,0,5,3,18,8,2025-05-18,Esports World Cup 2025
488012,216948,PearlPICK,KRÜ,1,3,2,1,0,3,2,11,9,2025-05-18,Esports World Cup 2025
488012,216948,PearlPICK,LEV,1,5,1,1,0,5,2,7,2,2025-05-18,Esports World Cup 2025
488013,216950,PearlPICK,NRG,2,2,2,0,0,5,4,10,7,2025-05-18,Esports World Cup 2025
488013,216950,PearlPICK,2G,0,5,0,2,0,4,1,6,3,2025-05-18,Esports World Cup 2025
488013,216951,HavenPICK,NRG,1,3,1,1,0,2,1,14,11,2025-05-18,Esports World Cup 2025
488013,216951,HavenPICK,2G,1,3,1,1,1,7,1,9,4,2025-05-18,Esports World Cup 2025
488014,216953,LotusPICK,KRÜ,1,3,1,3,1,4,3,13,5,2025-05-19,Esports World Cup 2025
488014,216953,LotusPICK,NRG,1,3,1,0,0,6,4,14,8,2025-05-19,Esports World Cup 2025
488014,216954,IceboxPICK,KRÜ,1,2,1,4,0,6,0,5,3,2025-05-19,Esports World Cup 2025
488014,216954,IceboxPICK,NRG,1,3,2,0,0,2,2,12,9,2025-05-19,Esports World Cup 2025
488015,216956,SplitPICK,C9,1,3,1,1,0,4,1,14,7,2025-05-20,Esports World Cup 2025
488015,216956,SplitPICK,NRG,1,3,1,0,0,2,1,17,11,2025-05-20,Esports World Cup 2025
488015,216957,IceboxPICK,C9,2,3,2,1,0,8,1,10,6,2025-05-20,Esports World Cup 2025
488015,216957,IceboxPICK,NRG,0,4,1,1,0,0,0,17,12,2025-05-20,Esports World Cup 2025
488016,216959,SplitPICK,MIBR,1,2,1,2,0,10,4,9,5,2025-05-23,Esports World Cup 2025
488016,216959,SplitPICK,NRG,1,3,2,1,0,7,3,12,8,2025-05-23,Esports World Cup 2025
488016,216960,IceboxPICK,MIBR,1,3,1,1,0,9,6,15,6,2025-05-23,Esports World Cup 2025
488016,216960,IceboxPICK,NRG,1,4,1,2,0,4,2,18,12,2025-05-23,Esports World Cup 2025
488017,216962,IceboxPICK,EG,1,3,1,0,0,6,4,19,8,2025-05-23,Esports World Cup 2025
488017,216962,IceboxPICK,100T,1,3,1,2,1,6,3,17,10,2025-05-23,Esports World Cup 2025
488017,216963,PearlPICK,EG,1,3,1,1,0,8,3,6,1,2025-05-23,Esports World Cup 2025
488017,216963,PearlPICK,100T,1,3,1,0,0,2,2,13,10,2025-05-23,Esports World Cup 2025
488018,216965,PearlPICK,NRG,2,2,2,1,0,7,6,8,5,2025-05-24,Esports World Cup 2025
488018,216965,PearlPICK,100T,0,4,0,3,1,1,0,10,4,2025-05-24,Esports World Cup 2025
488018,216966,SplitPICK,NRG,0,4,0,1,0,3,0,16,11,2025-05-24,Esports World Cup 2025
488018,216966,SplitPICK,100T,2,2,2,4,1,3,2,15,8,2025-05-24,Esports World Cup 2025
488018,216967,HavenPICK,NRG,1,3,1,3,2,4,2,14,8,2025-05-24,Esports World Cup 2025
488018,216967,HavenPICK,100T,1,3,1,2,0,5,3,14,7,2025-05-24,Esports World Cup 2025
488018,216968,IceboxPICK,NRG,2,2,2,0,0,8,5,10,6,2025-05-24,Esports World Cup 2025
488018,216968,IceboxPICK,100T,0,4,0,2,0,2,0,12,7,2025-05-24,Esports World Cup 2025
488019,216970,LotusPICK,MIBR,0,3,0,3,0,4,2,8,3,2025-05-24,Esports World Cup 2025
488019,216970,LotusPICK,EG,2,2,2,1,1,6,5,9,5,2025-05-24,Esports World Cup 2025
488019,216971,IceboxPICK,MIBR,1,3,1,0,0,8,5,15,8,2025-05-24,Esports World Cup 2025
488019,216971,IceboxPICK,EG,1,3,1,0,0,7,4,16,7,2025-05-24,Esports World Cup 2025
488019,216972,Split,MIBR,2,2,2,1,0,7,4,12,7,2025-05-24,Esports World Cup 2025
488019,216972,Split,EG,0,3,0,2,0,6,3,11,6,2025-05-24,Esports World Cup 2025
488020,216973,IceboxPICK,100T,0,4,1,2,0,2,0,14,8,2025-05-25,Esports World Cup 2025
488020,216973,IceboxPICK,MIBR,2,2,2,1,0,8,6,11,5,2025-05-25,Esports World Cup 2025
488020,216974,SplitPICK,100T,1,4,1,0,0,7,1,6,2,2025-05-25,Esports World Cup 2025
488020,216974,SplitPICK,MIBR,1,3,2,0,0,2,2,12,9,2025-05-25,Esports World Cup 2025
488020,216975,HavenPICK,100T,2,2,2,0,0,3,3,11,8,2025-05-25,Esports World Cup 2025
488020,216975,HavenPICK,MIBR,0,3,0,1,1,5,1,7,1,2025-05-25,Esports World Cup 2025
488020,216976,AscentPICK,100T,2,2,2,2,0,6,3,13,8,2025-05-25,Esports World Cup 2025
488020,216976,AscentPICK,MIBR,0,4,0,1,1,6,1,12,8,2025-05-25,Esports World Cup 2025
488020,216977,Pearl,100T,1,3,1,2,0,1,1,16,11,2025-05-25,Esports World Cup 2025
488020,216977,Pearl,MIBR,1,3,1,0,0,11,5,8,3,2025-05-25,Esports World Cup 2025
489422,217160,Sunset,PRX,1,3,1,0,0,4,3,15,9,2025-05-22,Esports World Cup 2025
489422,217160,Sunset,TLN,1,3,1,2,0,8,5,9,3,2025-05-22,Esports World Cup 2025
489423,217161,Ascent,T1,0,4,0,2,0,6,2,8,5,2025-05-22,Esports World Cup 2025
489423,217161,Ascent,GE,2,2,2,0,0,4,3,14,8,2025-05-22,Esports World Cup 2025
489424,217162,Lotus,PRX,2,2,2,1,0,4,3,14,8,2025-05-22,Esports World Cup 2025
489424,217162,Lotus,T1,0,4,0,0,0,7,5,10,3,2025-05-22,Esports World Cup 2025
489425,217163,Ascent,TLN,0,4,0,1,0,3,1,15,9,2025-05-22,Esports World Cup 2025
489425,217163,Ascent,GE,2,2,2,2,0,4,3,15,8,2025-05-22,Esports World Cup 2025
489426,217164,Icebox,PRX,0,4,0,0,0,1,1,16,12,2025-05-22,Esports World Cup 2025
489426,217164,Icebox,GE,2,2,2,0,0,9,6,10,0,2025-05-22,Esports World Cup 2025
489427,217165,Sunset,TLN,1,4,1,0,0,11,5,5,1,2025-05-22,Esports World Cup 2025
489427,217165,Sunset,T1,1,3,1,0,0,2,2,15,10,2025-05-22,Esports World Cup 2025
489428,217166,Icebox,KRX,0,4,1,2,1,4,3,16,9,2025-05-23,Esports World Cup 2025
489428,217166,Icebox,BME,2,3,2,1,0,6,3,16,7,2025-05-23,Esports World Cup 2025
489429,217167,Pearl,NS,1,4,1,0,0,5,0,13,8,2025-05-23,Esports World Cup 2025
489429,217167,Pearl,TS,1,3,2,0,0,5,5,14,6,2025-05-23,Esports World Cup 2025
489430,217168,Haven,KRX,1,3,2,1,0,4,3,16,6,2025-05-23,Esports World Cup 2025
489430,217168,Haven,NS,1,4,1,2,0,5,3,13,9,2025-05-23,Esports World Cup 2025
489431,217169,Lotus,BME,0,5,0,1,1,3,1,15,9,2025-05-23,Esports World Cup 2025
489431,217169,Lotus,TS,2,3,2,1,0,7,2,13,9,2025-05-23,Esports World Cup 2025
489432,217170,Split,KRX,2,2,2,0,0,4,4,11,7,2025-05-23,Esports World Cup 2025
489432,217170,Split,TS,0,4,0,1,0,4,0,8,4,2025-05-23,Esports World Cup 2025
489433,217171,Sunset,BME,0,4,0,1,1,1,1,13,11,2025-05-23,Esports World Cup 2025
489433,217171,Sunset,NS,2,2,2,2,0,7,2,8,2,2025-05-23,Esports World Cup 2025
489434,217172,Pearl,PRX,1,3,2,0,0,2,1,13,10,2025-05-24,Esports World Cup 2025
489434,217172,Pearl,TS,1,4,1,2,1,4,1,8,2,2025-05-24,Esports World Cup 2025
489434,217173,Split,PRX,1,3,1,0,0,5,2,16,10,2025-05-24,Esports World Cup 2025
489434,217173,Split,TS,1,3,1,4,0,5,4,12,6,2025-05-24,Esports World Cup 2025
489435,217175,Haven,KRX,1,3,1,0,0,4,1,16,11,2025-05-24,Esports World Cup 2025
489435,217175,Haven,GE,1,3,1,2,1,6,3,12,5,2025-05-24,Esports World Cup 2025
489435,217176,Sunset,KRX,1,3,1,0,0,3,2,15,10,2025-05-24,Esports World Cup 2025
489435,217176,Sunset,GE,1,3,1,2,2,6,3,10,2,2025-05-24,Esports World Cup 2025
489436,217178,Ascent,PRX,1,3,1,1,0,6,3,11,4,2025-05-25,Esports World Cup 2025
489436,217178,Ascent,KRX,1,3,1,1,0,3,3,14,9,2025-05-25,Esports World Cup 2025
489436,217179,Sunset,PRX,2,2,2,1,0,4,3,13,8,2025-05-25,Esports World Cup 2025
489436,217179,Sunset,KRX,0,4,0,4,1,0,0,12,6,2025-05-25,Esports World Cup 2025
489436,217180,Lotus,PRX,0,4,0,2,0,6,5,12,8,2025-05-25,Esports World Cup 2025
489436,217180,Lotus,KRX,2,2,2,3,0,6,3,13,6,2025-05-25,Esports World Cup 2025
489436,217181,Icebox,PRX,1,3,2,0,0,2,2,14,9,2025-05-25,Esports World Cup 2025
489436,217181,Icebox,KRX,1,3,1,2,0,4,0,10,5,2025-05-25,Esports World Cup 2025
490306,217247,SunsetPICK,GEN,2,2,2,1,0,3,2,12,9,2025-06-08,Valorant Masters Toronto 2025
490306,217247,SunsetPICK,MIBR,0,3,0,1,0,7,2,7,3,2025-06-08,Valorant Masters Toronto 2025
490306,217248,HavenPICK,GEN,2,2,2,0,0,3,2,9,9,2025-06-08,Valorant Masters Toronto 2025
490306,217248,HavenPICK,MIBR,0,3,0,2,0,6,0,3,1,2025-06-08,Valorant Masters Toronto 2025
490307,217250,IceboxPICK,BLG,2,2,2,1,0,8,3,12,8,2025-06-07,Valorant Masters Toronto 2025
490307,217250,IceboxPICK,TL,0,4,0,1,0,1,1,17,9,2025-06-07,Valorant Masters Toronto 2025
490307,217251,HavenPICK,BLG,0,4,0,0,0,3,2,23,12,2025-06-07,Valorant Masters Toronto 2025
490307,217251,HavenPICK,TL,2,2,2,2,0,7,4,19,10,2025-06-07,Valorant Masters Toronto 2025
490307,217252,Sunset,BLG,1,3,1,0,0,6,3,14,9,2025-06-07,Valorant Masters Toronto 2025
490307,217252,Sunset,TL,1,3,1,2,2,5,1,13,6,2025-06-07,Valorant Masters Toronto 2025
490308,217253,SplitPICK,SEN,1,3,1,0,0,5,3,16,9,2025-06-08,Valorant Masters Toronto 2025
490308,217253,SplitPICK,WOL,1,3,1,1,0,8,7,12,3,2025-06-08,Valorant Masters Toronto 2025
490308,217254,LotusPICK,SEN,1,3,1,1,0,5,4,12,8,2025-06-08,Valorant Masters Toronto 2025
490308,217254,LotusPICK,WOL,1,3,2,1,0,5,2,12,4,2025-06-08,Valorant Masters Toronto 2025
490309,217256,PearlPICK,TH,0,3,0,3,0,3,0,5,1,2025-06-07,Valorant Masters Toronto 2025
490309,217256,PearlPICK,PRX,2,2,2,0,0,3,3,9,8,2025-06-07,Valorant Masters Toronto 2025
490309,217257,IceboxPICK,TH,0,4,0,3,0,1,0,14,9,2025-06-07,Valorant Masters Toronto 2025
490309,217257,IceboxPICK,PRX,2,2,2,0,0,7,3,13,8,2025-06-07,Valorant Masters Toronto 2025
490310,217259,AscentPICK,PRX,0,4,0,1,0,4,2,15,9,2025-06-09,Valorant Masters Toronto 2025
490310,217259,AscentPICK,GEN,2,2,2,2,0,7,6,13,5,2025-06-09,Valorant Masters Toronto 2025
490310,217260,IceboxPICK,PRX,0,4,0,1,0,4,0,7,3,2025-06-09,Valorant Masters Toronto 2025
490310,217260,IceboxPICK,GEN,2,2,2,0,0,2,1,12,10,2025-06-09,Valorant Masters Toronto 2025
490311,217262,IceboxPICK,BLG,2,2,2,0,0,6,3,14,8,2025-06-09,Valorant Masters Toronto 2025
490311,217262,IceboxPICK,SEN,0,5,0,1,0,4,3,12,6,2025-06-09,Valorant Masters Toronto 2025
490311,217263,SunsetPICK,BLG,1,3,1,2,0,6,3,7,1,2025-06-09,Valorant Masters Toronto 2025
490311,217263,SunsetPICK,SEN,1,3,1,0,0,3,3,12,9,2025-06-09,Valorant Masters Toronto 2025
490311,217264,Lotus,BLG,0,4,1,0,0,2,0,16,8,2025-06-09,Valorant Masters Toronto 2025
490311,217264,Lotus,SEN,2,3,2,0,0,8,5,11,6,2025-06-09,Valorant Masters Toronto 2025
490312,217265,PearlPICK,TH,0,4,1,0,0,2,0,17,9,2025-06-10,Valorant Masters Toronto 2025
490312,217265,PearlPICK,WOL,2,4,2,0,0,8,5,11,6,2025-06-10,Valorant Masters Toronto 2025
490312,217266,LotusPICK,TH,1,3,1,2,0,5,3,12,5,2025-06-10,Valorant Masters Toronto 2025
490312,217266,LotusPICK,WOL,1,3,1,1,0,3,2,15,10,2025-06-10,Valorant Masters Toronto 2025
490313,217268,IceboxPICK,TL,2,2,2,2,1,3,2,12,8,2025-06-10,Valorant Masters Toronto 2025
490313,217268,IceboxPICK,MIBR,0,4,0,0,0,4,1,11,5,2025-06-10,Valorant Masters Toronto 2025
490313,217269,SunsetPICK,TL,2,2,2,0,0,7,5,11,6,2025-06-10,Valorant Masters Toronto 2025
490313,217269,SunsetPICK,MIBR,0,3,0,3,0,5,3,9,4,2025-06-10,Valorant Masters Toronto 2025
490314,217271,SplitPICK,PRX,0,4,0,2,1,2,1,20,11,2025-06-11,Valorant Masters Toronto 2025
490314,217271,SplitPICK,TL,2,2,2,2,1,8,5,16,7,2025-06-11,Valorant Masters Toronto 2025
490314,217272,SunsetPICK,PRX,1,3,1,0,0,2,2,13,10,2025-06-11,Valorant Masters Toronto 2025
490314,217272,SunsetPICK,TL,1,3,1,2,0,5,1,8,3,2025-06-11,Valorant Masters Toronto 2025
490314,217273,Lotus,PRX,1,3,1,0,0,5,1,18,12,2025-06-11,Valorant Masters Toronto 2025
490314,217273,Lotus,TL,1,3,1,2,0,7,2,14,9,2025-06-11,Valorant Masters Toronto 2025
490315,217275,SplitPICK,BLG,2,2,2,2,0,7,3,12,5,2025-06-11,Valorant Masters Toronto 2025
490315,217275,SplitPICK,WOL,0,5,0,0,0,3,3,15,10,2025-06-11,Valorant Masters Toronto 2025
490315,221383,AscentPICK,BLG,0,4,1,0,0,8,2,6,2,2025-06-11,Valorant Masters Toronto 2025
490315,221383,AscentPICK,WOL,2,3,2,1,1,4,3,10,7,2025-06-11,Valorant Masters Toronto 2025
498621,221147,SunsetPICK,XLG,1,3,1,3,0,6,3,7,2,2025-06-13,Valorant Masters Toronto 2025
498621,221147,SunsetPICK,SEN,1,3,1,0,0,2,1,14,11,2025-06-13,Valorant Masters Toronto 2025
498621,221148,LotusPICK,XLG,1,3,1,2,0,7,3,7,2,2025-06-13,Valorant Masters Toronto 2025
498621,221148,LotusPICK,SEN,1,3,1,1,1,2,1,13,10,2025-06-13,Valorant Masters Toronto 2025
498622,221150,SplitPICK,G2,2,2,2,4,1,5,2,12,5,2025-06-13,Valorant Masters Toronto 2025
498622,221150,SplitPICK,PRX,0,4,0,0,0,3,1,16,12,2025-06-13,Valorant Masters Toronto 2025
498622,221151,LotusPICK,G2,0,2,0,1,0,8,5,13,6,2025-06-13,Valorant Masters Toronto 2025
498622,221151,LotusPICK,PRX,2,3,2,1,1,7,5,13,5,2025-06-13,Valorant Masters Toronto 2025
498623,221153,AscentPICK,RRQ,0,4,0,2,0,1,1,17,10,2025-06-14,Valorant Masters Toronto 2025
498623,221153,AscentPICK,WOL,2,3,2,2,0,6,4,13,7,2025-06-14,Valorant Masters Toronto 2025
498623,221154,IceboxPICK,RRQ,1,3,1,1,0,3,1,14,6,2025-06-14,Valorant Masters Toronto 2025
498623,221154,IceboxPICK,WOL,1,4,1,2,0,2,1,13,11,2025-06-14,Valorant Masters Toronto 2025
498624,221156,HavenPICK,FNC,0,4,0,0,0,5,3,15,8,2025-06-14,Valorant Masters Toronto 2025
498624,221156,HavenPICK,GEN,2,2,2,1,0,6,4,15,7,2025-06-14,Valorant Masters Toronto 2025
498624,221157,SplitPICK,FNC,1,4,1,0,0,11,6,11,7,2025-06-14,Valorant Masters Toronto 2025
498624,221157,SplitPICK,GEN,1,3,1,1,0,4,1,18,10,2025-06-14,Valorant Masters Toronto 2025
498624,221158,Sunset,FNC,2,2,2,2,0,8,3,7,1,2025-06-14,Valorant Masters Toronto 2025
498624,221158,Sunset,GEN,0,3,1,1,1,0,0,15,11,2025-06-14,Valorant Masters Toronto 2025
498625,221159,SplitPICK,SEN,0,3,0,1,1,5,1,7,1,2025-06-16,Valorant Masters Toronto 2025
498625,221159,SplitPICK,PRX,2,2,2,0,0,7,6,7,5,2025-06-16,Valorant Masters Toronto 2025
498625,221160,SunsetPICK,SEN,1,3,1,1,0,7,5,13,5,2025-06-16,Valorant Masters Toronto 2025
498625,221160,SunsetPICK,PRX,1,3,1,1,0,2,1,18,11,2025-06-16,Valorant Masters Toronto 2025
498626,221162,SplitPICK,WOL,1,4,1,1,0,5,3,14,9,2025-06-16,Valorant Masters Toronto 2025
498626,221162,SplitPICK,GEN,1,2,1,2,0,6,3,14,7,2025-06-16,Valorant Masters Toronto 2025
498626,221163,SunsetPICK,WOL,1,4,2,2,0,3,2,13,9,2025-06-16,Valorant Masters Toronto 2025
498626,221163,SunsetPICK,GEN,1,3,2,2,0,3,1,14,6,2025-06-16,Valorant Masters Toronto 2025
498627,221165,LotusPICK,PRX,1,3,1,1,0,4,2,18,11,2025-06-20,Valorant Masters Toronto 2025
498627,221165,LotusPICK,WOL,1,3,1,2,0,3,2,18,9,2025-06-20,Valorant Masters Toronto 2025
498627,221166,AscentPICK,PRX,1,3,1,2,1,4,3,12,8,2025-06-20,Valorant Masters Toronto 2025
498627,221166,AscentPICK,WOL,1,3,1,2,0,3,1,13,6,2025-06-20,Valorant Masters Toronto 2025
498628,221168,SunsetPICK,PRX,0,4,0,0,0,3,0,17,13,2025-06-22,Valorant Masters Toronto 2025
498628,221168,SunsetPICK,FNC,2,2,2,0,0,9,4,13,5,2025-06-22,Valorant Masters Toronto 2025
498628,221169,IceboxPICK,PRX,1,3,1,2,0,5,2,22,12,2025-06-22,Valorant Masters Toronto 2025
498628,221169,IceboxPICK,FNC,1,3,1,1,0,3,1,25,15,2025-06-22,Valorant Masters Toronto 2025
498628,221170,PearlPICK,PRX,0,4,0,0,0,1,0,18,13,2025-06-22,Valorant Masters Toronto 2025
498628,221170,PearlPICK,FNC,2,2,2,1,0,8,3,12,5,2025-06-22,Valorant Masters Toronto 2025
498628,221171,LotusPICK,PRX,1,3,1,1,0,7,4,15,9,2025-06-22,Valorant Masters Toronto 2025
498628,221171,LotusPICK,FNC,1,2,1,2,1,5,2,17,8,2025-06-22,Valorant Masters Toronto 2025
498629,221173,IceboxPICK,XLG,1,4,1,3,0,4,0,5,2,2025-06-15,Valorant Masters Toronto 2025
498629,221173,IceboxPICK,G2,1,2,1,0,0,4,3,10,9,2025-06-15,Valorant Masters Toronto 2025
498629,221174,HavenPICK,XLG,1,3,1,4,1,3,2,11,4,2025-06-15,Valorant Masters Toronto 2025
498629,221174,HavenPICK,G2,1,3,1,1,0,4,3,13,9,2025-06-15,Valorant Masters Toronto 2025
498630,221176,LotusPICK,RRQ,1,3,2,2,0,7,2,6,1,2025-06-15,Valorant Masters Toronto 2025
498630,221176,LotusPICK,FNC,1,3,1,1,1,2,1,12,10,2025-06-15,Valorant Masters Toronto 2025
498630,221177,HavenPICK,RRQ,1,4,1,0,0,3,2,12,10,2025-06-15,Valorant Masters Toronto 2025
498630,221177,HavenPICK,FNC,1,3,1,2,0,5,1,9,4,2025-06-15,Valorant Masters Toronto 2025
498630,221178,Ascent,RRQ,1,3,1,4,0,3,1,8,3,2025-06-15,Valorant Masters Toronto 2025
498630,221178,Ascent,FNC,1,3,1,0,0,3,2,12,10,2025-06-15,Valorant Masters Toronto 2025
498631,221179,LotusPICK,GEN,1,3,1,2,0,5,2,10,4,2025-06-17,Valorant Masters Toronto 2025
498631,221179,LotusPICK,G2,1,3,1,0,0,4,2,13,10,2025-06-17,Valorant Masters Toronto 2025
498631,221180,HavenPICK,GEN,2,2,2,0,0,9,4,13,7,2025-06-17,Valorant Masters Toronto 2025
498631,221180,HavenPICK,G2,0,3,0,1,0,7,4,13,7,2025-06-17,Valorant Masters Toronto 2025
498631,221181,Icebox,GEN,2,2,2,1,0,7,3,14,6,2025-06-17,Valorant Masters Toronto 2025
498631,221181,Icebox,G2,0,3,0,3,0,3,2,15,11,2025-06-17,Valorant Masters Toronto 2025
498632,221182,SunsetPICK,SEN,2,2,2,0,0,7,6,13,5,2025-06-17,Valorant Masters Toronto 2025
498632,221182,SunsetPICK,FNC,0,4,0,0,0,9,6,9,3,2025-06-17,Valorant Masters Toronto 2025
498632,221183,AscentPICK,SEN,0,4,0,1,1,2,1,13,5,2025-06-17,Valorant Masters Toronto 2025
498632,221183,AscentPICK,FNC,2,2,2,0,0,6,4,12,7,2025-06-17,Valorant Masters Toronto 2025
498632,221184,Icebox,SEN,1,3,1,1,0,8,4,10,4,2025-06-17,Valorant Masters Toronto 2025
498632,221184,Icebox,FNC,1,4,2,1,1,2,2,15,8,2025-06-17,Valorant Masters Toronto 2025
498633,221185,LotusPICK,G2,0,4,0,1,0,3,0,15,10,2025-06-20,Valorant Masters Toronto 2025
498633,221185,LotusPICK,FNC,2,2,2,3,0,7,5,11,6,2025-06-20,Valorant Masters Toronto 2025
498633,221186,SplitPICK,G2,2,2,2,3,2,7,3,11,3,2025-06-20,Valorant Masters Toronto 2025
498633,221186,SplitPICK,FNC,0,4,1,2,2,1,1,16,9,2025-06-20,Valorant Masters Toronto 2025
498634,221188,SplitPICK,WOL,1,3,1,3,1,3,2,13,5,2025-06-21,Valorant Masters Toronto 2025
498634,221188,SplitPICK,FNC,1,3,1,1,0,3,2,15,10,2025-06-21,Valorant Masters Toronto 2025
498634,221189,IceboxPICK,WOL,1,4,1,1,0,5,1,7,2,2025-06-21,Valorant Masters Toronto 2025
498634,221189,IceboxPICK,FNC,1,3,2,0,0,2,1,12,10,2025-06-21,Valorant Masters Toronto 2025
498634,221190,LotusPICK,WOL,0,4,0,0,0,2,0,17,13,2025-06-21,Valorant Masters Toronto 2025
498634,221190,LotusPICK,FNC,2,3,2,2,0,8,4,10,4,2025-06-21,Valorant Masters Toronto 2025
498634,221191,AscentPICK,WOL,1,4,1,4,1,3,1,7,2,2025-06-21,Valorant Masters Toronto 2025
498634,221191,AscentPICK,FNC,1,3,1,0,0,4,4,11,8,2025-06-21,Valorant Masters Toronto 2025
508815,223654,BindPICK,BME,0,4,0,1,0,1,1,15,7,2025-07-15,VCT 2025: Pacific Stage 2
508815,223654,BindPICK,TLN,2,3,2,1,1,4,3,13,7,2025-07-15,VCT 2025: Pacific Stage 2
508815,223655,IceboxPICK,BME,0,2,0,2,0,5,1,7,2,2025-07-15,VCT 2025: Pacific Stage 2
508815,223655,IceboxPICK,TLN,2,2,2,0,0,5,5,9,6,2025-07-15,VCT 2025: Pacific Stage 2
508816,223657,SunsetPICK,NS,0,4,0,2,0,1,1,14,7,2025-07-15,VCT 2025: Pacific Stage 2
508816,223657,SunsetPICK,TS,2,2,2,1,1,7,4,11,6,2025-07-15,VCT 2025: Pacific Stage 2
508816,223658,AscentPICK,NS,0,4,0,1,0,3,2,15,11,2025-07-15,VCT 2025: Pacific Stage 2
508816,223658,AscentPICK,TS,2,2,2,2,0,10,4,9,4,2025-07-15,VCT 2025: Pacific Stage 2
508816,223659,Lotus,NS,2,2,2,0,0,5,5,9,6,2025-07-15,VCT 2025: Pacific Stage 2
508816,223659,Lotus,TS,0,4,0,1,0,3,0,8,3,2025-07-15,VCT 2025: Pacific Stage 2
508817,223660,HavenPICK,T1,1,3,1,2,0,8,6,19,8,2025-07-16,VCT 2025: Pacific Stage 2
508817,223660,HavenPICK,PRX,1,3,1,2,0,4,3,23,13,2025-07-16,VCT 2025: Pacific Stage 2
508817,223661,LotusPICK,T1,2,2,2,2,0,6,3,16,7,2025-07-16,VCT 2025: Pacific Stage 2
508817,223661,LotusPICK,PRX,0,4,0,1,0,2,2,19,12,2025-07-16,VCT 2025: Pacific Stage 2
508818,223664,HavenPICK,KRX,1,3,1,1,1,5,3,12,3,2025-07-16,VCT 2025: Pacific Stage 2
508818,223664,HavenPICK,GEN,1,3,1,1,1,4,3,13,8,2025-07-16,VCT 2025: Pacific Stage 2
508818,227727,CorrodePICK,KRX,1,3,1,1,0,7,2,8,3,2025-07-16,VCT 2025: Pacific Stage 2
508818,227727,CorrodePICK,GEN,1,3,2,0,0,3,1,13,10,2025-07-16,VCT 2025: Pacific Stage 2
508819,223667,CorrodePICK,RRQ,1,3,1,1,0,7,3,9,3,2025-07-17,VCT 2025: Pacific Stage 2
508819,223667,CorrodePICK,GE,1,3,1,0,0,4,2,13,10,2025-07-17,VCT 2025: Pacific Stage 2
508819,227752,HavenPICK,RRQ,1,3,2,1,0,5,2,9,1,2025-07-17,VCT 2025: Pacific Stage 2
508819,227752,HavenPICK,GE,1,3,1,1,1,2,1,12,10,2025-07-17,VCT 2025: Pacific Stage 2
508820,223669,HavenPICK,ZETA,0,3,0,2,0,4,0,5,1,2025-07-17,VCT 2025: Pacific Stage 2
508820,223669,HavenPICK,DFM,2,2,2,0,0,4,3,8,8,2025-07-17,VCT 2025: Pacific Stage 2
508820,223670,LotusPICK,ZETA,2,2,2,0,0,3,3,9,8,2025-07-17,VCT 2025: Pacific Stage 2
508820,223670,LotusPICK,DFM,0,3,0,1,0,6,1,4,0,2025-07-17,VCT 2025: Pacific Stage 2
508820,223671,Icebox,ZETA,2,3,2,2,0,6,2,9,3,2025-07-17,VCT 2025: Pacific Stage 2
508820,223671,Icebox,DFM,0,3,0,0,0,6,5,11,8,2025-07-17,VCT 2025: Pacific Stage 2
508821,223672,IceboxPICK,KRX,1,3,2,0,0,3,2,12,9,2025-07-18,VCT 2025: Pacific Stage 2
508821,223672,IceboxPICK,NS,1,3,1,2,0,4,1,9,3,2025-07-18,VCT 2025: Pacific Stage 2
508821,227984,BindPICK,KRX,0,4,0,0,0,3,0,10,4,2025-07-18,VCT 2025: Pacific Stage 2
508821,227984,BindPICK,NS,2,3,2,1,1,3,3,10,7,2025-07-18,VCT 2025: Pacific Stage 2
508821,227985,Lotus,KRX,1,3,1,1,1,6,3,14,8,2025-07-18,VCT 2025: Pacific Stage 2
508821,227985,Lotus,NS,1,3,1,2,1,4,2,15,7,2025-07-18,VCT 2025: Pacific Stage 2
508822,223673,AscentPICK,BME,1,3,1,2,0,4,3,13,5,2025-07-18,VCT 2025: Pacific Stage 2
508822,223673,AscentPICK,T1,1,3,1,1,1,4,1,14,10,2025-07-18,VCT 2025: Pacific Stage 2
508822,223674,CorrodePICK,BME,2,2,2,0,0,8,2,13,6,2025-07-18,VCT 2025: Pacific Stage 2
508822,223674,CorrodePICK,T1,0,4,0,2,1,3,1,14,11,2025-07-18,VCT 2025: Pacific Stage 2
508823,223676,BindPICK,GE,0,4,0,1,0,4,2,9,3,2025-07-19,VCT 2025: Pacific Stage 2
508823,223676,BindPICK,TS,2,2,2,0,0,6,4,10,7,2025-07-19,VCT 2025: Pacific Stage 2
508823,223677,CorrodePICK,GE,1,2,1,1,0,7,5,12,7,2025-07-19,VCT 2025: Pacific Stage 2
508823,223677,CorrodePICK,TS,1,2,1,2,0,6,2,12,6,2025-07-19,VCT 2025: Pacific Stage 2
508823,223678,Lotus,GE,0,3,0,0,0,7,3,14,8,2025-07-19,VCT 2025: Pacific Stage 2
508823,223678,Lotus,TS,2,3,2,3,0,5,1,13,10,2025-07-19,VCT 2025: Pacific Stage 2
508824,223680,HavenPICK,PRX,2,2,2,0,0,7,5,11,6,2025-07-19,VCT 2025: Pacific Stage 2
508824,223680,HavenPICK,DFM,0,4,0,3,0,5,2,8,5,2025-07-19,VCT 2025: Pacific Stage 2
508824,228042,LotusPICK,PRX,2,2,2,0,0,4,2,14,9,2025-07-19,VCT 2025: Pacific Stage 2
508824,228042,LotusPICK,DFM,0,4,0,2,0,5,3,9,4,2025-07-19,VCT 2025: Pacific Stage 2
508825,223682,IceboxPICK,TLN,2,2,2,0,0,5,4,11,7,2025-07-20,VCT 2025: Pacific Stage 2
508825,223682,IceboxPICK,ZETA,0,4,0,1,0,5,2,8,3,2025-07-20,VCT 2025: Pacific Stage 2
508825,223683,BindPICK,TLN,1,3,2,0,0,3,3,13,8,2025-07-20,VCT 2025: Pacific Stage 2
508825,223683,BindPICK,ZETA,1,3,1,3,0,6,2,7,3,2025-07-20,VCT 2025: Pacific Stage 2
508826,223686,AscentPICK,RRQ,1,3,1,1,0,5,3,10,2,2025-07-20,VCT 2025: Pacific Stage 2
508826,223686,AscentPICK,GEN,1,3,1,0,0,5,3,11,9,2025-07-20,VCT 2025: Pacific Stage 2
508826,223687,Haven,RRQ,1,3,1,1,1,4,3,16,8,2025-07-20,VCT 2025: Pacific Stage 2
508826,223687,Haven,GEN,1,2,1,1,0,8,4,13,6,2025-07-20,VCT 2025: Pacific Stage 2
508826,228313,SunsetPICK,RRQ,2,2,2,0,0,6,4,11,7,2025-07-20,VCT 2025: Pacific Stage 2
508826,228313,SunsetPICK,GEN,0,4,0,1,0,6,2,8,4,2025-07-20,VCT 2025: Pacific Stage 2
508828,223688,IceboxPICK,GEN,0,3,0,3,1,3,1,7,1,2025-07-25,VCT 2025: Pacific Stage 2
508828,223688,IceboxPICK,GE,2,2,2,1,0,3,2,10,9,2025-07-25,VCT 2025: Pacific Stage 2
508828,223689,HavenPICK,GEN,1,3,1,0,0,2,2,11,10,2025-07-25,VCT 2025: Pacific Stage 2
508828,223689,HavenPICK,GE,1,3,1,1,0,8,2,4,0,2025-07-25,VCT 2025: Pacific Stage 2
508828,223690,Corrode,GEN,1,4,1,0,0,2,1,14,11,2025-07-25,VCT 2025: Pacific Stage 2
508828,223690,Corrode,GE,1,2,1,1,0,9,5,8,1,2025-07-25,VCT 2025: Pacific Stage 2
508829,223692,CorrodePICK,TLN,0,3,0,2,1,3,1,14,11,2025-07-25,VCT 2025: Pacific Stage 2
508829,223692,CorrodePICK,DFM,2,2,2,1,1,9,2,10,4,2025-07-25,VCT 2025: Pacific Stage 2
508829,223693,Icebox,TLN,1,3,1,1,0,5,3,12,4,2025-07-25,VCT 2025: Pacific Stage 2
508829,223693,Icebox,DFM,1,3,1,1,0,3,2,14,10,2025-07-25,VCT 2025: Pacific Stage 2
508829,229069,SunsetPICK,TLN,1,4,1,1,1,8,4,9,3,2025-07-25,VCT 2025: Pacific Stage 2
508829,229069,SunsetPICK,DFM,1,3,1,0,0,3,3,16,9,2025-07-25,VCT 2025: Pacific Stage 2
508830,223694,CorrodePICK,T1,1,3,1,1,0,2,1,15,11,2025-07-26,VCT 2025: Pacific Stage 2
508830,223694,CorrodePICK,ZETA,1,3,1,1,0,5,3,12,4,2025-07-26,VCT 2025: Pacific Stage 2
508830,223695,SunsetPICK,T1,1,4,1,1,1,1,0,13,11,2025-07-26,VCT 2025: Pacific Stage 2
508830,223695,SunsetPICK,ZETA,1,3,2,1,0,7,2,8,2,2025-07-26,VCT 2025: Pacific Stage 2
508831,223697,CorrodePICK,RRQ,2,2,2,1,0,7,5,14,4,2025-07-26,VCT 2025: Pacific Stage 2
508831,223697,CorrodePICK,NS,0,3,0,1,0,3,0,17,13,2025-07-26,VCT 2025: Pacific Stage 2
508831,223698,HavenPICK,RRQ,1,3,1,1,1,3,2,14,9,2025-07-26,VCT 2025: Pacific Stage 2
508831,223698,HavenPICK,NS,1,3,1,2,1,4,1,12,5,2025-07-26,VCT 2025: Pacific Stage 2
508831,223699,Icebox,RRQ,2,2,2,0,0,5,5,9,6,2025-07-26,VCT 2025: Pacific Stage 2
508831,223699,Icebox,NS,0,3,0,2,0,5,0,6,3,2025-07-26,VCT 2025: Pacific Stage 2
508832,223701,CorrodePICK,KRX,1,3,1,0,0,2,2,12,10,2025-07-27,VCT 2025: Pacific Stage 2
508832,223701,CorrodePICK,TS,1,3,1,0,0,7,1,7,2,2025-07-27,VCT 2025: Pacific Stage 2
508832,229399,IceboxPICK,KRX,0,3,1,0,0,2,2,12,10,2025-07-27,VCT 2025: Pacific Stage 2
508832,229399,IceboxPICK,TS,2,4,2,3,1,4,0,6,1,2025-07-27,VCT 2025: Pacific Stage 2
508833,223703,BindPICK,BME,2,2,2,1,0,7,4,11,2,2025-07-27,VCT 2025: Pacific Stage 2
508833,223703,BindPICK,PRX,0,4,0,1,1,3,1,13,11,2025-07-27,VCT 2025: Pacific Stage 2
508833,223704,LotusPICK,BME,1,3,1,3,1,4,3,13,5,2025-07-27,VCT 2025: Pacific Stage 2
508833,223704,LotusPICK,PRX,1,3,1,1,0,6,5,13,7,2025-07-27,VCT 2025: Pacific Stage 2
508834,223706,LotusPICK,GEN,1,3,2,0,0,2,1,11,10,2025-08-01,VCT 2025: Pacific Stage 2
508834,223706,LotusPICK,TS,1,3,1,2,0,7,2,4,0,2025-08-01,VCT 2025: Pacific Stage 2
508834,223707,AscentPICK,GEN,0,3,1,1,0,1,1,16,11,2025-08-01,VCT 2025: Pacific Stage 2
508834,223707,AscentPICK,TS,2,3,2,4,1,5,1,9,4,2025-08-01,VCT 2025: Pacific Stage 2
508835,223709,CorrodePICK,TLN,1,3,1,2,0,2,2,16,10,2025-08-01,VCT 2025: Pacific Stage 2
508835,223709,CorrodePICK,T1,1,3,1,2,0,5,3,13,6,2025-08-01,VCT 2025: Pacific Stage 2
508835,223710,LotusPICK,TLN,2,2,2,1,1,6,3,10,7,2025-08-01,VCT 2025: Pacific Stage 2
508835,223710,LotusPICK,T1,0,5,1,1,0,3,1,10,4,2025-08-01,VCT 2025: Pacific Stage 2
508836,223712,LotusPICK,BME,1,3,2,2,0,4,2,14,6,2025-08-02,VCT 2025: Pacific Stage 2
508836,223712,LotusPICK,DFM,1,3,1,1,0,4,2,15,10,2025-08-02,VCT 2025: Pacific Stage 2
508836,223713,CorrodePICK,BME,0,3,0,1,0,6,2,5,0,2025-08-02,VCT 2025: Pacific Stage 2
508836,223713,CorrodePICK,DFM,2,3,3,0,0,3,2,9,8,2025-08-02,VCT 2025: Pacific Stage 2
508837,223715,BindPICK,RRQ,0,3,0,1,0,4,2,18,10,2025-08-02,VCT 2025: Pacific Stage 2
508837,223715,BindPICK,KRX,2,2,2,2,0,6,4,16,8,2025-08-02,VCT 2025: Pacific Stage 2
508837,223716,AscentPICK,RRQ,2,2,2,3,0,6,1,9,4,2025-08-02,VCT 2025: Pacific Stage 2
508837,223716,AscentPICK,KRX,0,4,1,0,0,3,1,13,11,2025-08-02,VCT 2025: Pacific Stage 2
508838,223718,CorrodePICK,NS,2,2,2,2,1,5,4,11,6,2025-08-03,VCT 2025: Pacific Stage 2
508838,223718,CorrodePICK,GE,0,3,0,2,0,7,3,8,4,2025-08-03,VCT 2025: Pacific Stage 2
508838,223719,BindPICK,NS,2,2,2,1,1,7,3,11,7,2025-08-03,VCT 2025: Pacific Stage 2
508838,223719,BindPICK,GE,0,4,0,2,0,2,2,13,6,2025-08-03,VCT 2025: Pacific Stage 2
508839,223721,LotusPICK,PRX,0,4,0,1,0,5,3,12,6,2025-08-03,VCT 2025: Pacific Stage 2
508839,223721,LotusPICK,ZETA,2,2,2,2,2,7,4,11,5,2025-08-03,VCT 2025: Pacific Stage 2
508839,223722,SunsetPICK,PRX,0,4,0,2,1,4,2,10,4,2025-08-03,VCT 2025: Pacific Stage 2
508839,223722,SunsetPICK,ZETA,2,3,2,0,0,5,4,12,7,2025-08-03,VCT 2025: Pacific Stage 2
508840,223724,LotusPICK,GEN,1,3,1,0,0,5,1,14,7,2025-08-08,VCT 2025: Pacific Stage 2
508840,223724,LotusPICK,NS,1,3,1,1,0,4,1,14,11,2025-08-08,VCT 2025: Pacific Stage 2
508840,223725,AscentPICK,GEN,1,3,2,1,1,4,2,18,7,2025-08-08,VCT 2025: Pacific Stage 2
508840,223725,AscentPICK,NS,1,4,1,2,0,3,0,17,13,2025-08-08,VCT 2025: Pacific Stage 2
508841,223727,BindPICK,TLN,2,3,2,2,1,7,3,12,5,2025-08-08,VCT 2025: Pacific Stage 2
508841,223727,BindPICK,PRX,0,4,1,0,0,2,2,18,10,2025-08-08,VCT 2025: Pacific Stage 2
508841,223728,IceboxPICK,TLN,1,3,1,1,0,8,4,18,9,2025-08-08,VCT 2025: Pacific Stage 2
508841,223728,IceboxPICK,PRX,1,3,1,3,1,2,1,22,13,2025-08-08,VCT 2025: Pacific Stage 2
508842,223730,LotusPICK,KRX,1,3,1,2,0,3,2,15,10,2025-08-09,VCT 2025: Pacific Stage 2
508842,223730,LotusPICK,GE,1,3,2,0,0,7,2,13,6,2025-08-09,VCT 2025: Pacific Stage 2
508842,223731,IceboxPICK,KRX,2,3,2,1,1,4,3,15,7,2025-08-09,VCT 2025: Pacific Stage 2
508842,223731,IceboxPICK,GE,0,3,0,1,1,4,1,15,8,2025-08-09,VCT 2025: Pacific Stage 2
508843,223733,LotusPICK,BME,1,4,1,1,0,2,2,21,12,2025-08-09,VCT 2025: Pacific Stage 2
508843,223733,LotusPICK,ZETA,1,3,1,0,0,6,2,19,10,2025-08-09,VCT 2025: Pacific Stage 2
508843,223734,CorrodePICK,BME,2,2,2,1,0,8,4,11,3,2025-08-09,VCT 2025: Pacific Stage 2
508843,223734,CorrodePICK,ZETA,0,4,0,2,0,0,0,16,13,2025-08-09,VCT 2025: Pacific Stage 2
508843,223735,Ascent,BME,1,2,1,2,0,7,4,10,3,2025-08-09,VCT 2025: Pacific Stage 2
508843,223735,Ascent,ZETA,1,4,1,1,1,2,0,14,11,2025-08-09,VCT 2025: Pacific Stage 2
508844,223736,AscentPICK,RRQ,1,3,1,1,0,4,2,20,10,2025-08-10,VCT 2025: Pacific Stage 2
508844,223736,AscentPICK,TS,1,3,1,1,0,8,2,16,12,2025-08-10,VCT 2025: Pacific Stage 2
508844,223737,IceboxPICK,RRQ,1,3,1,0,0,3,2,11,10,2025-08-10,VCT 2025: Pacific Stage 2
508844,223737,IceboxPICK,TS,1,2,1,1,0,9,1,5,2,2025-08-10,VCT 2025: Pacific Stage 2
508844,223738,Sunset,RRQ,2,2,2,0,0,3,3,11,8,2025-08-10,VCT 2025: Pacific Stage 2
508844,223738,Sunset,TS,0,4,0,1,0,6,1,5,2,2025-08-10,VCT 2025: Pacific Stage 2
508845,223739,SunsetPICK,T1,1,3,1,1,0,2,1,13,11,2025-08-10,VCT 2025: Pacific Stage 2
508845,223739,SunsetPICK,DFM,1,2,1,3,0,7,2,7,3,2025-08-10,VCT 2025: Pacific Stage 2
508845,223740,HavenPICK,T1,0,4,0,1,0,1,1,16,12,2025-08-10,VCT 2025: Pacific Stage 2
508845,223740,HavenPICK,DFM,2,2,2,1,0,10,5,9,2,2025-08-10,VCT 2025: Pacific Stage 2
509801,224713,HavenPICK,C9,1,2,1,0,0,4,4,12,8,2025-07-18,VCT 2025: Americas Stage 2
509801,224713,HavenPICK,FUR,1,4,1,1,0,6,3,7,1,2025-07-18,VCT 2025: Americas Stage 2
509801,224714,BindPICK,C9,2,2,2,0,0,3,2,12,9,2025-07-18,VCT 2025: Americas Stage 2
509801,224714,BindPICK,FUR,0,3,0,2,0,6,3,6,1,2025-07-18,VCT 2025: Americas Stage 2
509802,224716,BindPICK,LEV,2,2,2,2,1,5,3,14,7,2025-07-18,VCT 2025: Americas Stage 2
509802,224716,BindPICK,LOUD,0,4,1,0,0,3,1,16,8,2025-07-18,VCT 2025: Americas Stage 2
509802,224717,AscentPICK,LEV,0,4,0,1,0,3,2,15,8,2025-07-18,VCT 2025: Americas Stage 2
509802,224717,AscentPICK,LOUD,2,2,2,2,1,5,2,14,8,2025-07-18,VCT 2025: Americas Stage 2
509802,224718,Icebox,LEV,2,2,2,2,0,7,4,13,5,2025-07-18,VCT 2025: Americas Stage 2
509802,224718,Icebox,LOUD,0,4,1,1,1,2,0,17,11,2025-07-18,VCT 2025: Americas Stage 2
509803,224719,SunsetPICK,EG,1,4,1,0,0,8,5,8,1,2025-07-19,VCT 2025: Americas Stage 2
509803,224719,SunsetPICK,2G,1,3,1,1,1,2,2,14,9,2025-07-19,VCT 2025: Americas Stage 2
509803,224720,LotusPICK,EG,2,2,2,0,0,7,5,15,6,2025-07-19,VCT 2025: Americas Stage 2
509803,224720,LotusPICK,2G,0,3,0,2,0,5,3,14,8,2025-07-19,VCT 2025: Americas Stage 2
509803,224721,Ascent,EG,0,4,0,2,2,1,1,15,10,2025-07-19,VCT 2025: Americas Stage 2
509803,224721,Ascent,2G,2,2,2,0,0,9,4,11,3,2025-07-19,VCT 2025: Americas Stage 2
509804,224722,CorrodePICK,MIBR,2,2,2,1,0,7,5,12,6,2025-07-19,VCT 2025: Americas Stage 2
509804,224722,CorrodePICK,KRÜ,0,4,0,0,0,3,0,15,9,2025-07-19,VCT 2025: Americas Stage 2
509804,224723,AscentPICK,MIBR,0,3,0,1,0,5,0,5,1,2025-07-19,VCT 2025: Americas Stage 2
509804,224723,AscentPICK,KRÜ,2,2,2,0,0,3,3,9,8,2025-07-19,VCT 2025: Americas Stage 2
509804,224724,Haven,MIBR,0,4,0,2,1,5,3,11,5,2025-07-19,VCT 2025: Americas Stage 2
509804,224724,Haven,KRÜ,2,2,2,2,2,5,3,13,6,2025-07-19,VCT 2025: Americas Stage 2
509805,224725,BindPICK,100T,1,3,1,2,0,4,3,14,9,2025-07-20,VCT 2025: Americas Stage 2
509805,224725,BindPICK,NRG,1,3,1,1,0,4,2,15,7,2025-07-20,VCT 2025: Americas Stage 2
509805,224726,SunsetPICK,100T,1,3,1,0,0,3,3,11,9,2025-07-20,VCT 2025: Americas Stage 2
509805,224726,SunsetPICK,NRG,1,3,1,1,0,10,2,3,1,2025-07-20,VCT 2025: Americas Stage 2
509806,224728,CorrodePICK,SEN,1,3,1,0,0,6,3,12,9,2025-07-20,VCT 2025: Americas Stage 2
509806,224728,CorrodePICK,G2,1,4,1,2,0,4,2,11,5,2025-07-20,VCT 2025: Americas Stage 2
509806,224729,AscentPICK,SEN,0,4,0,2,0,3,2,10,4,2025-07-20,VCT 2025: Americas Stage 2
509806,224729,AscentPICK,G2,2,2,2,1,1,5,3,11,7,2025-07-20,VCT 2025: Americas Stage 2
509806,224730,Lotus,SEN,0,4,0,2,1,1,0,19,13,2025-07-20,VCT 2025: Americas Stage 2
509806,224730,Lotus,G2,2,2,2,2,1,7,4,15,5,2025-07-20,VCT 2025: Americas Stage 2
509807,224731,AscentPICK,2G,1,3,1,4,1,2,0,12,6,2025-07-25,VCT 2025: Americas Stage 2
509807,224731,AscentPICK,G2,1,2,1,1,0,8,6,10,6,2025-07-25,VCT 2025: Americas Stage 2
509807,224732,HavenPICK,2G,0,4,0,2,1,4,0,8,4,2025-07-25,VCT 2025: Americas Stage 2
509807,224732,HavenPICK,G2,2,2,2,0,0,5,3,11,8,2025-07-25,VCT 2025: Americas Stage 2
509808,224734,SunsetPICK,FUR,1,2,1,2,1,9,2,4,0,2025-07-25,VCT 2025: Americas Stage 2
509808,224734,SunsetPICK,SEN,1,3,1,1,0,2,1,11,11,2025-07-25,VCT 2025: Americas Stage 2
509808,224735,IceboxPICK,FUR,0,3,0,0,0,6,0,4,0,2025-07-25,VCT 2025: Americas Stage 2
509808,224735,IceboxPICK,SEN,2,2,2,0,0,2,2,9,9,2025-07-25,VCT 2025: Americas Stage 2
509809,224737,CorrodePICK,100T,1,3,1,0,0,2,2,12,10,2025-07-26,VCT 2025: Americas Stage 2
509809,224737,CorrodePICK,KRÜ,1,3,1,2,0,4,1,8,2,2025-07-26,VCT 2025: Americas Stage 2
509809,224738,BindPICK,100T,1,3,1,0,0,1,1,14,11,2025-07-26,VCT 2025: Americas Stage 2
509809,224738,BindPICK,KRÜ,1,3,1,1,0,6,2,8,2,2025-07-26,VCT 2025: Americas Stage 2
509810,224740,HavenPICK,NRG,1,3,1,1,1,2,2,11,9,2025-07-26,VCT 2025: Americas Stage 2
509810,224740,HavenPICK,LOUD,1,3,1,1,0,7,2,6,1,2025-07-26,VCT 2025: Americas Stage 2
509810,224741,CorrodePICK,NRG,0,4,0,0,0,1,1,17,12,2025-07-26,VCT 2025: Americas Stage 2
509810,224741,CorrodePICK,LOUD,2,2,2,3,1,7,2,10,4,2025-07-26,VCT 2025: Americas Stage 2
509811,224743,LotusPICK,C9,1,4,1,0,0,3,1,13,11,2025-07-27,VCT 2025: Americas Stage 2
509811,224743,LotusPICK,EG,1,2,1,4,1,7,3,7,2,2025-07-27,VCT 2025: Americas Stage 2
509811,224744,HavenPICK,C9,0,3,0,1,0,3,3,16,10,2025-07-27,VCT 2025: Americas Stage 2
509811,224744,HavenPICK,EG,2,3,2,2,0,4,3,14,5,2025-07-27,VCT 2025: Americas Stage 2
509812,224746,LotusPICK,MIBR,1,3,1,2,0,5,2,11,5,2025-07-27,VCT 2025: Americas Stage 2
509812,224746,LotusPICK,LEV,1,3,1,1,0,3,3,14,9,2025-07-27,VCT 2025: Americas Stage 2
509812,224747,SunsetPICK,MIBR,0,3,0,4,1,2,0,7,2,2025-07-27,VCT 2025: Americas Stage 2
509812,224747,SunsetPICK,LEV,2,2,2,0,0,4,3,10,8,2025-07-27,VCT 2025: Americas Stage 2
509813,224749,CorrodePICK,2G,2,2,2,1,0,8,4,15,6,2025-08-01,VCT 2025: Americas Stage 2
509813,224749,CorrodePICK,FUR,0,4,1,1,0,3,1,18,12,2025-08-01,VCT 2025: Americas Stage 2
509813,224750,SunsetPICK,2G,1,3,1,0,0,2,2,11,10,2025-08-01,VCT 2025: Americas Stage 2
509813,224750,SunsetPICK,FUR,1,3,1,1,0,8,1,4,1,2025-08-01,VCT 2025: Americas Stage 2
509813,224751,Ascent,2G,2,2,2,0,0,5,4,8,7,2025-08-01,VCT 2025: Americas Stage 2
509813,224751,Ascent,FUR,0,3,0,2,0,6,1,4,1,2025-08-01,VCT 2025: Americas Stage 2
509814,224752,LotusPICK,LEV,1,4,1,1,0,4,2,11,4,2025-08-01,VCT 2025: Americas Stage 2
509814,224752,LotusPICK,NRG,1,3,1,0,0,3,2,14,10,2025-08-01,VCT 2025: Americas Stage 2
509814,224753,HavenPICK,LEV,1,3,1,0,0,5,3,18,10,2025-08-01,VCT 2025: Americas Stage 2
509814,224753,HavenPICK,NRG,1,3,1,1,0,10,6,12,5,2025-08-01,VCT 2025: Americas Stage 2
509814,224754,Icebox,LEV,1,3,1,2,0,5,3,14,7,2025-08-01,VCT 2025: Americas Stage 2
509814,224754,Icebox,NRG,1,3,1,2,1,5,3,14,8,2025-08-01,VCT 2025: Americas Stage 2
509815,224755,LotusPICK,SEN,1,4,2,0,0,2,1,12,10,2025-08-02,VCT 2025: Americas Stage 2
509815,224755,LotusPICK,C9,1,2,1,2,0,8,2,6,2,2025-08-02,VCT 2025: Americas Stage 2
509815,224756,HavenPICK,SEN,2,3,2,0,0,8,4,11,7,2025-08-02,VCT 2025: Americas Stage 2
509815,224756,HavenPICK,C9,0,3,0,0,0,8,3,11,6,2025-08-02,VCT 2025: Americas Stage 2
509816,224758,IceboxPICK,MIBR,2,3,2,1,0,6,2,13,9,2025-08-02,VCT 2025: Americas Stage 2
509816,224758,IceboxPICK,100T,0,4,0,1,0,5,4,13,6,2025-08-02,VCT 2025: Americas Stage 2
509816,224759,BindPICK,MIBR,1,3,1,1,0,6,2,16,11,2025-08-02,VCT 2025: Americas Stage 2
509816,224759,BindPICK,100T,1,4,1,2,0,2,1,18,10,2025-08-02,VCT 2025: Americas Stage 2
509817,224761,CorrodePICK,G2,1,3,1,2,0,4,2,15,8,2025-08-03,VCT 2025: Americas Stage 2
509817,224761,CorrodePICK,EG,1,3,1,0,0,7,4,14,8,2025-08-03,VCT 2025: Americas Stage 2
509817,224762,HavenPICK,G2,0,4,1,0,0,1,1,12,11,2025-08-03,VCT 2025: Americas Stage 2
509817,224762,HavenPICK,EG,2,2,2,2,0,8,1,5,1,2025-08-03,VCT 2025: Americas Stage 2
509817,224763,Ascent,G2,2,2,2,0,0,6,4,9,7,2025-08-03,VCT 2025: Americas Stage 2
509817,224763,Ascent,EG,0,3,0,3,0,3,1,8,3,2025-08-03,VCT 2025: Americas Stage 2
509818,224764,HavenPICK,LOUD,0,4,0,4,2,2,0,10,5,2025-08-03,VCT 2025: Americas Stage 2
509818,224764,HavenPICK,KRÜ,2,2,2,1,0,4,3,13,8,2025-08-03,VCT 2025: Americas Stage 2
509818,224765,BindPICK,LOUD,2,2,2,4,2,3,2,13,7,2025-08-03,VCT 2025: Americas Stage 2
509818,224765,BindPICK,KRÜ,0,4,0,1,1,8,4,9,4,2025-08-03,VCT 2025: Americas Stage 2
509818,224766,Ascent,LOUD,0,4,0,1,0,3,0,9,4,2025-08-03,VCT 2025: Americas Stage 2
509818,224766,Ascent,KRÜ,2,2,2,0,0,4,4,11,7,2025-08-03,VCT 2025: Americas Stage 2
509819,224767,BindPICK,C9,2,2,2,0,0,3,3,9,8,2025-08-08,VCT 2025: Americas Stage 2
509819,224767,BindPICK,2G,0,4,0,1,0,4,0,5,1,2025-08-08,VCT 2025: Americas Stage 2
509819,224768,LotusPICK,C9,2,2,2,1,0,7,6,10,5,2025-08-08,VCT 2025: Americas Stage 2
509819,224768,LotusPICK,2G,0,4,0,0,0,4,3,12,4,2025-08-08,VCT 2025: Americas Stage 2
509820,224770,LotusPICK,MIBR,1,2,1,2,0,7,6,17,6,2025-08-08,VCT 2025: Americas Stage 2
509820,224770,LotusPICK,NRG,1,3,1,1,0,9,5,15,9,2025-08-08,VCT 2025: Americas Stage 2
509820,224771,BindPICK,MIBR,1,3,1,1,0,3,3,16,6,2025-08-08,VCT 2025: Americas Stage 2
509820,224771,BindPICK,NRG,1,3,1,0,0,4,4,16,8,2025-08-08,VCT 2025: Americas Stage 2
509821,224773,LotusPICK,SEN,1,3,1,0,0,4,2,14,10,2025-08-09,VCT 2025: Americas Stage 2
509821,224773,LotusPICK,EG,1,3,1,3,1,4,2,11,4,2025-08-09,VCT 2025: Americas Stage 2
509821,224774,CorrodePICK,SEN,1,3,2,0,0,2,1,12,10,2025-08-09,VCT 2025: Americas Stage 2
509821,224774,CorrodePICK,EG,1,4,1,1,0,6,1,6,2,2025-08-09,VCT 2025: Americas Stage 2
509822,224776,BindPICK,LEV,1,3,1,3,0,4,2,9,3,2025-08-09,VCT 2025: Americas Stage 2
509822,224776,BindPICK,KRÜ,1,3,1,1,0,2,2,13,10,2025-08-09,VCT 2025: Americas Stage 2
509822,224777,HavenPICK,LEV,2,2,2,1,0,7,3,13,8,2025-08-09,VCT 2025: Americas Stage 2
509822,224777,HavenPICK,KRÜ,0,3,0,2,0,5,2,13,8,2025-08-09,VCT 2025: Americas Stage 2
509822,224778,Ascent,LEV,2,2,2,0,0,5,4,10,7,2025-08-09,VCT 2025: Americas Stage 2
509822,224778,Ascent,KRÜ,0,4,0,1,0,5,2,7,2,2025-08-09,VCT 2025: Americas Stage 2
509823,224779,CorrodePICK,FUR,0,3,0,0,0,7,1,5,1,2025-08-10,VCT 2025: Americas Stage 2
509823,224779,CorrodePICK,G2,2,2,2,0,0,4,3,9,8,2025-08-10,VCT 2025: Americas Stage 2
509823,224780,AscentPICK,FUR,1,4,1,0,0,5,2,9,2,2025-08-10,VCT 2025: Americas Stage 2
509823,224780,AscentPICK,G2,1,3,2,0,0,2,2,13,9,2025-08-10,VCT 2025: Americas Stage 2
509824,224782,SunsetPICK,LOUD,2,2,2,0,0,4,4,9,7,2025-08-10,VCT 2025: Americas Stage 2
509824,224782,SunsetPICK,100T,0,3,0,2,0,7,1,3,1,2025-08-10,VCT 2025: Americas Stage 2
509824,224783,BindPICK,LOUD,0,4,0,1,0,4,2,11,5,2025-08-10,VCT 2025: Americas Stage 2
509824,224783,BindPICK,100T,2,2,2,1,0,3,2,14,9,2025-08-10,VCT 2025: Americas Stage 2
509824,224784,Lotus,LOUD,1,4,2,1,0,4,1,17,9,2025-08-10,VCT 2025: Americas Stage 2
509824,224784,Lotus,100T,1,3,1,2,0,2,1,19,12,2025-08-10,VCT 2025: Americas Stage 2
509825,224785,SunsetPICK,KRÜ,1,3,1,0,0,4,3,12,9,2025-08-15,VCT 2025: Americas Stage 2
509825,224785,SunsetPICK,NRG,1,3,1,1,0,8,4,7,1,2025-08-15,VCT 2025: Americas Stage 2
509825,224786,LotusPICK,KRÜ,0,4,0,1,0,4,2,11,5,2025-08-15,VCT 2025: Americas Stage 2
509825,224786,LotusPICK,NRG,2,2,2,0,0,10,5,8,6,2025-08-15,VCT 2025: Americas Stage 2
509825,224787,Haven,KRÜ,0,3,0,3,1,3,1,9,3,2025-08-15,VCT 2025: Americas Stage 2
509825,224787,Haven,NRG,2,3,3,0,0,6,4,9,6,2025-08-15,VCT 2025: Americas Stage 2
509826,224788,HavenPICK,100T,1,3,1,2,0,3,2,15,10,2025-08-15,VCT 2025: Americas Stage 2
509826,224788,HavenPICK,LEV,1,3,1,2,1,6,2,12,6,2025-08-15,VCT 2025: Americas Stage 2
509826,224789,SunsetPICK,100T,1,3,1,1,1,6,2,13,6,2025-08-15,VCT 2025: Americas Stage 2
509826,224789,SunsetPICK,LEV,1,3,1,2,1,3,1,15,10,2025-08-15,VCT 2025: Americas Stage 2
509826,224790,Lotus,100T,0,3,0,1,0,4,0,7,2,2025-08-15,VCT 2025: Americas Stage 2
509826,224790,Lotus,LEV,2,2,2,0,0,4,3,9,8,2025-08-15,VCT 2025: Americas Stage 2
509827,224791,CorrodePICK,FUR,1,3,1,1,0,5,1,10,4,2025-08-16,VCT 2025: Americas Stage 2
509827,224791,CorrodePICK,EG,1,3,2,1,0,2,1,13,10,2025-08-16,VCT 2025: Americas Stage 2
509827,224792,AscentPICK,FUR,2,2,2,2,0,9,4,9,3,2025-08-16,VCT 2025: Americas Stage 2
509827,224792,AscentPICK,EG,0,4,0,1,0,0,0,17,13,2025-08-16,VCT 2025: Americas Stage 2
509829,224794,SunsetPICK,2G,2,2,2,2,0,5,4,13,7,2025-08-16,VCT 2025: Americas Stage 2
509829,224794,SunsetPICK,SEN,0,4,0,1,0,1,0,16,9,2025-08-16,VCT 2025: Americas Stage 2
509829,224795,LotusPICK,2G,0,3,0,2,0,5,3,7,1,2025-08-16,VCT 2025: Americas Stage 2
509829,224795,LotusPICK,SEN,2,2,2,1,0,3,3,11,8,2025-08-16,VCT 2025: Americas Stage 2
509829,224796,Haven,2G,0,4,0,0,0,7,1,6,3,2025-08-16,VCT 2025: Americas Stage 2
509829,224796,Haven,SEN,2,2,2,0,0,3,2,12,9,2025-08-16,VCT 2025: Americas Stage 2
509830,224797,AscentPICK,G2,2,2,2,2,0,5,4,12,7,2025-08-17,VCT 2025: Americas Stage 2
509830,224797,AscentPICK,C9,0,4,0,2,1,1,0,14,7,2025-08-17,VCT 2025: Americas Stage 2
509830,224798,LotusPICK,G2,2,3,3,0,0,7,3,12,7,2025-08-17,VCT 2025: Americas Stage 2
509830,224798,LotusPICK,C9,0,4,1,1,0,4,2,13,6,2025-08-17,VCT 2025: Americas Stage 2
509831,224800,IceboxPICK,MIBR,0,4,0,1,0,4,3,15,10,2025-08-17,VCT 2025: Americas Stage 2
509831,224800,IceboxPICK,LOUD,2,2,2,2,0,5,2,15,7,2025-08-17,VCT 2025: Americas Stage 2
509831,224801,SunsetPICK,MIBR,0,4,1,1,1,3,3,15,8,2025-08-17,VCT 2025: Americas Stage 2
509831,224801,SunsetPICK,LOUD,2,2,2,4,2,6,2,11,4,2025-08-17,VCT 2025: Americas Stage 2
510127,224966,Lotus,PRX,0,4,1,2,0,3,1,21,14,2025-07-08,Esports World Cup 2025
510127,224966,Lotus,BLG,2,2,2,2,0,9,2,17,10,2025-07-08,Esports World Cup 2025
510128,224969,Sunset,G2,1,3,1,1,0,9,2,6,3,2025-07-08,Esports World Cup 2025
510128,224969,Sunset,KC,1,3,2,1,1,1,0,14,10,2025-07-08,Esports World Cup 2025
510129,224972,LotusPICK,PRX,0,4,0,1,1,3,1,15,11,2025-07-08,Esports World Cup 2025
510129,224972,LotusPICK,KC,2,2,2,1,0,9,5,11,3,2025-07-08,Esports World Cup 2025
510129,224973,IceboxPICK,PRX,2,2,2,0,0,4,2,12,9,2025-07-08,Esports World Cup 2025
510129,224973,IceboxPICK,KC,0,4,0,3,0,4,2,7,3,2025-07-08,Esports World Cup 2025
510131,224975,SunsetPICK,BLG,2,2,2,0,0,5,3,9,8,2025-07-09,Esports World Cup 2025
510131,224975,SunsetPICK,G2,0,3,0,2,0,7,3,4,0,2025-07-09,Esports World Cup 2025
510131,224976,PearlPICK,BLG,0,3,0,1,0,5,2,8,2,2025-07-09,Esports World Cup 2025
510131,224976,PearlPICK,G2,2,2,2,1,1,4,3,10,7,2025-07-09,Esports World Cup 2025
510131,224977,Icebox,BLG,1,2,1,1,0,8,3,13,9,2025-07-09,Esports World Cup 2025
510131,224977,Icebox,G2,1,2,1,3,1,6,2,13,7,2025-07-09,Esports World Cup 2025
510132,224978,IceboxPICK,KC,1,3,1,1,1,1,0,13,11,2025-07-10,Esports World Cup 2025
510132,224978,IceboxPICK,BLG,1,3,2,0,0,9,2,6,1,2025-07-10,Esports World Cup 2025
510132,224979,LotusPICK,KC,1,3,1,0,0,8,5,13,5,2025-07-10,Esports World Cup 2025
510132,224979,LotusPICK,BLG,1,3,1,2,0,7,3,12,9,2025-07-10,Esports World Cup 2025
510132,224980,Sunset,KC,1,3,1,1,0,1,1,17,11,2025-07-10,Esports World Cup 2025
510132,224980,Sunset,BLG,1,3,1,3,1,7,3,9,4,2025-07-10,Esports World Cup 2025
510133,224981,Icebox,SEN,0,4,0,1,0,7,5,14,7,2025-07-08,Esports World Cup 2025
510133,224981,Icebox,BBL,2,2,2,2,0,5,3,17,9,2025-07-08,Esports World Cup 2025
510134,224984,Haven,KRX,1,3,1,0,0,2,2,14,10,2025-07-08,Esports World Cup 2025
510134,224984,Haven,XLG,1,3,1,3,1,4,2,9,2,2025-07-08,Esports World Cup 2025
510135,224987,SunsetPICK,BBL,1,3,2,1,0,3,2,19,10,2025-07-08,Esports World Cup 2025
510135,224987,SunsetPICK,KRX,1,3,1,4,2,1,0,18,9,2025-07-08,Esports World Cup 2025
510135,224988,AscentPICK,BBL,1,3,1,0,0,4,3,12,9,2025-07-08,Esports World Cup 2025
510135,224988,AscentPICK,KRX,1,3,1,3,0,4,2,9,3,2025-07-08,Esports World Cup 2025
510136,224990,LotusPICK,SEN,1,3,1,1,0,2,1,16,11,2025-07-09,Esports World Cup 2025
510136,224990,LotusPICK,XLG,1,3,1,0,0,6,2,13,6,2025-07-09,Esports World Cup 2025
510136,224991,SunsetPICK,SEN,0,4,0,1,0,3,1,13,7,2025-07-09,Esports World Cup 2025
510136,224991,SunsetPICK,XLG,2,2,2,2,1,6,4,11,6,2025-07-09,Esports World Cup 2025
510136,224992,Haven,SEN,1,3,1,2,1,3,2,14,9,2025-07-09,Esports World Cup 2025
510136,224992,Haven,XLG,1,3,1,0,0,5,1,14,7,2025-07-09,Esports World Cup 2025
510137,224993,LotusPICK,KRX,1,4,1,3,1,5,1,8,4,2025-07-10,Esports World Cup 2025
510137,224993,LotusPICK,SEN,1,3,2,0,0,5,4,12,7,2025-07-10,Esports World Cup 2025
510137,224994,SunsetPICK,KRX,0,4,0,1,0,3,0,9,4,2025-07-10,Esports World Cup 2025
510137,224994,SunsetPICK,SEN,2,2,2,0,0,4,3,11,8,2025-07-10,Esports World Cup 2025
510138,224996,Lotus,NRG,2,2,2,0,0,3,3,12,8,2025-07-08,Esports World Cup 2025
510138,224996,Lotus,TH,0,4,0,1,0,5,1,7,3,2025-07-08,Esports World Cup 2025
510139,224999,Sunset,RRQ,2,2,2,1,1,5,4,11,6,2025-07-08,Esports World Cup 2025
510139,224999,Sunset,TEC,0,4,0,2,0,3,3,10,3,2025-07-08,Esports World Cup 2025
510140,225002,SplitPICK,NRG,0,3,0,0,0,4,4,13,9,2025-07-08,Esports World Cup 2025
510140,225002,SplitPICK,RRQ,2,3,2,3,0,6,2,8,3,2025-07-08,Esports World Cup 2025
510140,225003,PearlPICK,NRG,2,2,2,1,0,6,3,12,8,2025-07-08,Esports World Cup 2025
510140,225003,PearlPICK,RRQ,0,4,0,2,0,4,1,11,7,2025-07-08,Esports World Cup 2025
510141,225005,IceboxPICK,TH,1,3,1,0,0,4,2,16,7,2025-07-09,Esports World Cup 2025
510141,225005,IceboxPICK,TEC,1,3,1,3,0,3,1,14,11,2025-07-09,Esports World Cup 2025
510141,225006,HavenPICK,TH,1,3,1,1,0,4,2,18,11,2025-07-09,Esports World Cup 2025
510141,225006,HavenPICK,TEC,1,4,1,1,0,3,2,18,9,2025-07-09,Esports World Cup 2025
510141,225007,Sunset,TH,1,3,1,0,0,2,1,14,11,2025-07-09,Esports World Cup 2025
510141,225007,Sunset,TEC,1,3,1,1,1,7,2,8,2,2025-07-09,Esports World Cup 2025
510142,225008,SunsetPICK,RRQ,1,4,1,0,0,8,1,4,1,2025-07-10,Esports World Cup 2025
510142,225008,SunsetPICK,TH,1,3,1,0,0,3,3,10,9,2025-07-10,Esports World Cup 2025
510142,225009,IceboxPICK,RRQ,1,3,1,1,1,7,4,17,7,2025-07-10,Esports World Cup 2025
510142,225009,IceboxPICK,TH,1,3,1,0,0,6,4,19,10,2025-07-10,Esports World Cup 2025
510143,225011,Icebox,100T,1,3,2,2,0,4,2,15,7,2025-07-08,Esports World Cup 2025
510143,225011,Icebox,FNC,1,3,1,1,0,4,3,16,9,2025-07-08,Esports World Cup 2025
510144,225014,Icebox,GEN,1,3,1,0,0,1,1,13,11,2025-07-08,Esports World Cup 2025
510144,225014,Icebox,EDG,1,3,1,2,0,6,2,6,1,2025-07-08,Esports World Cup 2025
510145,225017,AscentPICK,FNC,2,2,2,0,0,10,5,16,8,2025-07-08,Esports World Cup 2025
510145,225017,AscentPICK,GEN,0,4,0,2,1,5,1,17,11,2025-07-08,Esports World Cup 2025
510145,225018,IceboxPICK,FNC,2,2,2,1,0,5,2,12,9,2025-07-08,Esports World Cup 2025
510145,225018,IceboxPICK,GEN,0,4,0,1,0,3,1,12,6,2025-07-08,Esports World Cup 2025
510146,225020,HavenPICK,100T,0,5,0,0,0,2,2,17,11,2025-07-09,Esports World Cup 2025
510146,225020,HavenPICK,EDG,2,2,2,0,0,8,4,14,5,2025-07-09,Esports World Cup 2025
510146,225021,SunsetPICK,100T,1,3,1,4,2,3,2,10,2,2025-07-09,Esports World Cup 2025
510146,225021,SunsetPICK,EDG,1,3,1,0,0,4,3,13,9,2025-07-09,Esports World Cup 2025
510146,225022,Ascent,100T,0,4,0,2,0,3,2,14,8,2025-07-09,Esports World Cup 2025
510146,225022,Ascent,EDG,2,2,2,1,0,6,3,14,8,2025-07-09,Esports World Cup 2025
510147,225023,LotusPICK,GEN,2,2,2,1,0,6,5,12,6,2025-07-10,Esports World Cup 2025
510147,225023,LotusPICK,EDG,0,3,0,2,0,3,2,13,6,2025-07-10,Esports World Cup 2025
510147,225024,HavenPICK,GEN,0,4,0,0,0,1,1,12,12,2025-07-10,Esports World Cup 2025
510147,225024,HavenPICK,EDG,2,2,2,1,0,8,2,6,0,2025-07-10,Esports World Cup 2025
510149,225026,SunsetPICK,FNC,0,4,0,0,0,3,1,19,13,2025-07-11,Esports World Cup 2025
510149,225026,SunsetPICK,KC,2,2,2,1,0,8,5,15,5,2025-07-11,Esports World Cup 2025
510149,225027,AscentPICK,FNC,1,3,1,0,0,5,4,12,8,2025-07-11,Esports World Cup 2025
510149,225027,AscentPICK,KC,1,3,1,1,1,7,3,9,2,2025-07-11,Esports World Cup 2025
510150,225029,IceboxPICK,PRX,2,2,2,0,0,2,2,12,9,2025-07-11,Esports World Cup 2025
510150,225029,IceboxPICK,SEN,0,4,0,1,0,5,1,6,2,2025-07-11,Esports World Cup 2025
510150,225030,SunsetPICK,PRX,1,3,1,2,1,2,1,15,10,2025-07-11,Esports World Cup 2025
510150,225030,SunsetPICK,SEN,1,3,1,0,0,8,4,11,4,2025-07-11,Esports World Cup 2025
510151,225032,SunsetPICK,NRG,1,3,1,1,0,6,3,9,2,2025-07-11,Esports World Cup 2025
510151,225032,SunsetPICK,GEN,1,3,1,0,0,2,2,14,10,2025-07-11,Esports World Cup 2025
510151,225033,IceboxPICK,NRG,1,3,2,0,0,12,5,8,3,2025-07-11,Esports World Cup 2025
510151,225033,IceboxPICK,GEN,1,3,1,1,1,5,1,14,10,2025-07-11,Esports World Cup 2025
510152,225035,AscentPICK,BBL,0,4,0,2,0,4,1,6,2,2025-07-11,Esports World Cup 2025
510152,225035,AscentPICK,TH,2,2,2,0,0,3,3,11,8,2025-07-11,Esports World Cup 2025
510152,225036,HavenPICK,BBL,0,4,0,2,0,4,2,8,3,2025-07-11,Esports World Cup 2025
510152,225036,HavenPICK,TH,2,2,2,0,0,6,5,10,6,2025-07-11,Esports World Cup 2025
510153,225038,SunsetPICK,FNC,1,3,1,1,0,7,1,12,8,2025-07-12,Esports World Cup 2025
510153,225038,SunsetPICK,PRX,1,3,1,0,0,4,1,16,11,2025-07-12,Esports World Cup 2025
510153,225039,AscentPICK,FNC,1,2,1,1,1,2,2,11,9,2025-07-12,Esports World Cup 2025
510153,225039,AscentPICK,PRX,1,3,1,2,0,4,0,7,2,2025-07-12,Esports World Cup 2025
510153,225040,Split,FNC,1,3,1,1,0,3,2,14,10,2025-07-12,Esports World Cup 2025
510153,225040,Split,PRX,1,4,1,2,0,4,3,11,4,2025-07-12,Esports World Cup 2025
510154,225041,AscentPICK,GEN,0,4,0,1,0,1,1,14,6,2025-07-12,Esports World Cup 2025
510154,225041,AscentPICK,TH,2,2,2,1,1,6,4,11,6,2025-07-12,Esports World Cup 2025
510154,225042,HavenPICK,GEN,1,3,1,0,0,2,1,16,11,2025-07-12,Esports World Cup 2025
510154,225042,HavenPICK,TH,1,3,1,0,0,7,4,11,3,2025-07-12,Esports World Cup 2025
510154,225043,Lotus,GEN,0,4,0,0,0,3,2,23,12,2025-07-12,Esports World Cup 2025
510154,225043,Lotus,TH,2,2,2,3,0,8,5,17,9,2025-07-12,Esports World Cup 2025
510155,225044,LotusPICK,FNC,2,2,2,0,0,5,3,10,8,2025-07-13,Esports World Cup 2025
510155,225044,LotusPICK,TH,0,5,0,2,0,0,0,10,4,2025-07-13,Esports World Cup 2025
510155,225045,SunsetPICK,FNC,2,2,2,0,0,3,3,9,8,2025-07-13,Esports World Cup 2025
510155,225045,SunsetPICK,TH,0,3,0,3,0,2,0,6,1,2025-07-13,Esports World Cup 2025
510155,225046,IceboxPICK,FNC,1,2,1,2,1,5,3,15,6,2025-07-13,Esports World Cup 2025
510155,225046,IceboxPICK,TH,1,4,1,1,0,2,0,17,12,2025-07-13,Esports World Cup 2025
510155,225047,HavenPICK,FNC,1,3,1,2,1,6,2,12,6,2025-07-13,Esports World Cup 2025
510155,225047,HavenPICK,TH,1,3,1,1,1,5,3,14,8,2025-07-13,Esports World Cup 2025
510155,225048,Ascent,FNC,0,4,1,1,0,6,3,12,6,2025-07-13,Esports World Cup 2025
510155,225048,Ascent,TH,2,2,2,3,1,3,2,15,8,2025-07-13,Esports World Cup 2025
510156,225049,SunsetPICK,PRX,1,3,1,2,0,8,5,10,4,2025-07-13,Esports World Cup 2025
510156,225049,SunsetPICK,GEN,1,3,1,1,0,4,1,15,11,2025-07-13,Esports World Cup 2025
510156,225050,AscentPICK,PRX,0,3,0,2,1,4,1,12,6,2025-07-13,Esports World Cup 2025
510156,225050,AscentPICK,GEN,2,3,2,1,1,3,2,14,8,2025-07-13,Esports World Cup 2025
511543,226424,IceboxPICK,NAVI,1,3,1,1,1,2,1,11,10,2025-07-16,VCT 2025: EMEA Stage 2
511543,226424,IceboxPICK,APK,1,3,1,2,0,8,2,4,1,2025-07-16,VCT 2025: EMEA Stage 2
511543,226425,SunsetPICK,NAVI,0,4,0,1,0,3,1,11,5,2025-07-16,VCT 2025: EMEA Stage 2
511543,226425,SunsetPICK,APK,2,2,2,1,1,6,5,10,5,2025-07-16,VCT 2025: EMEA Stage 2
511543,226426,Corrode,NAVI,2,2,2,0,0,3,3,11,8,2025-07-16,VCT 2025: EMEA Stage 2
511543,226426,Corrode,APK,0,4,0,2,0,6,2,4,1,2025-07-16,VCT 2025: EMEA Stage 2
511544,226427,SunsetPICK,VIT,2,2,2,2,0,6,5,13,3,2025-07-16,VCT 2025: EMEA Stage 2
511544,226427,SunsetPICK,GX,0,4,0,1,1,1,1,17,11,2025-07-16,VCT 2025: EMEA Stage 2
511544,226428,BindPICK,VIT,1,3,1,1,0,4,2,16,8,2025-07-16,VCT 2025: EMEA Stage 2
511544,226428,BindPICK,GX,1,3,1,1,1,10,5,10,6,2025-07-16,VCT 2025: EMEA Stage 2
511545,226430,BindPICK,FUT,0,4,0,3,1,1,1,12,5,2025-07-17,VCT 2025: EMEA Stage 2
511545,226430,BindPICK,M8,2,2,2,1,0,5,3,12,8,2025-07-17,VCT 2025: EMEA Stage 2
511545,226431,SunsetPICK,FUT,2,2,2,1,0,5,3,10,8,2025-07-17,VCT 2025: EMEA Stage 2
511545,226431,SunsetPICK,M8,0,3,0,2,0,4,0,9,5,2025-07-17,VCT 2025: EMEA Stage 2
511545,226432,Lotus,FUT,1,5,1,1,0,5,2,19,13,2025-07-17,VCT 2025: EMEA Stage 2
511545,226432,Lotus,M8,1,4,2,0,0,3,1,23,11,2025-07-17,VCT 2025: EMEA Stage 2
511546,226433,BindPICK,TL,2,2,2,0,0,4,3,11,8,2025-07-17,VCT 2025: EMEA Stage 2
511546,226433,BindPICK,MKOI,0,5,1,2,0,4,0,6,3,2025-07-17,VCT 2025: EMEA Stage 2
511546,226434,IceboxPICK,TL,2,3,2,2,0,9,5,9,3,2025-07-17,VCT 2025: EMEA Stage 2
511546,226434,IceboxPICK,MKOI,0,4,0,1,1,2,2,16,10,2025-07-17,VCT 2025: EMEA Stage 2
511546,226435,Lotus,TL,0,4,0,1,0,3,3,13,10,2025-07-17,VCT 2025: EMEA Stage 2
511546,226435,Lotus,MKOI,2,3,2,0,0,10,4,8,2,2025-07-17,VCT 2025: EMEA Stage 2
511547,226436,IceboxPICK,TH,1,3,1,1,0,6,2,8,2,2025-07-18,VCT 2025: EMEA Stage 2
511547,226436,IceboxPICK,BBL,1,3,1,1,0,3,2,11,10,2025-07-18,VCT 2025: EMEA Stage 2
511547,226437,HavenPICK,TH,1,3,1,3,2,4,2,12,8,2025-07-18,VCT 2025: EMEA Stage 2
511547,226437,HavenPICK,BBL,1,3,1,2,0,7,4,10,4,2025-07-18,VCT 2025: EMEA Stage 2
511547,226438,Sunset,TH,2,2,2,1,0,7,5,14,6,2025-07-18,VCT 2025: EMEA Stage 2
511547,226438,Sunset,BBL,0,4,0,1,1,6,3,13,7,2025-07-18,VCT 2025: EMEA Stage 2
511548,226439,BindPICK,FNC,1,3,1,0,0,2,2,15,10,2025-07-18,VCT 2025: EMEA Stage 2
511548,226439,BindPICK,KC,1,3,1,3,1,6,3,8,2,2025-07-18,VCT 2025: EMEA Stage 2
511548,226440,LotusPICK,FNC,1,3,2,2,1,9,4,9,3,2025-07-18,VCT 2025: EMEA Stage 2
511548,226440,LotusPICK,KC,1,3,2,1,0,3,2,16,9,2025-07-18,VCT 2025: EMEA Stage 2
511548,226441,Icebox,FNC,1,3,2,0,0,4,1,17,10,2025-07-18,VCT 2025: EMEA Stage 2
511548,226441,Icebox,KC,1,4,1,0,0,5,2,15,8,2025-07-18,VCT 2025: EMEA Stage 2
511549,226442,IceboxPICK,APK,0,4,1,0,0,10,3,6,3,2025-07-23,VCT 2025: EMEA Stage 2
511549,226442,IceboxPICK,KC,2,2,2,1,1,6,4,11,6,2025-07-23,VCT 2025: EMEA Stage 2
511549,226443,SunsetPICK,APK,1,3,1,2,1,5,3,14,8,2025-07-23,VCT 2025: EMEA Stage 2
511549,226443,SunsetPICK,KC,1,3,1,2,0,4,3,15,7,2025-07-23,VCT 2025: EMEA Stage 2
511549,226444,Lotus,APK,2,2,2,3,0,11,5,8,4,2025-07-23,VCT 2025: EMEA Stage 2
511549,226444,Lotus,KC,0,4,1,1,1,3,2,16,9,2025-07-23,VCT 2025: EMEA Stage 2
511550,226445,IceboxPICK,GX,1,2,1,1,0,5,3,12,9,2025-07-23,VCT 2025: EMEA Stage 2
511550,226445,IceboxPICK,BBL,1,3,1,1,0,6,2,10,4,2025-07-23,VCT 2025: EMEA Stage 2
511550,226446,LotusPICK,GX,0,4,1,1,0,4,2,15,8,2025-07-23,VCT 2025: EMEA Stage 2
511550,226446,LotusPICK,BBL,2,2,2,2,0,7,5,13,6,2025-07-23,VCT 2025: EMEA Stage 2
511550,226447,Corrode,GX,1,3,1,0,0,8,3,13,9,2025-07-23,VCT 2025: EMEA Stage 2
511550,226447,Corrode,BBL,1,3,1,2,0,5,3,14,7,2025-07-23,VCT 2025: EMEA Stage 2
511551,226448,CorrodePICK,TL,1,4,1,1,0,2,1,13,11,2025-07-24,VCT 2025: EMEA Stage 2
511551,226448,CorrodePICK,NAVI,1,3,2,2,0,5,2,10,3,2025-07-24,VCT 2025: EMEA Stage 2
511551,226449,SunsetPICK,TL,2,2,2,0,0,4,3,11,8,2025-07-24,VCT 2025: EMEA Stage 2
511551,226449,SunsetPICK,NAVI,0,4,0,1,0,5,2,7,2,2025-07-24,VCT 2025: EMEA Stage 2
511552,226451,CorrodePICK,M8,2,2,2,2,0,5,3,17,7,2025-07-24,VCT 2025: EMEA Stage 2
511552,226451,CorrodePICK,TH,0,4,0,1,0,5,3,16,11,2025-07-24,VCT 2025: EMEA Stage 2
511552,226452,AscentPICK,M8,1,3,1,2,0,6,3,15,10,2025-07-24,VCT 2025: EMEA Stage 2
511552,226452,AscentPICK,TH,1,3,1,1,0,4,2,18,9,2025-07-24,VCT 2025: EMEA Stage 2
511552,226453,Bind,M8,1,3,1,1,0,7,2,7,2,2025-07-24,VCT 2025: EMEA Stage 2
511552,226453,Bind,TH,1,3,1,1,1,3,2,11,9,2025-07-24,VCT 2025: EMEA Stage 2
511553,226454,HavenPICK,FUT,0,4,0,2,1,2,0,7,1,2025-07-25,VCT 2025: EMEA Stage 2
511553,226454,HavenPICK,VIT,2,2,2,0,0,3,3,10,8,2025-07-25,VCT 2025: EMEA Stage 2
511553,226455,LotusPICK,FUT,0,5,0,1,0,1,0,11,5,2025-07-25,VCT 2025: EMEA Stage 2
511553,226455,LotusPICK,VIT,2,2,2,1,0,4,3,11,8,2025-07-25,VCT 2025: EMEA Stage 2
511554,226457,AscentPICK,MKOI,1,4,1,3,1,5,1,8,4,2025-07-25,VCT 2025: EMEA Stage 2
511554,226457,AscentPICK,FNC,1,3,1,0,0,4,4,13,8,2025-07-25,VCT 2025: EMEA Stage 2
511554,226458,HavenPICK,MKOI,0,4,0,0,0,5,3,15,8,2025-07-25,VCT 2025: EMEA Stage 2
511554,226458,HavenPICK,FNC,2,2,2,3,0,6,4,13,7,2025-07-25,VCT 2025: EMEA Stage 2
511562,226460,SunsetPICK,FUT,0,4,1,1,0,1,0,18,10,2025-07-30,VCT 2025: EMEA Stage 2
511562,226460,SunsetPICK,GX,2,2,2,2,0,10,5,10,6,2025-07-30,VCT 2025: EMEA Stage 2
511562,226461,HavenPICK,FUT,1,3,1,2,1,2,2,12,9,2025-07-30,VCT 2025: EMEA Stage 2
511562,226461,HavenPICK,GX,1,3,1,1,0,5,2,10,3,2025-07-30,VCT 2025: EMEA Stage 2
511562,226462,Bind,FUT,1,3,1,2,1,2,2,11,9,2025-07-30,VCT 2025: EMEA Stage 2
511562,226462,Bind,GX,1,3,1,0,0,9,2,6,2,2025-07-30,VCT 2025: EMEA Stage 2
511563,226463,SunsetPICK,M8,0,5,1,1,0,4,2,6,0,2025-07-30,VCT 2025: EMEA Stage 2
511563,226463,SunsetPICK,BBL,2,2,2,0,0,3,2,11,9,2025-07-30,VCT 2025: EMEA Stage 2
511563,226464,LotusPICK,M8,1,3,1,3,1,4,1,16,9,2025-07-30,VCT 2025: EMEA Stage 2
511563,226464,LotusPICK,BBL,1,3,1,2,0,5,4,16,9,2025-07-30,VCT 2025: EMEA Stage 2
511564,226466,AscentPICK,TL,2,2,2,0,0,7,2,17,10,2025-07-31,VCT 2025: EMEA Stage 2
511564,226466,AscentPICK,APK,0,4,0,1,0,1,1,20,11,2025-07-31,VCT 2025: EMEA Stage 2
511564,226467,CorrodePICK,TL,2,3,2,0,0,7,2,14,7,2025-07-31,VCT 2025: EMEA Stage 2
511564,226467,CorrodePICK,APK,0,3,0,3,2,4,3,14,8,2025-07-31,VCT 2025: EMEA Stage 2
511564,226468,Lotus,TL,2,2,2,1,0,3,1,13,10,2025-07-31,VCT 2025: EMEA Stage 2
511564,226468,Lotus,APK,0,3,0,4,1,4,1,8,4,2025-07-31,VCT 2025: EMEA Stage 2
511565,226469,LotusPICK,MKOI,1,3,1,1,0,2,2,16,10,2025-07-31,VCT 2025: EMEA Stage 2
511565,226469,LotusPICK,KC,1,3,1,2,1,3,1,14,6,2025-07-31,VCT 2025: EMEA Stage 2
511565,226470,SunsetPICK,MKOI,0,3,0,2,0,5,0,5,2,2025-07-31,VCT 2025: EMEA Stage 2
511565,226470,SunsetPICK,KC,2,2,2,0,0,4,4,9,7,2025-07-31,VCT 2025: EMEA Stage 2
511565,226471,Haven,MKOI,0,4,0,0,0,4,0,9,4,2025-07-31,VCT 2025: EMEA Stage 2
511565,226471,Haven,KC,2,2,2,1,0,4,3,10,8,2025-07-31,VCT 2025: EMEA Stage 2
511566,226473,AscentPICK,NAVI,0,4,0,0,0,2,0,17,13,2025-08-01,VCT 2025: EMEA Stage 2
511566,226473,AscentPICK,FNC,2,2,2,1,0,9,3,11,5,2025-08-01,VCT 2025: EMEA Stage 2
511566,226474,Icebox,NAVI,1,2,1,1,0,7,3,14,7,2025-08-01,VCT 2025: EMEA Stage 2
511566,226474,Icebox,FNC,1,3,1,2,0,5,3,14,9,2025-08-01,VCT 2025: EMEA Stage 2
511566,230237,BindPICK,NAVI,2,2,2,2,0,7,4,17,7,2025-08-01,VCT 2025: EMEA Stage 2
511566,230237,BindPICK,FNC,0,4,0,1,0,4,3,19,12,2025-08-01,VCT 2025: EMEA Stage 2
511567,226475,HavenPICK,VIT,1,4,2,2,1,5,2,13,6,2025-08-01,VCT 2025: EMEA Stage 2
511567,226475,HavenPICK,TH,1,3,1,2,1,3,3,16,8,2025-08-01,VCT 2025: EMEA Stage 2
511567,226476,AscentPICK,VIT,1,3,1,2,0,6,3,11,5,2025-08-01,VCT 2025: EMEA Stage 2
511567,226476,AscentPICK,TH,1,3,1,2,0,4,3,13,9,2025-08-01,VCT 2025: EMEA Stage 2
511568,226478,HavenPICK,FUT,1,3,1,3,1,3,0,10,4,2025-08-06,VCT 2025: EMEA Stage 2
511568,226478,HavenPICK,TH,1,3,2,0,0,4,1,12,10,2025-08-06,VCT 2025: EMEA Stage 2
511568,226479,BindPICK,FUT,1,4,1,1,1,4,1,11,4,2025-08-06,VCT 2025: EMEA Stage 2
511568,226479,BindPICK,TH,1,3,1,0,0,2,2,15,10,2025-08-06,VCT 2025: EMEA Stage 2
511569,226481,LotusPICK,MKOI,1,4,2,0,0,8,3,10,4,2025-08-06,VCT 2025: EMEA Stage 2
511569,226481,LotusPICK,APK,1,3,1,1,0,6,5,12,7,2025-08-06,VCT 2025: EMEA Stage 2
511569,226482,AscentPICK,MKOI,2,2,2,1,0,3,3,11,8,2025-08-06,VCT 2025: EMEA Stage 2
511569,226482,AscentPICK,APK,0,3,0,2,1,5,0,7,3,2025-08-06,VCT 2025: EMEA Stage 2
511569,226483,Haven,MKOI,1,3,1,0,0,5,4,13,8,2025-08-06,VCT 2025: EMEA Stage 2
511569,226483,Haven,APK,1,3,1,0,0,6,4,12,3,2025-08-06,VCT 2025: EMEA Stage 2
511570,226484,CorrodePICK,M8,1,3,1,1,0,3,1,14,11,2025-08-07,VCT 2025: EMEA Stage 2
511570,226484,CorrodePICK,GX,1,3,1,2,0,6,3,10,4,2025-08-07,VCT 2025: EMEA Stage 2
511570,226485,AscentPICK,M8,1,3,1,2,1,5,3,16,7,2025-08-07,VCT 2025: EMEA Stage 2
511570,226485,AscentPICK,GX,1,3,1,1,0,6,4,16,9,2025-08-07,VCT 2025: EMEA Stage 2
511570,226486,Haven,M8,0,4,0,1,0,5,0,7,4,2025-08-07,VCT 2025: EMEA Stage 2
511570,226486,Haven,GX,2,2,2,0,0,5,4,10,7,2025-08-07,VCT 2025: EMEA Stage 2
511571,226487,SunsetPICK,NAVI,1,3,1,2,1,5,4,16,8,2025-08-07,VCT 2025: EMEA Stage 2
511571,226487,SunsetPICK,KC,1,4,2,1,0,7,3,14,7,2025-08-07,VCT 2025: EMEA Stage 2
511571,226488,CorrodePICK,NAVI,1,3,1,1,0,2,1,15,11,2025-08-07,VCT 2025: EMEA Stage 2
511571,226488,CorrodePICK,KC,1,3,1,2,0,7,6,9,1,2025-08-07,VCT 2025: EMEA Stage 2
511572,226490,LotusPICK,VIT,1,2,1,2,0,6,6,14,6,2025-08-08,VCT 2025: EMEA Stage 2
511572,226490,LotusPICK,BBL,1,3,1,2,0,4,3,15,7,2025-08-08,VCT 2025: EMEA Stage 2
511572,226491,IceboxPICK,VIT,1,3,1,1,0,6,3,10,3,2025-08-08,VCT 2025: EMEA Stage 2
511572,226491,IceboxPICK,BBL,1,3,1,2,0,2,2,13,10,2025-08-08,VCT 2025: EMEA Stage 2
511572,226492,Bind,VIT,0,3,0,2,0,4,2,14,8,2025-08-08,VCT 2025: EMEA Stage 2
511572,226492,Bind,BBL,2,2,2,0,0,5,3,16,8,2025-08-08,VCT 2025: EMEA Stage 2
511573,226493,BindPICK,TL,1,3,1,0,0,5,1,18,12,2025-08-08,VCT 2025: EMEA Stage 2
511573,226493,BindPICK,FNC,1,3,2,2,0,7,4,14,6,2025-08-08,VCT 2025: EMEA Stage 2
511573,226494,AscentPICK,TL,2,2,2,0,0,3,3,9,8,2025-08-08,VCT 2025: EMEA Stage 2
511573,226494,AscentPICK,FNC,0,3,0,0,0,5,0,6,1,2025-08-08,VCT 2025: EMEA Stage 2
511575,226496,IceboxPICK,MKOI,2,3,2,2,0,6,1,11,6,2025-08-13,VCT 2025: EMEA Stage 2
511575,226496,IceboxPICK,NAVI,0,4,1,0,0,2,1,16,11,2025-08-13,VCT 2025: EMEA Stage 2
511575,226497,CorrodePICK,MKOI,1,4,1,1,0,7,4,18,11,2025-08-13,VCT 2025: EMEA Stage 2
511575,226497,CorrodePICK,NAVI,1,3,2,1,0,5,2,21,10,2025-08-13,VCT 2025: EMEA Stage 2
511575,226498,Ascent,MKOI,0,3,0,3,0,3,2,7,1,2025-08-13,VCT 2025: EMEA Stage 2
511575,226498,Ascent,NAVI,2,2,2,0,0,3,3,11,8,2025-08-13,VCT 2025: EMEA Stage 2
511576,226499,BindPICK,APK,0,3,0,2,0,7,3,6,2,2025-08-13,VCT 2025: EMEA Stage 2
511576,226499,BindPICK,FNC,2,2,2,1,1,4,3,11,7,2025-08-13,VCT 2025: EMEA Stage 2
511576,226500,LotusPICK,APK,1,3,2,3,0,4,1,13,7,2025-08-13,VCT 2025: EMEA Stage 2
511576,226500,LotusPICK,FNC,1,3,1,1,0,5,2,14,10,2025-08-13,VCT 2025: EMEA Stage 2
511577,226502,AscentPICK,GX,1,3,1,0,0,9,5,8,1,2025-08-14,VCT 2025: EMEA Stage 2
511577,226502,AscentPICK,TH,1,3,1,0,0,5,4,12,8,2025-08-14,VCT 2025: EMEA Stage 2
511577,226503,HavenPICK,GX,0,3,0,1,0,7,3,5,0,2025-08-14,VCT 2025: EMEA Stage 2
511577,226503,HavenPICK,TH,2,2,2,1,1,3,2,10,8,2025-08-14,VCT 2025: EMEA Stage 2
511579,226505,CorrodePICK,M8,0,4,0,0,0,5,1,8,3,2025-08-14,VCT 2025: EMEA Stage 2
511579,226505,CorrodePICK,VIT,2,2,2,0,0,4,3,11,8,2025-08-14,VCT 2025: EMEA Stage 2
511579,226506,LotusPICK,M8,1,3,1,0,0,4,2,15,10,2025-08-14,VCT 2025: EMEA Stage 2
511579,226506,LotusPICK,VIT,1,3,1,1,1,8,3,10,4,2025-08-14,VCT 2025: EMEA Stage 2
511579,226507,Ascent,M8,1,3,1,2,2,5,1,13,6,2025-08-14,VCT 2025: EMEA Stage 2
511579,226507,Ascent,VIT,1,4,1,1,0,6,4,12,8,2025-08-14,VCT 2025: EMEA Stage 2
511580,226508,SunsetPICK,FUT,0,4,0,3,1,1,0,16,10,2025-08-15,VCT 2025: EMEA Stage 2
511580,226508,SunsetPICK,BBL,2,2,2,2,1,6,3,14,7,2025-08-15,VCT 2025: EMEA Stage 2
511580,226509,AscentPICK,FUT,0,4,0,2,1,1,0,15,8,2025-08-15,VCT 2025: EMEA Stage 2
511580,226509,AscentPICK,BBL,2,2,2,4,2,4,2,12,7,2025-08-15,VCT 2025: EMEA Stage 2
511581,226511,LotusPICK,TL,1,3,1,1,0,4,2,18,11,2025-08-15,VCT 2025: EMEA Stage 2
511581,226511,LotusPICK,KC,1,3,1,1,0,6,5,16,6,2025-08-15,VCT 2025: EMEA Stage 2
511581,226512,BindPICK,TL,1,3,1,2,0,4,3,19,9,2025-08-15,VCT 2025: EMEA Stage 2
511581,226512,BindPICK,KC,1,3,1,1,0,12,6,12,8,2025-08-15,VCT 2025: EMEA Stage 2
511581,226513,Sunset,TL,0,4,1,0,0,5,1,17,10,2025-08-15,VCT 2025: EMEA Stage 2
511581,226513,Sunset,KC,2,2,2,2,0,6,3,16,9,2025-08-15,VCT 2025: EMEA Stage 2
530354,231305,LotusPICK,TLN,1,3,1,0,0,2,2,13,10,2025-08-13,VCT 2025: Pacific Stage 2
530354,231305,LotusPICK,NS,1,3,1,1,0,5,3,9,1,2025-08-13,VCT 2025: Pacific Stage 2
530354,231306,CorrodePICK,TLN,1,3,1,2,0,4,2,21,13,2025-08-13,VCT 2025: Pacific Stage 2
530354,231306,CorrodePICK,NS,1,3,1,2,0,5,4,20,9,2025-08-13,VCT 2025: Pacific Stage 2
530355,231308,BindPICK,RRQ,0,4,1,1,0,5,1,12,7,2025-08-13,VCT 2025: Pacific Stage 2
530355,231308,BindPICK,T1,2,2,2,3,0,3,1,14,10,2025-08-13,VCT 2025: Pacific Stage 2
530355,231309,HavenPICK,RRQ,2,3,2,0,0,4,3,13,8,2025-08-13,VCT 2025: Pacific Stage 2
530355,231309,HavenPICK,T1,0,4,1,3,0,0,0,13,6,2025-08-13,VCT 2025: Pacific Stage 2
530355,231310,Sunset,RRQ,0,4,0,2,1,1,1,14,6,2025-08-13,VCT 2025: Pacific Stage 2
530355,231310,Sunset,T1,2,2,2,2,0,4,4,13,7,2025-08-13,VCT 2025: Pacific Stage 2
530356,231311,BindPICK,KRX,0,4,1,1,1,3,1,16,10,2025-08-14,VCT 2025: Pacific Stage 2
530356,231311,BindPICK,TLN,2,3,2,0,0,7,3,14,6,2025-08-14,VCT 2025: Pacific Stage 2
530356,231312,HavenPICK,KRX,1,3,1,2,0,5,2,12,6,2025-08-14,VCT 2025: Pacific Stage 2
530356,231312,HavenPICK,TLN,1,3,1,1,0,3,2,15,10,2025-08-14,VCT 2025: Pacific Stage 2
530356,231313,Lotus,KRX,0,5,1,1,0,3,0,13,7,2025-08-14,VCT 2025: Pacific Stage 2
530356,231313,Lotus,TLN,2,3,2,0,0,3,2,16,10,2025-08-14,VCT 2025: Pacific Stage 2
530357,231314,SunsetPICK,PRX,1,2,1,2,0,5,1,12,11,2025-08-14,VCT 2025: Pacific Stage 2
530357,231314,SunsetPICK,T1,1,3,1,0,0,4,2,14,5,2025-08-14,VCT 2025: Pacific Stage 2
530357,231315,BindPICK,PRX,2,2,2,0,0,7,6,10,5,2025-08-14,VCT 2025: Pacific Stage 2
530357,231315,BindPICK,T1,0,4,0,3,2,1,1,11,3,2025-08-14,VCT 2025: Pacific Stage 2
530358,231317,LotusPICK,NS,2,2,2,0,0,5,4,12,7,2025-08-15,VCT 2025: Pacific Stage 2
530358,231317,LotusPICK,DFM,0,4,0,2,1,4,1,9,4,2025-08-15,VCT 2025: Pacific Stage 2
530358,231318,AscentPICK,NS,1,3,1,2,0,3,2,15,10,2025-08-15,VCT 2025: Pacific Stage 2
530358,231318,AscentPICK,DFM,1,3,1,1,0,7,4,12,5,2025-08-15,VCT 2025: Pacific Stage 2
530359,231320,HavenPICK,RRQ,1,3,1,1,0,5,2,14,7,2025-08-15,VCT 2025: Pacific Stage 2
530359,231320,HavenPICK,GEN,1,3,1,0,0,3,3,17,9,2025-08-15,VCT 2025: Pacific Stage 2
530359,231321,SunsetPICK,RRQ,1,3,1,0,0,6,3,15,9,2025-08-15,VCT 2025: Pacific Stage 2
530359,231321,SunsetPICK,GEN,1,3,1,1,0,7,3,13,7,2025-08-15,VCT 2025: Pacific Stage 2
530359,231322,Corrode,RRQ,1,3,2,1,0,3,2,12,9,2025-08-15,VCT 2025: Pacific Stage 2
530359,231322,Corrode,GEN,1,3,1,4,1,3,1,9,3,2025-08-15,VCT 2025: Pacific Stage 2
530360,231324,AscentPICK,T1,1,3,1,1,0,3,2,15,10,2025-08-16,VCT 2025: Pacific Stage 2
530360,231324,AscentPICK,NS,1,3,1,2,1,7,3,10,4,2025-08-16,VCT 2025: Pacific Stage 2
530360,231894,LotusPICK,T1,2,2,2,3,1,3,2,11,8,2025-08-16,VCT 2025: Pacific Stage 2
530360,231894,LotusPICK,NS,0,3,0,2,1,4,2,10,3,2025-08-16,VCT 2025: Pacific Stage 2
530361,231326,IceboxPICK,KRX,0,4,0,0,0,6,3,10,4,2025-08-16,VCT 2025: Pacific Stage 2
530361,231326,IceboxPICK,RRQ,2,2,2,1,1,5,3,12,7,2025-08-16,VCT 2025: Pacific Stage 2
530361,231327,CorrodePICK,KRX,1,3,1,1,1,8,3,10,4,2025-08-16,VCT 2025: Pacific Stage 2
530361,231327,CorrodePICK,RRQ,1,3,2,0,0,4,3,15,8,2025-08-16,VCT 2025: Pacific Stage 2
530362,231329,HavenPICK,TLN,2,2,2,1,0,12,7,9,2,2025-08-17,VCT 2025: Pacific Stage 2
530362,231329,HavenPICK,PRX,0,4,0,0,0,3,3,17,10,2025-08-17,VCT 2025: Pacific Stage 2
530362,231330,BindPICK,TLN,1,3,1,1,0,7,1,9,5,2025-08-17,VCT 2025: Pacific Stage 2
530362,231330,BindPICK,PRX,1,3,1,0,0,4,3,13,9,2025-08-17,VCT 2025: Pacific Stage 2
530363,231333,SunsetPICK,T1,1,3,1,2,0,2,2,17,10,2025-08-17,VCT 2025: Pacific Stage 2
530363,231333,SunsetPICK,RRQ,1,3,1,2,1,7,3,12,6,2025-08-17,VCT 2025: Pacific Stage 2
530363,231334,Haven,T1,1,3,1,2,1,4,3,19,8,2025-08-17,VCT 2025: Pacific Stage 2
530363,231334,Haven,RRQ,1,3,1,2,0,4,2,19,12,2025-08-17,VCT 2025: Pacific Stage 2
530363,232077,AscentPICK,T1,2,2,2,1,0,6,3,11,2,2025-08-17,VCT 2025: Pacific Stage 2
530363,232077,AscentPICK,RRQ,0,4,0,0,0,1,0,15,13,2025-08-17,VCT 2025: Pacific Stage 2
530364,231335,BindPICK,TLN,2,2,2,1,0,4,3,10,8,2025-08-30,VCT 2025: Pacific Stage 2
530364,231335,BindPICK,RRQ,0,4,0,0,0,3,1,10,3,2025-08-30,VCT 2025: Pacific Stage 2
530364,231336,HavenPICK,TLN,2,2,2,1,0,4,2,13,9,2025-08-30,VCT 2025: Pacific Stage 2
530364,231336,HavenPICK,RRQ,0,4,0,1,0,5,2,10,5,2025-08-30,VCT 2025: Pacific Stage 2
530364,231337,CorrodePICK,TLN,0,4,0,1,1,3,1,15,8,2025-08-30,VCT 2025: Pacific Stage 2
530364,231337,CorrodePICK,RRQ,2,3,2,1,0,3,2,16,9,2025-08-30,VCT 2025: Pacific Stage 2
530364,231338,IceboxPICK,TLN,1,3,1,0,0,9,5,7,0,2025-08-30,VCT 2025: Pacific Stage 2
530364,231338,IceboxPICK,RRQ,1,3,1,0,0,1,1,15,11,2025-08-30,VCT 2025: Pacific Stage 2
530364,231339,Sunset,TLN,1,3,1,1,0,3,3,19,8,2025-08-30,VCT 2025: Pacific Stage 2
530364,231339,Sunset,RRQ,1,3,1,1,1,4,2,18,10,2025-08-30,VCT 2025: Pacific Stage 2
530365,231341,AscentPICK,PRX,2,3,2,0,0,6,2,11,9,2025-08-31,VCT 2025: Pacific Stage 2
530365,231341,AscentPICK,RRQ,0,3,0,2,0,4,2,11,5,2025-08-31,VCT 2025: Pacific Stage 2
530365,231342,LotusPICK,PRX,1,2,1,3,0,5,1,9,4,2025-08-31,VCT 2025: Pacific Stage 2
530365,231342,LotusPICK,RRQ,1,3,1,1,1,4,3,11,8,2025-08-31,VCT 2025: Pacific Stage 2
530365,231343,HavenPICK,PRX,2,2,2,1,0,4,3,13,8,2025-08-31,VCT 2025: Pacific Stage 2
530365,231343,HavenPICK,RRQ,0,5,0,1,0,3,2,11,5,2025-08-31,VCT 2025: Pacific Stage 2
530365,233353,BindPICK,PRX,2,2,2,1,0,7,4,11,7,2025-08-31,VCT 2025: Pacific Stage 2
530365,233353,BindPICK,RRQ,0,5,0,1,0,2,0,13,8,2025-08-31,VCT 2025: Pacific Stage 2
530514,231345,Corrode,WOR,2,2,2,3,1,3,2,13,8,2025-08-30,VCT 2025: Pacific Stage 2
530514,231345,Corrode,GOA,0,4,0,3,0,1,1,13,7,2025-08-30,VCT 2025: Pacific Stage 2
530902,231348,CorrodePICK,LEV,1,3,1,1,0,4,1,15,8,2025-08-21,VCT 2025: Americas Stage 2
530902,231348,CorrodePICK,C9,1,3,1,1,0,4,2,15,10,2025-08-21,VCT 2025: Americas Stage 2
530902,231349,HavenPICK,LEV,1,3,1,2,1,3,2,15,9,2025-08-21,VCT 2025: Americas Stage 2
530902,231349,HavenPICK,C9,1,3,1,1,0,6,1,13,8,2025-08-21,VCT 2025: Americas Stage 2
530902,231350,Lotus,LEV,1,3,1,2,0,6,3,13,7,2025-08-21,VCT 2025: Americas Stage 2
530902,231350,Lotus,C9,1,2,1,3,0,8,4,11,8,2025-08-21,VCT 2025: Americas Stage 2
530903,231351,SunsetPICK,G2,2,4,2,0,0,2,0,11,11,2025-08-21,VCT 2025: Americas Stage 2
530903,231351,SunsetPICK,100T,0,3,1,0,0,6,2,8,1,2025-08-21,VCT 2025: Americas Stage 2
530903,231352,HavenPICK,G2,1,3,2,1,1,2,1,12,9,2025-08-21,VCT 2025: Americas Stage 2
530903,231352,HavenPICK,100T,1,3,1,3,0,5,2,7,2,2025-08-21,VCT 2025: Americas Stage 2
530904,231354,LotusPICK,LEV,2,2,2,2,1,6,3,16,8,2025-08-23,VCT 2025: Americas Stage 2
530904,231354,LotusPICK,KRÜ,0,4,0,0,0,3,3,19,9,2025-08-23,VCT 2025: Americas Stage 2
530904,231355,SunsetPICK,LEV,1,3,1,2,0,5,2,9,3,2025-08-23,VCT 2025: Americas Stage 2
530904,231355,SunsetPICK,KRÜ,1,3,1,1,1,2,1,13,10,2025-08-23,VCT 2025: Americas Stage 2
530904,231356,Haven,LEV,1,3,1,0,0,5,3,13,9,2025-08-23,VCT 2025: Americas Stage 2
530904,231356,Haven,KRÜ,1,3,1,1,1,6,1,11,5,2025-08-23,VCT 2025: Americas Stage 2
530905,231357,BindPICK,100T,2,2,2,0,0,4,3,11,8,2025-08-23,VCT 2025: Americas Stage 2
530905,231357,BindPICK,EG,0,4,0,1,1,3,0,9,3,2025-08-23,VCT 2025: Americas Stage 2
530905,231358,CorrodePICK,100T,2,2,2,3,1,6,3,15,8,2025-08-23,VCT 2025: Americas Stage 2
530905,231358,CorrodePICK,EG,0,4,1,3,2,0,0,19,9,2025-08-23,VCT 2025: Americas Stage 2
530906,231360,CorrodePICK,SEN,1,3,1,1,0,4,3,15,9,2025-08-22,VCT 2025: Americas Stage 2
530906,231360,CorrodePICK,C9,1,3,1,1,0,4,3,15,6,2025-08-22,VCT 2025: Americas Stage 2
530906,231361,IceboxPICK,SEN,0,4,0,1,0,4,2,13,7,2025-08-22,VCT 2025: Americas Stage 2
530906,231361,IceboxPICK,C9,2,2,2,0,0,7,3,13,8,2025-08-22,VCT 2025: Americas Stage 2
530906,231362,Lotus,SEN,1,3,1,2,1,6,2,12,9,2025-08-22,VCT 2025: Americas Stage 2
530906,231362,Lotus,C9,1,2,1,0,0,13,6,8,3,2025-08-22,VCT 2025: Americas Stage 2
530907,231363,CorrodePICK,NRG,1,3,1,0,0,6,3,14,9,2025-08-22,VCT 2025: Americas Stage 2
530907,231363,CorrodePICK,G2,1,3,1,2,1,4,1,14,7,2025-08-22,VCT 2025: Americas Stage 2
530907,231364,SunsetPICK,NRG,1,4,1,1,0,6,3,13,7,2025-08-22,VCT 2025: Americas Stage 2
530907,231364,SunsetPICK,G2,1,3,2,1,1,7,3,13,7,2025-08-22,VCT 2025: Americas Stage 2
530907,231365,Bind,NRG,2,2,2,1,0,12,3,5,2,2025-08-22,VCT 2025: Americas Stage 2
530907,231365,Bind,G2,0,4,0,2,2,0,0,14,11,2025-08-22,VCT 2025: Americas Stage 2
530908,231366,AscentPICK,NRG,1,3,1,0,0,1,1,11,11,2025-08-24,VCT 2025: Americas Stage 2
530908,231366,AscentPICK,LEV,1,2,1,3,0,6,1,4,0,2025-08-24,VCT 2025: Americas Stage 2
530908,231367,IceboxPICK,NRG,2,2,2,0,0,3,3,10,8,2025-08-24,VCT 2025: Americas Stage 2
530908,231367,IceboxPICK,LEV,0,3,0,3,0,5,0,4,2,2025-08-24,VCT 2025: Americas Stage 2
530909,231369,HavenPICK,C9,1,3,1,1,0,5,5,13,7,2025-08-24,VCT 2025: Americas Stage 2
530909,231369,HavenPICK,100T,1,3,1,2,2,5,3,12,3,2025-08-24,VCT 2025: Americas Stage 2
530909,231370,IceboxPICK,C9,1,3,1,2,2,6,2,15,9,2025-08-24,VCT 2025: Americas Stage 2
530909,231370,IceboxPICK,100T,1,3,2,1,1,7,3,15,6,2025-08-24,VCT 2025: Americas Stage 2
530910,231372,BindPICK,SEN,1,4,1,0,0,5,2,12,5,2025-08-29,VCT 2025: Americas Stage 2
530910,231372,BindPICK,G2,1,3,1,1,1,3,3,14,8,2025-08-29,VCT 2025: Americas Stage 2
530910,231373,SunsetPICK,SEN,1,3,1,2,1,7,4,10,3,2025-08-29,VCT 2025: Americas Stage 2
530910,231373,SunsetPICK,G2,1,3,1,2,0,4,4,13,8,2025-08-29,VCT 2025: Americas Stage 2
530911,231376,CorrodePICK,NRG,2,3,2,0,0,2,1,10,10,2025-08-29,VCT 2025: Americas Stage 2
530911,231376,CorrodePICK,C9,0,2,0,1,0,7,2,5,0,2025-08-29,VCT 2025: Americas Stage 2
530911,231377,Lotus,NRG,0,3,1,2,0,4,3,14,9,2025-08-29,VCT 2025: Americas Stage 2
530911,231377,Lotus,C9,2,2,2,2,0,9,4,10,4,2025-08-29,VCT 2025: Americas Stage 2
530911,233203,HavenPICK,NRG,0,4,0,0,0,10,5,9,5,2025-08-29,VCT 2025: Americas Stage 2
530911,233203,HavenPICK,C9,2,2,2,0,0,8,5,13,6,2025-08-29,VCT 2025: Americas Stage 2
530912,231378,LotusPICK,SEN,1,3,1,2,1,4,1,8,1,2025-08-30,VCT 2025: Americas Stage 2
530912,231378,LotusPICK,NRG,1,3,1,0,0,2,2,12,10,2025-08-30,VCT 2025: Americas Stage 2
530912,231379,IceboxPICK,SEN,0,3,0,2,0,4,2,15,9,2025-08-30,VCT 2025: Americas Stage 2
530912,231379,IceboxPICK,NRG,2,2,2,2,0,9,5,11,6,2025-08-30,VCT 2025: Americas Stage 2
530912,231380,SunsetPICK,SEN,2,2,2,1,1,7,4,13,6,2025-08-30,VCT 2025: Americas Stage 2
530912,231380,SunsetPICK,NRG,0,4,0,1,0,7,3,11,7,2025-08-30,VCT 2025: Americas Stage 2
530912,231381,CorrodePICK,SEN,1,3,1,0,0,8,2,10,5,2025-08-30,VCT 2025: Americas Stage 2
530912,231381,CorrodePICK,NRG,1,4,1,0,0,5,3,12,9,2025-08-30,VCT 2025: Americas Stage 2
530913,231383,BindPICK,G2,1,3,1,0,0,6,3,15,9,2025-08-31,VCT 2025: Americas Stage 2
530913,231383,BindPICK,NRG,1,4,1,0,0,5,2,15,8,2025-08-31,VCT 2025: Americas Stage 2
530913,231384,LotusPICK,G2,2,2,2,1,0,5,4,13,7,2025-08-31,VCT 2025: Americas Stage 2
530913,231384,LotusPICK,NRG,0,4,0,2,0,2,1,13,7,2025-08-31,VCT 2025: Americas Stage 2
530913,231385,AscentPICK,G2,0,4,0,1,1,2,1,16,11,2025-08-31,VCT 2025: Americas Stage 2
530913,231385,AscentPICK,NRG,2,2,2,3,0,8,4,10,4,2025-08-31,VCT 2025: Americas Stage 2
530924,231388,CorrodePICK,FNC,2,2,2,0,0,6,4,12,7,2025-08-21,VCT 2025: EMEA Stage 2
530924,231388,CorrodePICK,BBL,0,4,0,3,1,2,0,11,6,2025-08-21,VCT 2025: EMEA Stage 2
530924,231389,AscentPICK,FNC,1,3,2,1,0,8,2,8,3,2025-08-21,VCT 2025: EMEA Stage 2
530924,231389,AscentPICK,BBL,1,3,1,0,0,2,0,15,12,2025-08-21,VCT 2025: EMEA Stage 2
530924,231390,Haven,FNC,0,4,1,0,0,6,1,12,7,2025-08-21,VCT 2025: EMEA Stage 2
530924,231390,Haven,BBL,2,2,2,2,0,6,3,12,8,2025-08-21,VCT 2025: EMEA Stage 2
530925,231391,BindPICK,GX,0,3,0,3,1,5,2,7,2,2025-08-21,VCT 2025: EMEA Stage 2
530925,231391,BindPICK,NAVI,2,2,2,0,0,3,3,13,8,2025-08-21,VCT 2025: EMEA Stage 2
530925,231392,HavenPICK,GX,2,2,2,0,0,8,6,11,5,2025-08-21,VCT 2025: EMEA Stage 2
530925,231392,HavenPICK,NAVI,0,3,0,2,0,5,2,11,6,2025-08-21,VCT 2025: EMEA Stage 2
530925,231393,Ascent,GX,1,3,1,1,1,2,2,13,9,2025-08-21,VCT 2025: EMEA Stage 2
530925,231393,Ascent,NAVI,1,3,1,1,0,6,2,9,3,2025-08-21,VCT 2025: EMEA Stage 2
530926,231394,HavenPICK,FNC,2,2,2,1,0,10,8,13,2,2025-08-23,VCT 2025: EMEA Stage 2
530926,231394,HavenPICK,KC,0,4,0,0,0,1,1,21,13,2025-08-23,VCT 2025: EMEA Stage 2
530926,231395,CorrodePICK,FNC,1,3,1,1,1,7,4,15,8,2025-08-23,VCT 2025: EMEA Stage 2
530926,231395,CorrodePICK,KC,1,3,1,3,0,2,2,18,9,2025-08-23,VCT 2025: EMEA Stage 2
530926,232628,Bind,FNC,2,2,2,0,0,8,4,11,7,2025-08-23,VCT 2025: EMEA Stage 2
530926,232628,Bind,KC,0,4,0,1,0,4,1,12,7,2025-08-23,VCT 2025: EMEA Stage 2
530927,231397,HavenPICK,NAVI,1,3,1,0,0,4,3,13,9,2025-08-23,VCT 2025: EMEA Stage 2
530927,231397,HavenPICK,VIT,1,3,1,1,0,10,4,6,2,2025-08-23,VCT 2025: EMEA Stage 2
530927,231398,BindPICK,NAVI,2,2,2,2,1,6,1,14,9,2025-08-23,VCT 2025: EMEA Stage 2
530927,231398,BindPICK,VIT,0,4,1,1,0,3,1,16,9,2025-08-23,VCT 2025: EMEA Stage 2
530928,231400,IceboxPICK,TH,0,4,1,1,1,6,2,8,2,2025-08-22,VCT 2025: EMEA Stage 2
530928,231400,IceboxPICK,BBL,2,3,2,2,2,4,2,10,7,2025-08-22,VCT 2025: EMEA Stage 2
530928,231401,AscentPICK,TH,0,4,0,2,0,2,1,16,10,2025-08-22,VCT 2025: EMEA Stage 2
530928,231401,AscentPICK,BBL,2,2,2,3,1,4,2,15,8,2025-08-22,VCT 2025: EMEA Stage 2
530929,231403,SunsetPICK,TL,1,3,1,1,1,2,2,11,9,2025-08-22,VCT 2025: EMEA Stage 2
530929,231403,SunsetPICK,GX,1,3,1,1,0,4,1,9,2,2025-08-22,VCT 2025: EMEA Stage 2
530929,231404,CorrodePICK,TL,2,2,2,2,0,6,3,14,6,2025-08-22,VCT 2025: EMEA Stage 2
530929,231404,CorrodePICK,GX,0,4,0,3,0,3,1,14,12,2025-08-22,VCT 2025: EMEA Stage 2
530929,231405,Ascent,TL,1,3,1,3,0,5,2,15,11,2025-08-22,VCT 2025: EMEA Stage 2
530929,231405,Ascent,GX,1,4,1,1,0,5,2,16,9,2025-08-22,VCT 2025: EMEA Stage 2
530930,231406,LotusPICK,GX,1,3,1,0,0,5,2,15,10,2025-08-24,VCT 2025: EMEA Stage 2
530930,231406,LotusPICK,FNC,1,3,1,2,0,7,4,11,5,2025-08-24,VCT 2025: EMEA Stage 2
530930,231407,SunsetPICK,GX,2,2,2,1,0,8,5,12,6,2025-08-24,VCT 2025: EMEA Stage 2
530930,231407,SunsetPICK,FNC,0,4,0,0,0,4,2,15,8,2025-08-24,VCT 2025: EMEA Stage 2
530931,231409,IceboxPICK,TH,0,5,0,1,0,3,1,7,2,2025-08-24,VCT 2025: EMEA Stage 2
530931,231409,IceboxPICK,NAVI,2,2,2,0,0,3,3,11,8,2025-08-24,VCT 2025: EMEA Stage 2
530931,231410,HavenPICK,TH,1,3,1,2,0,5,1,10,5,2025-08-24,VCT 2025: EMEA Stage 2
530931,231410,HavenPICK,NAVI,1,3,1,0,0,3,2,14,10,2025-08-24,VCT 2025: EMEA Stage 2
530932,231412,AscentPICK,BBL,1,3,1,1,1,6,2,13,6,2025-08-29,VCT 2025: EMEA Stage 2
530932,231412,AscentPICK,TL,1,3,1,1,0,5,4,14,8,2025-08-29,VCT 2025: EMEA Stage 2
530932,231413,SunsetPICK,BBL,0,4,1,2,1,3,3,14,8,2025-08-29,VCT 2025: EMEA Stage 2
530932,231413,SunsetPICK,TL,2,2,2,2,0,8,4,11,4,2025-08-29,VCT 2025: EMEA Stage 2
530932,231414,Bind,BBL,2,3,2,1,1,8,4,14,5,2025-08-29,VCT 2025: EMEA Stage 2
530932,231414,Bind,TL,0,4,1,0,0,6,3,16,10,2025-08-29,VCT 2025: EMEA Stage 2
530933,231415,IceboxPICK,GX,1,3,1,1,0,5,2,10,3,2025-08-29,VCT 2025: EMEA Stage 2
530933,231415,IceboxPICK,NAVI,1,3,1,0,0,2,2,14,10,2025-08-29,VCT 2025: EMEA Stage 2
530933,231416,SunsetPICK,GX,2,2,2,1,0,4,3,12,8,2025-08-29,VCT 2025: EMEA Stage 2
530933,231416,SunsetPICK,NAVI,0,4,0,2,1,3,0,10,5,2025-08-29,VCT 2025: EMEA Stage 2
530933,231417,Haven,GX,2,2,2,1,1,3,2,11,8,2025-08-29,VCT 2025: EMEA Stage 2
530933,231417,Haven,NAVI,0,4,0,1,0,3,2,9,2,2025-08-29,VCT 2025: EMEA Stage 2
530934,231418,AscentPICK,BBL,0,3,0,2,0,4,0,6,2,2025-08-30,VCT 2025: EMEA Stage 2
530934,231418,AscentPICK,GX,2,2,2,0,0,3,2,10,9,2025-08-30,VCT 2025: EMEA Stage 2
530934,231419,SunsetPICK,BBL,1,3,1,2,0,5,2,11,5,2025-08-30,VCT 2025: EMEA Stage 2
530934,231419,SunsetPICK,GX,1,3,1,1,0,1,1,16,11,2025-08-30,VCT 2025: EMEA Stage 2
530934,233349,BindPICK,BBL,0,4,0,2,0,4,3,9,3,2025-08-30,VCT 2025: EMEA Stage 2
530934,233349,BindPICK,GX,2,2,2,2,2,4,3,11,6,2025-08-30,VCT 2025: EMEA Stage 2
530935,231423,BindPICK,TL,1,3,1,2,0,3,2,15,10,2025-08-31,VCT 2025: EMEA Stage 2
530935,231423,BindPICK,GX,1,3,1,1,0,9,4,10,5,2025-08-31,VCT 2025: EMEA Stage 2
530935,231424,LotusPICK,TL,1,3,1,1,0,2,1,16,11,2025-08-31,VCT 2025: EMEA Stage 2
530935,231424,LotusPICK,GX,1,3,1,3,1,6,2,10,5,2025-08-31,VCT 2025: EMEA Stage 2
530935,231425,SunsetPICK,TL,2,2,2,2,1,7,5,12,5,2025-08-31,VCT 2025: EMEA Stage 2
530935,231425,SunsetPICK,GX,0,4,0,2,0,3,3,14,7,2025-08-31,VCT 2025: EMEA Stage 2
536985,232626,Corrode,ALP,1,2,1,0,0,6,5,9,7,2025-08-30,VCT 2025: Americas Stage 2
536985,232626,Corrode,OME,1,3,2,1,0,8,1,5,1,2025-08-30,VCT 2025: Americas Stage 2
538583,232785,Corrode,FRA,0,4,1,1,0,5,2,10,4,2025-08-31,VCT 2025: EMEA Stage 2
538583,232785,Corrode,EMEA,2,3,2,0,0,5,3,12,8,2025-08-31,VCT 2025: EMEA Stage 2
542195,233397,BindPICK,PRX,1,4,2,0,0,3,2,15,9,2025-09-12,Valorant Champions 2025
542195,233397,BindPICK,XLG,1,3,1,1,0,8,3,10,5,2025-09-12,Valorant Champions 2025
542195,233398,SunsetPICK,PRX,2,2,2,1,0,5,4,10,7,2025-09-12,Valorant Champions 2025
542195,233398,SunsetPICK,XLG,0,4,0,2,0,3,0,9,5,2025-09-12,Valorant Champions 2025
542196,233400,CorrodePICK,GX,1,3,1,2,0,4,1,10,4,2025-09-12,Valorant Champions 2025
542196,233400,CorrodePICK,SEN,1,3,1,0,0,2,2,14,10,2025-09-12,Valorant Champions 2025
542196,233401,SunsetPICK,GX,1,4,2,0,0,1,0,12,11,2025-09-12,Valorant Champions 2025
542196,233401,SunsetPICK,SEN,1,3,2,0,0,11,1,3,1,2025-09-12,Valorant Champions 2025
542196,233402,Haven,GX,1,3,1,1,0,4,3,14,9,2025-09-12,Valorant Champions 2025
542196,233402,Haven,SEN,1,3,1,1,0,6,3,12,5,2025-09-12,Valorant Champions 2025
542197,233403,AscentPICK,PRX,2,3,2,2,0,6,3,13,6,2025-09-17,Valorant Champions 2025
542197,233403,AscentPICK,GX,0,4,1,0,0,2,2,18,10,2025-09-17,Valorant Champions 2025
542197,233404,LotusPICK,PRX,1,3,1,0,0,5,2,15,10,2025-09-17,Valorant Champions 2025
542197,233404,LotusPICK,GX,1,3,1,3,1,4,2,13,6,2025-09-17,Valorant Champions 2025
542197,233405,Sunset,PRX,2,2,2,0,0,3,3,14,8,2025-09-17,Valorant Champions 2025
542197,233405,Sunset,GX,0,3,0,2,1,7,2,7,3,2025-09-17,Valorant Champions 2025
542198,233406,AbyssPICK,XLG,0,4,1,0,0,4,2,15,7,2025-09-19,Valorant Champions 2025
542198,233406,AbyssPICK,SEN,2,3,2,0,0,5,3,15,8,2025-09-19,Valorant Champions 2025
542198,233407,LotusPICK,XLG,0,4,0,1,0,3,1,16,12,2025-09-19,Valorant Champions 2025
542198,233407,LotusPICK,SEN,2,2,2,1,0,10,4,11,5,2025-09-19,Valorant Champions 2025
542198,233408,Haven,XLG,1,3,1,1,1,5,3,12,8,2025-09-19,Valorant Champions 2025
542198,233408,Haven,SEN,1,3,1,2,1,4,1,12,5,2025-09-19,Valorant Champions 2025
542199,233409,BindPICK,GX,1,3,1,3,1,6,3,14,9,2025-09-21,Valorant Champions 2025
542199,233409,BindPICK,XLG,1,3,1,0,0,6,5,17,6,2025-09-21,Valorant Champions 2025
542199,233410,AscentPICK,GX,2,2,2,1,1,7,3,13,7,2025-09-21,Valorant Champions 2025
542199,233410,AscentPICK,XLG,0,4,0,0,0,6,1,13,9,2025-09-21,Valorant Champions 2025
542200,233412,HavenPICK,BLG,0,3,0,1,0,5,0,6,2,2025-09-15,Valorant Champions 2025
542200,233412,HavenPICK,MIBR,2,2,2,0,0,5,4,8,7,2025-09-15,Valorant Champions 2025
542200,233413,CorrodePICK,BLG,0,4,1,0,0,5,3,13,5,2025-09-15,Valorant Champions 2025
542200,233413,CorrodePICK,MIBR,2,2,2,1,1,4,3,15,7,2025-09-15,Valorant Champions 2025
542201,233415,AscentPICK,RRQ,0,4,0,1,0,0,0,18,10,2025-09-15,Valorant Champions 2025
542201,233415,AscentPICK,FNC,2,2,2,1,0,9,5,11,6,2025-09-15,Valorant Champions 2025
542201,233416,AbyssPICK,RRQ,1,3,1,3,0,4,2,10,4,2025-09-15,Valorant Champions 2025
542201,233416,AbyssPICK,FNC,1,3,1,1,0,6,5,10,7,2025-09-15,Valorant Champions 2025
542202,233418,BindPICK,MIBR,1,3,1,0,0,2,2,13,10,2025-09-18,Valorant Champions 2025
542202,233418,BindPICK,FNC,1,3,1,1,0,7,2,7,2,2025-09-18,Valorant Champions 2025
542202,233419,AbyssPICK,MIBR,1,4,1,0,0,5,1,11,5,2025-09-18,Valorant Champions 2025
542202,233419,AbyssPICK,FNC,1,3,1,2,1,3,2,12,9,2025-09-18,Valorant Champions 2025
542202,233420,Haven,MIBR,0,4,0,1,0,6,3,12,7,2025-09-18,Valorant Champions 2025
542202,233420,Haven,FNC,2,2,2,2,1,5,3,14,7,2025-09-18,Valorant Champions 2025
542203,233421,SunsetPICK,BLG,2,2,2,0,0,9,5,9,6,2025-09-20,Valorant Champions 2025
542203,233421,SunsetPICK,RRQ,0,4,0,1,0,1,0,14,7,2025-09-20,Valorant Champions 2025
542203,233422,LotusPICK,BLG,1,3,1,1,0,10,3,7,4,2025-09-20,Valorant Champions 2025
542203,233422,LotusPICK,RRQ,1,3,1,2,1,2,1,14,10,2025-09-20,Valorant Champions 2025
542203,233423,Abyss,BLG,1,3,1,0,0,10,3,4,0,2025-09-20,Valorant Champions 2025
542203,233423,Abyss,RRQ,1,3,1,0,0,2,2,12,10,2025-09-20,Valorant Champions 2025
542204,233424,CorrodePICK,MIBR,2,2,2,0,0,5,4,11,7,2025-09-22,Valorant Champions 2025
542204,233424,CorrodePICK,RRQ,0,4,0,1,0,2,1,11,4,2025-09-22,Valorant Champions 2025
542204,233425,AbyssPICK,MIBR,2,2,2,0,0,4,4,12,7,2025-09-22,Valorant Champions 2025
542204,233425,AbyssPICK,RRQ,0,4,0,1,0,5,2,8,3,2025-09-22,Valorant Champions 2025
542205,233427,AbyssPICK,TL,0,4,0,1,1,6,0,10,7,2025-09-13,Valorant Champions 2025
542205,233427,AbyssPICK,KRX,2,2,2,0,0,4,3,15,8,2025-09-13,Valorant Champions 2025
542205,233428,BindPICK,TL,1,3,2,1,0,5,2,14,6,2025-09-13,Valorant Champions 2025
542205,233428,BindPICK,KRX,1,3,1,2,1,2,1,16,10,2025-09-13,Valorant Champions 2025
542207,233430,AbyssPICK,NRG,0,4,0,1,0,7,3,20,14,2025-09-13,Valorant Champions 2025
542207,233430,AbyssPICK,EDG,2,3,2,1,0,5,2,23,11,2025-09-13,Valorant Champions 2025
542207,233431,CorrodePICK,NRG,1,3,1,1,0,5,2,15,10,2025-09-13,Valorant Champions 2025
542207,233431,CorrodePICK,EDG,1,3,1,1,0,5,2,15,8,2025-09-13,Valorant Champions 2025
542208,233433,HavenPICK,KRX,2,2,2,0,0,5,5,10,6,2025-09-17,Valorant Champions 2025
542208,233433,HavenPICK,NRG,0,4,0,1,0,4,0,8,4,2025-09-17,Valorant Champions 2025
542208,233434,CorrodePICK,KRX,1,3,2,0,0,5,3,16,6,2025-09-17,Valorant Champions 2025
542208,233434,CorrodePICK,NRG,1,3,1,1,0,6,3,14,9,2025-09-17,Valorant Champions 2025
542208,233435,Lotus,KRX,1,3,1,2,0,4,2,15,8,2025-09-17,Valorant Champions 2025
542208,233435,Lotus,NRG,1,4,1,0,0,6,3,14,9,2025-09-17,Valorant Champions 2025
542209,233436,SunsetPICK,TL,0,3,0,1,0,6,3,6,0,2025-09-19,Valorant Champions 2025
542209,233436,SunsetPICK,EDG,2,2,2,1,0,2,2,11,9,2025-09-19,Valorant Champions 2025
542209,233437,AbyssPICK,TL,1,3,1,0,0,1,1,15,11,2025-09-19,Valorant Champions 2025
542209,233437,AbyssPICK,EDG,1,3,1,2,0,6,2,8,3,2025-09-19,Valorant Champions 2025
542209,233438,Bind,TL,0,4,1,2,0,2,2,20,12,2025-09-19,Valorant Champions 2025
542209,233438,Bind,EDG,2,2,2,1,1,6,1,19,9,2025-09-19,Valorant Champions 2025
542210,233439,CorrodePICK,KRX,1,3,1,0,0,6,4,12,8,2025-09-21,Valorant Champions 2025
542210,233439,CorrodePICK,TL,1,3,1,1,0,7,5,10,2,2025-09-21,Valorant Champions 2025
542210,233440,AbyssPICK,KRX,2,2,2,2,0,4,2,12,9,2025-09-21,Valorant Champions 2025
542210,233440,AbyssPICK,TL,0,4,0,0,0,5,1,11,6,2025-09-21,Valorant Champions 2025
542211,233442,CorrodePICK,G2,0,4,1,3,0,1,0,15,9,2025-09-14,Valorant Champions 2025
542211,233442,CorrodePICK,TH,2,2,2,2,0,5,2,14,9,2025-09-14,Valorant Champions 2025
542211,233443,LotusPICK,G2,1,2,1,2,1,9,3,10,5,2025-09-14,Valorant Champions 2025
542211,233443,LotusPICK,TH,1,3,1,1,0,4,3,15,9,2025-09-14,Valorant Champions 2025
542212,233445,LotusPICK,DRG,2,2,2,2,0,4,2,21,9,2025-09-14,Valorant Champions 2025
542212,233445,LotusPICK,T1,0,4,0,1,0,4,1,20,15,2025-09-14,Valorant Champions 2025
542212,233446,SunsetPICK,DRG,0,4,0,1,1,4,3,21,10,2025-09-14,Valorant Champions 2025
542212,233446,SunsetPICK,T1,2,3,3,4,1,4,3,19,9,2025-09-14,Valorant Champions 2025
542213,233448,LotusPICK,TH,1,3,2,1,0,2,1,17,10,2025-09-18,Valorant Champions 2025
542213,233448,LotusPICK,T1,1,3,1,3,0,3,1,14,8,2025-09-18,Valorant Champions 2025
542213,233449,SunsetPICK,TH,0,4,0,0,0,3,1,17,12,2025-09-18,Valorant Champions 2025
542213,233449,SunsetPICK,T1,2,2,2,1,0,7,3,14,6,2025-09-18,Valorant Champions 2025
542214,233451,LotusPICK,G2,1,3,2,0,0,4,2,13,9,2025-09-20,Valorant Champions 2025
542214,233451,LotusPICK,DRG,1,4,1,1,0,3,0,12,6,2025-09-20,Valorant Champions 2025
542214,233452,AbyssPICK,G2,2,2,2,1,0,5,2,12,9,2025-09-20,Valorant Champions 2025
542214,233452,AbyssPICK,DRG,0,4,0,3,0,3,1,10,6,2025-09-20,Valorant Champions 2025
542215,233454,LotusPICK,T1,1,3,1,0,0,6,2,13,6,2025-09-22,Valorant Champions 2025
542215,233454,LotusPICK,G2,1,3,1,0,0,6,4,13,8,2025-09-22,Valorant Champions 2025
542215,233455,CorrodePICK,T1,0,4,0,4,2,1,0,12,6,2025-09-22,Valorant Champions 2025
542215,233455,CorrodePICK,G2,2,2,2,0,0,6,3,13,8,2025-09-22,Valorant Champions 2025
542264,233457,HavenPICK,FNC,2,2,2,2,0,6,2,14,9,2025-09-25,Valorant Champions 2025
542264,233457,HavenPICK,KRX,0,4,1,3,0,2,0,15,10,2025-09-25,Valorant Champions 2025
542264,233458,AscentPICK,FNC,2,2,2,1,0,8,2,10,4,2025-09-25,Valorant Champions 2025
542264,233458,AscentPICK,KRX,0,4,0,1,0,1,1,15,12,2025-09-25,Valorant Champions 2025
542264,233459,Lotus,FNC,1,3,1,0,0,2,2,13,10,2025-09-25,Valorant Champions 2025
542264,233459,Lotus,KRX,1,2,1,2,0,5,1,9,3,2025-09-25,Valorant Champions 2025
542265,233460,LotusPICK,PRX,0,4,1,0,0,4,2,16,10,2025-09-25,Valorant Champions 2025
542265,233460,LotusPICK,G2,2,2,2,3,1,4,2,15,6,2025-09-25,Valorant Champions 2025
542265,233461,CorrodePICK,PRX,2,2,2,1,1,9,6,16,4,2025-09-25,Valorant Champions 2025
542265,233461,CorrodePICK,G2,0,4,1,1,0,2,2,21,12,2025-09-25,Valorant Champions 2025
542265,233462,Ascent,PRX,2,2,2,0,0,9,5,13,6,2025-09-25,Valorant Champions 2025
542265,233462,Ascent,G2,0,4,0,3,0,0,0,17,11,2025-09-25,Valorant Champions 2025
542266,233463,CorrodePICK,TH,1,3,1,2,0,5,5,16,6,2025-09-26,Valorant Champions 2025
542266,233463,CorrodePICK,MIBR,1,3,1,1,0,1,1,21,12,2025-09-26,Valorant Champions 2025
542266,233464,SunsetPICK,TH,1,3,1,1,0,8,4,7,1,2025-09-26,Valorant Champions 2025
542266,233464,SunsetPICK,MIBR,1,2,1,1,0,2,2,14,10,2025-09-26,Valorant Champions 2025
542267,233466,HavenPICK,NRG,2,2,2,0,0,2,2,10,9,2025-09-26,Valorant Champions 2025
542267,233466,HavenPICK,GX,0,3,0,3,0,2,0,6,1,2025-09-26,Valorant Champions 2025
542267,233467,LotusPICK,NRG,0,4,1,0,0,0,0,15,12,2025-09-26,Valorant Champions 2025
542267,233467,LotusPICK,GX,2,2,2,3,0,7,2,7,2,2025-09-26,Valorant Champions 2025
542268,233469,BindPICK,FNC,0,4,0,1,0,3,2,15,8,2025-09-28,Valorant Champions 2025
542268,233469,BindPICK,PRX,2,2,2,1,0,8,5,12,6,2025-09-28,Valorant Champions 2025
542268,233470,HavenPICK,FNC,1,3,2,0,0,2,2,12,9,2025-09-28,Valorant Champions 2025
542268,233470,HavenPICK,PRX,1,4,1,1,0,6,1,6,2,2025-09-28,Valorant Champions 2025
542268,233471,Lotus,FNC,2,2,2,1,0,9,3,10,8,2025-09-28,Valorant Champions 2025
542268,233471,Lotus,PRX,0,4,1,0,0,4,0,14,8,2025-09-28,Valorant Champions 2025
542269,233472,AbyssPICK,MIBR,1,3,1,0,0,3,2,24,11,2025-09-28,Valorant Champions 2025
542269,233472,AbyssPICK,NRG,1,4,1,0,0,4,3,22,12,2025-09-28,Valorant Champions 2025
542269,233473,HavenPICK,MIBR,2,2,2,0,0,4,2,11,9,2025-09-28,Valorant Champions 2025
542269,233473,HavenPICK,NRG,0,4,0,2,0,4,1,7,3,2025-09-28,Valorant Champions 2025
542269,233474,Corrode,MIBR,2,3,2,1,0,5,2,21,10,2025-09-28,Valorant Champions 2025
542269,233474,Corrode,NRG,0,5,1,0,0,2,0,23,15,2025-09-28,Valorant Champions 2025
542270,233475,AscentPICK,FNC,1,3,1,1,1,8,5,14,5,2025-10-03,Valorant Champions 2025
542270,233475,AscentPICK,NRG,1,4,1,0,0,5,4,17,9,2025-10-03,Valorant Champions 2025
542270,233476,AbyssPICK,FNC,1,3,1,2,0,5,1,8,3,2025-10-03,Valorant Champions 2025
542270,233476,AbyssPICK,NRG,1,4,2,0,0,3,1,11,10,2025-10-03,Valorant Champions 2025
542272,233478,CorrodePICK,NRG,1,3,1,0,0,1,1,12,11,2025-10-05,Valorant Champions 2025
542272,233478,CorrodePICK,FNC,1,3,1,1,0,8,2,4,0,2025-10-05,Valorant Champions 2025
542272,233479,LotusPICK,NRG,1,3,1,0,0,3,3,13,9,2025-10-05,Valorant Champions 2025
542272,233479,LotusPICK,FNC,1,3,1,2,1,5,3,9,1,2025-10-05,Valorant Champions 2025
542272,233480,AbyssPICK,NRG,1,4,1,1,0,4,3,19,9,2025-10-05,Valorant Champions 2025
542272,233480,AbyssPICK,FNC,1,3,1,0,0,8,3,17,11,2025-10-05,Valorant Champions 2025
542272,233481,AscentPICK,NRG,1,4,1,0,0,4,3,13,4,2025-10-05,Valorant Champions 2025
542272,233481,AscentPICK,FNC,1,3,1,2,1,3,1,13,10,2025-10-05,Valorant Champions 2025
542272,233482,Sunset,NRG,0,4,0,0,0,1,1,13,12,2025-10-05,Valorant Champions 2025
542272,233482,Sunset,FNC,2,2,2,3,0,9,3,4,0,2025-10-05,Valorant Champions 2025
542273,233483,LotusPICK,KRX,2,3,2,2,0,5,2,10,3,2025-09-27,Valorant Champions 2025
542273,233483,LotusPICK,G2,0,3,0,0,0,3,2,14,11,2025-09-27,Valorant Champions 2025
542273,233484,AbyssPICK,KRX,1,3,1,1,0,3,1,16,11,2025-09-27,Valorant Champions 2025
542273,233484,AbyssPICK,G2,1,4,1,0,0,7,2,12,7,2025-09-27,Valorant Champions 2025
542273,233485,Bind,KRX,1,3,1,0,0,3,1,14,11,2025-09-27,Valorant Champions 2025
542273,233485,Bind,G2,1,4,1,1,1,5,1,10,4,2025-09-27,Valorant Champions 2025
542274,233486,AscentPICK,TH,1,3,2,0,0,2,2,12,9,2025-09-27,Valorant Champions 2025
542274,233486,AscentPICK,GX,1,3,1,3,1,6,1,5,1,2025-09-27,Valorant Champions 2025
542274,233487,LotusPICK,TH,0,4,1,0,0,4,0,8,2,2025-09-27,Valorant Champions 2025
542274,233487,LotusPICK,GX,2,2,2,1,0,4,3,9,8,2025-09-27,Valorant Champions 2025
542274,233488,Bind,TH,1,3,1,4,3,4,3,11,6,2025-09-27,Valorant Champions 2025
542274,233488,Bind,GX,1,3,1,0,0,7,5,12,3,2025-09-27,Valorant Champions 2025
542276,233489,SunsetPICK,MIBR,1,3,1,2,0,6,4,12,8,2025-09-29,Valorant Champions 2025
542276,233489,SunsetPICK,KRX,1,3,1,1,0,5,2,14,7,2025-09-29,Valorant Champions 2025
542276,233490,AscentPICK,MIBR,2,2,2,3,2,6,3,17,6,2025-09-29,Valorant Champions 2025
542276,233490,AscentPICK,KRX,0,5,1,1,1,1,0,21,13,2025-09-29,Valorant Champions 2025
542276,233491,Bind,MIBR,0,3,0,3,0,3,3,14,7,2025-09-29,Valorant Champions 2025
542276,233491,Bind,KRX,2,2,2,1,1,7,4,13,6,2025-09-29,Valorant Champions 2025
542277,233492,AscentPICK,PRX,1,3,1,1,0,5,4,15,8,2025-09-29,Valorant Champions 2025
542277,233492,AscentPICK,TH,1,3,1,3,1,7,5,11,4,2025-09-29,Valorant Champions 2025
542277,233493,BindPICK,PRX,1,3,1,2,0,4,2,13,6,2025-09-29,Valorant Champions 2025
542277,233493,BindPICK,TH,1,3,1,2,2,6,4,11,6,2025-09-29,Valorant Champions 2025
542277,233494,Lotus,PRX,1,3,1,0,0,4,3,10,9,2025-09-29,Valorant Champions 2025
542277,233494,Lotus,TH,1,3,1,1,0,6,1,7,2,2025-09-29,Valorant Champions 2025
542278,233495,AscentPICK,KRX,1,3,1,1,0,4,1,20,13,2025-10-03,Valorant Champions 2025
542278,233495,AscentPICK,PRX,1,3,1,2,0,5,2,18,10,2025-10-03,Valorant Champions 2025
542278,233496,LotusPICK,KRX,2,2,2,1,0,6,4,12,7,2025-10-03,Valorant Champions 2025
542278,233496,LotusPICK,PRX,0,4,0,1,0,2,0,14,8,2025-10-03,Valorant Champions 2025
542279,233498,SunsetPICK,FNC,1,3,1,1,0,10,5,7,2,2025-10-04,Valorant Champions 2025
542279,233498,SunsetPICK,KRX,1,3,1,0,0,3,2,15,10,2025-10-04,Valorant Champions 2025
542279,233499,CorrodePICK,FNC,1,3,1,0,0,2,2,11,10,2025-10-04,Valorant Champions 2025
542279,233499,CorrodePICK,KRX,1,3,1,3,0,3,1,7,1,2025-10-04,Valorant Champions 2025
542279,233500,HavenPICK,FNC,0,4,1,0,0,4,2,16,10,2025-10-04,Valorant Champions 2025
542279,233500,HavenPICK,KRX,2,2,2,1,0,8,4,13,5,2025-10-04,Valorant Champions 2025
542279,233501,BindPICK,FNC,1,3,1,0,0,3,3,11,9,2025-10-04,Valorant Champions 2025
542279,233501,BindPICK,KRX,1,3,1,2,0,5,2,7,1,2025-10-04,Valorant Champions 2025
582193,240381,Sunset,TH,0,4,0,2,0,4,3,10,4,2025-11-08,TEN Global Invitational 2025
582193,240381,Sunset,NS,2,2,2,0,0,7,4,11,7,2025-11-08,TEN Global Invitational 2025
582194,240382,Pearl,KRX,1,3,2,1,0,4,2,13,9,2025-11-08,TEN Global Invitational 2025
582194,240382,Pearl,NS,1,2,1,3,1,7,3,9,3,2025-11-08,TEN Global Invitational 2025
582195,240383,Bind,KRX,2,2,2,0,0,4,4,11,7,2025-11-08,TEN Global Invitational 2025
582195,240383,Bind,WOL,0,4,0,3,0,1,1,9,3,2025-11-08,TEN Global Invitational 2025
582196,240384,Split,TH,0,4,0,0,0,2,0,17,10,2025-11-08,TEN Global Invitational 2025
582196,240384,Split,WOL,2,2,2,0,0,8,5,13,6,2025-11-08,TEN Global Invitational 2025
582197,240385,Haven,TH,1,3,1,3,0,4,1,11,6,2025-11-08,TEN Global Invitational 2025
582197,240385,Haven,KRX,1,3,1,1,0,5,4,12,8,2025-11-08,TEN Global Invitational 2025
582198,240386,Abyss,WOL,1,4,1,3,1,1,0,14,7,2025-11-08,TEN Global Invitational 2025
582198,240386,Abyss,NS,1,3,2,0,0,3,2,16,9,2025-11-08,TEN Global Invitational 2025
582199,240387,Split,WOL,1,5,1,1,0,4,0,12,8,2025-11-09,TEN Global Invitational 2025
582199,240387,Split,TH,1,2,1,2,1,4,3,14,8,2025-11-09,TEN Global Invitational 2025
582200,240388,SplitPICK,NS,2,2,2,0,0,10,4,16,9,2025-11-09,TEN Global Invitational 2025
582200,240388,SplitPICK,TH,0,5,1,0,0,5,4,18,8,2025-11-09,TEN Global Invitational 2025
582200,240389,SunsetPICK,NS,2,2,2,0,0,3,3,9,8,2025-11-09,TEN Global Invitational 2025
582200,240389,SunsetPICK,TH,0,3,0,3,0,4,0,4,1,2025-11-09,TEN Global Invitational 2025
582201,240391,SplitPICK,KRX,1,3,1,1,0,5,2,12,5,2025-11-09,TEN Global Invitational 2025
582201,240391,SplitPICK,NS,1,3,1,1,0,4,3,13,9,2025-11-09,TEN Global Invitational 2025
582201,240392,PearlPICK,KRX,2,2,2,0,0,3,3,11,8,2025-11-09,TEN Global Invitational 2025
582201,240392,PearlPICK,NS,0,4,0,2,0,5,2,5,1,2025-11-09,TEN Global Invitational 2025
582201,240393,Bind,KRX,1,3,1,0,0,5,1,15,8,2025-11-09,TEN Global Invitational 2025
582201,240393,Bind,NS,1,3,1,0,0,7,2,13,10,2025-11-09,TEN Global Invitational 2025
585447,241503,Sunset,T1,0,4,2,0,0,3,1,19,9,2025-11-14,Red Bull Home Ground 2025
585447,241503,Sunset,SEN,2,4,2,0,0,7,3,15,9,2025-11-14,Red Bull Home Ground 2025
585448,241504,Split,FNC,2,2,2,1,1,8,5,9,5,2025-11-14,Red Bull Home Ground 2025
585448,241504,Split,C9,0,4,1,0,0,4,2,12,4,2025-11-14,Red Bull Home Ground 2025
585449,241505,Haven,G2,1,3,1,3,1,5,2,9,3,2025-11-14,Red Bull Home Ground 2025
585449,241505,Haven,ZETA,1,4,2,0,0,2,2,14,9,2025-11-14,Red Bull Home Ground 2025
585450,241506,Pearl,NRG,1,5,1,0,0,5,2,14,10,2025-11-14,Red Bull Home Ground 2025
585450,241506,Pearl,SEN,1,3,1,1,0,5,2,15,8,2025-11-14,Red Bull Home Ground 2025
585451,241507,Bind,FNC,0,3,0,0,0,6,0,5,1,2025-11-14,Red Bull Home Ground 2025
585451,241507,Bind,ZETA,2,2,2,0,0,4,4,8,7,2025-11-14,Red Bull Home Ground 2025
585452,241508,CorrodePICK,NRG,0,4,0,0,0,1,1,14,12,2025-11-15,Red Bull Home Ground 2025
585452,241508,CorrodePICK,ZETA,2,2,2,2,0,6,2,9,2,2025-11-15,Red Bull Home Ground 2025
585452,241509,HavenPICK,NRG,2,2,2,0,0,3,3,14,8,2025-11-15,Red Bull Home Ground 2025
585452,241509,HavenPICK,ZETA,0,4,0,2,0,3,0,10,6,2025-11-15,Red Bull Home Ground 2025
585453,241511,CorrodePICK,NRG,1,5,1,0,0,2,1,16,8,2025-11-16,Red Bull Home Ground 2025
585453,241511,CorrodePICK,G2,1,3,1,1,0,5,3,14,9,2025-11-16,Red Bull Home Ground 2025
585453,241512,SplitPICK,NRG,0,5,0,0,0,5,3,7,1,2025-11-16,Red Bull Home Ground 2025
585453,241512,SplitPICK,G2,2,2,2,0,0,7,6,8,5,2025-11-16,Red Bull Home Ground 2025
585453,241513,PearlPICK,NRG,0,6,0,0,0,3,2,11,5,2025-11-16,Red Bull Home Ground 2025
585453,241513,PearlPICK,G2,2,2,2,1,1,5,2,12,8,2025-11-16,Red Bull Home Ground 2025
585455,241517,Haven,C9,2,3,2,2,0,7,3,12,6,2025-11-14,Red Bull Home Ground 2025
585455,241517,Haven,G2,0,4,0,1,0,5,3,14,10,2025-11-14,Red Bull Home Ground 2025
585456,241518,Haven,FNC,1,3,2,0,0,2,1,13,10,2025-11-14,Red Bull Home Ground 2025
585456,241518,Haven,T1,1,4,1,3,1,4,0,7,3,2025-11-14,Red Bull Home Ground 2025
585457,241519,Split,SEN,0,4,0,2,1,0,0,15,7,2025-11-14,Red Bull Home Ground 2025
585457,241519,Split,G2,2,2,2,0,0,6,4,13,7,2025-11-14,Red Bull Home Ground 2025
585458,241520,Abyss,FNC,1,3,1,2,1,3,2,20,9,2025-11-14,Red Bull Home Ground 2025
585458,241520,Abyss,G2,1,3,1,3,1,5,4,17,9,2025-11-14,Red Bull Home Ground 2025
585459,241521,SunsetPICK,ZETA,1,3,1,2,0,4,2,8,1,2025-11-15,Red Bull Home Ground 2025
585459,241521,SunsetPICK,G2,1,3,1,0,0,3,3,11,9,2025-11-15,Red Bull Home Ground 2025
585459,241782,SplitPICK,ZETA,1,3,1,4,1,2,0,7,1,2025-11-15,Red Bull Home Ground 2025
585459,241782,SplitPICK,G2,1,2,1,1,1,2,2,11,9,2025-11-15,Red Bull Home Ground 2025
594740,244304,SplitPICK,NAVI,2,2,2,0,0,6,4,16,7,2026-01-20,VCT 2026: EMEA Kickoff
594740,244304,SplitPICK,KC,0,4,0,3,1,3,2,14,8,2026-01-20,VCT 2026: EMEA Kickoff
594740,244305,HavenPICK,NAVI,1,3,1,1,0,4,3,12,9,2026-01-20,VCT 2026: EMEA Kickoff
594740,244305,HavenPICK,KC,1,4,1,0,0,8,3,8,3,2026-01-20,VCT 2026: EMEA Kickoff
594741,244307,AbyssPICK,FUT,1,3,1,2,0,6,3,10,4,2026-01-20,VCT 2026: EMEA Kickoff
594741,244307,AbyssPICK,M8,1,3,1,0,0,4,2,14,10,2026-01-20,VCT 2026: EMEA Kickoff
594741,244308,SplitPICK,FUT,0,4,0,4,2,0,0,11,4,2026-01-20,VCT 2026: EMEA Kickoff
594741,244308,SplitPICK,M8,2,2,2,1,0,7,5,9,6,2026-01-20,VCT 2026: EMEA Kickoff
594742,244310,BreezePICK,PCF,1,3,1,3,0,6,4,11,5,2026-01-21,VCT 2026: EMEA Kickoff
594742,244310,BreezePICK,BBL,1,3,1,1,0,6,5,13,7,2026-01-21,VCT 2026: EMEA Kickoff
594742,244311,AbyssPICK,PCF,1,4,1,0,0,2,1,14,11,2026-01-21,VCT 2026: EMEA Kickoff
594742,244311,AbyssPICK,BBL,1,3,1,0,0,10,4,7,2,2026-01-21,VCT 2026: EMEA Kickoff
594742,244312,Pearl,PCF,2,3,2,1,0,8,2,5,0,2026-01-21,VCT 2026: EMEA Kickoff
594742,244312,Pearl,BBL,0,4,0,0,0,1,1,12,12,2026-01-21,VCT 2026: EMEA Kickoff
594743,244313,BreezePICK,ULF,0,4,0,1,0,5,2,6,1,2026-01-21,VCT 2026: EMEA Kickoff
594743,244313,BreezePICK,VIT,2,2,2,0,0,4,4,10,7,2026-01-21,VCT 2026: EMEA Kickoff
594743,244314,CorrodePICK,ULF,0,3,0,1,0,5,1,5,0,2026-01-21,VCT 2026: EMEA Kickoff
594743,244314,CorrodePICK,VIT,2,2,2,0,0,2,2,10,9,2026-01-21,VCT 2026: EMEA Kickoff
594744,244316,BindPICK,TH,0,4,0,2,1,4,2,13,7,2026-01-22,VCT 2026: EMEA Kickoff
594744,244316,BindPICK,NAVI,2,2,2,0,0,7,4,14,7,2026-01-22,VCT 2026: EMEA Kickoff
594744,244317,HavenPICK,TH,1,3,1,1,0,3,2,17,10,2026-01-22,VCT 2026: EMEA Kickoff
594744,244317,HavenPICK,NAVI,1,3,1,2,0,2,1,17,9,2026-01-22,VCT 2026: EMEA Kickoff
594744,244318,Split,TH,0,4,0,1,0,3,2,11,4,2026-01-22,VCT 2026: EMEA Kickoff
594744,244318,Split,NAVI,2,2,2,0,0,3,2,14,9,2026-01-22,VCT 2026: EMEA Kickoff
594745,244319,PearlPICK,GX,1,4,2,0,0,5,4,14,4,2026-01-22,VCT 2026: EMEA Kickoff
594745,244319,PearlPICK,M8,1,4,1,1,0,4,2,14,10,2026-01-22,VCT 2026: EMEA Kickoff
594745,244320,BindPICK,GX,1,3,1,2,0,4,2,14,7,2026-01-22,VCT 2026: EMEA Kickoff
594745,244320,BindPICK,M8,1,4,1,2,0,4,2,13,10,2026-01-22,VCT 2026: EMEA Kickoff
594746,244322,BreezePICK,FNC,1,3,1,0,0,8,3,13,7,2026-01-23,VCT 2026: EMEA Kickoff
594746,244322,BreezePICK,BBL,1,3,1,1,0,6,4,14,8,2026-01-23,VCT 2026: EMEA Kickoff
594746,244323,HavenPICK,FNC,0,5,0,1,0,4,1,7,3,2026-01-23,VCT 2026: EMEA Kickoff
594746,244323,HavenPICK,BBL,2,2,2,1,0,4,3,10,8,2026-01-23,VCT 2026: EMEA Kickoff
594747,244325,BreezePICK,TL,2,3,2,1,0,10,4,10,5,2026-01-23,VCT 2026: EMEA Kickoff
594747,244325,BreezePICK,VIT,0,4,1,0,0,0,0,20,12,2026-01-23,VCT 2026: EMEA Kickoff
594747,244326,PearlPICK,TL,1,3,1,2,0,4,2,17,11,2026-01-23,VCT 2026: EMEA Kickoff
594747,244326,PearlPICK,VIT,1,3,1,1,0,6,4,16,7,2026-01-23,VCT 2026: EMEA Kickoff
594747,244327,Corrode,TL,1,3,2,2,1,5,2,12,4,2026-01-23,VCT 2026: EMEA Kickoff
594747,244327,Corrode,VIT,1,3,2,1,0,6,4,12,7,2026-01-23,VCT 2026: EMEA Kickoff
594748,244328,AbyssPICK,NAVI,0,4,1,1,0,2,1,13,5,2026-01-29,VCT 2026: EMEA Kickoff
594748,244328,AbyssPICK,M8,2,3,2,1,1,4,2,12,8,2026-01-29,VCT 2026: EMEA Kickoff
594748,244329,BindPICK,NAVI,1,3,1,1,0,6,2,12,6,2026-01-29,VCT 2026: EMEA Kickoff
594748,244329,BindPICK,M8,1,3,1,1,1,3,2,15,9,2026-01-29,VCT 2026: EMEA Kickoff
594749,244331,HavenPICK,BBL,1,3,2,0,0,6,4,13,7,2026-01-29,VCT 2026: EMEA Kickoff
594749,244331,HavenPICK,VIT,1,3,1,3,0,4,2,12,6,2026-01-29,VCT 2026: EMEA Kickoff
594749,244332,AbyssPICK,BBL,2,2,2,0,0,10,6,9,5,2026-01-29,VCT 2026: EMEA Kickoff
594749,244332,AbyssPICK,VIT,0,4,0,0,0,7,4,10,4,2026-01-29,VCT 2026: EMEA Kickoff
594750,244334,HavenPICK,M8,0,4,0,2,0,6,5,12,8,2026-02-13,VCT 2026: EMEA Kickoff
594750,244334,HavenPICK,BBL,2,2,2,2,0,8,5,12,4,2026-02-13,VCT 2026: EMEA Kickoff
594750,244335,AbyssPICK,M8,2,2,2,0,0,7,3,19,8,2026-02-13,VCT 2026: EMEA Kickoff
594750,244335,AbyssPICK,BBL,0,5,0,2,1,4,2,17,12,2026-02-13,VCT 2026: EMEA Kickoff
594750,244336,PearlPICK,M8,1,3,1,3,0,6,3,18,10,2026-02-13,VCT 2026: EMEA Kickoff
594750,244336,PearlPICK,BBL,1,3,2,1,0,5,2,21,12,2026-02-13,VCT 2026: EMEA Kickoff
594750,244337,SplitPICK,M8,2,2,2,0,0,5,5,10,6,2026-02-13,VCT 2026: EMEA Kickoff
594750,244337,SplitPICK,BBL,0,3,0,3,0,3,1,8,3,2026-02-13,VCT 2026: EMEA Kickoff
594750,244338,Corrode,M8,1,4,1,2,1,4,1,9,3,2026-02-13,VCT 2026: EMEA Kickoff
594750,244338,Corrode,BBL,1,3,1,0,0,2,1,14,11,2026-02-13,VCT 2026: EMEA Kickoff
594751,244339,AbyssPICK,KC,1,2,1,0,0,5,5,8,7,2026-01-27,VCT 2026: EMEA Kickoff
594751,244339,AbyssPICK,TL,1,3,1,0,0,7,1,5,0,2026-01-27,VCT 2026: EMEA Kickoff
594751,244340,SplitPICK,KC,1,3,1,1,0,9,4,8,3,2026-01-27,VCT 2026: EMEA Kickoff
594751,244340,SplitPICK,TL,1,3,1,0,0,2,2,16,10,2026-01-27,VCT 2026: EMEA Kickoff
594751,244341,Breeze,KC,1,4,2,1,0,6,1,12,7,2026-01-27,VCT 2026: EMEA Kickoff
594751,244341,Breeze,TL,1,3,2,1,0,3,2,16,9,2026-01-27,VCT 2026: EMEA Kickoff
594752,244342,AbyssPICK,FUT,0,4,0,3,1,1,0,8,2,2026-01-27,VCT 2026: EMEA Kickoff
594752,244342,AbyssPICK,FNC,2,2,2,0,0,3,3,11,8,2026-01-27,VCT 2026: EMEA Kickoff
594752,244343,CorrodePICK,FUT,1,3,1,2,0,5,3,24,14,2026-01-27,VCT 2026: EMEA Kickoff
594752,244343,CorrodePICK,FNC,1,3,1,0,0,9,5,22,10,2026-01-27,VCT 2026: EMEA Kickoff
594752,244344,Split,FUT,1,4,2,2,0,3,2,21,10,2026-01-27,VCT 2026: EMEA Kickoff
594752,244344,Split,FNC,1,3,1,3,0,3,1,21,14,2026-01-27,VCT 2026: EMEA Kickoff
594753,244345,AbyssPICK,PCF,1,3,1,2,0,4,2,12,5,2026-01-28,VCT 2026: EMEA Kickoff
594753,244345,AbyssPICK,GX,1,3,2,0,0,4,3,14,8,2026-01-28,VCT 2026: EMEA Kickoff
594753,244346,BindPICK,PCF,0,5,0,2,1,3,3,16,10,2026-01-28,VCT 2026: EMEA Kickoff
594753,244346,BindPICK,GX,2,2,2,2,1,5,3,17,6,2026-01-28,VCT 2026: EMEA Kickoff
594753,244347,Split,PCF,1,3,1,1,0,5,2,14,7,2026-01-28,VCT 2026: EMEA Kickoff
594753,244347,Split,GX,1,3,1,1,0,3,2,16,10,2026-01-28,VCT 2026: EMEA Kickoff
594754,244348,HavenPICK,ULF,1,3,1,3,0,5,2,9,4,2026-01-28,VCT 2026: EMEA Kickoff
594754,244348,HavenPICK,TH,1,3,1,1,0,2,2,14,10,2026-01-28,VCT 2026: EMEA Kickoff
594754,244349,BindPICK,ULF,2,2,2,2,0,9,3,8,3,2026-01-28,VCT 2026: EMEA Kickoff
594754,244349,BindPICK,TH,0,4,0,1,0,1,1,15,12,2026-01-28,VCT 2026: EMEA Kickoff
594755,244351,CorrodePICK,TL,0,4,0,0,0,5,1,9,4,2026-01-30,VCT 2026: EMEA Kickoff
594755,244351,CorrodePICK,FNC,2,2,2,1,0,8,7,7,4,2026-01-30,VCT 2026: EMEA Kickoff
594755,244352,SplitPICK,TL,1,3,1,1,1,8,4,10,3,2026-01-30,VCT 2026: EMEA Kickoff
594755,244352,SplitPICK,FNC,1,3,1,1,0,3,2,15,10,2026-01-30,VCT 2026: EMEA Kickoff
594756,244354,AbyssPICK,GX,1,4,1,1,1,6,4,12,7,2026-01-30,VCT 2026: EMEA Kickoff
594756,244354,AbyssPICK,TH,1,3,1,2,0,5,3,13,6,2026-01-30,VCT 2026: EMEA Kickoff
594756,244355,HavenPICK,GX,1,3,2,0,0,2,2,15,9,2026-01-30,VCT 2026: EMEA Kickoff
594756,244355,HavenPICK,TH,1,3,1,3,0,3,1,11,5,2026-01-30,VCT 2026: EMEA Kickoff
594757,244357,SplitPICK,NAVI,0,4,0,1,0,3,1,15,9,2026-02-04,VCT 2026: EMEA Kickoff
594757,244357,SplitPICK,FNC,2,2,2,2,0,6,2,13,9,2026-02-04,VCT 2026: EMEA Kickoff
594757,244358,BreezePICK,NAVI,1,3,1,0,0,3,3,13,9,2026-02-04,VCT 2026: EMEA Kickoff
594757,244358,BreezePICK,FNC,1,3,1,2,1,2,1,12,3,2026-02-04,VCT 2026: EMEA Kickoff
594757,244359,Bind,NAVI,1,3,1,1,0,3,2,25,12,2026-02-04,VCT 2026: EMEA Kickoff
594757,244359,Bind,FNC,1,3,1,0,0,5,2,24,14,2026-02-04,VCT 2026: EMEA Kickoff
594758,244360,AbyssPICK,VIT,2,2,2,0,0,1,1,10,10,2026-02-04,VCT 2026: EMEA Kickoff
594758,244360,AbyssPICK,GX,0,3,0,3,0,3,0,4,0,2026-02-04,VCT 2026: EMEA Kickoff
594758,244361,BreezePICK,VIT,1,3,1,3,0,3,2,15,10,2026-02-04,VCT 2026: EMEA Kickoff
594758,244361,BreezePICK,GX,1,3,1,1,1,5,3,15,6,2026-02-04,VCT 2026: EMEA Kickoff
594759,244363,AbyssPICK,FNC,2,2,2,0,0,6,4,10,7,2026-02-13,VCT 2026: EMEA Kickoff
594759,244363,AbyssPICK,VIT,0,4,0,2,0,2,2,10,3,2026-02-13,VCT 2026: EMEA Kickoff
594759,244364,BindPICK,FNC,2,2,2,0,0,5,5,14,6,2026-02-13,VCT 2026: EMEA Kickoff
594759,244364,BindPICK,VIT,0,4,0,2,0,3,2,12,6,2026-02-13,VCT 2026: EMEA Kickoff
594760,244366,AbyssPICK,M8,1,3,1,0,0,7,3,13,6,2026-02-14,VCT 2026: EMEA Kickoff
594760,244366,AbyssPICK,FNC,1,3,1,1,0,6,4,13,8,2026-02-14,VCT 2026: EMEA Kickoff
594760,244367,CorrodePICK,M8,2,2,2,2,0,8,5,18,7,2026-02-14,VCT 2026: EMEA Kickoff
594760,244367,CorrodePICK,FNC,0,4,0,2,1,4,3,20,12,2026-02-14,VCT 2026: EMEA Kickoff
594760,244368,SplitPICK,M8,1,3,2,2,2,2,0,12,9,2026-02-14,VCT 2026: EMEA Kickoff
594760,244368,SplitPICK,FNC,1,3,2,1,1,5,1,10,2,2026-02-14,VCT 2026: EMEA Kickoff
594760,244369,BindPICK,M8,2,3,2,2,0,4,2,17,10,2026-02-14,VCT 2026: EMEA Kickoff
594760,244369,BindPICK,FNC,0,4,1,0,0,4,0,18,11,2026-02-14,VCT 2026: EMEA Kickoff
594760,244370,Haven,M8,1,3,1,2,1,6,3,15,9,2026-02-14,VCT 2026: EMEA Kickoff
594760,244370,Haven,FNC,1,3,1,1,1,8,4,14,6,2026-02-14,VCT 2026: EMEA Kickoff
594761,244371,HavenPICK,KC,1,3,1,0,0,4,2,19,11,2026-02-03,VCT 2026: EMEA Kickoff
594761,244371,HavenPICK,FUT,1,3,1,2,1,6,4,15,6,2026-02-03,VCT 2026: EMEA Kickoff
594761,244372,SplitPICK,KC,0,4,0,0,0,3,0,14,8,2026-02-03,VCT 2026: EMEA Kickoff
594761,244372,SplitPICK,FUT,2,2,2,2,0,4,2,13,9,2026-02-03,VCT 2026: EMEA Kickoff
594761,244373,Pearl,KC,2,2,2,0,0,6,4,12,7,2026-02-03,VCT 2026: EMEA Kickoff
594761,244373,Pearl,FUT,0,5,0,2,1,2,1,11,5,2026-02-03,VCT 2026: EMEA Kickoff
594762,244374,SplitPICK,PCF,1,4,1,1,0,7,2,6,2,2026-02-03,VCT 2026: EMEA Kickoff
594762,244374,SplitPICK,ULF,1,3,1,0,0,1,1,14,11,2026-02-03,VCT 2026: EMEA Kickoff
594762,244375,AbyssPICK,PCF,1,3,1,2,0,4,2,12,5,2026-02-03,VCT 2026: EMEA Kickoff
594762,244375,AbyssPICK,ULF,1,3,1,2,1,2,1,14,10,2026-02-03,VCT 2026: EMEA Kickoff
594763,244378,HavenPICK,TH,1,3,1,0,0,4,1,14,11,2026-02-05,VCT 2026: EMEA Kickoff
594763,244378,HavenPICK,KC,1,3,1,1,0,7,3,10,4,2026-02-05,VCT 2026: EMEA Kickoff
594763,244379,Corrode,TH,1,3,2,0,0,5,3,16,8,2026-02-05,VCT 2026: EMEA Kickoff
594763,244379,Corrode,KC,1,4,1,0,0,5,1,15,9,2026-02-05,VCT 2026: EMEA Kickoff
594763,252723,AbyssPICK,TH,0,3,0,3,0,3,0,6,2,2026-02-05,VCT 2026: EMEA Kickoff
594763,252723,AbyssPICK,KC,2,2,2,0,0,2,2,11,9,2026-02-05,VCT 2026: EMEA Kickoff
594764,244380,SplitPICK,TL,0,4,0,1,0,3,0,13,8,2026-02-05,VCT 2026: EMEA Kickoff
594764,244380,SplitPICK,ULF,2,2,2,2,1,6,4,11,6,2026-02-05,VCT 2026: EMEA Kickoff
594764,244382,Pearl,TL,2,2,2,1,0,7,3,16,9,2026-02-05,VCT 2026: EMEA Kickoff
594764,244382,Pearl,ULF,0,4,0,0,0,3,2,19,10,2026-02-05,VCT 2026: EMEA Kickoff
594764,252724,BreezePICK,TL,2,2,2,0,0,6,4,10,7,2026-02-05,VCT 2026: EMEA Kickoff
594764,252724,BreezePICK,ULF,0,5,0,0,0,2,0,11,5,2026-02-05,VCT 2026: EMEA Kickoff
594765,244383,HavenPICK,NAVI,1,4,1,1,0,4,1,9,3,2026-02-06,VCT 2026: EMEA Kickoff
594765,244383,HavenPICK,TH,1,3,1,1,1,1,1,13,10,2026-02-06,VCT 2026: EMEA Kickoff
594765,244384,BreezePICK,NAVI,0,4,0,1,0,4,0,8,4,2026-02-06,VCT 2026: EMEA Kickoff
594765,244384,BreezePICK,TH,2,2,2,1,0,3,2,11,9,2026-02-06,VCT 2026: EMEA Kickoff
594766,244386,BreezePICK,GX,1,3,1,2,0,4,1,8,2,2026-02-06,VCT 2026: EMEA Kickoff
594766,244386,BreezePICK,TL,1,3,2,0,0,2,2,12,9,2026-02-06,VCT 2026: EMEA Kickoff
594766,244387,PearlPICK,GX,2,3,2,1,0,4,3,11,8,2026-02-06,VCT 2026: EMEA Kickoff
594766,244387,PearlPICK,TL,0,3,0,1,0,7,3,8,3,2026-02-06,VCT 2026: EMEA Kickoff
594766,244388,Bind,GX,2,2,2,1,0,9,5,18,7,2026-02-06,VCT 2026: EMEA Kickoff
594766,244388,Bind,TL,0,4,0,0,0,2,1,24,15,2026-02-06,VCT 2026: EMEA Kickoff
594767,244389,AbyssPICK,TH,2,3,2,1,0,8,5,12,4,2026-02-12,VCT 2026: EMEA Kickoff
594767,244389,AbyssPICK,TL,0,4,0,2,2,2,0,16,11,2026-02-12,VCT 2026: EMEA Kickoff
594767,244390,BindPICK,TH,1,3,1,0,0,7,1,6,1,2026-02-12,VCT 2026: EMEA Kickoff
594767,244390,BindPICK,TL,1,3,1,0,0,2,2,11,10,2026-02-12,VCT 2026: EMEA Kickoff
594768,244392,CorrodePICK,VIT,1,4,1,0,0,4,3,13,9,2026-02-14,VCT 2026: EMEA Kickoff
594768,244392,CorrodePICK,TL,1,3,1,1,0,8,4,9,3,2026-02-14,VCT 2026: EMEA Kickoff
594768,244393,BindPICK,VIT,0,4,0,3,0,2,1,7,2,2026-02-14,VCT 2026: EMEA Kickoff
594768,244393,BindPICK,TL,2,2,2,0,0,4,3,10,8,2026-02-14,VCT 2026: EMEA Kickoff
594768,244394,Breeze,VIT,0,4,0,2,0,3,2,13,7,2026-02-14,VCT 2026: EMEA Kickoff
594768,244394,Breeze,TL,2,2,2,1,1,7,3,12,7,2026-02-14,VCT 2026: EMEA Kickoff
594769,244395,CorrodePICK,FNC,1,3,1,2,0,4,1,10,4,2026-02-15,VCT 2026: EMEA Kickoff
594769,244395,CorrodePICK,TL,1,3,1,0,0,3,2,13,10,2026-02-15,VCT 2026: EMEA Kickoff
594769,244396,BindPICK,FNC,1,3,1,1,0,3,1,16,8,2026-02-15,VCT 2026: EMEA Kickoff
594769,244396,BindPICK,TL,1,3,1,0,0,5,3,15,9,2026-02-15,VCT 2026: EMEA Kickoff
594769,244397,AbyssPICK,FNC,1,3,1,1,0,6,5,24,10,2026-02-15,VCT 2026: EMEA Kickoff
594769,244397,AbyssPICK,TL,1,3,1,2,2,7,3,22,12,2026-02-15,VCT 2026: EMEA Kickoff
595630,244560,HavenPICK,NS,2,2,2,0,0,4,3,12,8,2026-01-22,VCT 2026: Pacific Kickoff
595630,244560,HavenPICK,TS,0,4,0,2,0,4,4,8,1,2026-01-22,VCT 2026: Pacific Kickoff
595630,244561,SplitPICK,NS,1,3,1,2,1,3,3,13,8,2026-01-22,VCT 2026: Pacific Kickoff
595630,244561,SplitPICK,TS,1,3,1,0,0,5,2,13,5,2026-01-22,VCT 2026: Pacific Kickoff
595631,244563,CorrodePICK,ZETA,1,3,1,2,0,4,1,8,2,2026-01-22,VCT 2026: Pacific Kickoff
595631,244563,CorrodePICK,FS,1,3,1,0,0,2,2,12,10,2026-01-22,VCT 2026: Pacific Kickoff
595631,244564,SplitPICK,ZETA,0,3,0,2,0,4,0,6,2,2026-01-22,VCT 2026: Pacific Kickoff
595631,244564,SplitPICK,FS,2,2,2,0,0,3,2,10,9,2026-01-22,VCT 2026: Pacific Kickoff
595632,244567,AbyssPICK,VL,0,4,0,3,1,1,1,12,5,2026-01-23,VCT 2026: Pacific Kickoff
595632,244567,AbyssPICK,GE,2,2,2,0,0,7,6,11,5,2026-01-23,VCT 2026: Pacific Kickoff
595632,248947,SplitPICK,VL,1,3,1,2,0,6,2,9,4,2026-01-23,VCT 2026: Pacific Kickoff
595632,248947,SplitPICK,GE,1,4,3,0,0,4,3,12,7,2026-01-23,VCT 2026: Pacific Kickoff
595633,244569,AbyssPICK,DFM,1,3,2,2,0,6,4,10,7,2026-01-23,VCT 2026: Pacific Kickoff
595633,244569,AbyssPICK,GEN,1,4,1,1,0,4,1,12,6,2026-01-23,VCT 2026: Pacific Kickoff
595633,244570,PearlPICK,DFM,2,2,2,1,1,8,4,12,6,2026-01-23,VCT 2026: Pacific Kickoff
595633,244570,PearlPICK,GEN,0,4,0,1,1,5,3,13,6,2026-01-23,VCT 2026: Pacific Kickoff
595634,244573,HavenPICK,T1,0,4,0,2,0,2,0,9,4,2026-01-24,VCT 2026: Pacific Kickoff
595634,244573,HavenPICK,NS,2,2,2,1,0,3,3,11,8,2026-01-24,VCT 2026: Pacific Kickoff
595634,244574,Corrode,T1,0,4,0,1,0,1,1,16,8,2026-01-24,VCT 2026: Pacific Kickoff
595634,244574,Corrode,NS,2,2,2,1,1,7,4,12,6,2026-01-24,VCT 2026: Pacific Kickoff
595634,249401,SplitPICK,T1,1,3,1,1,0,3,2,15,10,2026-01-24,VCT 2026: Pacific Kickoff
595634,249401,SplitPICK,NS,1,4,1,1,1,5,2,12,5,2026-01-24,VCT 2026: Pacific Kickoff
595635,244575,BreezePICK,KRX,2,2,2,2,1,5,2,14,8,2026-01-24,VCT 2026: Pacific Kickoff
595635,244575,BreezePICK,FS,0,4,0,2,0,4,3,13,7,2026-01-24,VCT 2026: Pacific Kickoff
595635,244576,PearlPICK,KRX,1,3,1,4,2,4,2,10,3,2026-01-24,VCT 2026: Pacific Kickoff
595635,244576,PearlPICK,FS,1,3,1,0,0,2,2,16,10,2026-01-24,VCT 2026: Pacific Kickoff
595635,244577,Split,KRX,1,3,1,4,1,3,1,11,5,2026-01-24,VCT 2026: Pacific Kickoff
595635,244577,Split,FS,1,3,1,0,0,3,3,15,9,2026-01-24,VCT 2026: Pacific Kickoff
595636,244578,BreezePICK,PRX,1,3,1,1,1,3,2,16,9,2026-01-25,VCT 2026: Pacific Kickoff
595636,244578,BreezePICK,GE,1,3,1,1,1,6,4,13,4,2026-01-25,VCT 2026: Pacific Kickoff
595636,244579,SplitPICK,PRX,1,3,1,1,0,7,3,7,1,2026-01-25,VCT 2026: Pacific Kickoff
595636,244579,SplitPICK,GE,1,3,1,0,0,2,2,13,10,2026-01-25,VCT 2026: Pacific Kickoff
595636,244580,Bind,PRX,1,4,1,1,0,4,3,14,9,2026-01-25,VCT 2026: Pacific Kickoff
595636,244580,Bind,GE,1,3,1,3,1,1,1,16,7,2026-01-25,VCT 2026: Pacific Kickoff
595637,244581,HavenPICK,RRQ,1,3,1,0,0,6,2,14,10,2026-01-25,VCT 2026: Pacific Kickoff
595637,244581,HavenPICK,DFM,1,3,1,2,0,6,3,12,6,2026-01-25,VCT 2026: Pacific Kickoff
595637,244582,CorrodePICK,RRQ,1,3,1,1,1,1,1,13,10,2026-01-25,VCT 2026: Pacific Kickoff
595637,244582,CorrodePICK,DFM,1,3,1,1,0,5,1,9,3,2026-01-25,VCT 2026: Pacific Kickoff
595638,244584,SplitPICK,NS,1,3,2,0,0,8,6,15,6,2026-01-31,VCT 2026: Pacific Kickoff
595638,244584,SplitPICK,FS,1,3,1,2,2,4,2,17,7,2026-01-31,VCT 2026: Pacific Kickoff
595638,244585,BindPICK,NS,2,2,2,0,0,4,4,9,7,2026-01-31,VCT 2026: Pacific Kickoff
595638,244585,BindPICK,FS,0,3,0,3,0,5,2,4,0,2026-01-31,VCT 2026: Pacific Kickoff
595639,244587,BindPICK,PRX,0,4,0,2,1,3,0,10,5,2026-01-31,VCT 2026: Pacific Kickoff
595639,244587,BindPICK,RRQ,2,2,2,2,1,3,3,12,7,2026-01-31,VCT 2026: Pacific Kickoff
595639,244588,PearlPICK,PRX,1,3,1,3,0,6,2,6,2,2026-01-31,VCT 2026: Pacific Kickoff
595639,244588,PearlPICK,RRQ,1,3,1,0,0,2,2,13,10,2026-01-31,VCT 2026: Pacific Kickoff
595640,244590,CorrodePICK,NS,1,3,1,2,1,5,2,16,8,2026-02-13,VCT 2026: Pacific Kickoff
595640,244590,CorrodePICK,RRQ,1,3,2,3,0,3,3,17,9,2026-02-13,VCT 2026: Pacific Kickoff
595640,244591,BindPICK,NS,1,3,1,1,0,3,2,14,10,2026-02-13,VCT 2026: Pacific Kickoff
595640,244591,BindPICK,RRQ,1,3,1,1,0,2,1,15,6,2026-02-13,VCT 2026: Pacific Kickoff
595640,244592,HavenPICK,NS,1,3,2,0,0,3,3,12,8,2026-02-13,VCT 2026: Pacific Kickoff
595640,244592,HavenPICK,RRQ,1,4,1,1,0,6,2,7,2,2026-02-13,VCT 2026: Pacific Kickoff
595640,244593,AbyssPICK,NS,2,3,2,0,0,6,4,15,5,2026-02-13,VCT 2026: Pacific Kickoff
595640,244593,AbyssPICK,RRQ,0,4,0,2,1,2,2,16,10,2026-02-13,VCT 2026: Pacific Kickoff
595640,244594,Breeze,NS,1,4,2,2,0,1,0,13,11,2026-02-13,VCT 2026: Pacific Kickoff
595640,244594,Breeze,RRQ,1,3,1,1,0,5,1,11,5,2026-02-13,VCT 2026: Pacific Kickoff
595641,244595,SplitPICK,TS,0,3,0,1,1,6,0,5,1,2026-01-29,VCT 2026: Pacific Kickoff
595641,244595,SplitPICK,DFM,2,2,2,0,0,4,4,9,7,2026-01-29,VCT 2026: Pacific Kickoff
595641,251314,BindPICK,TS,2,2,2,1,0,10,5,8,1,2026-01-29,VCT 2026: Pacific Kickoff
595641,251314,BindPICK,DFM,0,4,0,1,1,0,0,16,12,2026-01-29,VCT 2026: Pacific Kickoff
595642,244598,HavenPICK,ZETA,2,3,2,2,0,4,2,15,7,2026-01-29,VCT 2026: Pacific Kickoff
595642,244598,HavenPICK,GE,0,4,0,2,0,2,0,16,13,2026-01-29,VCT 2026: Pacific Kickoff
595642,244599,AbyssPICK,ZETA,1,4,2,1,0,3,2,14,5,2026-01-29,VCT 2026: Pacific Kickoff
595642,244599,AbyssPICK,GE,1,3,1,2,1,5,3,12,8,2026-01-29,VCT 2026: Pacific Kickoff
595643,244601,CorrodePICK,VL,0,3,1,1,0,4,3,15,9,2026-01-30,VCT 2026: Pacific Kickoff
595643,244601,CorrodePICK,KRX,2,3,2,0,0,4,2,16,6,2026-01-30,VCT 2026: Pacific Kickoff
595643,244602,SplitPICK,VL,0,4,0,0,0,4,2,15,8,2026-01-30,VCT 2026: Pacific Kickoff
595643,244602,SplitPICK,KRX,2,2,2,1,0,8,5,12,6,2026-01-30,VCT 2026: Pacific Kickoff
595643,244603,Bind,VL,2,2,2,1,0,5,2,10,1,2026-01-30,VCT 2026: Pacific Kickoff
595643,244603,Bind,KRX,0,4,0,0,0,1,1,13,12,2026-01-30,VCT 2026: Pacific Kickoff
595644,244604,BreezePICK,GEN,1,3,2,1,0,4,2,12,9,2026-01-30,VCT 2026: Pacific Kickoff
595644,244604,BreezePICK,T1,1,4,1,1,0,3,0,12,6,2026-01-30,VCT 2026: Pacific Kickoff
595644,244605,BindPICK,GEN,0,4,1,1,0,4,2,12,5,2026-01-30,VCT 2026: Pacific Kickoff
595644,244605,BindPICK,T1,2,2,2,1,0,4,2,14,9,2026-01-30,VCT 2026: Pacific Kickoff
595644,244606,Haven,GEN,1,3,1,0,0,7,1,12,7,2026-01-30,VCT 2026: Pacific Kickoff
595644,244606,Haven,T1,1,3,1,0,0,3,2,16,10,2026-01-30,VCT 2026: Pacific Kickoff
595645,244607,BreezePICK,DFM,0,3,0,2,0,8,3,3,0,2026-02-01,VCT 2026: Pacific Kickoff
595645,244607,BreezePICK,GE,2,2,2,0,0,5,4,9,7,2026-02-01,VCT 2026: Pacific Kickoff
595645,244608,PearlPICK,DFM,1,3,1,0,0,4,2,15,10,2026-02-01,VCT 2026: Pacific Kickoff
595645,244608,PearlPICK,GE,1,4,1,2,0,6,3,10,5,2026-02-01,VCT 2026: Pacific Kickoff
595645,244609,Split,DFM,2,2,2,1,1,7,3,11,7,2026-02-01,VCT 2026: Pacific Kickoff
595645,244609,Split,GE,0,4,0,2,0,2,1,13,7,2026-02-01,VCT 2026: Pacific Kickoff
595646,244610,SplitPICK,KRX,1,3,1,0,0,6,2,12,5,2026-02-01,VCT 2026: Pacific Kickoff
595646,244610,SplitPICK,T1,1,3,1,1,1,6,3,11,8,2026-02-01,VCT 2026: Pacific Kickoff
595646,244611,BindPICK,KRX,2,3,2,1,0,5,2,12,4,2026-02-01,VCT 2026: Pacific Kickoff
595646,244611,BindPICK,T1,0,3,0,2,1,1,1,15,11,2026-02-01,VCT 2026: Pacific Kickoff
595647,244613,PearlPICK,FS,1,3,1,0,0,4,3,13,9,2026-02-06,VCT 2026: Pacific Kickoff
595647,244613,PearlPICK,DFM,1,3,1,1,0,8,3,8,3,2026-02-06,VCT 2026: Pacific Kickoff
595647,244614,SplitPICK,FS,1,3,1,3,0,6,3,10,5,2026-02-06,VCT 2026: Pacific Kickoff
595647,244614,SplitPICK,DFM,1,3,1,0,0,3,1,16,11,2026-02-06,VCT 2026: Pacific Kickoff
595647,244615,Haven,FS,0,4,0,2,1,3,1,10,4,2026-02-06,VCT 2026: Pacific Kickoff
595647,244615,Haven,DFM,2,2,2,2,0,5,5,10,6,2026-02-06,VCT 2026: Pacific Kickoff
595648,244616,PearlPICK,PRX,0,4,0,1,1,2,1,16,11,2026-02-06,VCT 2026: Pacific Kickoff
595648,244616,PearlPICK,T1,2,2,2,2,0,8,4,11,4,2026-02-06,VCT 2026: Pacific Kickoff
595648,244617,BreezePICK,PRX,1,3,1,2,0,4,1,13,7,2026-02-06,VCT 2026: Pacific Kickoff
595648,244617,BreezePICK,T1,1,3,1,1,0,2,1,16,11,2026-02-06,VCT 2026: Pacific Kickoff
595648,244618,Bind,PRX,1,3,1,2,0,6,3,10,4,2026-02-06,VCT 2026: Pacific Kickoff
595648,244618,Bind,T1,1,3,1,0,0,3,1,15,11,2026-02-06,VCT 2026: Pacific Kickoff
595649,244619,PearlPICK,DFM,1,3,1,2,1,5,3,10,2,2026-02-13,VCT 2026: Pacific Kickoff
595649,244619,PearlPICK,T1,1,3,1,1,0,4,4,12,8,2026-02-13,VCT 2026: Pacific Kickoff
595649,244620,SplitPICK,DFM,0,4,0,2,2,2,1,15,7,2026-02-13,VCT 2026: Pacific Kickoff
595649,244620,SplitPICK,T1,2,2,2,1,0,5,4,15,7,2026-02-13,VCT 2026: Pacific Kickoff
595650,244622,PearlPICK,RRQ,0,4,0,2,2,4,1,10,4,2026-02-14,VCT 2026: Pacific Kickoff
595650,244622,PearlPICK,T1,2,2,2,1,0,4,3,13,8,2026-02-14,VCT 2026: Pacific Kickoff
595650,244623,BreezePICK,RRQ,0,3,0,4,1,3,0,5,1,2026-02-14,VCT 2026: Pacific Kickoff
595650,244623,BreezePICK,T1,2,2,2,0,0,5,4,8,7,2026-02-14,VCT 2026: Pacific Kickoff
595650,244624,AbyssPICK,RRQ,0,3,0,2,0,4,2,27,15,2026-02-14,VCT 2026: Pacific Kickoff
595650,244624,AbyssPICK,T1,2,3,2,2,0,3,1,28,16,2026-02-14,VCT 2026: Pacific Kickoff
595651,244627,BindPICK,TS,2,2,2,1,0,5,5,9,6,2026-02-05,VCT 2026: Pacific Kickoff
595651,244627,BindPICK,ZETA,0,4,0,1,0,3,0,9,4,2026-02-05,VCT 2026: Pacific Kickoff
595651,244628,SplitPICK,TS,1,3,1,2,0,5,2,7,1,2026-02-05,VCT 2026: Pacific Kickoff
595651,244628,SplitPICK,ZETA,1,3,1,1,1,2,2,11,9,2026-02-05,VCT 2026: Pacific Kickoff
595651,244629,Abyss,TS,0,4,0,1,0,5,5,14,6,2026-02-05,VCT 2026: Pacific Kickoff
595651,244629,Abyss,ZETA,2,2,2,1,0,8,3,13,8,2026-02-05,VCT 2026: Pacific Kickoff
595652,244630,BreezePICK,VL,0,4,1,3,2,2,1,14,6,2026-02-05,VCT 2026: Pacific Kickoff
595652,244630,BreezePICK,GEN,2,2,2,3,2,3,2,15,7,2026-02-05,VCT 2026: Pacific Kickoff
595652,244631,PearlPICK,VL,0,4,0,1,0,3,2,30,18,2026-02-05,VCT 2026: Pacific Kickoff
595652,244631,PearlPICK,GEN,2,3,2,2,1,7,4,26,11,2026-02-05,VCT 2026: Pacific Kickoff
595652,244632,Haven,VL,1,3,1,2,1,5,2,12,5,2026-02-05,VCT 2026: Pacific Kickoff
595652,244632,Haven,GEN,1,3,1,2,0,5,4,12,8,2026-02-05,VCT 2026: Pacific Kickoff
595653,244633,HavenPICK,KRX,1,3,1,1,1,2,1,14,10,2026-02-07,VCT 2026: Pacific Kickoff
595653,244633,HavenPICK,ZETA,1,3,1,3,0,4,2,10,4,2026-02-07,VCT 2026: Pacific Kickoff
595653,244634,BindPICK,KRX,0,4,0,2,0,2,1,12,6,2026-02-07,VCT 2026: Pacific Kickoff
595653,244634,BindPICK,ZETA,2,2,2,0,0,5,5,13,6,2026-02-07,VCT 2026: Pacific Kickoff
595653,244635,Split,KRX,1,4,1,2,0,3,2,13,10,2026-02-07,VCT 2026: Pacific Kickoff
595653,244635,Split,ZETA,1,3,1,1,0,4,2,14,6,2026-02-07,VCT 2026: Pacific Kickoff
595654,244636,BreezePICK,GE,2,2,2,1,0,7,4,18,7,2026-02-07,VCT 2026: Pacific Kickoff
595654,244636,BreezePICK,GEN,0,4,1,2,0,1,0,21,14,2026-02-07,VCT 2026: Pacific Kickoff
595654,244637,AbyssPICK,GE,1,3,1,2,0,3,2,16,10,2026-02-07,VCT 2026: Pacific Kickoff
595654,244637,AbyssPICK,GEN,1,3,1,1,0,7,4,13,6,2026-02-07,VCT 2026: Pacific Kickoff
595654,244638,Haven,GE,2,2,2,2,0,7,4,13,7,2026-02-07,VCT 2026: Pacific Kickoff
595654,244638,Haven,GEN,0,4,0,2,1,3,2,15,8,2026-02-07,VCT 2026: Pacific Kickoff
595655,244639,CorrodePICK,FS,0,3,0,2,0,7,1,4,2,2026-02-08,VCT 2026: Pacific Kickoff
595655,244639,CorrodePICK,KRX,2,3,3,0,0,5,3,8,7,2026-02-08,VCT 2026: Pacific Kickoff
595655,244640,AbyssPICK,FS,1,3,1,1,0,8,4,10,4,2026-02-08,VCT 2026: Pacific Kickoff
595655,244640,AbyssPICK,KRX,1,3,1,0,0,4,3,15,9,2026-02-08,VCT 2026: Pacific Kickoff
595656,244642,CorrodePICK,PRX,2,2,2,1,0,6,2,14,9,2026-02-08,VCT 2026: Pacific Kickoff
595656,244642,CorrodePICK,GE,0,4,0,1,0,3,0,15,10,2026-02-08,VCT 2026: Pacific Kickoff
595656,244643,BreezePICK,PRX,0,4,0,0,0,7,3,8,3,2026-02-08,VCT 2026: Pacific Kickoff
595656,244643,BreezePICK,GE,2,2,2,1,0,6,4,10,7,2026-02-08,VCT 2026: Pacific Kickoff
595656,244644,Split,PRX,2,2,2,1,0,7,5,16,7,2026-02-08,VCT 2026: Pacific Kickoff
595656,244644,Split,GE,0,4,0,2,1,2,2,18,9,2026-02-08,VCT 2026: Pacific Kickoff
595657,244645,HavenPICK,KRX,0,4,0,2,0,1,1,17,10,2026-02-12,VCT 2026: Pacific Kickoff
595657,244645,HavenPICK,PRX,2,2,2,0,0,8,5,14,6,2026-02-12,VCT 2026: Pacific Kickoff
595657,244646,CorrodePICK,KRX,2,2,2,2,0,5,5,12,6,2026-02-12,VCT 2026: Pacific Kickoff
595657,244646,CorrodePICK,PRX,0,4,0,3,0,2,0,12,8,2026-02-12,VCT 2026: Pacific Kickoff
595657,244647,Breeze,KRX,1,3,1,3,1,2,2,15,6,2026-02-12,VCT 2026: Pacific Kickoff
595657,244647,Breeze,PRX,1,3,1,1,0,2,2,17,10,2026-02-12,VCT 2026: Pacific Kickoff
595658,244648,HavenPICK,DFM,2,2,2,2,0,9,5,11,4,2026-02-14,VCT 2026: Pacific Kickoff
595658,244648,HavenPICK,PRX,0,4,0,1,0,1,1,18,12,2026-02-14,VCT 2026: Pacific Kickoff
595658,244649,SplitPICK,DFM,0,3,0,1,0,4,0,7,2,2026-02-14,VCT 2026: Pacific Kickoff
595658,244649,SplitPICK,PRX,2,2,2,0,0,2,2,11,9,2026-02-14,VCT 2026: Pacific Kickoff
595659,244651,HavenPICK,RRQ,1,3,1,2,0,3,1,13,6,2026-02-15,VCT 2026: Pacific Kickoff
595659,244651,HavenPICK,PRX,1,3,1,2,0,1,1,15,11,2026-02-15,VCT 2026: Pacific Kickoff
595659,244652,CorrodePICK,RRQ,2,4,2,1,1,4,2,14,8,2026-02-15,VCT 2026: Pacific Kickoff
595659,244652,CorrodePICK,PRX,0,3,0,2,1,4,3,14,6,2026-02-15,VCT 2026: Pacific Kickoff
595659,244653,BreezePICK,RRQ,0,4,1,3,2,2,0,14,7,2026-02-15,VCT 2026: Pacific Kickoff
595659,244653,BreezePICK,PRX,2,2,2,1,0,6,4,14,7,2026-02-15,VCT 2026: Pacific Kickoff
595659,244654,PearlPICK,RRQ,0,5,1,2,1,4,2,12,6,2026-02-15,VCT 2026: Pacific Kickoff
595659,244654,PearlPICK,PRX,2,2,2,2,0,9,5,10,6,2026-02-15,VCT 2026: Pacific Kickoff
596398,244775,HavenPICK,LOUD,0,4,0,0,0,3,1,13,6,2026-01-15,VCT 2026: Americas Kickoff
596398,244775,HavenPICK,C9,2,2,2,3,1,7,4,8,6,2026-01-15,VCT 2026: Americas Kickoff
596398,244776,AbyssPICK,LOUD,2,2,2,2,0,9,3,11,6,2026-01-15,VCT 2026: Americas Kickoff
596398,244776,AbyssPICK,C9,0,4,0,0,0,4,2,16,11,2026-01-15,VCT 2026: Americas Kickoff
596399,244778,AbyssPICK,ENVY,1,3,1,2,0,4,1,13,7,2026-01-15,VCT 2026: Americas Kickoff
596399,244778,AbyssPICK,EG,1,3,1,2,0,3,3,14,9,2026-01-15,VCT 2026: Americas Kickoff
596399,244779,CorrodePICK,ENVY,1,3,1,3,2,4,2,13,8,2026-01-15,VCT 2026: Americas Kickoff
596399,244779,CorrodePICK,EG,1,3,1,3,1,2,1,15,7,2026-01-15,VCT 2026: Americas Kickoff
596399,244780,Bind,ENVY,1,3,2,0,0,4,3,15,8,2026-01-15,VCT 2026: Americas Kickoff
596399,244780,Bind,EG,1,3,1,4,1,4,1,11,6,2026-01-15,VCT 2026: Americas Kickoff
596400,244781,PearlPICK,KRÜ,0,4,0,3,2,0,0,16,11,2026-01-16,VCT 2026: Americas Kickoff
596400,244781,PearlPICK,FUR,2,2,2,0,0,7,3,14,5,2026-01-16,VCT 2026: Americas Kickoff
596400,244782,BreezePICK,KRÜ,0,4,0,0,0,6,3,11,5,2026-01-16,VCT 2026: Americas Kickoff
596400,244782,BreezePICK,FUR,2,2,2,2,1,3,3,14,7,2026-01-16,VCT 2026: Americas Kickoff
596400,244783,Abyss,KRÜ,0,4,1,0,0,6,1,8,3,2026-01-16,VCT 2026: Americas Kickoff
596400,244783,Abyss,FUR,2,3,2,0,0,3,1,12,10,2026-01-16,VCT 2026: Americas Kickoff
596401,244784,BindPICK,100T,0,4,2,1,0,3,2,14,9,2026-01-16,VCT 2026: Americas Kickoff
596401,244784,BindPICK,LEV,2,3,2,3,0,4,1,12,6,2026-01-16,VCT 2026: Americas Kickoff
596401,244785,PearlPICK,100T,0,4,1,1,0,6,4,12,5,2026-01-16,VCT 2026: Americas Kickoff
596401,244785,PearlPICK,LEV,2,3,2,2,0,4,3,14,8,2026-01-16,VCT 2026: Americas Kickoff
596401,244786,Split,100T,1,3,2,1,0,2,1,16,10,2026-01-16,VCT 2026: Americas Kickoff
596401,244786,Split,LEV,1,4,1,1,1,5,1,12,6,2026-01-16,VCT 2026: Americas Kickoff
596402,244787,PearlPICK,NRG,2,2,2,0,0,4,4,9,7,2026-01-17,VCT 2026: Americas Kickoff
596402,244787,PearlPICK,C9,0,3,0,2,1,5,0,5,1,2026-01-17,VCT 2026: Americas Kickoff
596402,244788,BreezePICK,NRG,1,4,1,1,1,6,4,11,7,2026-01-17,VCT 2026: Americas Kickoff
596402,244788,BreezePICK,C9,1,3,1,1,0,4,1,14,7,2026-01-17,VCT 2026: Americas Kickoff
596403,244790,AbyssPICK,MIBR,1,3,1,1,1,3,2,13,9,2026-01-17,VCT 2026: Americas Kickoff
596403,244790,AbyssPICK,ENVY,1,3,1,3,0,4,2,10,4,2026-01-17,VCT 2026: Americas Kickoff
596403,244791,CorrodePICK,MIBR,0,4,0,2,0,2,0,16,13,2026-01-17,VCT 2026: Americas Kickoff
596403,244791,CorrodePICK,ENVY,2,2,2,4,0,5,4,13,5,2026-01-17,VCT 2026: Americas Kickoff
596404,244793,SplitPICK,SEN,1,3,1,3,0,5,1,7,3,2026-01-18,VCT 2026: Americas Kickoff
596404,244793,SplitPICK,FUR,1,3,1,1,1,1,1,13,10,2026-01-18,VCT 2026: Americas Kickoff
596404,244794,BreezePICK,SEN,2,2,2,0,0,8,4,14,5,2026-01-18,VCT 2026: Americas Kickoff
596404,244794,BreezePICK,FUR,0,4,0,2,1,1,1,17,11,2026-01-18,VCT 2026: Americas Kickoff
596405,244796,BindPICK,G2,1,3,1,1,1,4,2,16,9,2026-01-18,VCT 2026: Americas Kickoff
596405,244796,BindPICK,100T,1,3,1,2,0,6,5,13,5,2026-01-18,VCT 2026: Americas Kickoff
596405,244797,CorrodePICK,G2,0,3,0,1,0,4,1,8,2,2026-01-18,VCT 2026: Americas Kickoff
596405,244797,CorrodePICK,100T,2,3,2,0,0,4,2,9,9,2026-01-18,VCT 2026: Americas Kickoff
596405,244798,Split,G2,2,3,3,2,0,5,4,11,6,2026-01-18,VCT 2026: Americas Kickoff
596405,244798,Split,100T,0,3,0,2,0,5,3,11,5,2026-01-18,VCT 2026: Americas Kickoff
596406,244799,AbyssPICK,NRG,1,4,1,0,0,2,2,13,10,2026-01-30,VCT 2026: Americas Kickoff
596406,244799,AbyssPICK,MIBR,1,3,1,2,0,2,1,12,4,2026-01-30,VCT 2026: Americas Kickoff
596406,244800,SplitPICK,NRG,1,4,1,0,0,5,3,15,7,2026-01-30,VCT 2026: Americas Kickoff
596406,244800,SplitPICK,MIBR,1,3,1,1,0,3,3,17,9,2026-01-30,VCT 2026: Americas Kickoff
596406,244801,Breeze,NRG,1,4,1,0,0,5,4,12,3,2026-01-30,VCT 2026: Americas Kickoff
596406,244801,Breeze,MIBR,1,4,1,0,0,5,3,12,9,2026-01-30,VCT 2026: Americas Kickoff
596407,244802,AbyssPICK,FUR,2,2,2,1,0,6,3,11,8,2026-01-30,VCT 2026: Americas Kickoff
596407,244802,AbyssPICK,G2,0,4,0,1,0,4,2,11,5,2026-01-30,VCT 2026: Americas Kickoff
596407,244803,BindPICK,FUR,0,3,0,2,1,4,1,10,4,2026-01-30,VCT 2026: Americas Kickoff
596407,244803,BindPICK,G2,2,2,2,0,0,5,3,12,8,2026-01-30,VCT 2026: Americas Kickoff
596407,244804,Split,FUR,2,2,2,0,0,3,3,11,8,2026-01-30,VCT 2026: Americas Kickoff
596407,244804,Split,G2,0,3,0,2,1,6,0,5,2,2026-01-30,VCT 2026: Americas Kickoff
596408,244805,BindPICK,MIBR,0,3,0,1,1,2,2,15,10,2026-02-13,VCT 2026: Americas Kickoff
596408,244805,BindPICK,FUR,2,3,2,1,0,5,3,12,3,2026-02-13,VCT 2026: Americas Kickoff
596408,244806,AbyssPICK,MIBR,1,3,1,1,0,5,3,12,4,2026-02-13,VCT 2026: Americas Kickoff
596408,244806,AbyssPICK,FUR,1,3,1,1,1,4,3,13,8,2026-02-13,VCT 2026: Americas Kickoff
596408,244807,HavenPICK,MIBR,1,4,1,0,0,4,3,16,7,2026-02-13,VCT 2026: Americas Kickoff
596408,244807,HavenPICK,FUR,1,4,2,1,1,4,2,15,8,2026-02-13,VCT 2026: Americas Kickoff
596408,244808,BreezePICK,MIBR,1,3,1,0,0,2,2,10,10,2026-02-13,VCT 2026: Americas Kickoff
596408,244808,BreezePICK,FUR,1,3,1,3,0,4,1,5,0,2026-02-13,VCT 2026: Americas Kickoff
596408,244809,Split,MIBR,0,4,0,1,0,1,0,15,8,2026-02-13,VCT 2026: Americas Kickoff
596408,244809,Split,FUR,2,2,2,0,0,7,3,12,8,2026-02-13,VCT 2026: Americas Kickoff
596409,244810,BreezePICK,LOUD,2,2,2,1,0,6,4,15,7,2026-01-23,VCT 2026: Americas Kickoff
596409,244810,BreezePICK,100T,0,5,0,1,0,3,3,15,8,2026-01-23,VCT 2026: Americas Kickoff
596409,244812,Bind,LOUD,1,4,1,1,0,4,1,10,4,2026-01-23,VCT 2026: Americas Kickoff
596409,244812,Bind,100T,1,3,1,0,0,4,4,12,8,2026-01-23,VCT 2026: Americas Kickoff
596409,249108,PearlPICK,LOUD,1,2,1,1,0,6,1,6,0,2026-01-23,VCT 2026: Americas Kickoff
596409,249108,PearlPICK,100T,1,3,1,0,0,3,3,9,9,2026-01-23,VCT 2026: Americas Kickoff
596410,244813,AbyssPICK,EG,1,3,1,2,0,5,1,11,6,2026-01-23,VCT 2026: Americas Kickoff
596410,244813,AbyssPICK,SEN,1,3,1,2,1,2,1,14,10,2026-01-23,VCT 2026: Americas Kickoff
596410,244814,PearlPICK,EG,2,3,2,2,1,6,3,13,5,2026-01-23,VCT 2026: Americas Kickoff
596410,244814,PearlPICK,SEN,0,4,0,1,0,1,1,18,12,2026-01-23,VCT 2026: Americas Kickoff
596411,244816,AbyssPICK,KRÜ,1,3,1,2,1,3,2,14,9,2026-01-24,VCT 2026: Americas Kickoff
596411,244816,AbyssPICK,ENVY,1,3,1,1,1,4,1,14,6,2026-01-24,VCT 2026: Americas Kickoff
596411,244817,PearlPICK,KRÜ,1,3,1,1,0,8,2,6,2,2026-01-24,VCT 2026: Americas Kickoff
596411,244817,PearlPICK,ENVY,1,2,1,1,0,5,4,10,8,2026-01-24,VCT 2026: Americas Kickoff
596411,244818,Breeze,KRÜ,1,3,1,2,0,4,2,13,6,2026-01-24,VCT 2026: Americas Kickoff
596411,244818,Breeze,ENVY,1,3,1,2,1,3,2,14,9,2026-01-24,VCT 2026: Americas Kickoff
596412,244819,PearlPICK,LEV,2,2,2,1,0,8,1,5,0,2026-01-24,VCT 2026: Americas Kickoff
596412,244819,PearlPICK,C9,0,4,1,0,0,1,1,11,11,2026-01-24,VCT 2026: Americas Kickoff
596412,244820,SplitPICK,LEV,1,3,1,1,0,4,3,13,4,2026-01-24,VCT 2026: Americas Kickoff
596412,244820,SplitPICK,C9,1,3,1,2,1,3,2,13,9,2026-01-24,VCT 2026: Americas Kickoff
596413,244822,CorrodePICK,100T,1,3,1,1,1,6,3,14,8,2026-01-25,VCT 2026: Americas Kickoff
596413,244822,CorrodePICK,SEN,1,3,1,1,0,5,2,15,8,2026-01-25,VCT 2026: Americas Kickoff
596413,244823,SplitPICK,100T,0,4,1,2,1,3,0,21,14,2026-01-25,VCT 2026: Americas Kickoff
596413,244823,SplitPICK,SEN,2,2,2,3,0,3,1,22,11,2026-01-25,VCT 2026: Americas Kickoff
596414,244825,PearlPICK,ENVY,1,3,1,1,0,5,3,29,14,2026-01-25,VCT 2026: Americas Kickoff
596414,244825,PearlPICK,C9,1,3,1,1,0,5,3,29,16,2026-01-25,VCT 2026: Americas Kickoff
596414,244826,BreezePICK,ENVY,2,2,2,1,0,7,4,11,7,2026-01-25,VCT 2026: Americas Kickoff
596414,244826,BreezePICK,C9,0,4,0,1,1,4,3,12,4,2026-01-25,VCT 2026: Americas Kickoff
596414,244827,Split,ENVY,1,3,1,2,1,4,1,15,8,2026-01-25,VCT 2026: Americas Kickoff
596414,244827,Split,C9,1,3,1,1,0,3,2,17,10,2026-01-25,VCT 2026: Americas Kickoff
596415,244828,HavenPICK,NRG,1,4,2,0,0,4,3,14,8,2026-02-01,VCT 2026: Americas Kickoff
596415,244828,HavenPICK,100T,1,3,1,1,0,6,4,12,4,2026-02-01,VCT 2026: Americas Kickoff
596415,244829,CorrodePICK,NRG,1,4,2,1,0,3,3,16,8,2026-02-01,VCT 2026: Americas Kickoff
596415,244829,CorrodePICK,100T,1,3,1,0,0,10,7,11,3,2026-02-01,VCT 2026: Americas Kickoff
596416,244831,CorrodePICK,G2,1,3,1,2,0,3,2,16,10,2026-02-01,VCT 2026: Americas Kickoff
596416,244831,CorrodePICK,C9,1,3,1,0,0,10,4,11,6,2026-02-01,VCT 2026: Americas Kickoff
596416,244832,BindPICK,G2,1,2,1,2,0,6,6,12,6,2026-02-01,VCT 2026: Americas Kickoff
596416,244832,BindPICK,C9,1,3,1,1,1,5,2,13,5,2026-02-01,VCT 2026: Americas Kickoff
596417,244834,PearlPICK,NRG,1,5,2,0,0,8,1,3,0,2026-02-07,VCT 2026: Americas Kickoff
596417,244834,PearlPICK,G2,1,4,3,0,0,1,0,11,10,2026-02-07,VCT 2026: Americas Kickoff
596417,244835,SplitPICK,NRG,1,4,1,1,0,5,3,11,4,2026-02-07,VCT 2026: Americas Kickoff
596417,244835,SplitPICK,G2,1,3,1,0,0,5,5,13,7,2026-02-07,VCT 2026: Americas Kickoff
596418,244837,BreezePICK,MIBR,1,3,1,3,0,4,3,9,2,2026-02-14,VCT 2026: Americas Kickoff
596418,244837,BreezePICK,G2,1,3,1,0,0,3,2,13,10,2026-02-14,VCT 2026: Americas Kickoff
596418,244838,HavenPICK,MIBR,0,4,0,1,0,3,1,9,3,2026-02-14,VCT 2026: Americas Kickoff
596418,244838,HavenPICK,G2,2,2,2,1,0,3,3,11,8,2026-02-14,VCT 2026: Americas Kickoff
596418,244839,CorrodePICK,MIBR,1,3,1,1,0,6,2,10,4,2026-02-14,VCT 2026: Americas Kickoff
596418,244839,CorrodePICK,G2,1,3,2,3,2,3,2,11,7,2026-02-14,VCT 2026: Americas Kickoff
596419,244842,HavenPICK,LOUD,1,3,1,2,0,4,2,9,2,2026-01-31,VCT 2026: Americas Kickoff
596419,244842,HavenPICK,EG,1,3,1,0,0,3,3,12,9,2026-01-31,VCT 2026: Americas Kickoff
596419,244843,AbyssPICK,LOUD,1,3,1,0,0,8,3,15,8,2026-01-31,VCT 2026: Americas Kickoff
596419,244843,AbyssPICK,EG,1,3,1,3,1,2,2,18,10,2026-01-31,VCT 2026: Americas Kickoff
596420,244845,BindPICK,KRÜ,0,4,0,1,0,5,1,7,3,2026-01-31,VCT 2026: Americas Kickoff
596420,244845,BindPICK,LEV,2,2,2,0,0,4,2,11,9,2026-01-31,VCT 2026: Americas Kickoff
596420,244846,SplitPICK,KRÜ,0,4,0,1,0,5,3,13,7,2026-01-31,VCT 2026: Americas Kickoff
596420,244846,SplitPICK,LEV,2,2,2,2,1,5,3,14,7,2026-01-31,VCT 2026: Americas Kickoff
596421,244848,PearlPICK,ENVY,0,4,0,1,0,4,3,21,11,2026-02-06,VCT 2026: Americas Kickoff
596421,244848,PearlPICK,EG,2,2,2,2,0,8,6,18,8,2026-02-06,VCT 2026: Americas Kickoff
596421,244849,CorrodePICK,ENVY,1,3,1,1,0,7,2,7,2,2026-02-06,VCT 2026: Americas Kickoff
596421,244849,CorrodePICK,EG,1,3,1,0,0,3,3,12,9,2026-02-06,VCT 2026: Americas Kickoff
596422,244851,CorrodePICK,SEN,1,3,2,0,0,4,2,16,6,2026-02-06,VCT 2026: Americas Kickoff
596422,244851,CorrodePICK,LEV,1,4,1,1,1,2,0,16,11,2026-02-06,VCT 2026: Americas Kickoff
596422,244852,BindPICK,SEN,2,3,2,1,0,6,3,16,7,2026-02-06,VCT 2026: Americas Kickoff
596422,244852,BindPICK,LEV,0,4,0,0,0,4,0,18,14,2026-02-06,VCT 2026: Americas Kickoff
596423,244854,HavenPICK,100T,1,3,1,2,0,8,4,11,8,2026-02-07,VCT 2026: Americas Kickoff
596423,244854,HavenPICK,EG,1,3,1,2,0,3,2,16,8,2026-02-07,VCT 2026: Americas Kickoff
596423,244855,BindPICK,100T,1,3,1,1,0,5,5,19,9,2026-02-07,VCT 2026: Americas Kickoff
596423,244855,BindPICK,EG,1,3,1,2,0,2,1,21,11,2026-02-07,VCT 2026: Americas Kickoff
596424,244857,BindPICK,C9,0,4,1,0,0,0,0,14,12,2026-02-07,VCT 2026: Americas Kickoff
596424,244857,BindPICK,LEV,2,3,2,1,0,5,3,9,0,2026-02-07,VCT 2026: Americas Kickoff
596424,244858,BreezePICK,C9,1,3,1,1,0,2,2,14,10,2026-02-07,VCT 2026: Americas Kickoff
596424,244858,BreezePICK,LEV,1,3,1,1,0,7,2,9,4,2026-02-07,VCT 2026: Americas Kickoff
596425,244860,PearlPICK,100T,1,4,2,1,1,6,2,15,9,2026-02-13,VCT 2026: Americas Kickoff
596425,244860,PearlPICK,C9,1,3,1,3,0,3,1,17,10,2026-02-13,VCT 2026: Americas Kickoff
596425,244861,SplitPICK,100T,0,4,0,3,1,1,1,16,9,2026-02-13,VCT 2026: Americas Kickoff
596425,244861,SplitPICK,C9,2,2,2,0,0,5,3,17,8,2026-02-13,VCT 2026: Americas Kickoff
596425,244862,Abyss,100T,1,3,1,0,0,1,1,11,11,2026-02-13,VCT 2026: Americas Kickoff
596425,244862,Abyss,C9,1,2,1,1,0,11,1,1,0,2026-02-13,VCT 2026: Americas Kickoff
596426,244863,PearlPICK,NRG,2,2,2,0,0,4,4,10,7,2026-02-14,VCT 2026: Americas Kickoff
596426,244863,PearlPICK,100T,0,4,0,2,1,6,1,4,1,2026-02-14,VCT 2026: Americas Kickoff
596426,244864,AbyssPICK,NRG,1,3,1,1,0,2,1,15,11,2026-02-14,VCT 2026: Americas Kickoff
596426,244864,AbyssPICK,100T,1,3,1,2,0,4,3,12,4,2026-02-14,VCT 2026: Americas Kickoff
596427,244866,BindPICK,MIBR,1,3,1,0,0,1,1,18,11,2026-02-15,VCT 2026: Americas Kickoff
596427,244866,BindPICK,NRG,1,4,1,1,0,5,3,12,5,2026-02-15,VCT 2026: Americas Kickoff
596427,244867,CorrodePICK,MIBR,1,3,1,1,1,2,2,12,9,2026-02-15,VCT 2026: Americas Kickoff
596427,244867,CorrodePICK,NRG,1,4,1,0,0,9,4,5,0,2026-02-15,VCT 2026: Americas Kickoff
596427,244868,SplitPICK,MIBR,0,5,0,0,0,4,2,14,8,2026-02-15,VCT 2026: Americas Kickoff
596427,244868,SplitPICK,NRG,2,3,2,1,0,5,2,14,9,2026-02-15,VCT 2026: Americas Kickoff
596427,244869,AbyssPICK,MIBR,0,4,0,1,0,6,1,6,3,2026-02-15,VCT 2026: Americas Kickoff
596427,244869,AbyssPICK,NRG,2,2,2,0,0,3,3,12,8,2026-02-15,VCT 2026: Americas Kickoff
596427,244870,Haven,MIBR,1,3,1,0,0,10,3,5,1,2026-02-15,VCT 2026: Americas Kickoff
596427,244870,Haven,NRG,1,4,1,0,0,3,2,11,10,2026-02-15,VCT 2026: Americas Kickoff
625788,254143,HavenPICK,M8,1,3,2,2,0,3,2,16,9,2026-02-28,Valorant Masters Santiago 2026
625788,254143,HavenPICK,EDG,1,3,1,2,0,3,1,16,9,2026-02-28,Valorant Masters Santiago 2026
625788,254144,PearlPICK,M8,0,4,1,0,0,3,3,13,9,2026-02-28,Valorant Masters Santiago 2026
625788,254144,PearlPICK,EDG,2,2,2,3,2,6,1,9,2,2026-02-28,Valorant Masters Santiago 2026
625789,254146,BreezePICK,T1,1,3,2,1,0,6,3,11,3,2026-03-01,Valorant Masters Santiago 2026
625789,254146,BreezePICK,TL,1,4,2,0,0,2,1,15,10,2026-03-01,Valorant Masters Santiago 2026
625789,254147,SplitPICK,T1,2,3,2,1,1,6,2,18,8,2026-03-01,Valorant Masters Santiago 2026
625789,254147,SplitPICK,TL,0,3,0,0,0,7,5,18,10,2026-03-01,Valorant Masters Santiago 2026
625790,254149,SplitPICK,G2,1,3,2,1,0,6,2,12,5,2026-03-01,Valorant Masters Santiago 2026
625790,254149,SplitPICK,PRX,1,3,1,3,1,2,1,14,10,2026-03-01,Valorant Masters Santiago 2026
625790,254150,CorrodePICK,G2,1,3,1,2,0,6,2,7,2,2026-03-01,Valorant Masters Santiago 2026
625790,254150,CorrodePICK,PRX,1,3,1,0,0,2,1,13,11,2026-03-01,Valorant Masters Santiago 2026
625791,254152,HavenPICK,XLG,0,3,0,1,0,6,0,5,2,2026-02-28,Valorant Masters Santiago 2026
625791,254152,HavenPICK,NRG,2,2,2,0,0,3,3,10,8,2026-02-28,Valorant Masters Santiago 2026
625791,254153,AbyssPICK,XLG,1,4,1,1,1,3,3,15,5,2026-02-28,Valorant Masters Santiago 2026
625791,254153,AbyssPICK,NRG,1,4,1,1,0,1,1,17,11,2026-02-28,Valorant Masters Santiago 2026
626529,254342,SplitPICK,PRX,1,3,1,1,0,4,2,15,10,2026-03-02,Valorant Masters Santiago 2026
626529,254342,SplitPICK,NRG,1,4,1,1,1,6,5,12,3,2026-03-02,Valorant Masters Santiago 2026
626529,254343,PearlPICK,PRX,2,2,2,1,0,11,4,9,4,2026-03-02,Valorant Masters Santiago 2026
626529,254343,PearlPICK,NRG,0,5,0,0,0,0,0,18,13,2026-03-02,Valorant Masters Santiago 2026
626529,254344,Haven,PRX,0,4,0,0,0,1,0,19,13,2026-03-02,Valorant Masters Santiago 2026
626529,254344,Haven,NRG,2,4,2,0,0,8,4,12,5,2026-03-02,Valorant Masters Santiago 2026
626530,254345,PearlPICK,M8,1,3,1,3,0,6,3,12,9,2026-03-02,Valorant Masters Santiago 2026
626530,254345,PearlPICK,TL,1,3,1,0,0,5,2,16,8,2026-03-02,Valorant Masters Santiago 2026
626530,254346,BindPICK,M8,1,3,2,0,0,2,2,11,9,2026-03-02,Valorant Masters Santiago 2026
626530,254346,BindPICK,TL,1,3,1,0,0,6,0,7,2,2026-03-02,Valorant Masters Santiago 2026
626532,254348,BindPICK,EDG,0,3,0,1,0,4,0,6,1,2026-03-03,Valorant Masters Santiago 2026
626532,254348,BindPICK,T1,2,2,2,0,0,2,2,10,9,2026-03-03,Valorant Masters Santiago 2026
626532,254349,HavenPICK,EDG,2,2,2,3,1,7,3,11,4,2026-03-03,Valorant Masters Santiago 2026
626532,254349,HavenPICK,T1,0,4,0,1,1,1,1,17,11,2026-03-03,Valorant Masters Santiago 2026
626533,254351,AbyssPICK,XLG,1,3,1,1,0,5,2,12,5,2026-03-03,Valorant Masters Santiago 2026
626533,254351,AbyssPICK,G2,1,4,1,0,0,5,4,12,8,2026-03-03,Valorant Masters Santiago 2026
626533,254352,HavenPICK,XLG,1,3,1,2,1,7,1,4,0,2026-03-03,Valorant Masters Santiago 2026
626533,254352,HavenPICK,G2,1,3,1,0,0,2,2,11,10,2026-03-03,Valorant Masters Santiago 2026
626534,254354,BreezePICK,G2,1,3,1,1,0,2,2,13,10,2026-03-04,Valorant Masters Santiago 2026
626534,254354,BreezePICK,T1,1,3,1,3,1,4,2,9,2,2026-03-04,Valorant Masters Santiago 2026
626534,254355,HavenPICK,G2,2,3,3,1,0,7,2,19,11,2026-03-04,Valorant Masters Santiago 2026
626534,254355,HavenPICK,T1,0,4,1,3,0,1,1,22,12,2026-03-04,Valorant Masters Santiago 2026
626535,254357,BreezePICK,NRG,1,4,1,1,0,5,2,14,10,2026-03-04,Valorant Masters Santiago 2026
626535,254357,BreezePICK,TL,1,3,1,1,1,7,2,13,7,2026-03-04,Valorant Masters Santiago 2026
626535,254358,AbyssPICK,NRG,2,2,2,1,0,3,2,11,9,2026-03-04,Valorant Masters Santiago 2026
626535,254358,AbyssPICK,TL,0,4,0,0,0,4,0,9,4,2026-03-04,Valorant Masters Santiago 2026
626537,254360,HavenPICK,NS,1,3,1,2,0,5,3,13,9,2026-03-06,Valorant Masters Santiago 2026
626537,254360,HavenPICK,M8,1,3,1,0,0,9,6,11,3,2026-03-06,Valorant Masters Santiago 2026
626537,254361,CorrodePICK,NS,1,3,1,1,1,4,1,15,10,2026-03-06,Valorant Masters Santiago 2026
626537,254361,CorrodePICK,M8,1,3,1,2,0,7,3,11,6,2026-03-06,Valorant Masters Santiago 2026
626538,254363,SplitPICK,AG,0,4,0,1,0,4,3,10,3,2026-03-07,Valorant Masters Santiago 2026
626538,254363,SplitPICK,G2,2,2,2,0,0,8,7,9,4,2026-03-07,Valorant Masters Santiago 2026
626538,254364,AbyssPICK,AG,0,4,0,0,0,5,1,8,3,2026-03-07,Valorant Masters Santiago 2026
626538,254364,AbyssPICK,G2,2,2,2,2,1,4,2,9,8,2026-03-07,Valorant Masters Santiago 2026
626539,254366,HavenPICK,FUR,0,3,0,2,1,3,1,14,11,2026-03-06,Valorant Masters Santiago 2026
626539,254366,HavenPICK,PRX,2,3,2,2,0,7,2,10,5,2026-03-06,Valorant Masters Santiago 2026
626539,254367,BreezePICK,FUR,0,4,0,0,0,4,1,9,3,2026-03-06,Valorant Masters Santiago 2026
626539,254367,BreezePICK,PRX,2,2,2,0,0,6,4,9,7,2026-03-06,Valorant Masters Santiago 2026
626539,254368,Split,FUR,0,4,0,2,0,1,0,13,7,2026-03-06,Valorant Masters Santiago 2026
626539,254368,Split,PRX,2,3,2,1,0,7,4,9,7,2026-03-06,Valorant Masters Santiago 2026
626540,254369,PearlPICK,BBL,0,5,0,2,0,6,3,6,3,2026-03-07,Valorant Masters Santiago 2026
626540,254369,PearlPICK,NRG,2,2,2,1,0,3,3,13,8,2026-03-07,Valorant Masters Santiago 2026
626540,254370,AbyssPICK,BBL,2,3,3,1,0,3,2,12,8,2026-03-07,Valorant Masters Santiago 2026
626540,254370,AbyssPICK,NRG,0,4,0,0,0,6,4,9,2,2026-03-07,Valorant Masters Santiago 2026
626540,254371,Split,BBL,2,2,2,0,0,9,5,21,8,2026-03-07,Valorant Masters Santiago 2026
626540,254371,Split,NRG,0,4,0,1,1,5,2,22,14,2026-03-07,Valorant Masters Santiago 2026
626541,254373,CorrodePICK,NS,2,3,2,2,1,4,1,11,9,2026-03-09,Valorant Masters Santiago 2026
626541,254373,CorrodePICK,G2,0,3,0,2,0,7,3,8,4,2026-03-09,Valorant Masters Santiago 2026
626541,254374,Split,NS,1,3,1,2,0,4,1,17,12,2026-03-09,Valorant Masters Santiago 2026
626541,254374,Split,G2,1,2,1,2,1,6,3,16,7,2026-03-09,Valorant Masters Santiago 2026
626541,256753,AbyssPICK,NS,0,4,0,1,0,3,1,12,6,2026-03-09,Valorant Masters Santiago 2026
626541,256753,AbyssPICK,G2,2,2,2,1,1,5,4,12,6,2026-03-09,Valorant Masters Santiago 2026
626542,254375,PearlPICK,PRX,1,3,1,2,0,8,5,13,6,2026-03-09,Valorant Masters Santiago 2026
626542,254375,PearlPICK,NRG,1,5,1,0,0,2,2,19,11,2026-03-09,Valorant Masters Santiago 2026
626542,254376,BindPICK,PRX,1,3,2,1,0,4,3,16,6,2026-03-09,Valorant Masters Santiago 2026
626542,254376,BindPICK,NRG,1,5,1,1,0,1,0,17,12,2026-03-09,Valorant Masters Santiago 2026
626543,254378,BindPICK,NS,1,2,1,3,0,4,4,13,8,2026-03-13,Valorant Masters Santiago 2026
626543,254378,BindPICK,NRG,1,3,1,1,0,5,3,13,5,2026-03-13,Valorant Masters Santiago 2026
626543,254379,AbyssPICK,NS,1,3,1,1,0,6,3,14,9,2026-03-13,Valorant Masters Santiago 2026
626543,254379,AbyssPICK,NRG,1,5,1,0,0,4,3,15,7,2026-03-13,Valorant Masters Santiago 2026
626544,254381,CorrodePICK,NS,1,3,2,1,0,4,2,16,9,2026-03-15,Valorant Masters Santiago 2026
626544,254381,CorrodePICK,PRX,1,3,1,3,1,2,1,16,8,2026-03-15,Valorant Masters Santiago 2026
626544,254382,SplitPICK,NS,2,2,2,0,0,3,3,12,8,2026-03-15,Valorant Masters Santiago 2026
626544,254382,SplitPICK,PRX,0,4,0,2,0,5,2,6,2,2026-03-15,Valorant Masters Santiago 2026
626544,254383,AbyssPICK,NS,1,3,2,0,0,2,1,11,10,2026-03-15,Valorant Masters Santiago 2026
626544,254383,AbyssPICK,PRX,1,3,1,1,0,7,0,5,2,2026-03-15,Valorant Masters Santiago 2026
626545,254386,PearlPICK,M8,2,2,2,0,0,7,5,9,6,2026-03-08,Valorant Masters Santiago 2026
626545,254386,PearlPICK,AG,0,4,0,3,0,2,1,9,4,2026-03-08,Valorant Masters Santiago 2026
626545,254387,SplitPICK,M8,0,4,0,2,0,5,2,6,2,2026-03-08,Valorant Masters Santiago 2026
626545,254387,SplitPICK,AG,2,2,2,0,0,4,4,11,7,2026-03-08,Valorant Masters Santiago 2026
626545,254388,Bind,M8,0,4,0,2,0,2,0,13,8,2026-03-08,Valorant Masters Santiago 2026
626545,254388,Bind,AG,2,2,2,1,0,7,4,11,7,2026-03-08,Valorant Masters Santiago 2026
626546,254389,HavenPICK,FUR,0,4,1,1,0,1,0,14,6,2026-03-08,Valorant Masters Santiago 2026
626546,254389,HavenPICK,BBL,2,2,2,2,1,4,1,12,9,2026-03-08,Valorant Masters Santiago 2026
626546,254390,BreezePICK,FUR,1,3,1,4,2,2,1,14,9,2026-03-08,Valorant Masters Santiago 2026
626546,254390,BreezePICK,BBL,1,4,2,1,1,7,3,11,4,2026-03-08,Valorant Masters Santiago 2026
626546,254391,Abyss,FUR,1,3,1,0,0,5,1,16,9,2026-03-08,Valorant Masters Santiago 2026
626546,254391,Abyss,BBL,1,3,1,1,0,6,3,14,9,2026-03-08,Valorant Masters Santiago 2026
626547,254392,CorrodePICK,PRX,1,3,1,0,0,7,3,13,6,2026-03-10,Valorant Masters Santiago 2026
626547,254392,CorrodePICK,AG,1,3,1,1,1,6,4,13,7,2026-03-10,Valorant Masters Santiago 2026
626547,254393,PearlPICK,PRX,2,2,2,2,1,4,3,12,7,2026-03-10,Valorant Masters Santiago 2026
626547,254393,PearlPICK,AG,0,4,0,2,0,4,3,10,4,2026-03-10,Valorant Masters Santiago 2026
626547,254394,Split,PRX,0,4,1,0,0,0,0,13,12,2026-03-10,Valorant Masters Santiago 2026
626547,254394,Split,AG,2,2,2,3,0,6,1,6,1,2026-03-10,Valorant Masters Santiago 2026
626548,254395,HavenPICK,G2,2,3,2,1,0,3,2,11,9,2026-03-10,Valorant Masters Santiago 2026
626548,254395,HavenPICK,BBL,0,3,0,2,0,5,3,8,2,2026-03-10,Valorant Masters Santiago 2026
626548,256892,BreezePICK,G2,2,2,2,3,1,6,3,10,7,2026-03-10,Valorant Masters Santiago 2026
626548,256892,BreezePICK,BBL,0,4,0,0,0,4,1,13,7,2026-03-10,Valorant Masters Santiago 2026
626549,254398,HavenPICK,PRX,1,4,1,1,0,4,2,15,8,2026-03-13,Valorant Masters Santiago 2026
626549,254398,HavenPICK,G2,1,3,2,1,0,5,3,15,8,2026-03-13,Valorant Masters Santiago 2026
626549,254399,BreezePICK,PRX,2,2,2,0,0,7,5,13,6,2026-03-13,Valorant Masters Santiago 2026
626549,254399,BreezePICK,G2,0,4,0,1,0,4,3,13,6,2026-03-13,Valorant Masters Santiago 2026
626549,254400,Corrode,PRX,2,2,2,1,0,3,2,11,9,2026-03-13,Valorant Masters Santiago 2026
626549,254400,Corrode,G2,0,3,0,3,1,6,2,5,1,2026-03-13,Valorant Masters Santiago 2026
626550,254401,PearlPICK,NRG,2,2,2,3,2,6,4,10,5,2026-03-14,Valorant Masters Santiago 2026
626550,254401,PearlPICK,PRX,0,4,0,2,0,5,1,10,7,2026-03-14,Valorant Masters Santiago 2026
626550,254402,SplitPICK,NRG,1,4,1,0,0,9,2,7,4,2026-03-14,Valorant Masters Santiago 2026
626550,254402,SplitPICK,PRX,1,3,2,0,0,3,2,14,9,2026-03-14,Valorant Masters Santiago 2026
626550,254403,CorrodePICK,NRG,1,4,1,1,0,6,2,8,3,2026-03-14,Valorant Masters Santiago 2026
626550,254403,CorrodePICK,PRX,1,3,1,0,0,3,3,13,9,2026-03-14,Valorant Masters Santiago 2026
626550,254404,BreezePICK,NRG,0,4,0,1,0,5,3,12,6,2026-03-14,Valorant Masters Santiago 2026
626550,254404,BreezePICK,PRX,2,2,2,2,0,5,4,13,7,2026-03-14,Valorant Masters Santiago 2026
644652,258249,BindPICK,GEN,1,3,1,0,0,8,4,10,3,2026-04-03,VCT 2026: Pacific Stage 1
644652,258249,BindPICK,GE,1,3,1,0,0,4,3,14,9,2026-04-03,VCT 2026: Pacific Stage 1
644652,258250,SplitPICK,GEN,0,3,0,1,0,6,2,7,2,2026-04-03,VCT 2026: Pacific Stage 1
644652,258250,SplitPICK,GE,2,2,2,1,1,5,3,9,7,2026-04-03,VCT 2026: Pacific Stage 1
644653,258252,HavenPICK,T1,0,4,1,1,0,1,1,18,11,2026-04-03,VCT 2026: Pacific Stage 1
644653,258252,HavenPICK,VL,2,2,2,1,0,8,3,13,6,2026-04-03,VCT 2026: Pacific Stage 1
644653,258253,PearlPICK,T1,2,2,2,1,1,4,3,10,7,2026-04-03,VCT 2026: Pacific Stage 1
644653,258253,PearlPICK,VL,0,3,0,3,0,5,1,6,3,2026-04-03,VCT 2026: Pacific Stage 1
644654,258255,FracturePICK,NS,1,3,1,1,0,8,3,16,11,2026-04-04,VCT 2026: Pacific Stage 1
644654,258255,FracturePICK,PRX,1,3,1,2,0,5,3,18,9,2026-04-04,VCT 2026: Pacific Stage 1
644654,258256,SplitPICK,NS,2,2,2,1,0,9,3,11,5,2026-04-04,VCT 2026: Pacific Stage 1
644654,258256,SplitPICK,PRX,0,4,0,0,0,2,1,17,12,2026-04-04,VCT 2026: Pacific Stage 1
644654,258257,Lotus,NS,0,3,0,3,1,4,1,9,4,2026-04-04,VCT 2026: Pacific Stage 1
644654,258257,Lotus,PRX,2,2,2,2,1,3,1,12,9,2026-04-04,VCT 2026: Pacific Stage 1
644655,258258,PearlPICK,FS,0,4,0,1,1,1,0,13,12,2026-04-04,VCT 2026: Pacific Stage 1
644655,258258,PearlPICK,DFM,2,3,2,3,0,6,2,7,2,2026-04-04,VCT 2026: Pacific Stage 1
644655,258259,BindPICK,FS,1,3,1,2,1,2,2,14,9,2026-04-04,VCT 2026: Pacific Stage 1
644655,258259,BindPICK,DFM,1,3,1,1,0,7,3,10,4,2026-04-04,VCT 2026: Pacific Stage 1
644656,258261,PearlPICK,TS,0,4,0,1,0,5,2,8,3,2026-04-05,VCT 2026: Pacific Stage 1
644656,258261,PearlPICK,KRX,2,2,2,1,1,5,4,10,6,2026-04-05,VCT 2026: Pacific Stage 1
644656,258262,FracturePICK,TS,1,3,1,1,0,6,3,18,9,2026-04-05,VCT 2026: Pacific Stage 1
644656,258262,FracturePICK,KRX,1,3,1,3,0,3,2,19,12,2026-04-05,VCT 2026: Pacific Stage 1
644657,258264,SplitPICK,RRQ,1,3,1,2,1,2,1,13,4,2026-04-05,VCT 2026: Pacific Stage 1
644657,258264,SplitPICK,ZETA,1,3,1,0,0,3,2,14,10,2026-04-05,VCT 2026: Pacific Stage 1
644657,258265,FracturePICK,RRQ,1,3,1,1,0,4,3,11,9,2026-04-05,VCT 2026: Pacific Stage 1
644657,258265,FracturePICK,ZETA,1,3,1,2,1,3,1,11,3,2026-04-05,VCT 2026: Pacific Stage 1
644657,258266,Haven,RRQ,1,3,1,2,0,3,1,16,11,2026-04-05,VCT 2026: Pacific Stage 1
644657,258266,Haven,ZETA,1,3,1,1,0,6,2,14,8,2026-04-05,VCT 2026: Pacific Stage 1
644658,258267,PearlPICK,DFM,1,3,1,2,1,6,2,17,9,2026-04-10,VCT 2026: Pacific Stage 1
644658,258267,PearlPICK,T1,1,2,1,2,1,5,4,19,9,2026-04-10,VCT 2026: Pacific Stage 1
644658,258268,LotusPICK,DFM,2,2,2,2,0,11,3,4,1,2026-04-10,VCT 2026: Pacific Stage 1
644658,258268,LotusPICK,T1,0,3,0,1,0,1,1,14,12,2026-04-10,VCT 2026: Pacific Stage 1
644659,258270,HavenPICK,NS,0,4,0,2,1,1,1,17,9,2026-04-10,VCT 2026: Pacific Stage 1
644659,258270,HavenPICK,KRX,2,2,2,2,0,6,4,14,7,2026-04-10,VCT 2026: Pacific Stage 1
644659,258271,FracturePICK,NS,0,4,0,1,0,2,2,21,13,2026-04-10,VCT 2026: Pacific Stage 1
644659,258271,FracturePICK,KRX,2,2,2,2,0,7,4,17,7,2026-04-10,VCT 2026: Pacific Stage 1
644659,258272,Lotus,NS,0,3,0,2,0,5,3,13,7,2026-04-10,VCT 2026: Pacific Stage 1
644659,258272,Lotus,KRX,2,2,2,1,0,9,5,11,6,2026-04-10,VCT 2026: Pacific Stage 1
644660,258273,SplitPICK,TS,1,4,1,1,0,7,5,10,3,2026-04-11,VCT 2026: Pacific Stage 1
644660,258273,SplitPICK,GE,1,3,1,1,0,4,3,14,9,2026-04-11,VCT 2026: Pacific Stage 1
644660,258274,LotusPICK,TS,1,4,1,1,0,4,1,13,7,2026-04-11,VCT 2026: Pacific Stage 1
644660,258274,LotusPICK,GE,1,3,2,0,0,5,3,14,8,2026-04-11,VCT 2026: Pacific Stage 1
644661,258276,BindPICK,RRQ,0,4,0,1,0,2,2,17,11,2026-04-11,VCT 2026: Pacific Stage 1
644661,258276,BindPICK,VL,2,2,2,2,0,6,3,14,6,2026-04-11,VCT 2026: Pacific Stage 1
644661,258277,SplitPICK,RRQ,1,2,1,1,1,5,3,22,11,2026-04-11,VCT 2026: Pacific Stage 1
644661,258277,SplitPICK,VL,1,4,1,1,0,5,3,20,10,2026-04-11,VCT 2026: Pacific Stage 1
644662,258279,FracturePICK,FS,1,3,1,0,0,4,4,12,8,2026-04-12,VCT 2026: Pacific Stage 1
644662,258279,FracturePICK,ZETA,1,3,1,3,0,3,1,10,4,2026-04-12,VCT 2026: Pacific Stage 1
644662,258280,SplitPICK,FS,1,3,1,1,0,4,3,12,9,2026-04-12,VCT 2026: Pacific Stage 1
644662,258280,SplitPICK,ZETA,1,3,1,2,1,5,2,10,3,2026-04-12,VCT 2026: Pacific Stage 1
644663,258282,HavenPICK,GEN,1,3,1,2,1,6,4,21,11,2026-04-12,VCT 2026: Pacific Stage 1
644663,258282,HavenPICK,PRX,1,3,1,2,0,5,4,22,10,2026-04-12,VCT 2026: Pacific Stage 1
644663,258283,FracturePICK,GEN,1,3,1,2,0,5,1,6,1,2026-04-12,VCT 2026: Pacific Stage 1
644663,258283,FracturePICK,PRX,1,3,1,0,0,1,1,12,11,2026-04-12,VCT 2026: Pacific Stage 1
644663,258284,Lotus,GEN,2,3,3,1,1,5,2,7,7,2026-04-12,VCT 2026: Pacific Stage 1
644663,258284,Lotus,PRX,0,3,0,2,1,6,2,5,0,2026-04-12,VCT 2026: Pacific Stage 1
644665,258285,HavenPICK,FS,2,3,2,0,0,4,2,11,9,2026-04-17,VCT 2026: Pacific Stage 1
644665,258285,HavenPICK,VL,0,3,0,4,1,3,1,8,3,2026-04-17,VCT 2026: Pacific Stage 1
644665,265130,LotusPICK,FS,1,3,1,2,0,6,4,15,9,2026-04-17,VCT 2026: Pacific Stage 1
644665,265130,LotusPICK,VL,1,3,1,1,0,5,2,17,9,2026-04-17,VCT 2026: Pacific Stage 1
644666,258288,BreezePICK,TS,0,4,0,1,0,5,1,7,3,2026-04-17,VCT 2026: Pacific Stage 1
644666,258288,BreezePICK,PRX,2,2,2,0,0,5,3,10,8,2026-04-17,VCT 2026: Pacific Stage 1
644666,258289,SplitPICK,TS,2,2,2,2,0,8,3,22,11,2026-04-17,VCT 2026: Pacific Stage 1
644666,258289,SplitPICK,PRX,0,4,1,0,0,4,0,26,17,2026-04-17,VCT 2026: Pacific Stage 1
644667,258291,FracturePICK,KRX,0,4,1,1,1,0,0,16,11,2026-04-18,VCT 2026: Pacific Stage 1
644667,258291,FracturePICK,GE,2,2,2,3,0,8,4,8,2,2026-04-18,VCT 2026: Pacific Stage 1
644667,258292,HavenPICK,KRX,0,5,1,0,0,3,2,14,10,2026-04-18,VCT 2026: Pacific Stage 1
644667,258292,HavenPICK,GE,2,2,2,1,0,9,2,10,5,2026-04-18,VCT 2026: Pacific Stage 1
644668,258294,BindPICK,ZETA,1,3,1,2,0,3,3,15,9,2026-04-18,VCT 2026: Pacific Stage 1
644668,258294,BindPICK,DFM,1,3,1,1,0,5,3,14,6,2026-04-18,VCT 2026: Pacific Stage 1
644668,258295,LotusPICK,ZETA,0,4,0,2,0,4,2,10,5,2026-04-18,VCT 2026: Pacific Stage 1
644668,258295,LotusPICK,DFM,2,2,2,0,0,8,4,10,7,2026-04-18,VCT 2026: Pacific Stage 1
644668,258296,Pearl,ZETA,0,4,0,2,0,4,4,8,1,2026-04-18,VCT 2026: Pacific Stage 1
644668,258296,Pearl,DFM,2,3,2,0,0,3,2,12,9,2026-04-18,VCT 2026: Pacific Stage 1
644669,258297,PearlPICK,RRQ,2,3,2,3,1,5,0,10,5,2026-04-19,VCT 2026: Pacific Stage 1
644669,258297,PearlPICK,T1,0,3,1,2,2,1,1,15,9,2026-04-19,VCT 2026: Pacific Stage 1
644669,258298,BindPICK,RRQ,1,2,1,2,0,5,2,14,7,2026-04-19,VCT 2026: Pacific Stage 1
644669,258298,BindPICK,T1,1,3,2,2,0,2,0,16,11,2026-04-19,VCT 2026: Pacific Stage 1
644670,258300,PearlPICK,NS,2,2,2,2,1,5,2,12,8,2026-04-19,VCT 2026: Pacific Stage 1
644670,258300,PearlPICK,GEN,0,4,0,0,0,6,1,11,7,2026-04-19,VCT 2026: Pacific Stage 1
644670,258301,BreezePICK,NS,2,2,2,0,0,4,3,10,8,2026-04-19,VCT 2026: Pacific Stage 1
644670,258301,BreezePICK,GEN,0,4,0,2,1,3,0,7,2,2026-04-19,VCT 2026: Pacific Stage 1
644671,258303,PearlPICK,RRQ,0,4,0,2,1,1,0,15,8,2026-04-24,VCT 2026: Pacific Stage 1
644671,258303,PearlPICK,FS,2,2,2,1,0,7,3,12,8,2026-04-24,VCT 2026: Pacific Stage 1
644671,258304,HavenPICK,RRQ,1,3,1,3,0,3,2,14,10,2026-04-24,VCT 2026: Pacific Stage 1
644671,258304,HavenPICK,FS,1,3,1,1,0,4,2,15,7,2026-04-24,VCT 2026: Pacific Stage 1
644671,258305,Fracture,RRQ,1,2,1,1,0,4,3,9,9,2026-04-24,VCT 2026: Pacific Stage 1
644671,258305,Fracture,FS,1,3,1,0,0,8,2,5,0,2026-04-24,VCT 2026: Pacific Stage 1
644672,258306,SplitPICK,PRX,2,2,2,1,1,3,2,10,8,2026-04-24,VCT 2026: Pacific Stage 1
644672,258306,SplitPICK,GE,0,3,0,2,2,5,1,6,0,2026-04-24,VCT 2026: Pacific Stage 1
644672,258307,PearlPICK,PRX,1,3,1,1,0,4,3,13,9,2026-04-24,VCT 2026: Pacific Stage 1
644672,258307,PearlPICK,GE,1,3,1,2,0,5,1,11,6,2026-04-24,VCT 2026: Pacific Stage 1
644673,258309,HavenPICK,GEN,2,3,2,0,0,3,2,10,9,2026-04-25,VCT 2026: Pacific Stage 1
644673,258309,HavenPICK,KRX,0,3,0,2,0,2,1,9,2,2026-04-25,VCT 2026: Pacific Stage 1
644673,258310,PearlPICK,GEN,0,4,0,3,1,4,2,12,7,2026-04-25,VCT 2026: Pacific Stage 1
644673,258310,PearlPICK,KRX,2,2,2,1,0,7,5,13,6,2026-04-25,VCT 2026: Pacific Stage 1
644673,258311,Lotus,GEN,1,3,1,2,1,7,4,24,11,2026-04-25,VCT 2026: Pacific Stage 1
644673,258311,Lotus,KRX,1,3,1,0,0,5,1,28,17,2026-04-25,VCT 2026: Pacific Stage 1
644674,258312,LotusPICK,DFM,0,4,0,1,0,2,2,17,11,2026-04-25,VCT 2026: Pacific Stage 1
644674,258312,LotusPICK,VL,2,2,2,2,2,8,4,12,3,2026-04-25,VCT 2026: Pacific Stage 1
644674,258313,HavenPICK,DFM,2,2,2,2,0,8,4,11,4,2026-04-25,VCT 2026: Pacific Stage 1
644674,258313,HavenPICK,VL,0,4,1,0,0,2,1,17,11,2026-04-25,VCT 2026: Pacific Stage 1
644674,258314,Fracture,DFM,1,3,1,1,0,6,4,12,8,2026-04-25,VCT 2026: Pacific Stage 1
644674,258314,Fracture,VL,1,3,1,2,1,6,3,11,4,2026-04-25,VCT 2026: Pacific Stage 1
644675,258315,HavenPICK,T1,1,3,1,1,1,2,1,13,10,2026-04-26,VCT 2026: Pacific Stage 1
644675,258315,HavenPICK,ZETA,1,3,1,4,1,3,1,9,3,2026-04-26,VCT 2026: Pacific Stage 1
644675,258316,LotusPICK,T1,0,4,1,1,0,0,0,15,12,2026-04-26,VCT 2026: Pacific Stage 1
644675,258316,LotusPICK,ZETA,2,4,2,1,0,6,3,9,2,2026-04-26,VCT 2026: Pacific Stage 1
644676,258318,BreezePICK,NS,2,2,2,0,0,9,5,10,6,2026-04-26,VCT 2026: Pacific Stage 1
644676,258318,BreezePICK,TS,0,4,0,2,1,2,0,13,7,2026-04-26,VCT 2026: Pacific Stage 1
644676,258319,FracturePICK,NS,1,3,1,3,1,3,0,12,6,2026-04-26,VCT 2026: Pacific Stage 1
644676,258319,FracturePICK,TS,1,3,2,1,0,3,3,14,8,2026-04-26,VCT 2026: Pacific Stage 1
644676,258320,Pearl,NS,1,3,1,1,1,3,2,11,9,2026-04-26,VCT 2026: Pacific Stage 1
644676,258320,Pearl,TS,1,3,1,1,0,6,2,8,2,2026-04-26,VCT 2026: Pacific Stage 1
644677,258321,SplitPICK,GEN,1,3,1,0,0,7,4,14,6,2026-05-01,VCT 2026: Pacific Stage 1
644677,258321,SplitPICK,TS,1,3,1,0,0,6,5,15,7,2026-05-01,VCT 2026: Pacific Stage 1
644677,258322,LotusPICK,GEN,0,4,0,1,1,3,1,16,11,2026-05-01,VCT 2026: Pacific Stage 1
644677,258322,LotusPICK,TS,2,3,2,3,1,6,3,12,5,2026-05-01,VCT 2026: Pacific Stage 1
644677,258323,Breeze,GEN,1,3,1,2,1,5,2,10,3,2026-05-01,VCT 2026: Pacific Stage 1
644677,258323,Breeze,TS,1,3,1,1,1,4,3,12,8,2026-05-01,VCT 2026: Pacific Stage 1
644678,258324,BindPICK,VL,1,3,1,1,0,3,3,16,9,2026-05-01,VCT 2026: Pacific Stage 1
644678,258324,BindPICK,ZETA,1,3,1,2,1,4,2,14,6,2026-05-01,VCT 2026: Pacific Stage 1
644678,258325,BreezePICK,VL,0,4,0,2,0,2,1,14,8,2026-05-01,VCT 2026: Pacific Stage 1
644678,258325,BreezePICK,ZETA,2,2,2,1,0,7,4,12,7,2026-05-01,VCT 2026: Pacific Stage 1
644678,258326,Fracture,VL,1,3,1,1,1,7,4,11,3,2026-05-01,VCT 2026: Pacific Stage 1
644678,258326,Fracture,ZETA,1,3,1,2,1,4,3,13,8,2026-05-01,VCT 2026: Pacific Stage 1
644679,258327,PearlPICK,T1,2,2,2,1,0,4,2,11,9,2026-05-02,VCT 2026: Pacific Stage 1
644679,258327,PearlPICK,FS,0,4,0,1,0,3,1,10,4,2026-05-02,VCT 2026: Pacific Stage 1
644679,258328,BindPICK,T1,1,3,1,1,0,6,3,10,3,2026-05-02,VCT 2026: Pacific Stage 1
644679,258328,BindPICK,FS,1,3,1,2,1,3,2,12,9,2026-05-02,VCT 2026: Pacific Stage 1
644679,258329,Breeze,T1,1,3,1,0,0,4,2,15,10,2026-05-02,VCT 2026: Pacific Stage 1
644679,258329,Breeze,FS,1,4,1,0,0,9,4,9,4,2026-05-02,VCT 2026: Pacific Stage 1
644680,258330,BreezePICK,NS,1,3,1,2,1,5,1,8,2,2026-05-02,VCT 2026: Pacific Stage 1
644680,258330,BreezePICK,GE,1,3,1,0,0,4,3,11,9,2026-05-02,VCT 2026: Pacific Stage 1
644680,258331,BindPICK,NS,0,3,0,4,1,1,1,16,11,2026-05-02,VCT 2026: Pacific Stage 1
644680,258331,BindPICK,GE,2,2,2,2,0,6,3,14,6,2026-05-02,VCT 2026: Pacific Stage 1
644680,258332,Haven,NS,2,2,2,3,0,6,5,15,5,2026-05-02,VCT 2026: Pacific Stage 1
644680,258332,Haven,GE,0,4,0,2,0,1,1,19,13,2026-05-02,VCT 2026: Pacific Stage 1
644681,258333,BreezePICK,PRX,1,3,1,1,0,1,1,13,11,2026-05-03,VCT 2026: Pacific Stage 1
644681,258333,BreezePICK,KRX,1,3,1,1,0,5,2,9,2,2026-05-03,VCT 2026: Pacific Stage 1
644681,258334,LotusPICK,PRX,0,4,0,0,0,1,1,13,12,2026-05-03,VCT 2026: Pacific Stage 1
644681,258334,LotusPICK,KRX,2,2,2,2,0,7,3,7,0,2026-05-03,VCT 2026: Pacific Stage 1
644682,258336,HavenPICK,RRQ,0,4,0,2,1,1,0,19,11,2026-05-03,VCT 2026: Pacific Stage 1
644682,258336,HavenPICK,DFM,2,2,2,2,0,8,5,14,7,2026-05-03,VCT 2026: Pacific Stage 1
644682,258337,LotusPICK,RRQ,1,3,1,2,0,6,3,15,10,2026-05-03,VCT 2026: Pacific Stage 1
644682,258337,LotusPICK,DFM,1,3,1,0,0,6,3,17,8,2026-05-03,VCT 2026: Pacific Stage 1
644682,258338,Fracture,RRQ,0,4,0,0,0,2,1,15,12,2026-05-03,VCT 2026: Pacific Stage 1
644682,258338,Fracture,DFM,2,2,2,3,0,7,2,9,4,2026-05-03,VCT 2026: Pacific Stage 1
644709,258339,BreezePICK,FNC,1,3,1,1,0,4,2,18,11,2026-04-01,VCT 2026: EMEA Stage 1
644709,258339,BreezePICK,EF,1,3,1,2,0,3,2,18,9,2026-04-01,VCT 2026: EMEA Stage 1
644709,258340,BindPICK,FNC,2,2,2,1,0,5,3,24,10,2026-04-01,VCT 2026: EMEA Stage 1
644709,258340,BindPICK,EF,0,3,0,4,1,2,0,23,16,2026-04-01,VCT 2026: EMEA Stage 1
644709,258341,Lotus,FNC,2,2,2,0,0,3,3,10,8,2026-04-01,VCT 2026: EMEA Stage 1
644709,258341,Lotus,EF,0,2,0,4,0,4,0,5,2,2026-04-01,VCT 2026: EMEA Stage 1
644710,258342,HavenPICK,TL,2,2,2,2,1,7,5,12,5,2026-04-01,VCT 2026: EMEA Stage 1
644710,258342,HavenPICK,KC,0,4,0,0,0,6,5,13,5,2026-04-01,VCT 2026: EMEA Stage 1
644710,258343,PearlPICK,TL,2,2,2,1,0,6,4,11,7,2026-04-01,VCT 2026: EMEA Stage 1
644710,258343,PearlPICK,KC,0,3,0,1,0,7,4,9,3,2026-04-01,VCT 2026: EMEA Stage 1
644711,258345,HavenPICK,VIT,1,3,1,0,0,5,3,13,9,2026-04-02,VCT 2026: EMEA Stage 1
644711,258345,HavenPICK,GX,1,3,1,0,0,6,2,12,5,2026-04-02,VCT 2026: EMEA Stage 1
644711,258346,PearlPICK,VIT,1,3,2,0,0,5,4,8,7,2026-04-02,VCT 2026: EMEA Stage 1
644711,258346,PearlPICK,GX,1,3,1,2,1,7,0,4,1,2026-04-02,VCT 2026: EMEA Stage 1
644712,258348,PearlPICK,M8,1,3,1,2,0,5,3,13,9,2026-04-02,VCT 2026: EMEA Stage 1
644712,258348,PearlPICK,FUT,1,3,1,2,0,2,2,16,7,2026-04-02,VCT 2026: EMEA Stage 1
644712,258349,BindPICK,M8,1,3,1,1,0,5,1,12,6,2026-04-02,VCT 2026: EMEA Stage 1
644712,258349,BindPICK,FUT,1,3,1,1,0,4,3,13,9,2026-04-02,VCT 2026: EMEA Stage 1
644712,258350,Haven,M8,0,4,0,2,0,2,1,11,5,2026-04-02,VCT 2026: EMEA Stage 1
644712,258350,Haven,FUT,2,2,2,1,1,6,3,10,7,2026-04-02,VCT 2026: EMEA Stage 1
644713,258351,PearlPICK,TH,1,3,1,0,0,5,3,14,9,2026-04-03,VCT 2026: EMEA Stage 1
644713,258351,PearlPICK,NAVI,1,3,1,2,0,4,2,13,6,2026-04-03,VCT 2026: EMEA Stage 1
644713,258352,LotusPICK,TH,0,3,0,1,0,6,2,12,7,2026-04-03,VCT 2026: EMEA Stage 1
644713,258352,LotusPICK,NAVI,2,2,2,2,0,7,3,11,8,2026-04-03,VCT 2026: EMEA Stage 1
644713,258353,Bind,TH,1,3,2,3,1,3,1,13,5,2026-04-03,VCT 2026: EMEA Stage 1
644713,258353,Bind,NAVI,1,3,1,2,0,3,1,14,11,2026-04-03,VCT 2026: EMEA Stage 1
644714,258354,SplitPICK,BBL,1,3,1,1,0,5,4,15,8,2026-04-03,VCT 2026: EMEA Stage 1
644714,258354,SplitPICK,PCF,1,3,1,2,1,7,4,12,5,2026-04-03,VCT 2026: EMEA Stage 1
644714,258355,BreezePICK,BBL,0,3,0,1,0,4,3,13,10,2026-04-03,VCT 2026: EMEA Stage 1
644714,258355,BreezePICK,PCF,2,3,2,0,0,7,4,11,2,2026-04-03,VCT 2026: EMEA Stage 1
644716,258357,HavenPICK,PCF,0,4,0,0,0,2,2,15,6,2026-04-08,VCT 2026: EMEA Stage 1
644716,258357,HavenPICK,GX,2,2,2,1,0,6,3,12,8,2026-04-08,VCT 2026: EMEA Stage 1
644716,258358,PearlPICK,PCF,0,4,0,1,0,5,1,16,13,2026-04-08,VCT 2026: EMEA Stage 1
644716,258358,PearlPICK,GX,2,2,2,1,1,11,3,12,6,2026-04-08,VCT 2026: EMEA Stage 1
644716,258359,Split,PCF,0,4,1,1,0,3,2,15,7,2026-04-08,VCT 2026: EMEA Stage 1
644716,258359,Split,GX,2,2,2,2,0,4,3,15,8,2026-04-08,VCT 2026: EMEA Stage 1
644717,258360,PearlPICK,BBL,1,3,1,1,1,9,3,6,1,2026-04-08,VCT 2026: EMEA Stage 1
644717,258360,PearlPICK,EF,1,3,1,0,0,3,2,13,10,2026-04-08,VCT 2026: EMEA Stage 1
644717,258361,SplitPICK,BBL,1,3,1,0,0,7,1,13,8,2026-04-08,VCT 2026: EMEA Stage 1
644717,258361,SplitPICK,EF,1,3,1,1,0,5,3,14,9,2026-04-08,VCT 2026: EMEA Stage 1
644718,258363,SplitPICK,FNC,2,2,2,2,1,10,6,10,4,2026-04-09,VCT 2026: EMEA Stage 1
644718,258363,SplitPICK,VIT,0,4,0,1,0,2,1,17,10,2026-04-09,VCT 2026: EMEA Stage 1
644718,258364,BreezePICK,FNC,2,3,2,4,2,5,1,11,8,2026-04-09,VCT 2026: EMEA Stage 1
644718,258364,BreezePICK,VIT,0,3,1,2,0,6,6,12,3,2026-04-09,VCT 2026: EMEA Stage 1
644719,258366,PearlPICK,TL,1,3,2,2,1,3,2,15,8,2026-04-09,VCT 2026: EMEA Stage 1
644719,258366,PearlPICK,TH,1,5,1,1,0,5,3,12,6,2026-04-09,VCT 2026: EMEA Stage 1
644719,258367,BindPICK,TL,2,2,2,0,0,4,2,15,9,2026-04-09,VCT 2026: EMEA Stage 1
644719,258367,BindPICK,TH,0,5,1,1,0,3,0,12,7,2026-04-09,VCT 2026: EMEA Stage 1
644720,258369,FracturePICK,FUT,0,5,2,0,0,5,1,12,6,2026-04-10,VCT 2026: EMEA Stage 1
644720,258369,FracturePICK,NAVI,2,2,2,2,1,4,1,14,9,2026-04-10,VCT 2026: EMEA Stage 1
644720,258370,BindPICK,FUT,1,3,1,2,1,3,2,14,9,2026-04-10,VCT 2026: EMEA Stage 1
644720,258370,BindPICK,NAVI,1,3,1,0,0,6,4,13,4,2026-04-10,VCT 2026: EMEA Stage 1
644720,258371,Split,FUT,1,3,1,0,0,2,2,14,10,2026-04-10,VCT 2026: EMEA Stage 1
644720,258371,Split,NAVI,1,3,1,1,0,7,3,8,2,2026-04-10,VCT 2026: EMEA Stage 1
644721,258372,FracturePICK,M8,2,3,2,1,0,5,4,13,7,2026-04-10,VCT 2026: EMEA Stage 1
644721,258372,FracturePICK,KC,0,4,0,1,0,3,2,14,7,2026-04-10,VCT 2026: EMEA Stage 1
644721,258373,HavenPICK,M8,0,4,0,2,0,1,0,15,9,2026-04-10,VCT 2026: EMEA Stage 1
644721,258373,HavenPICK,KC,2,2,2,2,1,5,2,13,8,2026-04-10,VCT 2026: EMEA Stage 1
644721,258374,Pearl,M8,0,4,1,0,0,1,1,17,11,2026-04-10,VCT 2026: EMEA Stage 1
644721,258374,Pearl,KC,2,2,2,3,0,11,4,6,3,2026-04-10,VCT 2026: EMEA Stage 1
644722,258375,HavenPICK,BBL,1,3,1,0,0,9,6,12,4,2026-04-15,VCT 2026: EMEA Stage 1
644722,258375,HavenPICK,GX,1,3,1,1,0,2,1,18,11,2026-04-15,VCT 2026: EMEA Stage 1
644722,258376,LotusPICK,BBL,0,4,1,0,0,3,2,13,10,2026-04-15,VCT 2026: EMEA Stage 1
644722,258376,LotusPICK,GX,2,2,2,1,1,10,2,7,2,2026-04-15,VCT 2026: EMEA Stage 1
644722,264326,Split,BBL,1,3,1,1,0,9,4,9,4,2026-04-15,VCT 2026: EMEA Stage 1
644722,264326,Split,GX,1,3,1,2,0,2,1,15,11,2026-04-15,VCT 2026: EMEA Stage 1
644723,258378,PearlPICK,M8,1,3,1,1,0,5,2,14,10,2026-04-15,VCT 2026: EMEA Stage 1
644723,258378,PearlPICK,NAVI,1,3,1,1,0,6,1,13,8,2026-04-15,VCT 2026: EMEA Stage 1
644723,258379,LotusPICK,M8,1,2,1,1,0,8,5,10,7,2026-04-15,VCT 2026: EMEA Stage 1
644723,258379,LotusPICK,NAVI,1,3,1,1,0,6,3,11,4,2026-04-15,VCT 2026: EMEA Stage 1
644724,258381,BindPICK,EF,2,2,2,2,0,5,3,15,8,2026-04-16,VCT 2026: EMEA Stage 1
644724,258381,BindPICK,VIT,0,4,0,0,0,6,2,14,9,2026-04-16,VCT 2026: EMEA Stage 1
644724,258382,LotusPICK,EF,1,4,1,1,1,3,2,11,9,2026-04-16,VCT 2026: EMEA Stage 1
644724,258382,LotusPICK,VIT,1,3,1,1,0,6,2,9,3,2026-04-16,VCT 2026: EMEA Stage 1
644725,258384,HavenPICK,KC,1,3,1,1,1,3,2,12,9,2026-04-16,VCT 2026: EMEA Stage 1
644725,258384,HavenPICK,TH,1,3,1,3,2,6,1,7,2,2026-04-16,VCT 2026: EMEA Stage 1
644725,258385,LotusPICK,KC,0,3,0,2,0,6,1,4,1,2026-04-16,VCT 2026: EMEA Stage 1
644725,258385,LotusPICK,TH,2,2,2,0,0,4,3,9,8,2026-04-16,VCT 2026: EMEA Stage 1
644725,258386,Fracture,KC,1,3,1,2,1,6,3,9,2,2026-04-16,VCT 2026: EMEA Stage 1
644725,258386,Fracture,TH,1,3,1,1,0,3,3,13,9,2026-04-16,VCT 2026: EMEA Stage 1
644726,258387,BreezePICK,FUT,0,4,0,2,0,1,0,15,13,2026-04-17,VCT 2026: EMEA Stage 1
644726,258387,BreezePICK,TL,2,2,2,0,0,9,4,11,3,2026-04-17,VCT 2026: EMEA Stage 1
644726,258388,HavenPICK,FUT,1,3,2,2,0,3,1,20,12,2026-04-17,VCT 2026: EMEA Stage 1
644726,258388,HavenPICK,TL,1,3,1,2,1,4,1,19,10,2026-04-17,VCT 2026: EMEA Stage 1
644727,258390,SplitPICK,PCF,1,3,1,0,0,6,2,15,8,2026-04-17,VCT 2026: EMEA Stage 1
644727,258390,SplitPICK,FNC,1,3,1,1,0,4,3,16,9,2026-04-17,VCT 2026: EMEA Stage 1
644727,258391,LotusPICK,PCF,1,3,1,2,0,8,2,4,1,2026-04-17,VCT 2026: EMEA Stage 1
644727,258391,LotusPICK,FNC,1,3,1,0,0,2,2,12,10,2026-04-17,VCT 2026: EMEA Stage 1
644728,258393,SplitPICK,EF,2,3,2,1,0,6,2,12,5,2026-04-22,VCT 2026: EMEA Stage 1
644728,258393,SplitPICK,PCF,0,5,1,0,0,0,0,17,12,2026-04-22,VCT 2026: EMEA Stage 1
644728,258394,FracturePICK,EF,2,3,2,0,0,6,3,15,8,2026-04-22,VCT 2026: EMEA Stage 1
644728,258394,FracturePICK,PCF,0,5,1,1,0,2,1,16,9,2026-04-22,VCT 2026: EMEA Stage 1
644728,258395,Lotus,EF,1,3,1,3,0,3,2,15,10,2026-04-22,VCT 2026: EMEA Stage 1
644728,258395,Lotus,PCF,1,5,1,0,0,8,3,11,7,2026-04-22,VCT 2026: EMEA Stage 1
644729,258396,BindPICK,NAVI,1,3,1,1,1,6,1,12,6,2026-04-22,VCT 2026: EMEA Stage 1
644729,258396,BindPICK,TL,1,3,1,0,0,2,2,17,10,2026-04-22,VCT 2026: EMEA Stage 1
644729,258397,SplitPICK,NAVI,2,2,2,2,0,4,3,14,8,2026-04-22,VCT 2026: EMEA Stage 1
644729,258397,SplitPICK,TL,0,4,0,2,0,2,1,14,8,2026-04-22,VCT 2026: EMEA Stage 1
644729,258398,Lotus,NAVI,0,4,0,1,0,2,1,13,6,2026-04-22,VCT 2026: EMEA Stage 1
644729,258398,Lotus,TL,2,2,2,1,0,5,2,12,9,2026-04-22,VCT 2026: EMEA Stage 1
644730,258399,HavenPICK,GX,2,2,2,0,0,4,3,10,8,2026-04-23,VCT 2026: EMEA Stage 1
644730,258399,HavenPICK,FNC,0,3,0,2,0,7,3,4,0,2026-04-23,VCT 2026: EMEA Stage 1
644730,258400,BindPICK,GX,1,3,1,1,1,7,2,9,3,2026-04-23,VCT 2026: EMEA Stage 1
644730,258400,BindPICK,FNC,1,3,1,1,0,2,2,14,10,2026-04-23,VCT 2026: EMEA Stage 1
644730,258401,Breeze,GX,2,4,3,1,0,9,2,8,4,2026-04-23,VCT 2026: EMEA Stage 1
644730,258401,Breeze,FNC,0,4,1,0,0,4,2,14,10,2026-04-23,VCT 2026: EMEA Stage 1
644731,258402,HavenPICK,KC,1,3,1,0,0,5,5,14,7,2026-04-23,VCT 2026: EMEA Stage 1
644731,258402,HavenPICK,FUT,1,3,1,2,1,6,3,11,4,2026-04-23,VCT 2026: EMEA Stage 1
644731,258403,LotusPICK,KC,0,4,0,1,0,2,1,16,9,2026-04-23,VCT 2026: EMEA Stage 1
644731,258403,LotusPICK,FUT,2,2,2,2,1,6,2,13,8,2026-04-23,VCT 2026: EMEA Stage 1
644731,258404,Bind,KC,1,3,1,1,0,4,1,13,6,2026-04-23,VCT 2026: EMEA Stage 1
644731,258404,Bind,FUT,1,3,1,0,0,1,1,17,11,2026-04-23,VCT 2026: EMEA Stage 1
644732,258405,FracturePICK,M8,0,4,0,2,0,2,1,9,3,2026-04-24,VCT 2026: EMEA Stage 1
644732,258405,FracturePICK,TH,2,2,2,0,0,6,5,9,6,2026-04-24,VCT 2026: EMEA Stage 1
644732,258406,LotusPICK,M8,1,3,1,2,0,5,3,13,6,2026-04-24,VCT 2026: EMEA Stage 1
644732,258406,LotusPICK,TH,1,3,1,1,1,3,1,16,10,2026-04-24,VCT 2026: EMEA Stage 1
644733,258408,LotusPICK,BBL,1,3,1,2,0,5,2,11,5,2026-04-24,VCT 2026: EMEA Stage 1
644733,258408,LotusPICK,VIT,1,3,1,0,0,1,1,17,11,2026-04-24,VCT 2026: EMEA Stage 1
644733,258409,HavenPICK,BBL,1,3,1,1,0,4,1,15,11,2026-04-24,VCT 2026: EMEA Stage 1
644733,258409,HavenPICK,VIT,1,3,1,0,0,9,4,11,5,2026-04-24,VCT 2026: EMEA Stage 1
644733,258410,Breeze,BBL,1,3,1,1,0,1,1,13,11,2026-04-24,VCT 2026: EMEA Stage 1
644733,258410,Breeze,VIT,1,3,1,1,0,6,2,8,2,2026-04-24,VCT 2026: EMEA Stage 1
644734,258411,LotusPICK,TH,1,3,1,3,2,4,3,14,7,2026-04-29,VCT 2026: EMEA Stage 1
644734,258411,LotusPICK,FUT,1,3,1,2,0,6,4,13,6,2026-04-29,VCT 2026: EMEA Stage 1
644734,258412,SplitPICK,TH,1,3,2,0,0,3,3,9,8,2026-04-29,VCT 2026: EMEA Stage 1
644734,258412,SplitPICK,FUT,1,3,1,0,0,7,1,5,0,2026-04-29,VCT 2026: EMEA Stage 1
644735,258414,HavenPICK,VIT,1,3,2,1,0,3,1,15,10,2026-04-29,VCT 2026: EMEA Stage 1
644735,258414,HavenPICK,PCF,1,4,1,1,0,2,0,15,8,2026-04-29,VCT 2026: EMEA Stage 1
644735,258415,SplitPICK,VIT,2,2,2,0,0,2,2,9,9,2026-04-29,VCT 2026: EMEA Stage 1
644735,258415,SplitPICK,PCF,0,4,0,2,0,2,0,5,0,2026-04-29,VCT 2026: EMEA Stage 1
644736,258417,LotusPICK,NAVI,0,3,0,3,1,2,2,14,10,2026-04-30,VCT 2026: EMEA Stage 1
644736,258417,LotusPICK,KC,2,3,2,1,0,9,4,9,3,2026-04-30,VCT 2026: EMEA Stage 1
644736,258418,BreezePICK,NAVI,1,3,1,1,0,3,2,15,10,2026-04-30,VCT 2026: EMEA Stage 1
644736,258418,BreezePICK,KC,1,3,1,2,0,7,2,10,6,2026-04-30,VCT 2026: EMEA Stage 1
644737,258420,HavenPICK,BBL,0,4,0,2,0,5,2,5,1,2026-04-30,VCT 2026: EMEA Stage 1
644737,258420,HavenPICK,FNC,2,2,2,0,0,4,3,10,8,2026-04-30,VCT 2026: EMEA Stage 1
644737,258421,FracturePICK,BBL,0,4,0,2,0,5,2,7,3,2026-04-30,VCT 2026: EMEA Stage 1
644737,258421,FracturePICK,FNC,2,2,2,0,0,5,4,11,7,2026-04-30,VCT 2026: EMEA Stage 1
644738,258423,SplitPICK,GX,1,3,1,0,0,6,2,15,8,2026-05-01,VCT 2026: EMEA Stage 1
644738,258423,SplitPICK,EF,1,3,1,1,0,7,5,13,7,2026-05-01,VCT 2026: EMEA Stage 1
644738,258424,BreezePICK,GX,2,2,2,3,0,5,3,13,5,2026-05-01,VCT 2026: EMEA Stage 1
644738,258424,BreezePICK,EF,0,4,1,1,0,3,2,15,10,2026-05-01,VCT 2026: EMEA Stage 1
644739,258426,SplitPICK,M8,1,3,2,2,0,4,2,12,4,2026-05-01,VCT 2026: EMEA Stage 1
644739,258426,SplitPICK,TL,1,4,1,0,0,4,2,13,10,2026-05-01,VCT 2026: EMEA Stage 1
644739,258427,LotusPICK,M8,1,3,1,2,1,6,4,11,3,2026-05-01,VCT 2026: EMEA Stage 1
644739,258427,LotusPICK,TL,1,3,1,1,0,3,1,15,11,2026-05-01,VCT 2026: EMEA Stage 1
645474,258575,LotusPICK,SEN,1,3,1,3,0,6,1,9,6,2026-04-10,VCT 2026: Americas Stage 1
645474,258575,LotusPICK,KRÜ,1,3,2,0,0,4,2,14,9,2026-04-10,VCT 2026: Americas Stage 1
645474,258576,BreezePICK,SEN,0,4,0,1,1,4,3,13,5,2026-04-10,VCT 2026: Americas Stage 1
645474,258576,BreezePICK,KRÜ,2,2,2,1,0,9,6,10,5,2026-04-10,VCT 2026: Americas Stage 1
645475,258578,LotusPICK,G2,1,3,1,2,0,8,2,8,5,2026-04-10,VCT 2026: Americas Stage 1
645475,258578,LotusPICK,MIBR,1,3,1,1,0,3,2,14,10,2026-04-10,VCT 2026: Americas Stage 1
645475,258579,SplitPICK,G2,1,2,1,2,1,5,2,21,10,2026-04-10,VCT 2026: Americas Stage 1
645475,258579,SplitPICK,MIBR,1,3,1,3,0,7,6,17,9,2026-04-10,VCT 2026: Americas Stage 1
645476,258581,HavenPICK,100T,1,3,2,0,0,4,4,14,7,2026-04-11,VCT 2026: Americas Stage 1
645476,258581,HavenPICK,EG,1,3,1,2,0,5,2,11,5,2026-04-11,VCT 2026: Americas Stage 1
645476,258582,BreezePICK,100T,1,3,2,0,0,2,2,12,9,2026-04-11,VCT 2026: Americas Stage 1
645476,258582,BreezePICK,EG,1,4,1,1,0,7,2,5,1,2026-04-11,VCT 2026: Americas Stage 1
645477,258584,LotusPICK,ENVY,2,3,2,1,0,6,3,12,8,2026-04-11,VCT 2026: Americas Stage 1
645477,258584,LotusPICK,LOUD,0,4,0,2,1,3,1,13,7,2026-04-11,VCT 2026: Americas Stage 1
645477,258585,PearlPICK,ENVY,1,5,1,1,1,6,3,12,6,2026-04-11,VCT 2026: Americas Stage 1
645477,258585,PearlPICK,LOUD,1,3,2,2,0,6,3,13,8,2026-04-11,VCT 2026: Americas Stage 1
645477,258586,Breeze,ENVY,1,4,1,3,1,4,3,10,3,2026-04-11,VCT 2026: Americas Stage 1
645477,258586,Breeze,LOUD,1,3,2,1,0,5,4,12,7,2026-04-11,VCT 2026: Americas Stage 1
645478,258587,PearlPICK,C9,0,4,0,1,0,3,1,11,5,2026-04-12,VCT 2026: Americas Stage 1
645478,258587,PearlPICK,LEV,2,2,2,1,1,6,4,10,6,2026-04-12,VCT 2026: Americas Stage 1
645478,258588,HavenPICK,C9,0,4,0,0,0,6,3,8,2,2026-04-12,VCT 2026: Americas Stage 1
645478,258588,HavenPICK,LEV,2,2,2,0,0,4,4,12,7,2026-04-12,VCT 2026: Americas Stage 1
645479,258590,PearlPICK,FUR,1,2,1,2,0,2,1,14,11,2026-04-12,VCT 2026: Americas Stage 1
645479,258590,PearlPICK,NRG,1,3,1,2,0,8,3,7,3,2026-04-12,VCT 2026: Americas Stage 1
645479,258591,SplitPICK,FUR,1,3,1,1,0,4,2,15,10,2026-04-12,VCT 2026: Americas Stage 1
645479,258591,SplitPICK,NRG,1,2,1,1,0,7,4,13,5,2026-04-12,VCT 2026: Americas Stage 1
645480,258593,SplitPICK,C9,1,3,1,0,0,6,4,15,8,2026-04-17,VCT 2026: Americas Stage 1
645480,258593,SplitPICK,ENVY,1,4,1,1,0,5,4,14,6,2026-04-17,VCT 2026: Americas Stage 1
645480,258594,PearlPICK,C9,1,3,1,2,0,4,1,9,3,2026-04-17,VCT 2026: Americas Stage 1
645480,258594,PearlPICK,ENVY,1,3,1,0,0,2,2,13,10,2026-04-17,VCT 2026: Americas Stage 1
645480,258595,Haven,C9,1,3,1,0,0,8,4,11,4,2026-04-17,VCT 2026: Americas Stage 1
645480,258595,Haven,ENVY,1,3,1,2,1,3,3,14,8,2026-04-17,VCT 2026: Americas Stage 1
645481,258596,HavenPICK,FUR,1,3,1,2,0,3,2,18,9,2026-04-17,VCT 2026: Americas Stage 1
645481,258596,HavenPICK,EG,1,3,1,3,0,3,3,17,10,2026-04-17,VCT 2026: Americas Stage 1
645481,258597,PearlPICK,FUR,1,3,1,0,0,5,4,10,8,2026-04-17,VCT 2026: Americas Stage 1
645481,258597,PearlPICK,EG,1,3,1,3,2,8,1,4,1,2026-04-17,VCT 2026: Americas Stage 1
645481,258598,Lotus,FUR,1,3,2,1,0,5,4,14,7,2026-04-17,VCT 2026: Americas Stage 1
645481,258598,Lotus,EG,1,3,1,4,1,2,1,14,7,2026-04-17,VCT 2026: Americas Stage 1
645482,258599,BreezePICK,G2,2,2,2,1,1,7,5,9,5,2026-04-18,VCT 2026: Americas Stage 1
645482,258599,BreezePICK,LEV,0,4,0,1,1,4,1,10,4,2026-04-18,VCT 2026: Americas Stage 1
645482,258600,SplitPICK,G2,2,2,2,4,1,6,3,12,5,2026-04-18,VCT 2026: Americas Stage 1
645482,258600,SplitPICK,LEV,0,4,0,1,1,2,2,17,10,2026-04-18,VCT 2026: Americas Stage 1
645482,258601,Bind,G2,0,4,0,1,0,3,1,18,11,2026-04-18,VCT 2026: Americas Stage 1
645482,258601,Bind,LEV,2,2,2,0,0,7,5,17,7,2026-04-18,VCT 2026: Americas Stage 1
645483,258602,HavenPICK,MIBR,0,4,0,1,1,4,2,14,10,2026-04-18,VCT 2026: Americas Stage 1
645483,258602,HavenPICK,LOUD,2,2,2,2,0,11,4,8,4,2026-04-18,VCT 2026: Americas Stage 1
645483,258603,SplitPICK,MIBR,2,2,2,1,0,3,2,11,9,2026-04-18,VCT 2026: Americas Stage 1
645483,258603,SplitPICK,LOUD,0,3,0,1,0,7,4,6,0,2026-04-18,VCT 2026: Americas Stage 1
645484,258605,LotusPICK,NRG,1,3,1,0,0,9,3,11,6,2026-04-19,VCT 2026: Americas Stage 1
645484,258605,LotusPICK,KRÜ,1,3,1,0,0,6,2,14,10,2026-04-19,VCT 2026: Americas Stage 1
645484,258606,SplitPICK,NRG,1,4,1,0,0,9,5,8,2,2026-04-19,VCT 2026: Americas Stage 1
645484,258606,SplitPICK,KRÜ,1,3,1,1,1,3,2,14,9,2026-04-19,VCT 2026: Americas Stage 1
645485,258608,HavenPICK,100T,1,4,1,2,0,5,2,12,7,2026-04-19,VCT 2026: Americas Stage 1
645485,258608,HavenPICK,SEN,1,2,1,1,1,5,4,15,7,2026-04-19,VCT 2026: Americas Stage 1
645485,258609,SplitPICK,100T,1,3,1,2,1,3,2,28,13,2026-04-19,VCT 2026: Americas Stage 1
645485,258609,SplitPICK,SEN,1,3,1,2,1,6,4,25,13,2026-04-19,VCT 2026: Americas Stage 1
645486,258611,BindPICK,LEV,0,4,0,0,0,0,0,13,13,2026-04-24,VCT 2026: Americas Stage 1
645486,258611,BindPICK,ENVY,2,3,2,0,0,8,2,6,0,2026-04-24,VCT 2026: Americas Stage 1
645486,258612,FracturePICK,LEV,2,2,2,0,0,4,4,11,7,2026-04-24,VCT 2026: Americas Stage 1
645486,258612,FracturePICK,ENVY,0,7,0,0,0,1,1,9,3,2026-04-24,VCT 2026: Americas Stage 1
645487,258614,HavenPICK,G2,0,3,0,1,0,4,3,14,10,2026-04-24,VCT 2026: Americas Stage 1
645487,258614,HavenPICK,LOUD,2,2,2,3,0,11,6,6,1,2026-04-24,VCT 2026: Americas Stage 1
645487,258615,PearlPICK,G2,0,4,0,1,1,4,4,14,8,2026-04-24,VCT 2026: Americas Stage 1
645487,258615,PearlPICK,LOUD,2,2,2,2,0,11,6,8,2,2026-04-24,VCT 2026: Americas Stage 1
645488,258617,LotusPICK,FUR,0,3,0,1,1,7,2,6,1,2026-04-25,VCT 2026: Americas Stage 1
645488,258617,LotusPICK,KRÜ,2,3,2,0,0,6,4,8,7,2026-04-25,VCT 2026: Americas Stage 1
645488,258618,HavenPICK,FUR,0,4,0,2,0,2,0,15,10,2026-04-25,VCT 2026: Americas Stage 1
645488,258618,HavenPICK,KRÜ,2,2,2,2,1,8,6,11,4,2026-04-25,VCT 2026: Americas Stage 1
645489,258620,PearlPICK,NRG,1,4,1,1,0,6,5,11,3,2026-04-25,VCT 2026: Americas Stage 1
645489,258620,PearlPICK,100T,1,3,1,2,0,4,2,13,10,2026-04-25,VCT 2026: Americas Stage 1
645489,258621,LotusPICK,NRG,1,5,1,0,0,3,2,15,10,2026-04-25,VCT 2026: Americas Stage 1
645489,258621,LotusPICK,100T,1,3,2,1,0,6,2,13,6,2026-04-25,VCT 2026: Americas Stage 1
645489,258622,Breeze,NRG,1,3,1,0,0,2,2,10,10,2026-04-25,VCT 2026: Americas Stage 1
645489,258622,Breeze,100T,1,3,1,2,0,4,1,6,0,2026-04-25,VCT 2026: Americas Stage 1
645490,258623,HavenPICK,EG,0,4,0,1,0,3,1,12,6,2026-04-26,VCT 2026: Americas Stage 1
645490,258623,HavenPICK,SEN,2,2,2,0,0,6,3,12,8,2026-04-26,VCT 2026: Americas Stage 1
645490,258624,BindPICK,EG,2,3,2,1,1,8,4,12,4,2026-04-26,VCT 2026: Americas Stage 1
645490,258624,BindPICK,SEN,0,4,1,2,2,4,3,14,7,2026-04-26,VCT 2026: Americas Stage 1
645491,258626,BreezePICK,MIBR,2,2,2,1,0,12,9,11,1,2026-04-26,VCT 2026: Americas Stage 1
645491,258626,BreezePICK,C9,0,4,1,0,0,6,6,16,7,2026-04-26,VCT 2026: Americas Stage 1
645491,258627,SplitPICK,MIBR,1,3,1,1,0,8,3,14,8,2026-04-26,VCT 2026: Americas Stage 1
645491,258627,SplitPICK,C9,1,3,1,0,0,5,1,18,12,2026-04-26,VCT 2026: Americas Stage 1
645492,258629,FracturePICK,EG,1,4,1,1,0,5,3,11,4,2026-05-01,VCT 2026: Americas Stage 1
645492,258629,FracturePICK,NRG,1,4,1,0,0,2,1,15,11,2026-05-01,VCT 2026: Americas Stage 1
645492,258630,PearlPICK,EG,0,4,0,1,0,4,3,13,6,2026-05-01,VCT 2026: Americas Stage 1
645492,258630,PearlPICK,NRG,2,2,2,2,0,3,2,15,9,2026-05-01,VCT 2026: Americas Stage 1
645493,258632,BreezePICK,LEV,1,3,1,0,0,4,2,16,7,2026-05-01,VCT 2026: Americas Stage 1
645493,258632,BreezePICK,MIBR,1,3,1,2,0,3,2,15,10,2026-05-01,VCT 2026: Americas Stage 1
645493,258633,HavenPICK,LEV,0,4,0,1,0,4,2,14,8,2026-05-01,VCT 2026: Americas Stage 1
645493,258633,HavenPICK,MIBR,2,2,2,1,0,6,3,14,8,2026-05-01,VCT 2026: Americas Stage 1
645494,258635,BindPICK,KRÜ,0,3,0,2,0,6,4,6,0,2026-05-02,VCT 2026: Americas Stage 1
645494,258635,BindPICK,100T,2,3,2,0,0,4,3,10,8,2026-05-02,VCT 2026: Americas Stage 1
645494,258636,HavenPICK,KRÜ,2,2,2,1,1,11,6,9,4,2026-05-02,VCT 2026: Americas Stage 1
645494,258636,HavenPICK,100T,0,4,0,3,0,0,0,16,10,2026-05-02,VCT 2026: Americas Stage 1
645494,258637,Split,KRÜ,0,4,0,2,1,4,0,9,5,2026-05-02,VCT 2026: Americas Stage 1
645494,258637,Split,100T,2,3,2,1,0,5,3,10,8,2026-05-02,VCT 2026: Americas Stage 1
645495,258638,SplitPICK,FUR,2,2,2,0,0,5,4,10,7,2026-05-02,VCT 2026: Americas Stage 1
645495,258638,SplitPICK,SEN,0,3,0,4,0,2,0,8,4,2026-05-02,VCT 2026: Americas Stage 1
645495,258639,BreezePICK,FUR,0,3,0,1,0,7,4,9,3,2026-05-02,VCT 2026: Americas Stage 1
645495,258639,BreezePICK,SEN,2,3,2,1,0,3,2,13,9,2026-05-02,VCT 2026: Americas Stage 1
645495,258640,Haven,FUR,0,4,0,0,0,1,1,15,12,2026-05-02,VCT 2026: Americas Stage 1
645495,258640,Haven,SEN,2,2,2,1,0,8,2,9,3,2026-05-02,VCT 2026: Americas Stage 1
645496,258641,LotusPICK,LOUD,2,2,2,0,0,3,3,9,8,2026-05-03,VCT 2026: Americas Stage 1
645496,258641,LotusPICK,C9,0,3,0,3,0,4,0,4,1,2026-05-03,VCT 2026: Americas Stage 1
645496,258642,SplitPICK,LOUD,0,3,0,1,0,14,8,3,0,2026-05-03,VCT 2026: Americas Stage 1
645496,258642,SplitPICK,C9,2,3,2,1,0,5,4,12,7,2026-05-03,VCT 2026: Americas Stage 1
645496,258643,Breeze,LOUD,0,4,0,1,0,2,2,17,11,2026-05-03,VCT 2026: Americas Stage 1
645496,258643,Breeze,C9,2,2,2,1,0,10,5,11,4,2026-05-03,VCT 2026: Americas Stage 1
645497,258644,HavenPICK,G2,0,3,1,1,1,0,0,13,11,2026-05-03,VCT 2026: Americas Stage 1
645497,258644,HavenPICK,ENVY,2,3,2,3,0,5,1,6,1,2026-05-03,VCT 2026: Americas Stage 1
645497,258645,LotusPICK,G2,2,2,2,0,0,5,3,12,8,2026-05-03,VCT 2026: Americas Stage 1
645497,258645,LotusPICK,ENVY,0,5,0,2,1,1,0,11,5,2026-05-03,VCT 2026: Americas Stage 1
645498,258647,HavenPICK,KRÜ,0,5,0,0,0,5,4,14,7,2026-05-08,VCT 2026: Americas Stage 1
645498,258647,HavenPICK,EG,2,2,2,0,0,10,6,12,5,2026-05-08,VCT 2026: Americas Stage 1
645498,258648,LotusPICK,KRÜ,2,2,2,1,0,14,5,7,6,2026-05-08,VCT 2026: Americas Stage 1
645498,258648,LotusPICK,EG,0,4,0,2,0,3,1,15,10,2026-05-08,VCT 2026: Americas Stage 1
645498,258649,Bind,KRÜ,2,2,2,1,0,7,6,9,5,2026-05-08,VCT 2026: Americas Stage 1
645498,258649,Bind,EG,0,4,0,1,0,2,0,12,6,2026-05-08,VCT 2026: Americas Stage 1
645499,258650,PearlPICK,FUR,0,4,0,1,0,4,2,13,11,2026-05-08,VCT 2026: Americas Stage 1
645499,258650,PearlPICK,100T,2,2,2,3,0,5,2,12,5,2026-05-08,VCT 2026: Americas Stage 1
645499,258651,HavenPICK,FUR,1,3,1,2,0,1,1,15,6,2026-05-08,VCT 2026: Americas Stage 1
645499,258651,HavenPICK,100T,1,3,1,3,0,1,1,14,11,2026-05-08,VCT 2026: Americas Stage 1
645499,258652,Breeze,FUR,1,3,1,1,0,7,3,8,2,2026-05-08,VCT 2026: Americas Stage 1
645499,258652,Breeze,100T,1,3,1,1,0,2,2,13,10,2026-05-08,VCT 2026: Americas Stage 1
645500,258653,LotusPICK,G2,2,2,2,1,1,5,3,11,7,2026-05-09,VCT 2026: Americas Stage 1
645500,258653,LotusPICK,C9,0,4,0,2,0,4,2,9,4,2026-05-09,VCT 2026: Americas Stage 1
645500,258654,SplitPICK,G2,2,2,2,0,0,6,3,14,8,2026-05-09,VCT 2026: Americas Stage 1
645500,258654,SplitPICK,C9,0,4,0,1,0,7,3,10,6,2026-05-09,VCT 2026: Americas Stage 1
645501,258656,HavenPICK,ENVY,2,2,2,0,0,2,2,10,9,2026-05-09,VCT 2026: Americas Stage 1
645501,258656,HavenPICK,MIBR,0,3,0,2,0,5,1,4,0,2026-05-09,VCT 2026: Americas Stage 1
645501,258657,BindPICK,ENVY,2,2,2,1,1,2,1,11,9,2026-05-09,VCT 2026: Americas Stage 1
645501,258657,BindPICK,MIBR,0,2,0,1,0,10,3,3,0,2026-05-09,VCT 2026: Americas Stage 1
645502,258659,BindPICK,LOUD,0,3,0,1,0,8,2,4,1,2026-05-10,VCT 2026: Americas Stage 1
645502,258659,BindPICK,LEV,2,2,2,0,0,4,4,10,7,2026-05-10,VCT 2026: Americas Stage 1
645502,258660,BreezePICK,LOUD,2,3,2,2,1,6,5,15,6,2026-05-10,VCT 2026: Americas Stage 1
645502,258660,BreezePICK,LEV,0,4,1,1,0,2,1,19,10,2026-05-10,VCT 2026: Americas Stage 1
645502,258661,Haven,LOUD,1,3,1,2,1,5,3,13,8,2026-05-10,VCT 2026: Americas Stage 1
645502,258661,Haven,LEV,1,3,1,2,0,3,2,15,7,2026-05-10,VCT 2026: Americas Stage 1
645503,258662,FracturePICK,SEN,2,3,2,1,0,12,4,8,5,2026-05-10,VCT 2026: Americas Stage 1
645503,258662,FracturePICK,NRG,0,4,1,0,0,2,0,18,12,2026-05-10,VCT 2026: Americas Stage 1
645503,258663,BreezePICK,SEN,1,3,1,1,0,5,3,15,9,2026-05-10,VCT 2026: Americas Stage 1
645503,258663,BreezePICK,NRG,1,3,1,1,0,8,5,12,5,2026-05-10,VCT 2026: Americas Stage 1
645503,258664,Lotus,SEN,1,3,1,2,0,6,3,12,6,2026-05-10,VCT 2026: Americas Stage 1
645503,258664,Lotus,NRG,1,3,1,1,0,7,5,12,7,2026-05-10,VCT 2026: Americas Stage 1
660369,265422,BreezePICK,FUR,1,3,1,0,0,3,2,15,10,2026-05-14,VCT 2026: Americas Stage 1
660369,265422,BreezePICK,LEV,1,3,1,2,0,4,1,12,6,2026-05-14,VCT 2026: Americas Stage 1
660369,265423,SplitPICK,FUR,1,3,1,0,0,11,3,4,1,2026-05-14,VCT 2026: Americas Stage 1
660369,265423,SplitPICK,LEV,1,3,1,0,0,3,2,12,10,2026-05-14,VCT 2026: Americas Stage 1
660369,265424,Pearl,FUR,0,2,0,2,0,7,1,3,0,2026-05-14,VCT 2026: Americas Stage 1
660369,265424,Pearl,LEV,2,2,2,0,0,4,4,8,7,2026-05-14,VCT 2026: Americas Stage 1
660370,265425,PearlPICK,G2,1,3,1,0,0,2,2,12,10,2026-05-14,VCT 2026: Americas Stage 1
660370,265425,PearlPICK,100T,1,3,1,3,0,6,2,5,1,2026-05-14,VCT 2026: Americas Stage 1
660370,265426,LotusPICK,G2,1,3,1,0,0,5,3,12,9,2026-05-14,VCT 2026: Americas Stage 1
660370,265426,LotusPICK,100T,1,3,1,3,0,5,3,9,3,2026-05-14,VCT 2026: Americas Stage 1
660371,265428,SplitPICK,MIBR,1,3,1,1,0,5,2,14,7,2026-05-15,VCT 2026: Americas Stage 1
660371,265428,SplitPICK,LEV,1,3,1,1,0,4,3,15,9,2026-05-15,VCT 2026: Americas Stage 1
660371,265429,FracturePICK,MIBR,2,2,2,0,0,2,2,13,9,2026-05-15,VCT 2026: Americas Stage 1
660371,265429,FracturePICK,LEV,0,3,0,2,0,6,1,6,3,2026-05-15,VCT 2026: Americas Stage 1
660371,265430,Ascent,MIBR,1,3,1,0,0,7,2,10,4,2026-05-15,VCT 2026: Americas Stage 1
660371,265430,Ascent,LEV,1,3,1,0,0,3,2,14,10,2026-05-15,VCT 2026: Americas Stage 1
660372,265431,LotusPICK,KRÜ,0,4,1,1,0,8,2,11,8,2026-05-15,VCT 2026: Americas Stage 1
660372,265431,LotusPICK,G2,2,2,2,2,0,6,2,14,9,2026-05-15,VCT 2026: Americas Stage 1
660372,265432,BreezePICK,KRÜ,1,3,1,1,0,10,4,6,2,2026-05-15,VCT 2026: Americas Stage 1
660372,265432,BreezePICK,G2,1,3,1,1,0,8,6,8,6,2026-05-15,VCT 2026: Americas Stage 1
660373,265434,AscentPICK,LEV,1,3,1,0,0,3,2,14,10,2026-05-22,VCT 2026: Americas Stage 1
660373,265434,AscentPICK,G2,1,4,1,4,0,4,2,8,4,2026-05-22,VCT 2026: Americas Stage 1
660373,265435,PearlPICK,LEV,1,3,1,1,0,7,3,11,5,2026-05-22,VCT 2026: Americas Stage 1
660373,265435,PearlPICK,G2,1,3,1,1,0,5,3,13,9,2026-05-22,VCT 2026: Americas Stage 1
660373,265436,Split,LEV,2,2,2,0,0,6,4,10,7,2026-05-22,VCT 2026: Americas Stage 1
660373,265436,Split,G2,0,3,0,1,0,5,2,9,3,2026-05-22,VCT 2026: Americas Stage 1
660374,265437,FracturePICK,LEV,0,4,1,0,0,4,4,18,7,2026-05-24,VCT 2026: Americas Stage 1
660374,265437,FracturePICK,G2,2,2,2,3,1,6,4,15,7,2026-05-24,VCT 2026: Americas Stage 1
660374,265438,HavenPICK,LEV,1,3,1,1,1,5,3,15,8,2026-05-24,VCT 2026: Americas Stage 1
660374,265438,HavenPICK,G2,1,4,2,3,1,4,3,13,5,2026-05-24,VCT 2026: Americas Stage 1
660374,265439,AscentPICK,LEV,1,3,1,1,1,4,2,14,9,2026-05-24,VCT 2026: Americas Stage 1
660374,265439,AscentPICK,G2,1,3,1,3,0,4,4,12,4,2026-05-24,VCT 2026: Americas Stage 1
660374,265440,PearlPICK,LEV,1,3,1,0,0,4,2,16,7,2026-05-24,VCT 2026: Americas Stage 1
660374,265440,PearlPICK,G2,1,3,1,0,0,6,2,14,10,2026-05-24,VCT 2026: Americas Stage 1
660374,265441,Split,LEV,0,4,0,0,0,3,2,17,9,2026-05-24,VCT 2026: Americas Stage 1
660374,265441,Split,G2,2,3,2,1,0,11,7,9,4,2026-05-24,VCT 2026: Americas Stage 1
660375,265442,LotusPICK,FUR,0,4,0,1,0,5,2,7,2,2026-05-16,VCT 2026: Americas Stage 1
660375,265442,LotusPICK,NRG,2,2,2,0,0,3,2,12,9,2026-05-16,VCT 2026: Americas Stage 1
660375,265443,HavenPICK,FUR,0,3,0,3,0,2,1,13,7,2026-05-16,VCT 2026: Americas Stage 1
660375,265443,HavenPICK,NRG,2,2,2,1,0,6,5,12,6,2026-05-16,VCT 2026: Americas Stage 1
660376,265445,BreezePICK,100T,1,3,1,1,1,2,2,12,9,2026-05-16,VCT 2026: Americas Stage 1
660376,265445,BreezePICK,LOUD,1,4,1,1,0,7,3,6,1,2026-05-16,VCT 2026: Americas Stage 1
660376,265446,SplitPICK,100T,1,3,1,0,0,2,2,12,10,2026-05-16,VCT 2026: Americas Stage 1
660376,265446,SplitPICK,LOUD,1,3,1,1,0,8,3,5,0,2026-05-16,VCT 2026: Americas Stage 1
660377,265448,BreezePICK,KRÜ,2,2,2,1,0,9,3,9,3,2026-05-17,VCT 2026: Americas Stage 1
660377,265448,BreezePICK,NRG,0,4,0,0,0,3,2,14,11,2026-05-17,VCT 2026: Americas Stage 1
660377,265449,HavenPICK,KRÜ,1,3,1,0,0,9,2,5,1,2026-05-17,VCT 2026: Americas Stage 1
660377,265449,HavenPICK,NRG,1,4,2,0,0,2,2,11,9,2026-05-17,VCT 2026: Americas Stage 1
660378,265451,FracturePICK,MIBR,0,4,0,1,0,3,2,16,9,2026-05-17,VCT 2026: Americas Stage 1
660378,265451,FracturePICK,100T,2,2,2,3,1,4,3,15,7,2026-05-17,VCT 2026: Americas Stage 1
660378,265452,BreezePICK,MIBR,0,3,0,1,0,5,2,11,5,2026-05-17,VCT 2026: Americas Stage 1
660378,265452,BreezePICK,100T,2,3,2,2,2,4,3,11,6,2026-05-17,VCT 2026: Americas Stage 1
660379,265454,FracturePICK,NRG,1,4,1,0,0,4,3,14,9,2026-05-22,VCT 2026: Americas Stage 1
660379,265454,FracturePICK,100T,1,3,1,2,1,7,3,10,4,2026-05-22,VCT 2026: Americas Stage 1
660379,265455,BreezePICK,NRG,1,3,1,1,1,3,3,17,8,2026-05-22,VCT 2026: Americas Stage 1
660379,265455,BreezePICK,100T,1,4,1,2,1,5,3,13,6,2026-05-22,VCT 2026: Americas Stage 1
660380,265457,LotusPICK,G2,1,3,1,1,1,5,3,12,8,2026-05-23,VCT 2026: Americas Stage 1
660380,265457,LotusPICK,NRG,1,3,1,0,0,5,1,13,6,2026-05-23,VCT 2026: Americas Stage 1
660380,265458,BreezePICK,G2,1,3,1,2,0,3,1,11,4,2026-05-23,VCT 2026: Americas Stage 1
660380,265458,BreezePICK,NRG,1,3,1,1,0,2,2,13,10,2026-05-23,VCT 2026: Americas Stage 1
660380,265459,PearlPICK,G2,0,4,0,0,0,2,2,14,11,2026-05-23,VCT 2026: Americas Stage 1
660380,265459,PearlPICK,NRG,2,2,2,4,0,6,4,8,1,2026-05-23,VCT 2026: Americas Stage 1
660380,265460,HavenPICK,G2,0,4,0,1,1,4,2,14,7,2026-05-23,VCT 2026: Americas Stage 1
660380,265460,HavenPICK,NRG,2,3,2,1,1,7,4,12,6,2026-05-23,VCT 2026: Americas Stage 1
660380,265461,Ascent,G2,1,3,1,0,0,5,3,15,9,2026-05-23,VCT 2026: Americas Stage 1
660380,265461,Ascent,NRG,1,3,1,2,0,7,6,11,3,2026-05-23,VCT 2026: Americas Stage 1
660381,265462,FracturePICK,EF,2,2,2,4,0,5,2,9,3,2026-05-07,VCT 2026: EMEA Stage 1
660381,265462,FracturePICK,TH,0,4,0,0,0,2,2,14,11,2026-05-07,VCT 2026: EMEA Stage 1
660381,265463,PearlPICK,EF,1,3,1,0,0,6,4,12,8,2026-05-07,VCT 2026: EMEA Stage 1
660381,265463,PearlPICK,TH,1,3,1,3,0,7,5,8,2,2026-05-07,VCT 2026: EMEA Stage 1
660381,265464,Lotus,EF,2,2,2,0,0,5,5,11,6,2026-05-07,VCT 2026: EMEA Stage 1
660381,265464,Lotus,TH,0,4,0,1,0,4,1,9,4,2026-05-07,VCT 2026: EMEA Stage 1
660382,265465,PearlPICK,TL,1,2,1,2,0,8,2,4,0,2026-05-07,VCT 2026: EMEA Stage 1
660382,265465,PearlPICK,VIT,1,3,1,0,0,4,3,9,9,2026-05-07,VCT 2026: EMEA Stage 1
660382,265466,AscentPICK,TL,1,3,1,2,0,5,2,14,10,2026-05-07,VCT 2026: EMEA Stage 1
660382,265466,AscentPICK,VIT,1,3,2,0,0,5,3,16,6,2026-05-07,VCT 2026: EMEA Stage 1
660382,265467,Lotus,TL,1,4,1,1,0,9,5,9,4,2026-05-07,VCT 2026: EMEA Stage 1
660382,265467,Lotus,VIT,1,3,1,0,0,5,4,15,8,2026-05-07,VCT 2026: EMEA Stage 1
660383,265468,PearlPICK,FUT,0,4,0,1,1,3,1,10,3,2026-05-08,VCT 2026: EMEA Stage 1
660383,265468,PearlPICK,EF,2,2,2,2,1,5,4,9,6,2026-05-08,VCT 2026: EMEA Stage 1
660383,265469,AscentPICK,FUT,2,2,2,0,0,4,4,11,7,2026-05-08,VCT 2026: EMEA Stage 1
660383,265469,AscentPICK,EF,0,4,0,0,0,5,2,8,2,2026-05-08,VCT 2026: EMEA Stage 1
660383,265470,Split,FUT,2,2,2,2,1,6,2,14,8,2026-05-08,VCT 2026: EMEA Stage 1
660383,265470,Split,EF,0,4,0,1,0,3,0,16,11,2026-05-08,VCT 2026: EMEA Stage 1
660384,265471,BreezePICK,FNC,0,4,0,1,0,6,2,6,2,2026-05-08,VCT 2026: EMEA Stage 1
660384,265471,BreezePICK,VIT,2,2,2,0,0,4,3,11,8,2026-05-08,VCT 2026: EMEA Stage 1
660384,265472,HavenPICK,FNC,1,4,2,3,1,6,3,15,7,2026-05-08,VCT 2026: EMEA Stage 1
660384,265472,HavenPICK,VIT,1,3,1,2,1,2,1,21,12,2026-05-08,VCT 2026: EMEA Stage 1
660385,265474,PearlPICK,FUT,2,2,2,3,0,5,3,22,10,2026-05-15,VCT 2026: EMEA Stage 1
660385,265474,PearlPICK,VIT,0,4,0,1,0,11,9,16,8,2026-05-15,VCT 2026: EMEA Stage 1
660385,265475,AscentPICK,FUT,0,4,1,0,0,1,1,16,11,2026-05-15,VCT 2026: EMEA Stage 1
660385,265475,AscentPICK,VIT,2,2,2,3,2,6,2,10,2,2026-05-15,VCT 2026: EMEA Stage 1
660385,265476,Split,FUT,1,3,1,1,0,3,2,19,9,2026-05-15,VCT 2026: EMEA Stage 1
660385,265476,Split,VIT,1,3,1,1,0,5,3,17,10,2026-05-15,VCT 2026: EMEA Stage 1
660386,265477,BreezePICK,VIT,1,3,1,2,1,3,1,15,10,2026-05-17,VCT 2026: EMEA Stage 1
660386,265477,BreezePICK,TH,1,3,1,0,0,4,2,16,7,2026-05-17,VCT 2026: EMEA Stage 1
660386,265478,LotusPICK,VIT,1,4,1,0,0,3,2,21,10,2026-05-17,VCT 2026: EMEA Stage 1
660386,265478,LotusPICK,TH,1,3,2,1,0,8,6,16,7,2026-05-17,VCT 2026: EMEA Stage 1
660386,265480,SplitPICK,VIT,1,3,1,0,0,2,2,19,8,2026-05-17,VCT 2026: EMEA Stage 1
660386,265480,SplitPICK,TH,1,3,1,1,0,7,5,13,7,2026-05-17,VCT 2026: EMEA Stage 1
660386,265481,Haven,VIT,1,2,1,3,1,7,3,16,8,2026-05-17,VCT 2026: EMEA Stage 1
660386,265481,Haven,TH,1,3,2,2,2,6,2,17,9,2026-05-17,VCT 2026: EMEA Stage 1
660386,269000,PearlPICK,VIT,1,3,1,1,1,4,3,12,8,2026-05-17,VCT 2026: EMEA Stage 1
660386,269000,PearlPICK,TH,1,3,1,1,0,7,3,9,3,2026-05-17,VCT 2026: EMEA Stage 1
660387,265482,BreezePICK,TH,1,3,2,0,0,1,1,13,10,2026-05-09,VCT 2026: EMEA Stage 1
660387,265482,BreezePICK,BBL,1,3,1,0,0,10,2,4,1,2026-05-09,VCT 2026: EMEA Stage 1
660387,265483,AscentPICK,TH,1,3,1,2,0,6,4,15,9,2026-05-09,VCT 2026: EMEA Stage 1
660387,265483,AscentPICK,BBL,1,3,1,1,0,4,3,18,8,2026-05-09,VCT 2026: EMEA Stage 1
660388,265485,SplitPICK,TL,2,2,2,1,1,4,2,10,8,2026-05-09,VCT 2026: EMEA Stage 1
660388,265485,SplitPICK,M8,0,4,0,3,0,2,0,8,4,2026-05-09,VCT 2026: EMEA Stage 1
660388,265486,AscentPICK,TL,0,4,0,2,1,6,3,11,6,2026-05-09,VCT 2026: EMEA Stage 1
660388,265486,AscentPICK,M8,2,2,2,0,0,5,3,16,8,2026-05-09,VCT 2026: EMEA Stage 1
660388,265487,Fracture,TL,1,3,1,1,0,6,1,5,0,2026-05-09,VCT 2026: EMEA Stage 1
660388,265487,Fracture,M8,1,3,1,0,0,2,2,10,10,2026-05-09,VCT 2026: EMEA Stage 1
660389,265488,FracturePICK,FNC,0,4,0,1,1,3,2,15,10,2026-05-10,VCT 2026: EMEA Stage 1
660389,265488,FracturePICK,TH,2,2,2,0,0,9,3,12,5,2026-05-10,VCT 2026: EMEA Stage 1
660389,265489,LotusPICK,FNC,0,3,0,3,0,5,2,4,0,2026-05-10,VCT 2026: EMEA Stage 1
660389,265489,LotusPICK,TH,2,2,2,0,0,3,3,10,8,2026-05-10,VCT 2026: EMEA Stage 1
660389,265490,Ascent,FNC,2,2,2,1,1,9,3,16,7,2026-05-10,VCT 2026: EMEA Stage 1
660389,265490,Ascent,TH,0,3,0,1,0,4,1,20,14,2026-05-10,VCT 2026: EMEA Stage 1
660390,265491,AscentPICK,EF,2,2,2,2,1,3,3,11,7,2026-05-10,VCT 2026: EMEA Stage 1
660390,265491,AscentPICK,M8,0,5,0,0,0,4,0,9,5,2026-05-10,VCT 2026: EMEA Stage 1
660390,265492,LotusPICK,EF,1,3,1,1,0,4,1,14,11,2026-05-10,VCT 2026: EMEA Stage 1
660390,265492,LotusPICK,M8,1,3,1,3,0,8,4,8,4,2026-05-10,VCT 2026: EMEA Stage 1
660391,265494,LotusPICK,TH,1,4,1,2,1,3,2,15,7,2026-05-15,VCT 2026: EMEA Stage 1
660391,265494,LotusPICK,EF,1,3,1,1,0,5,3,15,9,2026-05-15,VCT 2026: EMEA Stage 1
660391,265495,FracturePICK,TH,1,3,1,2,1,5,3,13,8,2026-05-15,VCT 2026: EMEA Stage 1
660391,265495,FracturePICK,EF,1,3,1,3,1,6,3,11,5,2026-05-15,VCT 2026: EMEA Stage 1
660391,265496,Ascent,TH,0,4,1,2,0,1,1,16,11,2026-05-15,VCT 2026: EMEA Stage 1
660391,265496,Ascent,EF,2,3,2,4,2,5,2,11,4,2026-05-15,VCT 2026: EMEA Stage 1
660392,265497,HavenPICK,FUT,2,2,2,3,0,7,4,16,9,2026-05-16,VCT 2026: EMEA Stage 1
660392,265497,HavenPICK,TH,0,4,0,0,0,2,0,22,13,2026-05-16,VCT 2026: EMEA Stage 1
660392,265498,LotusPICK,FUT,0,4,0,3,1,2,1,8,2,2026-05-16,VCT 2026: EMEA Stage 1
660392,265498,LotusPICK,TH,2,2,2,0,0,5,5,10,6,2026-05-16,VCT 2026: EMEA Stage 1
660392,265499,AscentPICK,FUT,1,3,1,1,0,7,3,8,2,2026-05-16,VCT 2026: EMEA Stage 1
660392,265499,AscentPICK,TH,1,3,1,0,0,3,3,13,9,2026-05-16,VCT 2026: EMEA Stage 1
660392,265500,BreezePICK,FUT,0,3,0,2,1,4,0,5,0,2026-05-16,VCT 2026: EMEA Stage 1
660392,265500,BreezePICK,TH,2,2,2,0,0,3,3,9,8,2026-05-16,VCT 2026: EMEA Stage 1
666488,266840,BreezePICK,RRQ,1,4,1,2,0,7,5,11,5,2026-05-07,VCT 2026: Pacific Stage 1
666488,266840,BreezePICK,GE,1,3,1,2,1,3,2,16,9,2026-05-07,VCT 2026: Pacific Stage 1
666488,266841,PearlPICK,RRQ,1,4,1,0,0,8,3,11,6,2026-05-07,VCT 2026: Pacific Stage 1
666488,266841,PearlPICK,GE,1,3,1,0,0,5,3,15,9,2026-05-07,VCT 2026: Pacific Stage 1
666489,266843,LotusPICK,KRX,1,3,1,4,1,2,1,13,6,2026-05-07,VCT 2026: Pacific Stage 1
666489,266843,LotusPICK,FS,1,3,1,1,0,3,3,15,9,2026-05-07,VCT 2026: Pacific Stage 1
666489,266844,FracturePICK,KRX,0,4,0,1,0,3,1,12,6,2026-05-07,VCT 2026: Pacific Stage 1
666489,266844,FracturePICK,FS,2,2,2,1,0,6,4,11,7,2026-05-07,VCT 2026: Pacific Stage 1
666490,266846,BreezePICK,PRX,1,4,1,1,0,4,1,13,7,2026-05-08,VCT 2026: Pacific Stage 1
666490,266846,BreezePICK,GE,1,3,1,1,0,4,1,14,11,2026-05-08,VCT 2026: Pacific Stage 1
666490,266847,LotusPICK,PRX,0,3,1,1,0,3,3,12,9,2026-05-08,VCT 2026: Pacific Stage 1
666490,266847,LotusPICK,GE,2,2,2,2,0,6,1,9,3,2026-05-08,VCT 2026: Pacific Stage 1
666490,266848,Pearl,PRX,1,3,1,3,0,6,1,6,3,2026-05-08,VCT 2026: Pacific Stage 1
666490,266848,Pearl,GE,1,3,1,0,0,3,2,12,10,2026-05-08,VCT 2026: Pacific Stage 1
666491,266849,PearlPICK,T1,1,3,1,1,1,7,4,11,3,2026-05-08,VCT 2026: Pacific Stage 1
666491,266849,PearlPICK,FS,1,3,1,1,0,3,3,15,9,2026-05-08,VCT 2026: Pacific Stage 1
666491,266850,LotusPICK,T1,1,3,1,2,0,5,2,11,5,2026-05-08,VCT 2026: Pacific Stage 1
666491,266850,LotusPICK,FS,1,3,1,1,1,3,3,14,8,2026-05-08,VCT 2026: Pacific Stage 1
666492,266852,SplitPICK,GE,0,4,0,2,1,2,1,16,9,2026-05-15,VCT 2026: Pacific Stage 1
666492,266852,SplitPICK,FS,2,2,2,1,0,8,4,13,7,2026-05-15,VCT 2026: Pacific Stage 1
666492,266853,BreezePICK,GE,1,3,1,0,0,8,4,10,3,2026-05-15,VCT 2026: Pacific Stage 1
666492,266853,BreezePICK,FS,1,3,1,1,0,4,4,13,8,2026-05-15,VCT 2026: Pacific Stage 1
666493,266855,PearlPICK,FS,2,2,2,1,0,10,5,10,3,2026-05-17,VCT 2026: Pacific Stage 1
666493,266855,PearlPICK,PRX,0,5,0,1,1,6,5,11,7,2026-05-17,VCT 2026: Pacific Stage 1
666493,266856,LotusPICK,FS,2,2,2,0,0,12,5,8,2,2026-05-17,VCT 2026: Pacific Stage 1
666493,266856,LotusPICK,PRX,0,4,0,0,0,2,0,16,13,2026-05-17,VCT 2026: Pacific Stage 1
666493,266857,FracturePICK,FS,1,2,1,1,0,12,5,8,4,2026-05-17,VCT 2026: Pacific Stage 1
666493,266857,FracturePICK,PRX,1,4,2,1,0,3,2,15,9,2026-05-17,VCT 2026: Pacific Stage 1
666494,266860,AscentPICK,RRQ,1,3,1,3,0,4,3,12,5,2026-05-09,VCT 2026: Pacific Stage 1
666494,266860,AscentPICK,DFM,1,3,1,1,1,6,3,12,8,2026-05-09,VCT 2026: Pacific Stage 1
666494,266861,BreezePICK,RRQ,1,3,1,1,0,3,1,17,11,2026-05-09,VCT 2026: Pacific Stage 1
666494,266861,BreezePICK,DFM,1,3,1,1,0,2,1,18,9,2026-05-09,VCT 2026: Pacific Stage 1
666494,266862,Lotus,RRQ,1,3,1,0,0,3,2,15,10,2026-05-09,VCT 2026: Pacific Stage 1
666494,266862,Lotus,DFM,1,3,1,1,1,7,2,10,4,2026-05-09,VCT 2026: Pacific Stage 1
666495,266863,PearlPICK,KRX,0,4,0,2,1,0,0,18,10,2026-05-09,VCT 2026: Pacific Stage 1
666495,266863,PearlPICK,NS,2,2,2,1,0,6,6,15,5,2026-05-09,VCT 2026: Pacific Stage 1
666495,266864,SplitPICK,KRX,2,3,2,1,1,4,1,11,9,2026-05-09,VCT 2026: Pacific Stage 1
666495,266864,SplitPICK,NS,0,3,0,2,1,6,1,8,4,2026-05-09,VCT 2026: Pacific Stage 1
666495,266865,Haven,KRX,2,3,2,1,0,4,2,14,9,2026-05-09,VCT 2026: Pacific Stage 1
666495,266865,Haven,NS,0,3,0,2,0,6,3,11,6,2026-05-09,VCT 2026: Pacific Stage 1
666496,266866,HavenPICK,T1,2,2,2,0,0,4,3,13,8,2026-05-10,VCT 2026: Pacific Stage 1
666496,266866,HavenPICK,RRQ,0,4,0,2,0,2,1,11,5,2026-05-10,VCT 2026: Pacific Stage 1
666496,266867,LotusPICK,T1,1,3,1,3,1,2,0,15,8,2026-05-10,VCT 2026: Pacific Stage 1
666496,266867,LotusPICK,RRQ,1,3,2,1,0,6,2,13,9,2026-05-10,VCT 2026: Pacific Stage 1
666496,266868,Breeze,T1,0,4,1,0,0,0,0,14,12,2026-05-10,VCT 2026: Pacific Stage 1
666496,266868,Breeze,RRQ,2,2,2,2,0,6,1,8,2,2026-05-10,VCT 2026: Pacific Stage 1
666497,266869,AscentPICK,PRX,2,2,2,0,0,6,5,13,6,2026-05-10,VCT 2026: Pacific Stage 1
666497,266869,AscentPICK,KRX,0,4,0,1,0,4,3,12,5,2026-05-10,VCT 2026: Pacific Stage 1
666497,266870,BreezePICK,PRX,0,3,1,2,0,4,2,9,2,2026-05-10,VCT 2026: Pacific Stage 1
666497,266870,BreezePICK,KRX,2,2,2,1,1,6,5,9,5,2026-05-10,VCT 2026: Pacific Stage 1
666497,266871,Split,PRX,2,2,2,0,0,3,3,9,8,2026-05-10,VCT 2026: Pacific Stage 1
666497,266871,Split,KRX,0,3,0,2,0,3,0,6,1,2026-05-10,VCT 2026: Pacific Stage 1
666498,266872,SplitPICK,T1,1,4,2,1,1,5,0,12,6,2026-05-15,VCT 2026: Pacific Stage 1
666498,266872,SplitPICK,PRX,1,3,2,1,0,4,1,14,10,2026-05-15,VCT 2026: Pacific Stage 1
666498,266873,AscentPICK,T1,2,2,2,0,0,6,2,15,9,2026-05-15,VCT 2026: Pacific Stage 1
666498,266873,AscentPICK,PRX,0,4,0,1,0,4,3,14,7,2026-05-15,VCT 2026: Pacific Stage 1
666498,266874,Breeze,T1,1,3,2,3,0,3,1,12,5,2026-05-15,VCT 2026: Pacific Stage 1
666498,266874,Breeze,PRX,1,4,1,1,0,1,0,15,12,2026-05-15,VCT 2026: Pacific Stage 1
666499,266875,HavenPICK,GE,1,3,1,1,0,9,3,6,2,2026-05-16,VCT 2026: Pacific Stage 1
666499,266875,HavenPICK,PRX,1,3,1,0,0,2,1,14,11,2026-05-16,VCT 2026: Pacific Stage 1
666499,266876,LotusPICK,GE,1,3,1,4,1,4,1,6,1,2026-05-16,VCT 2026: Pacific Stage 1
666499,266876,LotusPICK,PRX,1,3,2,1,1,2,2,11,8,2026-05-16,VCT 2026: Pacific Stage 1
666499,266877,AscentPICK,GE,1,3,1,1,0,4,2,16,8,2026-05-16,VCT 2026: Pacific Stage 1
666499,266877,AscentPICK,PRX,1,3,1,1,0,5,3,15,9,2026-05-16,VCT 2026: Pacific Stage 1
670464,267798,LotusPICK,G2,0,4,1,2,1,0,0,14,11,2026-06-13,Valorant Masters London 2026
670464,267798,LotusPICK,XLG,2,3,2,2,0,7,2,8,3,2026-06-13,Valorant Masters London 2026
670464,267799,AscentPICK,G2,0,4,0,2,0,6,3,5,1,2026-06-13,Valorant Masters London 2026
670464,267799,AscentPICK,XLG,2,2,2,0,0,5,4,10,7,2026-06-13,Valorant Masters London 2026
670464,267800,Split,G2,0,4,0,1,0,5,3,12,6,2026-06-13,Valorant Masters London 2026
670464,267800,Split,XLG,2,2,2,2,1,4,2,14,8,2026-06-13,Valorant Masters London 2026
670465,267801,HavenPICK,EDG,1,3,1,1,0,5,1,8,2,2026-06-13,Valorant Masters London 2026
670465,267801,HavenPICK,FUT,1,3,1,0,0,3,2,11,10,2026-06-13,Valorant Masters London 2026
670465,267802,PearlPICK,EDG,1,3,1,1,1,5,2,17,10,2026-06-13,Valorant Masters London 2026
670465,267802,PearlPICK,FUT,1,3,1,3,0,5,2,15,9,2026-06-13,Valorant Masters London 2026
670465,267803,Fracture,EDG,1,3,1,0,0,2,2,13,10,2026-06-13,Valorant Masters London 2026
670465,267803,Fracture,FUT,1,3,1,2,0,6,2,7,2,2026-06-13,Valorant Masters London 2026
670466,267804,AscentPICK,PRX,2,2,2,0,0,3,2,9,9,2026-06-12,Valorant Masters London 2026
670466,267804,AscentPICK,LEV,0,3,0,1,0,5,0,5,1,2026-06-12,Valorant Masters London 2026
670466,267805,LotusPICK,PRX,1,4,2,1,1,7,3,11,7,2026-06-12,Valorant Masters London 2026
670466,267805,LotusPICK,LEV,1,3,1,2,0,6,2,12,7,2026-06-12,Valorant Masters London 2026
670467,267807,BreezePICK,TH,0,4,0,1,0,3,1,11,5,2026-06-12,Valorant Masters London 2026
670467,267807,BreezePICK,VIT,2,2,2,0,0,6,4,11,7,2026-06-12,Valorant Masters London 2026
670467,267808,LotusPICK,TH,0,3,0,4,1,3,2,10,4,2026-06-12,Valorant Masters London 2026
670467,267808,LotusPICK,VIT,2,2,2,1,1,4,3,13,7,2026-06-12,Valorant Masters London 2026
670468,267810,LotusPICK,XLG,2,3,2,1,0,6,4,13,4,2026-06-15,Valorant Masters London 2026
670468,267810,LotusPICK,EDG,0,4,1,1,0,3,3,15,9,2026-06-15,Valorant Masters London 2026
670468,267811,BreezePICK,XLG,2,2,2,1,0,6,3,14,8,2026-06-15,Valorant Masters London 2026
670468,267811,BreezePICK,EDG,0,4,0,0,0,3,1,16,9,2026-06-15,Valorant Masters London 2026
670468,267812,Split,XLG,1,2,1,0,0,8,1,6,1,2026-06-15,Valorant Masters London 2026
670468,267812,Split,EDG,1,3,1,0,0,2,2,11,10,2026-06-15,Valorant Masters London 2026
670469,267813,BreezePICK,PRX,2,2,2,0,0,5,4,9,7,2026-06-15,Valorant Masters London 2026
670469,267813,BreezePICK,VIT,0,5,0,0,0,6,1,5,2,2026-06-15,Valorant Masters London 2026
670469,267814,SplitPICK,PRX,1,3,1,1,0,9,3,6,2,2026-06-15,Valorant Masters London 2026
670469,267814,SplitPICK,VIT,1,3,1,0,0,5,4,11,8,2026-06-15,Valorant Masters London 2026
670469,267815,Fracture,PRX,1,3,1,0,0,2,1,14,11,2026-06-15,Valorant Masters London 2026
670469,267815,Fracture,VIT,1,3,2,2,0,7,2,7,2,2026-06-15,Valorant Masters London 2026
670470,267816,BreezePICK,EDG,0,4,0,2,0,3,2,19,13,2026-06-19,Valorant Masters London 2026
670470,267816,BreezePICK,PRX,2,2,2,1,0,6,3,19,8,2026-06-19,Valorant Masters London 2026
670470,267817,FracturePICK,EDG,0,4,0,2,1,4,2,16,9,2026-06-19,Valorant Masters London 2026
670470,267817,FracturePICK,PRX,2,2,2,1,0,6,2,17,10,2026-06-19,Valorant Masters London 2026
670470,267818,Split,EDG,1,3,1,1,0,7,2,8,3,2026-06-19,Valorant Masters London 2026
670470,267818,Split,PRX,1,3,1,0,0,4,2,12,10,2026-06-19,Valorant Masters London 2026
670471,267819,FracturePICK,PRX,2,2,2,0,0,3,3,10,8,2026-06-21,Valorant Masters London 2026
670471,267819,FracturePICK,LEV,0,3,0,0,0,7,1,5,1,2026-06-21,Valorant Masters London 2026
670471,267820,SplitPICK,PRX,1,3,1,3,1,5,2,8,2,2026-06-21,Valorant Masters London 2026
670471,267820,SplitPICK,LEV,1,3,1,0,0,3,3,13,9,2026-06-21,Valorant Masters London 2026
670471,267821,BreezePICK,PRX,2,2,2,1,0,6,4,15,7,2026-06-21,Valorant Masters London 2026
670471,267821,BreezePICK,LEV,0,4,0,2,0,2,1,16,10,2026-06-21,Valorant Masters London 2026
670471,267822,AscentPICK,PRX,1,3,2,0,0,7,3,13,5,2026-06-21,Valorant Masters London 2026
670471,267822,AscentPICK,LEV,1,3,1,2,0,3,1,15,11,2026-06-21,Valorant Masters London 2026
670471,267823,Lotus,PRX,0,3,0,2,0,7,3,6,2,2026-06-21,Valorant Masters London 2026
670471,267823,Lotus,LEV,2,3,2,0,0,4,2,11,9,2026-06-21,Valorant Masters London 2026
670472,267824,AscentPICK,G2,1,3,1,3,0,4,1,9,4,2026-06-14,Valorant Masters London 2026
670472,267824,AscentPICK,FUT,1,3,1,0,0,4,4,12,8,2026-06-14,Valorant Masters London 2026
670472,267825,LotusPICK,G2,0,4,1,2,0,0,0,22,12,2026-06-14,Valorant Masters London 2026
670472,267825,LotusPICK,FUT,2,2,2,5,2,4,2,17,9,2026-06-14,Valorant Masters London 2026
670473,267827,SplitPICK,LEV,2,2,2,0,0,5,4,9,7,2026-06-14,Valorant Masters London 2026
670473,267827,SplitPICK,TH,0,4,0,0,0,6,1,6,2,2026-06-14,Valorant Masters London 2026
670473,267828,LotusPICK,LEV,1,3,1,2,1,4,1,15,8,2026-06-14,Valorant Masters London 2026
670473,267828,LotusPICK,TH,1,2,1,2,0,4,2,16,10,2026-06-14,Valorant Masters London 2026
670473,273204,Ascent,LEV,2,2,2,0,0,4,2,13,9,2026-06-14,Valorant Masters London 2026
670473,273204,Ascent,TH,0,4,0,0,0,7,3,8,3,2026-06-14,Valorant Masters London 2026
670474,267830,LotusPICK,VIT,1,3,1,1,0,3,3,13,9,2026-06-16,Valorant Masters London 2026
670474,267830,LotusPICK,FUT,1,3,1,2,0,4,1,11,5,2026-06-16,Valorant Masters London 2026
670474,267831,AscentPICK,VIT,2,2,2,0,0,2,2,11,9,2026-06-16,Valorant Masters London 2026
670474,267831,AscentPICK,FUT,0,3,0,3,0,4,1,5,1,2026-06-16,Valorant Masters London 2026
670475,267833,HavenPICK,XLG,2,2,2,2,0,5,2,11,3,2026-06-16,Valorant Masters London 2026
670475,267833,HavenPICK,LEV,0,4,0,0,0,1,1,15,12,2026-06-16,Valorant Masters London 2026
670475,267834,LotusPICK,XLG,0,3,0,4,0,2,2,7,1,2026-06-16,Valorant Masters London 2026
670475,267834,LotusPICK,LEV,2,3,2,0,0,3,2,10,9,2026-06-16,Valorant Masters London 2026
670476,267836,LotusPICK,VIT,1,2,1,3,1,8,1,4,1,2026-06-19,Valorant Masters London 2026
670476,267836,LotusPICK,LEV,1,3,1,0,0,3,3,11,9,2026-06-19,Valorant Masters London 2026
670476,267837,SplitPICK,VIT,0,4,0,1,0,3,1,9,3,2026-06-19,Valorant Masters London 2026
670476,267837,SplitPICK,LEV,2,2,2,0,0,5,4,10,7,2026-06-19,Valorant Masters London 2026
670477,267839,HavenPICK,EDG,0,4,0,0,0,4,0,10,5,2026-06-20,Valorant Masters London 2026
670477,267839,HavenPICK,LEV,2,2,2,1,0,6,4,9,7,2026-06-20,Valorant Masters London 2026
670477,267840,PearlPICK,EDG,1,3,2,2,0,5,2,12,5,2026-06-20,Valorant Masters London 2026
670477,267840,PearlPICK,LEV,1,3,1,3,1,3,1,13,10,2026-06-20,Valorant Masters London 2026
670477,267841,SplitPICK,EDG,1,3,1,3,2,5,3,13,5,2026-06-20,Valorant Masters London 2026
670477,267841,SplitPICK,LEV,1,3,1,0,0,11,6,10,6,2026-06-20,Valorant Masters London 2026
673529,268050,Split,ZETA,1,3,1,1,0,4,2,26,13,2026-05-11,Esports World Cup 2026: Pacific Qualifier
673529,268050,Split,VL,1,3,1,3,1,3,1,25,15,2026-05-11,Esports World Cup 2026: Pacific Qualifier
673529,268051,Lotus,ZETA,1,3,1,1,0,4,3,18,8,2026-05-11,Esports World Cup 2026: Pacific Qualifier
673529,268051,Lotus,VL,1,3,1,1,0,7,2,15,11,2026-05-11,Esports World Cup 2026: Pacific Qualifier
673530,268053,Haven,GEN,2,2,2,0,0,4,3,10,8,2026-05-11,Esports World Cup 2026: Pacific Qualifier
673530,268053,Haven,TS,0,4,0,1,0,6,2,5,1,2026-05-11,Esports World Cup 2026: Pacific Qualifier
673530,268054,Breeze,GEN,0,3,0,1,0,4,1,12,6,2026-05-11,Esports World Cup 2026: Pacific Qualifier
673530,268054,Breeze,TS,2,2,2,1,1,5,3,12,7,2026-05-11,Esports World Cup 2026: Pacific Qualifier
673530,268055,Lotus,GEN,1,4,1,2,0,5,3,10,4,2026-05-11,Esports World Cup 2026: Pacific Qualifier
673530,268055,Lotus,TS,1,3,1,0,0,2,1,16,11,2026-05-11,Esports World Cup 2026: Pacific Qualifier
673531,268056,Split,VL,0,4,1,0,0,2,1,18,9,2026-05-12,Esports World Cup 2026: Pacific Qualifier
673531,268056,Split,TS,2,3,2,0,0,7,3,14,8,2026-05-12,Esports World Cup 2026: Pacific Qualifier
673531,268057,Lotus,VL,1,3,1,0,0,5,3,24,13,2026-05-12,Esports World Cup 2026: Pacific Qualifier
673531,268057,Lotus,TS,1,3,1,0,0,4,2,25,12,2026-05-12,Esports World Cup 2026: Pacific Qualifier
673531,268058,Fracture,VL,1,3,1,1,0,7,3,17,11,2026-05-12,Esports World Cup 2026: Pacific Qualifier
673531,268058,Fracture,TS,1,3,1,2,1,7,3,16,8,2026-05-12,Esports World Cup 2026: Pacific Qualifier
673532,268059,Haven,VL,0,4,0,1,0,5,1,6,2,2026-05-19,Esports World Cup 2026: Pacific Qualifier
673532,268059,Haven,GEN,2,2,2,0,0,3,3,11,8,2026-05-19,Esports World Cup 2026: Pacific Qualifier
673532,268060,Split,VL,1,3,1,2,1,4,2,14,6,2026-05-19,Esports World Cup 2026: Pacific Qualifier
673532,268060,Split,GEN,1,3,1,2,1,4,1,14,10,2026-05-19,Esports World Cup 2026: Pacific Qualifier
673533,268062,Ascent,ZETA,1,4,1,3,0,2,1,10,4,2026-05-12,Esports World Cup 2026: Pacific Qualifier
673533,268062,Ascent,GEN,1,3,2,0,0,2,1,14,10,2026-05-12,Esports World Cup 2026: Pacific Qualifier
673533,268063,Haven,ZETA,0,4,1,1,0,4,3,15,7,2026-05-12,Esports World Cup 2026: Pacific Qualifier
673533,268063,Haven,GEN,2,3,2,0,0,3,1,18,10,2026-05-12,Esports World Cup 2026: Pacific Qualifier
673534,268065,PearlPICK,TS,0,4,0,1,0,3,2,18,10,2026-05-18,Esports World Cup 2026: Pacific Qualifier
673534,268065,PearlPICK,GEN,2,2,2,0,0,9,6,15,6,2026-05-18,Esports World Cup 2026: Pacific Qualifier
673534,268066,BreezePICK,TS,1,3,2,2,0,9,3,5,1,2026-05-18,Esports World Cup 2026: Pacific Qualifier
673534,268066,BreezePICK,GEN,1,4,1,0,0,2,1,13,11,2026-05-18,Esports World Cup 2026: Pacific Qualifier
673538,268068,Pearl,NAVI,1,3,1,2,0,4,4,17,7,2026-05-11,Esports World Cup 2026: EMEA Qualifier
673538,268068,Pearl,PCF,1,3,1,1,0,4,2,18,11,2026-05-11,Esports World Cup 2026: EMEA Qualifier
673538,268069,Fracture,NAVI,1,3,1,1,0,3,2,16,10,2026-05-11,Esports World Cup 2026: EMEA Qualifier
673538,268069,Fracture,PCF,1,3,1,2,0,5,1,13,8,2026-05-11,Esports World Cup 2026: EMEA Qualifier
673538,268070,Ascent,NAVI,2,2,2,0,0,9,2,15,10,2026-05-11,Esports World Cup 2026: EMEA Qualifier
673538,268070,Ascent,PCF,0,4,0,0,0,2,1,20,11,2026-05-11,Esports World Cup 2026: EMEA Qualifier
673539,268071,PearlPICK,KC,1,3,1,2,0,3,1,12,11,2026-05-11,Esports World Cup 2026: EMEA Qualifier
673539,268071,PearlPICK,GX,1,3,1,4,0,1,1,12,5,2026-05-11,Esports World Cup 2026: EMEA Qualifier
673539,268072,HavenPICK,KC,1,3,1,0,0,2,1,12,11,2026-05-11,Esports World Cup 2026: EMEA Qualifier
673539,268072,HavenPICK,GX,1,3,1,2,0,7,2,5,1,2026-05-11,Esports World Cup 2026: EMEA Qualifier
673540,268074,Pearl,NAVI,1,3,2,1,0,1,1,12,10,2026-05-12,Esports World Cup 2026: EMEA Qualifier
673540,268074,Pearl,KC,1,2,1,4,0,6,1,5,2,2026-05-12,Esports World Cup 2026: EMEA Qualifier
673540,268075,Split,NAVI,2,2,2,0,0,5,5,9,6,2026-05-12,Esports World Cup 2026: EMEA Qualifier
673540,268075,Split,KC,0,4,0,2,0,3,1,7,2,2026-05-12,Esports World Cup 2026: EMEA Qualifier
673541,268077,Lotus,PCF,0,4,1,1,0,5,2,10,4,2026-05-12,Esports World Cup 2026: EMEA Qualifier
673541,268077,Lotus,GX,2,3,3,1,1,6,2,10,7,2026-05-12,Esports World Cup 2026: EMEA Qualifier
673541,268078,Breeze,PCF,1,3,1,1,0,5,5,15,7,2026-05-12,Esports World Cup 2026: EMEA Qualifier
673541,268078,Breeze,GX,1,3,1,1,0,3,2,17,8,2026-05-12,Esports World Cup 2026: EMEA Qualifier
673541,268079,Ascent,PCF,0,4,0,1,0,2,1,13,6,2026-05-12,Esports World Cup 2026: EMEA Qualifier
673541,268079,Ascent,GX,2,2,2,0,0,7,3,11,8,2026-05-12,Esports World Cup 2026: EMEA Qualifier
673542,268080,AscentPICK,KC,2,2,2,0,0,4,4,9,7,2026-05-13,Esports World Cup 2026: EMEA Qualifier
673542,268080,AscentPICK,GX,0,3,0,2,1,5,0,5,1,2026-05-13,Esports World Cup 2026: EMEA Qualifier
673542,268081,HavenPICK,KC,2,2,2,1,1,4,2,12,8,2026-05-13,Esports World Cup 2026: EMEA Qualifier
673542,268081,HavenPICK,GX,0,4,0,0,0,2,0,13,6,2026-05-13,Esports World Cup 2026: EMEA Qualifier
674838,268098,PearlPICK,SEN,1,2,1,3,0,6,2,15,9,2026-05-12,Esports World Cup 2026: Americas Qualifier
674838,268098,PearlPICK,EG,1,4,2,1,0,5,2,16,10,2026-05-12,Esports World Cup 2026: Americas Qualifier
674838,268099,SplitPICK,SEN,2,2,2,1,0,3,2,12,9,2026-05-12,Esports World Cup 2026: Americas Qualifier
674838,268099,SplitPICK,EG,0,4,0,2,0,1,1,11,4,2026-05-12,Esports World Cup 2026: Americas Qualifier
674838,268100,Fracture,SEN,1,3,1,1,0,10,2,2,0,2026-05-12,Esports World Cup 2026: Americas Qualifier
674838,268100,Fracture,EG,1,3,2,0,0,4,3,9,8,2026-05-12,Esports World Cup 2026: Americas Qualifier
674839,268101,Ascent,C9,0,4,0,3,1,1,1,18,12,2026-05-12,Esports World Cup 2026: Americas Qualifier
674839,268101,Ascent,ENVY,2,2,2,2,1,9,3,13,6,2026-05-12,Esports World Cup 2026: Americas Qualifier
674839,268102,Breeze,C9,1,2,1,3,1,10,5,6,1,2026-05-12,Esports World Cup 2026: Americas Qualifier
674839,268102,Breeze,ENVY,1,3,1,2,0,6,4,10,8,2026-05-12,Esports World Cup 2026: Americas Qualifier
674839,268103,Pearl,C9,1,3,1,3,1,5,2,11,5,2026-05-12,Esports World Cup 2026: Americas Qualifier
674839,268103,Pearl,ENVY,1,3,1,1,1,3,2,15,9,2026-05-12,Esports World Cup 2026: Americas Qualifier
674840,268104,Ascent,EG,2,2,2,2,1,5,3,17,6,2026-05-13,Esports World Cup 2026: Americas Qualifier
674840,268104,Ascent,ENVY,0,4,0,2,0,2,2,18,12,2026-05-13,Esports World Cup 2026: Americas Qualifier
674840,268105,Haven,EG,1,3,1,2,0,5,2,20,13,2026-05-13,Esports World Cup 2026: Americas Qualifier
674840,268105,Haven,ENVY,1,3,1,1,0,7,4,19,9,2026-05-13,Esports World Cup 2026: Americas Qualifier
674840,268106,Pearl,EG,1,3,1,1,0,4,3,14,9,2026-05-13,Esports World Cup 2026: Americas Qualifier
674840,268106,Pearl,ENVY,1,3,1,2,0,5,3,12,5,2026-05-13,Esports World Cup 2026: Americas Qualifier
674841,268107,SplitPICK,EG,1,3,1,1,1,3,2,12,9,2026-05-20,Esports World Cup 2026: Americas Qualifier
674841,268107,SplitPICK,SEN,1,2,1,1,0,9,3,7,2,2026-05-20,Esports World Cup 2026: Americas Qualifier
674841,268108,HavenPICK,EG,0,5,0,1,0,5,3,7,2,2026-05-20,Esports World Cup 2026: Americas Qualifier
674841,268108,HavenPICK,SEN,2,3,2,1,1,3,2,11,8,2026-05-20,Esports World Cup 2026: Americas Qualifier
674841,268109,Pearl,EG,0,3,0,3,0,4,1,4,0,2026-05-20,Esports World Cup 2026: Americas Qualifier
674841,268109,Pearl,SEN,2,2,2,0,0,3,3,9,8,2026-05-20,Esports World Cup 2026: Americas Qualifier
674842,268110,Lotus,SEN,2,3,2,1,0,6,3,12,8,2026-05-13,Esports World Cup 2026: Americas Qualifier
674842,268110,Lotus,C9,0,3,0,2,1,5,3,12,5,2026-05-13,Esports World Cup 2026: Americas Qualifier
674842,268111,Pearl,SEN,1,2,1,2,2,6,3,10,7,2026-05-13,Esports World Cup 2026: Americas Qualifier
674842,268111,Pearl,C9,1,3,1,2,0,9,3,6,3,2026-05-13,Esports World Cup 2026: Americas Qualifier
674843,268113,BreezePICK,ENVY,0,3,0,3,1,2,1,10,3,2026-05-19,Esports World Cup 2026: Americas Qualifier
674843,268113,BreezePICK,SEN,2,3,2,0,0,3,2,12,9,2026-05-19,Esports World Cup 2026: Americas Qualifier
674843,268114,LotusPICK,ENVY,0,4,0,2,1,3,1,11,5,2026-05-19,Esports World Cup 2026: Americas Qualifier
674843,268114,LotusPICK,SEN,2,2,2,2,0,7,5,9,6,2026-05-19,Esports World Cup 2026: Americas Qualifier
674854,268116,Fracture,FUT,1,3,1,1,1,3,2,13,9,2026-05-22,Esports World Cup 2026: EMEA Qualifier
674854,268116,Fracture,NAVI,1,3,1,3,0,4,2,10,4,2026-05-22,Esports World Cup 2026: EMEA Qualifier
674854,268117,Lotus,FUT,2,2,2,2,1,7,2,13,8,2026-05-22,Esports World Cup 2026: EMEA Qualifier
674854,268117,Lotus,NAVI,0,4,1,2,0,4,2,14,8,2026-05-22,Esports World Cup 2026: EMEA Qualifier
674855,268119,LotusPICK,TL,1,3,1,2,0,7,1,11,8,2026-05-22,Esports World Cup 2026: EMEA Qualifier
674855,268119,LotusPICK,M8,1,3,1,1,0,3,2,16,10,2026-05-22,Esports World Cup 2026: EMEA Qualifier
674855,268120,AscentPICK,TL,0,4,1,1,0,6,3,10,4,2026-05-22,Esports World Cup 2026: EMEA Qualifier
674855,268120,AscentPICK,M8,2,3,3,1,0,4,2,13,8,2026-05-22,Esports World Cup 2026: EMEA Qualifier
674856,268122,Breeze,FNC,1,3,1,2,1,4,2,11,9,2026-05-22,Esports World Cup 2026: EMEA Qualifier
674856,268122,Breeze,BBL,1,2,1,0,0,11,4,7,2,2026-05-22,Esports World Cup 2026: EMEA Qualifier
674856,268123,Split,FNC,2,2,2,0,0,5,2,12,9,2026-05-22,Esports World Cup 2026: EMEA Qualifier
674856,268123,Split,BBL,0,5,0,1,0,4,1,9,5,2026-05-22,Esports World Cup 2026: EMEA Qualifier
674857,268125,FracturePICK,KC,2,2,2,3,1,5,4,13,6,2026-05-22,Esports World Cup 2026: EMEA Qualifier
674857,268125,FracturePICK,EF,0,3,0,2,0,4,2,14,8,2026-05-22,Esports World Cup 2026: EMEA Qualifier
674857,268126,PearlPICK,KC,0,4,0,2,1,4,2,13,7,2026-05-22,Esports World Cup 2026: EMEA Qualifier
674857,268126,PearlPICK,EF,2,2,2,3,2,5,3,13,6,2026-05-22,Esports World Cup 2026: EMEA Qualifier
674857,268127,Ascent,KC,1,3,2,1,0,4,1,15,10,2026-05-22,Esports World Cup 2026: EMEA Qualifier
674857,268127,Ascent,EF,1,3,1,3,0,3,0,14,9,2026-05-22,Esports World Cup 2026: EMEA Qualifier
674858,268128,HavenPICK,FUT,1,3,1,2,1,3,1,18,9,2026-05-23,Esports World Cup 2026: EMEA Qualifier
674858,268128,HavenPICK,M8,1,3,1,1,0,4,3,18,10,2026-05-23,Esports World Cup 2026: EMEA Qualifier
674858,268129,FracturePICK,FUT,0,5,0,0,0,4,2,13,7,2026-05-23,Esports World Cup 2026: EMEA Qualifier
674858,268129,FracturePICK,M8,2,2,2,3,0,5,4,12,7,2026-05-23,Esports World Cup 2026: EMEA Qualifier
674858,268130,AscentPICK,FUT,2,2,2,1,0,7,3,11,3,2026-05-23,Esports World Cup 2026: EMEA Qualifier
674858,268130,AscentPICK,M8,0,5,0,1,1,1,0,14,12,2026-05-23,Esports World Cup 2026: EMEA Qualifier
674859,268131,LotusPICK,FNC,1,4,1,0,0,7,3,11,5,2026-05-24,Esports World Cup 2026: EMEA Qualifier
674859,268131,LotusPICK,KC,1,3,1,1,0,6,4,12,8,2026-05-24,Esports World Cup 2026: EMEA Qualifier
674859,268132,HavenPICK,FNC,1,4,1,0,0,4,0,10,4,2026-05-24,Esports World Cup 2026: EMEA Qualifier
674859,268132,HavenPICK,KC,1,2,1,2,1,2,1,12,10,2026-05-24,Esports World Cup 2026: EMEA Qualifier
674859,268133,FracturePICK,FNC,2,2,2,0,0,5,4,10,7,2026-05-24,Esports World Cup 2026: EMEA Qualifier
674859,268133,FracturePICK,KC,0,4,0,1,0,3,1,9,3,2026-05-24,Esports World Cup 2026: EMEA Qualifier
674859,270579,AscentPICK,FNC,1,3,1,3,1,4,3,13,8,2026-05-24,Esports World Cup 2026: EMEA Qualifier
674859,270579,AscentPICK,KC,1,4,1,0,0,6,3,13,6,2026-05-24,Esports World Cup 2026: EMEA Qualifier
674859,270582,Breeze,FNC,0,4,1,2,1,4,1,13,7,2026-05-24,Esports World Cup 2026: EMEA Qualifier
674859,270582,Breeze,KC,2,2,2,3,1,4,2,14,8,2026-05-24,Esports World Cup 2026: EMEA Qualifier
674860,268134,Lotus,NAVI,1,3,1,2,1,4,2,14,9,2026-05-23,Esports World Cup 2026: EMEA Qualifier
674860,268134,Lotus,TL,1,3,1,2,1,5,2,13,6,2026-05-23,Esports World Cup 2026: EMEA Qualifier
674860,268135,Ascent,NAVI,1,3,1,1,0,3,1,17,11,2026-05-23,Esports World Cup 2026: EMEA Qualifier
674860,268135,Ascent,TL,1,3,1,2,1,4,2,15,7,2026-05-23,Esports World Cup 2026: EMEA Qualifier
674861,268137,Breeze,BBL,0,4,0,2,0,0,0,16,13,2026-05-24,Esports World Cup 2026: EMEA Qualifier
674861,268137,Breeze,EF,2,2,2,2,1,5,2,13,4,2026-05-24,Esports World Cup 2026: EMEA Qualifier
674861,268138,Lotus,BBL,1,2,1,2,1,8,3,20,12,2026-05-24,Esports World Cup 2026: EMEA Qualifier
674861,268138,Lotus,EF,1,3,1,2,0,4,3,23,11,2026-05-24,Esports World Cup 2026: EMEA Qualifier
674862,268140,AscentPICK,FNC,1,3,1,1,0,7,4,17,10,2026-05-30,Esports World Cup 2026: EMEA Qualifier
674862,268140,AscentPICK,NAVI,1,3,1,1,0,4,3,20,9,2026-05-30,Esports World Cup 2026: EMEA Qualifier
674862,268141,SplitPICK,FNC,1,3,1,2,0,8,5,11,5,2026-05-30,Esports World Cup 2026: EMEA Qualifier
674862,268141,SplitPICK,NAVI,1,3,1,0,0,5,3,16,9,2026-05-30,Esports World Cup 2026: EMEA Qualifier
674862,268142,Fracture,FNC,1,3,1,2,0,4,2,15,8,2026-05-30,Esports World Cup 2026: EMEA Qualifier
674862,268142,Fracture,NAVI,1,3,1,2,0,5,5,14,7,2026-05-30,Esports World Cup 2026: EMEA Qualifier
674863,268143,PearlPICK,FUT,2,3,2,0,0,9,4,12,5,2026-05-30,Esports World Cup 2026: EMEA Qualifier
674863,268143,PearlPICK,BBL,0,4,0,3,2,0,0,17,11,2026-05-30,Esports World Cup 2026: EMEA Qualifier
674863,268144,HavenPICK,FUT,2,2,2,0,0,4,4,12,7,2026-05-30,Esports World Cup 2026: EMEA Qualifier
674863,268144,HavenPICK,BBL,0,4,0,2,0,1,1,11,4,2026-05-30,Esports World Cup 2026: EMEA Qualifier
674863,268145,Lotus,FUT,0,4,0,1,0,3,0,10,5,2026-05-30,Esports World Cup 2026: EMEA Qualifier
674863,268145,Lotus,BBL,2,2,2,0,0,5,3,11,8,2026-05-30,Esports World Cup 2026: EMEA Qualifier
674864,268146,PearlPICK,NAVI,0,3,0,1,1,8,3,8,3,2026-05-31,Esports World Cup 2026: EMEA Qualifier
674864,268146,PearlPICK,BBL,2,2,2,2,0,6,4,10,7,2026-05-31,Esports World Cup 2026: EMEA Qualifier
674864,268147,AscentPICK,NAVI,1,3,2,1,1,5,1,15,7,2026-05-31,Esports World Cup 2026: EMEA Qualifier
674864,268147,AscentPICK,BBL,1,4,2,0,0,7,3,13,8,2026-05-31,Esports World Cup 2026: EMEA Qualifier
674864,268148,BreezePICK,NAVI,1,3,2,0,0,7,4,18,7,2026-05-31,Esports World Cup 2026: EMEA Qualifier
674864,268148,BreezePICK,BBL,1,2,1,2,1,6,3,18,10,2026-05-31,Esports World Cup 2026: EMEA Qualifier
675201,268247,Pearl,FS,1,3,1,2,0,4,2,17,11,2026-05-22,Esports World Cup 2026: Pacific Qualifier
675201,268247,Pearl,GEN,1,4,2,0,0,6,2,16,8,2026-05-22,Esports World Cup 2026: Pacific Qualifier
675201,268248,Haven,FS,1,3,1,3,0,3,1,9,3,2026-05-22,Esports World Cup 2026: Pacific Qualifier
675201,268248,Haven,GEN,1,3,1,0,0,4,2,11,10,2026-05-22,Esports World Cup 2026: Pacific Qualifier
675201,268249,Breeze,FS,1,3,1,1,0,5,5,21,8,2026-05-22,Esports World Cup 2026: Pacific Qualifier
675201,268249,Breeze,GEN,1,3,1,2,1,3,2,22,12,2026-05-22,Esports World Cup 2026: Pacific Qualifier
675202,268250,Lotus,RRQ,1,3,1,2,1,3,1,13,10,2026-05-22,Esports World Cup 2026: Pacific Qualifier
675202,268250,Lotus,KRX,1,3,1,2,0,4,2,12,5,2026-05-22,Esports World Cup 2026: Pacific Qualifier
675202,268251,Haven,RRQ,2,2,2,2,1,6,3,10,7,2026-05-22,Esports World Cup 2026: Pacific Qualifier
675202,268251,Haven,KRX,0,4,1,2,1,4,0,10,5,2026-05-22,Esports World Cup 2026: Pacific Qualifier
675203,268253,Pearl,T1,1,3,1,2,0,7,4,9,3,2026-05-22,Esports World Cup 2026: Pacific Qualifier
675203,268253,Pearl,NS,1,3,1,0,0,3,3,15,9,2026-05-22,Esports World Cup 2026: Pacific Qualifier
675203,268254,Ascent,T1,2,3,2,2,1,4,1,19,9,2026-05-22,Esports World Cup 2026: Pacific Qualifier
675203,268254,Ascent,NS,0,3,0,1,1,4,1,20,13,2026-05-22,Esports World Cup 2026: Pacific Qualifier
675204,268256,Split,DFM,2,2,2,0,0,9,6,13,3,2026-05-22,Esports World Cup 2026: Pacific Qualifier
675204,268256,Split,GE,0,4,0,1,0,2,1,17,12,2026-05-22,Esports World Cup 2026: Pacific Qualifier
675204,268257,Pearl,DFM,0,4,0,2,0,6,2,5,2,2026-05-22,Esports World Cup 2026: Pacific Qualifier
675204,268257,Pearl,GE,2,2,2,1,1,3,2,11,8,2026-05-22,Esports World Cup 2026: Pacific Qualifier
675205,268259,HavenPICK,GEN,1,3,1,1,0,4,1,13,6,2026-05-23,Esports World Cup 2026: Pacific Qualifier
675205,268259,HavenPICK,RRQ,1,3,1,1,1,3,1,14,10,2026-05-23,Esports World Cup 2026: Pacific Qualifier
675205,268260,AscentPICK,GEN,0,4,0,1,0,2,0,13,7,2026-05-23,Esports World Cup 2026: Pacific Qualifier
675205,268260,AscentPICK,RRQ,2,2,2,1,0,4,3,13,8,2026-05-23,Esports World Cup 2026: Pacific Qualifier
675205,268261,BreezePICK,GEN,1,3,1,0,0,2,2,12,10,2026-05-23,Esports World Cup 2026: Pacific Qualifier
675205,268261,BreezePICK,RRQ,1,3,1,3,0,5,2,6,1,2026-05-23,Esports World Cup 2026: Pacific Qualifier
675205,270502,LotusPICK,GEN,1,3,1,0,0,3,2,15,10,2026-05-23,Esports World Cup 2026: Pacific Qualifier
675205,270502,LotusPICK,RRQ,1,2,1,3,0,5,1,11,6,2026-05-23,Esports World Cup 2026: Pacific Qualifier
675205,270503,Pearl,GEN,2,2,2,1,0,7,3,13,5,2026-05-23,Esports World Cup 2026: Pacific Qualifier
675205,270503,Pearl,RRQ,0,5,0,0,0,2,0,16,13,2026-05-23,Esports World Cup 2026: Pacific Qualifier
675206,268262,SplitPICK,NS,0,4,0,0,0,5,2,21,14,2026-05-24,Esports World Cup 2026: Pacific Qualifier
675206,268262,SplitPICK,GE,2,2,2,1,0,7,2,20,10,2026-05-24,Esports World Cup 2026: Pacific Qualifier
675206,268263,PearlPICK,NS,0,3,0,2,0,5,1,4,0,2026-05-24,Esports World Cup 2026: Pacific Qualifier
675206,268263,PearlPICK,GE,2,2,2,0,0,3,3,9,8,2026-05-24,Esports World Cup 2026: Pacific Qualifier
675206,268264,HavenPICK,NS,0,4,1,0,0,4,2,12,4,2026-05-24,Esports World Cup 2026: Pacific Qualifier
675206,268264,HavenPICK,GE,2,2,2,3,2,4,1,11,8,2026-05-24,Esports World Cup 2026: Pacific Qualifier
675206,270504,BreezePICK,NS,0,3,1,1,1,4,4,14,7,2026-05-24,Esports World Cup 2026: Pacific Qualifier
675206,270504,BreezePICK,GE,2,2,2,3,1,6,3,11,3,2026-05-24,Esports World Cup 2026: Pacific Qualifier
675206,270505,Ascent,NS,1,3,2,2,1,9,4,10,4,2026-05-24,Esports World Cup 2026: Pacific Qualifier
675206,270505,Ascent,GE,1,3,1,2,1,5,3,14,8,2026-05-24,Esports World Cup 2026: Pacific Qualifier
675207,268265,Split,FS,2,3,2,2,0,5,5,13,3,2026-05-23,Esports World Cup 2026: Pacific Qualifier
675207,268265,Split,KRX,0,4,0,1,1,2,2,16,10,2026-05-23,Esports World Cup 2026: Pacific Qualifier
675207,268266,Haven,FS,1,3,1,0,0,4,4,16,8,2026-05-23,Esports World Cup 2026: Pacific Qualifier
675207,268266,Haven,KRX,1,3,1,3,1,2,1,15,7,2026-05-23,Esports World Cup 2026: Pacific Qualifier
675207,268267,Breeze,FS,1,3,1,1,0,6,0,5,1,2026-05-23,Esports World Cup 2026: Pacific Qualifier
675207,268267,Breeze,KRX,1,2,1,1,1,2,2,10,9,2026-05-23,Esports World Cup 2026: Pacific Qualifier
675208,268268,Ascent,T1,2,2,2,1,1,5,3,14,7,2026-05-24,Esports World Cup 2026: Pacific Qualifier
675208,268268,Ascent,DFM,0,4,0,1,0,5,3,12,6,2026-05-24,Esports World Cup 2026: Pacific Qualifier
675208,268269,Split,T1,1,3,1,4,2,2,1,15,7,2026-05-24,Esports World Cup 2026: Pacific Qualifier
675208,268269,Split,DFM,1,3,2,0,0,6,4,15,7,2026-05-24,Esports World Cup 2026: Pacific Qualifier
675208,268270,Haven,T1,1,3,1,1,0,2,2,15,10,2026-05-24,Esports World Cup 2026: Pacific Qualifier
675208,268270,Haven,DFM,1,3,1,0,0,6,4,12,3,2026-05-24,Esports World Cup 2026: Pacific Qualifier
675209,268271,HavenPICK,NS,2,2,2,0,0,11,8,8,3,2026-05-30,Esports World Cup 2026: Pacific Qualifier
675209,268271,HavenPICK,KRX,0,4,0,1,0,2,2,14,6,2026-05-30,Esports World Cup 2026: Pacific Qualifier
675209,268272,BreezePICK,NS,1,3,1,2,0,4,2,13,10,2026-05-30,Esports World Cup 2026: Pacific Qualifier
675209,268272,BreezePICK,KRX,1,4,1,2,0,1,1,15,7,2026-05-30,Esports World Cup 2026: Pacific Qualifier
675210,268274,BreezePICK,GEN,0,4,1,2,1,1,0,21,13,2026-05-30,Esports World Cup 2026: Pacific Qualifier
675210,268274,BreezePICK,T1,2,2,2,1,1,9,3,16,7,2026-05-30,Esports World Cup 2026: Pacific Qualifier
675210,268275,FracturePICK,GEN,2,2,2,0,0,5,4,10,7,2026-05-30,Esports World Cup 2026: Pacific Qualifier
675210,268275,FracturePICK,T1,0,4,0,1,0,5,2,7,2,2026-05-30,Esports World Cup 2026: Pacific Qualifier
675211,268277,HavenPICK,NS,1,3,1,2,0,5,2,14,10,2026-05-31,Esports World Cup 2026: Pacific Qualifier
675211,268277,HavenPICK,GEN,1,3,1,2,0,3,1,16,9,2026-05-31,Esports World Cup 2026: Pacific Qualifier
675211,268278,PearlPICK,NS,1,3,1,0,0,7,5,11,7,2026-05-31,Esports World Cup 2026: Pacific Qualifier
675211,268278,PearlPICK,GEN,1,3,1,4,1,3,1,11,5,2026-05-31,Esports World Cup 2026: Pacific Qualifier
675211,268279,FracturePICK,NS,1,3,1,1,0,10,5,8,3,2026-05-31,Esports World Cup 2026: Pacific Qualifier
675211,268279,FracturePICK,GEN,1,3,2,2,1,2,2,15,8,2026-05-31,Esports World Cup 2026: Pacific Qualifier
675211,271626,BreezePICK,NS,2,2,2,2,0,5,2,14,9,2026-05-31,Esports World Cup 2026: Pacific Qualifier
675211,271626,BreezePICK,GEN,0,4,0,1,0,3,0,15,10,2026-05-31,Esports World Cup 2026: Pacific Qualifier
681328,269518,Breeze,LEV,0,4,0,0,0,4,2,16,9,2026-05-27,Esports World Cup 2026: Americas Qualifier
681328,269518,Breeze,SEN,2,2,2,0,0,9,6,13,5,2026-05-27,Esports World Cup 2026: Americas Qualifier
681328,269519,Split,LEV,1,3,1,0,0,2,2,12,10,2026-05-27,Esports World Cup 2026: Americas Qualifier
681328,269519,Split,SEN,1,3,1,1,0,11,3,2,0,2026-05-27,Esports World Cup 2026: Americas Qualifier
681328,269520,Haven,LEV,1,3,1,1,1,2,1,13,10,2026-05-27,Esports World Cup 2026: Americas Qualifier
681328,269520,Haven,SEN,1,2,1,2,1,8,1,7,3,2026-05-27,Esports World Cup 2026: Americas Qualifier
681329,269521,Fracture,MIBR,1,3,1,1,0,3,2,13,10,2026-05-27,Esports World Cup 2026: Americas Qualifier
681329,269521,Fracture,KRÜ,1,3,1,1,0,8,3,8,3,2026-05-27,Esports World Cup 2026: Americas Qualifier
681329,269522,Lotus,MIBR,1,3,1,1,0,3,3,13,9,2026-05-27,Esports World Cup 2026: Americas Qualifier
681329,269522,Lotus,KRÜ,1,3,1,2,0,10,5,5,1,2026-05-27,Esports World Cup 2026: Americas Qualifier
681330,269524,Ascent,100T,2,2,2,1,0,4,3,10,8,2026-05-27,Esports World Cup 2026: Americas Qualifier
681330,269524,Ascent,FUR,0,3,0,0,0,6,2,8,2,2026-05-27,Esports World Cup 2026: Americas Qualifier
681330,269525,Breeze,100T,2,3,2,1,0,5,3,13,8,2026-05-27,Esports World Cup 2026: Americas Qualifier
681330,269525,Breeze,FUR,0,4,0,1,0,4,2,13,7,2026-05-27,Esports World Cup 2026: Americas Qualifier
681331,269527,Breeze,LOUD,1,3,1,1,0,10,5,10,7,2026-05-27,Esports World Cup 2026: Americas Qualifier
681331,269527,Breeze,NRG,1,3,1,1,0,4,2,16,8,2026-05-27,Esports World Cup 2026: Americas Qualifier
681331,269528,Ascent,LOUD,1,3,1,1,0,3,3,13,9,2026-05-27,Esports World Cup 2026: Americas Qualifier
681331,269528,Ascent,NRG,1,4,1,1,0,4,1,11,5,2026-05-27,Esports World Cup 2026: Americas Qualifier
681332,269530,SplitPICK,LEV,0,4,0,1,0,3,2,14,7,2026-05-28,Esports World Cup 2026: Americas Qualifier
681332,269530,SplitPICK,MIBR,2,2,2,0,0,6,4,14,7,2026-05-28,Esports World Cup 2026: Americas Qualifier
681332,269531,BreezePICK,LEV,1,3,1,1,0,7,3,9,3,2026-05-28,Esports World Cup 2026: Americas Qualifier
681332,269531,BreezePICK,MIBR,1,4,1,0,0,2,2,14,10,2026-05-28,Esports World Cup 2026: Americas Qualifier
681332,269532,AscentPICK,LEV,1,3,1,1,1,5,5,17,5,2026-05-28,Esports World Cup 2026: Americas Qualifier
681332,269532,AscentPICK,MIBR,1,3,1,1,0,5,4,17,9,2026-05-28,Esports World Cup 2026: Americas Qualifier
681333,269535,HavenPICK,100T,2,2,2,1,0,4,3,13,8,2026-05-29,Esports World Cup 2026: Americas Qualifier
681333,269535,HavenPICK,LOUD,0,4,0,1,0,3,3,12,4,2026-05-29,Esports World Cup 2026: Americas Qualifier
681333,269536,SplitPICK,100T,1,3,1,1,1,2,1,12,10,2026-05-29,Esports World Cup 2026: Americas Qualifier
681333,269536,SplitPICK,LOUD,1,3,2,1,0,9,2,5,1,2026-05-29,Esports World Cup 2026: Americas Qualifier
681333,269537,PearlPICK,100T,1,4,2,3,2,3,1,13,8,2026-05-29,Esports World Cup 2026: Americas Qualifier
681333,269537,PearlPICK,LOUD,1,4,3,2,0,8,3,9,4,2026-05-29,Esports World Cup 2026: Americas Qualifier
681334,269540,HavenPICK,SEN,2,2,2,2,0,10,3,4,0,2026-05-28,Esports World Cup 2026: Americas Qualifier
681334,269540,HavenPICK,KRÜ,0,4,0,0,0,1,1,13,12,2026-05-28,Esports World Cup 2026: Americas Qualifier
681334,269541,BreezePICK,SEN,1,3,1,1,0,3,2,19,11,2026-05-28,Esports World Cup 2026: Americas Qualifier
681334,269541,BreezePICK,KRÜ,1,3,1,1,0,4,3,18,8,2026-05-28,Esports World Cup 2026: Americas Qualifier
681334,269542,Ascent,SEN,0,4,0,0,0,6,5,10,8,2026-05-28,Esports World Cup 2026: Americas Qualifier
681334,269542,Ascent,KRÜ,2,2,2,2,1,7,2,9,2,2026-05-28,Esports World Cup 2026: Americas Qualifier
681335,269543,LotusPICK,FUR,1,3,1,3,0,4,2,12,6,2026-05-29,Esports World Cup 2026: Americas Qualifier
681335,269543,LotusPICK,NRG,1,4,1,2,1,3,2,13,9,2026-05-29,Esports World Cup 2026: Americas Qualifier
681335,269544,HavenPICK,FUR,1,3,1,1,0,6,5,16,6,2026-05-29,Esports World Cup 2026: Americas Qualifier
681335,269544,HavenPICK,NRG,1,3,1,3,1,3,2,17,10,2026-05-29,Esports World Cup 2026: Americas Qualifier
681336,269546,BreezePICK,LOUD,1,3,1,1,0,12,7,6,1,2026-05-30,Esports World Cup 2026: Americas Qualifier
681336,269546,BreezePICK,SEN,1,3,1,0,0,6,5,13,7,2026-05-30,Esports World Cup 2026: Americas Qualifier
681336,269547,LotusPICK,LOUD,1,3,1,2,0,6,3,12,9,2026-05-30,Esports World Cup 2026: Americas Qualifier
681336,269547,LotusPICK,SEN,1,3,1,2,0,8,2,10,7,2026-05-30,Esports World Cup 2026: Americas Qualifier
681336,269548,Pearl,LOUD,1,3,1,0,0,9,6,8,6,2026-05-30,Esports World Cup 2026: Americas Qualifier
681336,269548,Pearl,SEN,1,3,1,2,0,5,2,10,4,2026-05-30,Esports World Cup 2026: Americas Qualifier
681337,269549,PearlPICK,LEV,1,3,1,2,1,5,4,14,5,2026-05-30,Esports World Cup 2026: Americas Qualifier
681337,269549,PearlPICK,NRG,1,3,1,2,0,5,3,14,9,2026-05-30,Esports World Cup 2026: Americas Qualifier
681337,269550,LotusPICK,LEV,1,3,1,2,1,8,4,13,6,2026-05-30,Esports World Cup 2026: Americas Qualifier
681337,269550,LotusPICK,NRG,1,3,1,1,1,7,4,15,8,2026-05-30,Esports World Cup 2026: Americas Qualifier
681338,269552,PearlPICK,LOUD,0,4,0,1,0,9,3,9,7,2026-05-31,Esports World Cup 2026: Americas Qualifier
681338,269552,PearlPICK,NRG,2,2,2,3,1,5,2,13,8,2026-05-31,Esports World Cup 2026: Americas Qualifier
681338,269553,LotusPICK,LOUD,2,2,2,2,0,9,4,7,1,2026-05-31,Esports World Cup 2026: Americas Qualifier
681338,269553,LotusPICK,NRG,0,4,0,1,1,0,0,15,12,2026-05-31,Esports World Cup 2026: Americas Qualifier
681338,269554,HavenPICK,LOUD,1,3,1,1,0,9,4,5,0,2026-05-31,Esports World Cup 2026: Americas Qualifier
681338,269554,HavenPICK,NRG,1,3,1,0,0,2,2,13,10,2026-05-31,Esports World Cup 2026: Americas Qualifier
684610,270737,LotusPICK,VIT,2,2,2,1,0,5,5,10,6,2026-06-06,Valorant Masters London 2026
684610,270737,LotusPICK,DRG,0,3,0,3,1,4,1,8,3,2026-06-06,Valorant Masters London 2026
684610,270738,BreezePICK,VIT,2,2,2,0,0,4,4,10,7,2026-06-06,Valorant Masters London 2026
684610,270738,BreezePICK,DRG,0,3,0,3,0,4,0,6,3,2026-06-06,Valorant Masters London 2026
684611,270740,FracturePICK,FS,0,5,0,1,0,2,1,8,2,2026-06-07,Valorant Masters London 2026
684611,270740,FracturePICK,FUT,2,2,2,1,1,3,2,10,8,2026-06-07,Valorant Masters London 2026
684611,270741,HavenPICK,FS,1,2,1,1,0,9,5,8,1,2026-06-07,Valorant Masters London 2026
684611,270741,HavenPICK,FUT,1,4,1,0,0,3,1,13,11,2026-06-07,Valorant Masters London 2026
684612,270743,PearlPICK,LEV,0,4,0,1,0,4,1,8,3,2026-06-07,Valorant Masters London 2026
684612,270743,PearlPICK,GE,2,2,2,0,0,5,4,10,7,2026-06-07,Valorant Masters London 2026
684612,270744,FracturePICK,LEV,2,2,2,1,1,8,4,13,6,2026-06-07,Valorant Masters London 2026
684612,270744,FracturePICK,GE,0,4,0,2,0,2,2,16,9,2026-06-07,Valorant Masters London 2026
684612,270745,Split,LEV,2,2,2,1,0,10,5,9,6,2026-06-07,Valorant Masters London 2026
684612,270745,Split,GE,0,4,0,1,1,1,0,16,8,2026-06-07,Valorant Masters London 2026
684613,270746,PearlPICK,XLG,0,4,1,3,0,1,0,11,5,2026-06-06,Valorant Masters London 2026
684613,270746,PearlPICK,NRG,2,2,2,0,0,7,5,10,6,2026-06-06,Valorant Masters London 2026
684613,270747,LotusPICK,XLG,2,2,2,2,0,7,4,13,5,2026-06-06,Valorant Masters London 2026
684613,270747,LotusPICK,NRG,0,4,0,2,0,1,0,17,13,2026-06-06,Valorant Masters London 2026
684614,270749,PearlPICK,VIT,0,3,0,1,0,6,5,14,8,2026-06-08,Valorant Masters London 2026
684614,270749,PearlPICK,FUT,2,4,3,0,0,8,5,12,3,2026-06-08,Valorant Masters London 2026
684614,270750,HavenPICK,VIT,1,3,1,1,0,5,1,8,2,2026-06-08,Valorant Masters London 2026
684614,270750,HavenPICK,FUT,1,3,1,0,0,2,2,12,10,2026-06-08,Valorant Masters London 2026
684614,270751,Fracture,VIT,0,4,0,1,0,3,2,15,11,2026-06-08,Valorant Masters London 2026
684614,270751,Fracture,FUT,2,3,2,2,1,8,5,10,2,2026-06-08,Valorant Masters London 2026
684615,270752,AscentPICK,NRG,0,5,0,0,0,5,2,10,5,2026-06-08,Valorant Masters London 2026
684615,270752,AscentPICK,LEV,2,2,2,1,0,5,3,12,8,2026-06-08,Valorant Masters London 2026
684615,270753,LotusPICK,NRG,2,2,2,1,0,4,3,11,8,2026-06-08,Valorant Masters London 2026
684615,270753,LotusPICK,LEV,0,3,0,1,0,5,1,9,4,2026-06-08,Valorant Masters London 2026
684615,270754,Pearl,NRG,1,3,1,2,0,9,5,7,2,2026-06-08,Valorant Masters London 2026
684615,270754,Pearl,LEV,1,3,1,1,0,5,5,12,7,2026-06-08,Valorant Masters London 2026
684616,270755,HavenPICK,DRG,2,2,2,1,0,4,3,10,8,2026-06-09,Valorant Masters London 2026
684616,270755,HavenPICK,XLG,0,3,0,2,1,4,2,8,1,2026-06-09,Valorant Masters London 2026
684616,270756,FracturePICK,DRG,2,2,2,2,0,9,4,9,3,2026-06-09,Valorant Masters London 2026
684616,270756,FracturePICK,XLG,0,4,0,1,1,1,0,16,12,2026-06-09,Valorant Masters London 2026
684616,270757,Split,DRG,1,3,1,2,1,7,4,12,5,2026-06-09,Valorant Masters London 2026
684616,270757,Split,XLG,1,3,1,0,0,5,4,16,8,2026-06-09,Valorant Masters London 2026
684617,270758,SplitPICK,GE,2,2,2,0,0,8,4,12,3,2026-06-09,Valorant Masters London 2026
684617,270758,SplitPICK,FS,0,4,0,1,1,0,0,17,12,2026-06-09,Valorant Masters London 2026
684617,270759,BreezePICK,GE,1,3,1,0,0,4,1,14,11,2026-06-09,Valorant Masters London 2026
684617,270759,BreezePICK,FS,1,2,1,1,0,7,2,11,5,2026-06-09,Valorant Masters London 2026
684617,270760,Pearl,GE,2,2,2,3,0,3,2,13,9,2026-06-09,Valorant Masters London 2026
684617,270760,Pearl,FS,0,3,0,3,0,5,5,10,3,2026-06-09,Valorant Masters London 2026
684618,270761,HavenPICK,GE,1,3,1,0,0,4,1,16,11,2026-06-10,Valorant Masters London 2026
684618,270761,HavenPICK,XLG,1,4,1,1,0,5,2,13,7,2026-06-10,Valorant Masters London 2026
684618,270762,LotusPICK,GE,1,3,1,0,0,6,2,13,6,2026-06-10,Valorant Masters London 2026
684618,270762,LotusPICK,XLG,1,3,1,2,0,2,1,15,11,2026-06-10,Valorant Masters London 2026
684618,270763,Breeze,GE,2,2,2,2,0,7,3,12,5,2026-06-10,Valorant Masters London 2026
684618,270763,Breeze,XLG,0,4,0,2,1,2,1,15,11,2026-06-10,Valorant Masters London 2026
684619,270764,LotusPICK,FUT,1,4,1,0,0,6,2,14,8,2026-06-10,Valorant Masters London 2026
684619,270764,LotusPICK,NRG,1,4,1,1,0,2,1,17,11,2026-06-10,Valorant Masters London 2026
684619,270765,HavenPICK,FUT,1,3,2,2,1,4,3,17,8,2026-06-10,Valorant Masters London 2026
684619,270765,HavenPICK,NRG,1,5,1,1,1,6,3,14,7,2026-06-10,Valorant Masters London 2026
684619,270766,Fracture,FUT,2,2,2,0,0,9,6,13,5,2026-06-10,Valorant Masters London 2026
684619,270766,Fracture,NRG,0,4,0,2,0,0,0,18,11,2026-06-10,Valorant Masters London 2026
698884,273205,AscentPICK,GEN,2,2,2,2,0,5,3,11,8,2026-07-16,VCT 2026: Pacific Stage 2
698884,273205,AscentPICK,ZETA,0,4,0,3,0,0,0,13,7,2026-07-16,VCT 2026: Pacific Stage 2
698884,273206,SunsetPICK,GEN,0,4,0,1,1,2,1,23,14,2026-07-16,VCT 2026: Pacific Stage 2
698884,273206,SunsetPICK,ZETA,2,3,3,2,0,5,3,20,8,2026-07-16,VCT 2026: Pacific Stage 2
698885,273208,SplitPICK,TS,1,3,1,2,0,6,3,8,2,2026-07-16,VCT 2026: Pacific Stage 2
698885,273208,SplitPICK,VL,1,3,1,0,0,6,5,10,7,2026-07-16,VCT 2026: Pacific Stage 2
698885,273209,HavenPICK,TS,0,4,0,1,1,0,0,17,12,2026-07-16,VCT 2026: Pacific Stage 2
698885,273209,HavenPICK,VL,2,2,2,1,0,6,2,13,5,2026-07-16,VCT 2026: Pacific Stage 2
698885,273210,Summit,TS,1,3,1,3,1,3,2,15,7,2026-07-16,VCT 2026: Pacific Stage 2
698885,273210,Summit,VL,1,3,1,1,0,8,5,12,7,2026-07-16,VCT 2026: Pacific Stage 2
698886,273211,HavenPICK,FS,0,3,0,2,0,2,0,9,3,2026-07-17,VCT 2026: Pacific Stage 2
698886,273211,HavenPICK,NS,2,2,2,0,0,5,4,9,7,2026-07-17,VCT 2026: Pacific Stage 2
698886,273212,SplitPICK,FS,0,4,0,1,1,4,2,15,10,2026-07-17,VCT 2026: Pacific Stage 2
698886,273212,SplitPICK,NS,2,2,2,2,0,5,2,15,7,2026-07-17,VCT 2026: Pacific Stage 2
698886,273213,Ascent,FS,2,2,2,0,0,7,4,12,7,2026-07-17,VCT 2026: Pacific Stage 2
698886,273213,Ascent,NS,0,4,0,2,0,2,0,13,8,2026-07-17,VCT 2026: Pacific Stage 2
698887,273214,SplitPICK,KRX,1,3,1,1,1,3,1,17,8,2026-07-17,VCT 2026: Pacific Stage 2
698887,273214,SplitPICK,DFM,1,3,1,1,0,8,5,12,7,2026-07-17,VCT 2026: Pacific Stage 2
698887,273215,SunsetPICK,KRX,1,2,1,1,1,3,2,13,9,2026-07-17,VCT 2026: Pacific Stage 2
698887,273215,SunsetPICK,DFM,1,4,1,0,0,4,0,11,5,2026-07-17,VCT 2026: Pacific Stage 2
698887,273216,Summit,KRX,1,2,1,1,0,3,2,14,10,2026-07-17,VCT 2026: Pacific Stage 2
698887,273216,Summit,DFM,1,3,1,2,0,7,2,8,4,2026-07-17,VCT 2026: Pacific Stage 2
698888,273217,SunsetPICK,RRQ,1,5,1,1,0,4,2,12,6,2026-07-18,VCT 2026: Pacific Stage 2
698888,273217,SunsetPICK,GE,1,3,1,1,1,3,3,15,8,2026-07-18,VCT 2026: Pacific Stage 2
698888,273218,SummitPICK,RRQ,1,3,1,3,0,3,2,21,11,2026-07-18,VCT 2026: Pacific Stage 2
698888,273218,SummitPICK,GE,1,3,1,3,0,2,1,22,14,2026-07-18,VCT 2026: Pacific Stage 2
698889,273220,SunsetPICK,PRX,1,3,1,0,0,4,2,19,9,2026-07-18,VCT 2026: Pacific Stage 2
698889,273220,SunsetPICK,T1,1,3,1,1,0,7,1,15,12,2026-07-18,VCT 2026: Pacific Stage 2
698889,273221,AscentPICK,PRX,1,4,2,1,0,5,4,14,7,2026-07-18,VCT 2026: Pacific Stage 2
698889,273221,AscentPICK,T1,1,3,1,1,1,5,0,15,9,2026-07-18,VCT 2026: Pacific Stage 2
698889,273222,Breeze,PRX,0,4,0,1,1,4,3,23,11,2026-07-18,VCT 2026: Pacific Stage 2
698889,273222,Breeze,T1,2,2,2,1,1,11,6,18,8,2026-07-18,VCT 2026: Pacific Stage 2
698890,273223,SplitPICK,NS,2,2,2,1,0,9,6,12,3,2026-07-19,VCT 2026: Pacific Stage 2
698890,273223,SplitPICK,GEN,0,4,0,1,0,3,2,16,11,2026-07-19,VCT 2026: Pacific Stage 2
698890,273224,AscentPICK,NS,1,3,1,1,0,2,1,14,11,2026-07-19,VCT 2026: Pacific Stage 2
698890,273224,AscentPICK,GEN,1,3,1,1,0,5,3,11,3,2026-07-19,VCT 2026: Pacific Stage 2
698890,273225,Haven,NS,0,3,0,4,1,1,0,9,3,2026-07-19,VCT 2026: Pacific Stage 2
698890,273225,Haven,GEN,2,2,2,1,1,4,3,10,7,2026-07-19,VCT 2026: Pacific Stage 2
698891,273226,SunsetPICK,KRX,0,2,0,5,1,3,1,7,2,2026-07-19,VCT 2026: Pacific Stage 2
698891,273226,SunsetPICK,TS,2,2,2,0,0,4,4,11,7,2026-07-19,VCT 2026: Pacific Stage 2
698891,273227,HavenPICK,KRX,0,3,0,3,1,4,1,10,5,2026-07-19,VCT 2026: Pacific Stage 2
698891,273227,HavenPICK,TS,2,2,2,1,0,4,3,13,8,2026-07-19,VCT 2026: Pacific Stage 2
698892,273229,AscentPICK,GE,2,2,2,1,0,5,4,12,7,2026-07-23,VCT 2026: Pacific Stage 2
698892,273229,AscentPICK,FS,0,4,0,1,0,3,0,12,7,2026-07-23,VCT 2026: Pacific Stage 2
698892,273230,SummitPICK,GE,1,3,1,0,0,3,3,10,9,2026-07-23,VCT 2026: Pacific Stage 2
698892,273230,SummitPICK,FS,1,3,1,2,1,6,1,5,0,2026-07-23,VCT 2026: Pacific Stage 2
698893,273232,SplitPICK,T1,0,4,1,0,0,3,1,19,10,2026-07-23,VCT 2026: Pacific Stage 2
698893,273232,SplitPICK,VL,2,2,2,2,0,6,2,16,10,2026-07-23,VCT 2026: Pacific Stage 2
698893,273233,HavenPICK,T1,1,3,2,1,0,5,2,14,6,2026-07-23,VCT 2026: Pacific Stage 2
698893,273233,HavenPICK,VL,1,3,1,4,2,2,0,14,10,2026-07-23,VCT 2026: Pacific Stage 2
698894,273235,HavenPICK,RRQ,0,4,0,1,1,4,0,13,8,2026-07-24,VCT 2026: Pacific Stage 2
698894,273235,HavenPICK,ZETA,2,2,2,1,0,7,4,12,7,2026-07-24,VCT 2026: Pacific Stage 2
698894,273236,BreezePICK,RRQ,1,2,1,4,0,2,0,10,4,2026-07-24,VCT 2026: Pacific Stage 2
698894,273236,BreezePICK,ZETA,1,3,2,0,0,2,2,13,9,2026-07-24,VCT 2026: Pacific Stage 2
698895,273238,SummitPICK,DFM,1,3,1,2,1,6,2,12,6,2026-07-24,VCT 2026: Pacific Stage 2
698895,273238,SummitPICK,PRX,1,3,1,1,0,3,3,16,9,2026-07-24,VCT 2026: Pacific Stage 2
698895,273239,AscentPICK,DFM,0,4,1,1,0,7,2,20,12,2026-07-24,VCT 2026: Pacific Stage 2
698895,273239,AscentPICK,PRX,2,3,3,0,0,8,2,21,12,2026-07-24,VCT 2026: Pacific Stage 2
698897,273241,AscentPICK,NS,0,4,0,1,1,3,1,11,4,2026-07-25,VCT 2026: Pacific Stage 2
698897,273241,AscentPICK,GE,2,2,2,1,0,6,4,10,7,2026-07-25,VCT 2026: Pacific Stage 2
698897,273243,Sunset,NS,1,3,1,1,1,3,3,13,8,2026-07-25,VCT 2026: Pacific Stage 2
698897,273243,Sunset,GE,1,3,1,2,0,6,3,9,3,2026-07-25,VCT 2026: Pacific Stage 2
698897,278340,BreezePICK,NS,1,3,1,1,0,2,2,14,10,2026-07-25,VCT 2026: Pacific Stage 2
698897,278340,BreezePICK,GE,1,3,1,3,0,4,3,10,3,2026-07-25,VCT 2026: Pacific Stage 2
698898,273244,AscentPICK,TS,1,3,1,4,1,3,2,8,1,2026-07-25,VCT 2026: Pacific Stage 2
698898,273244,AscentPICK,T1,1,3,1,1,1,2,2,12,9,2026-07-25,VCT 2026: Pacific Stage 2
698898,273245,HavenPICK,TS,0,4,0,2,0,0,0,12,5,2026-07-25,VCT 2026: Pacific Stage 2
698898,273245,HavenPICK,T1,2,2,2,0,0,3,2,13,9,2026-07-25,VCT 2026: Pacific Stage 2
698899,273247,SummitPICK,PRX,2,2,2,0,0,2,2,10,9,2026-07-26,VCT 2026: Pacific Stage 2
698899,273247,SummitPICK,KRX,0,3,0,3,0,2,0,6,1,2026-07-26,VCT 2026: Pacific Stage 2
698899,278415,BreezePICK,PRX,0,4,1,0,0,0,0,15,12,2026-07-26,VCT 2026: Pacific Stage 2
698899,278415,BreezePICK,KRX,2,4,2,0,0,5,1,10,3,2026-07-26,VCT 2026: Pacific Stage 2
698901,273250,HavenPICK,GEN,0,4,1,1,0,5,1,10,5,2026-07-26,VCT 2026: Pacific Stage 2
698901,273250,HavenPICK,RRQ,2,3,2,0,0,3,2,14,9,2026-07-26,VCT 2026: Pacific Stage 2
698901,273251,SummitPICK,GEN,1,3,1,2,0,3,2,16,10,2026-07-26,VCT 2026: Pacific Stage 2
698901,273251,SummitPICK,RRQ,1,3,1,1,0,6,5,14,5,2026-07-26,VCT 2026: Pacific Stage 2
698901,273252,Sunset,GEN,2,2,2,1,0,5,5,10,6,2026-07-26,VCT 2026: Pacific Stage 2
698901,273252,Sunset,RRQ,0,4,0,2,0,1,0,11,5,2026-07-26,VCT 2026: Pacific Stage 2
698902,273253,LotusPICK,VL,1,3,1,1,0,11,7,9,3,2026-07-30,VCT 2026: Pacific Stage 2
698902,273253,LotusPICK,DFM,1,3,1,1,0,6,4,14,8,2026-07-30,VCT 2026: Pacific Stage 2
698902,273255,Haven,VL,0,4,0,0,0,5,3,19,10,2026-07-30,VCT 2026: Pacific Stage 2
698902,273255,Haven,DFM,2,2,2,0,0,7,3,19,10,2026-07-30,VCT 2026: Pacific Stage 2
698902,278738,AscentPICK,VL,2,2,2,0,0,4,3,10,8,2026-07-30,VCT 2026: Pacific Stage 2
698902,278738,AscentPICK,DFM,0,4,0,1,0,9,2,2,1,2026-07-30,VCT 2026: Pacific Stage 2
698903,273256,SplitPICK,FS,0,4,0,1,0,1,0,20,14,2026-07-30,VCT 2026: Pacific Stage 2
698903,273256,SplitPICK,ZETA,2,2,2,3,0,6,4,15,6,2026-07-30,VCT 2026: Pacific Stage 2
698903,273257,SunsetPICK,FS,0,4,0,1,0,1,1,17,9,2026-07-30,VCT 2026: Pacific Stage 2
698903,273257,SunsetPICK,ZETA,2,2,2,2,0,5,4,14,7,2026-07-30,VCT 2026: Pacific Stage 2
698903,273258,Haven,FS,1,3,1,3,0,5,5,13,5,2026-07-30,VCT 2026: Pacific Stage 2
698903,273258,Haven,ZETA,1,4,1,0,0,4,4,16,8,2026-07-30,VCT 2026: Pacific Stage 2
698904,273259,SummitPICK,TS,2,3,2,1,0,9,5,10,3,2026-07-31,VCT 2026: Pacific Stage 2
698904,273259,SummitPICK,PRX,0,4,1,1,0,3,2,15,10,2026-07-31,VCT 2026: Pacific Stage 2
698904,273260,AscentPICK,TS,1,4,1,0,0,4,3,13,4,2026-07-31,VCT 2026: Pacific Stage 2
698904,273260,AscentPICK,PRX,1,3,1,1,0,3,1,14,11,2026-07-31,VCT 2026: Pacific Stage 2
698905,273262,BreezePICK,GE,2,2,2,0,0,9,8,10,3,2026-07-31,VCT 2026: Pacific Stage 2
698905,273262,BreezePICK,GEN,0,4,0,1,0,5,3,11,5,2026-07-31,VCT 2026: Pacific Stage 2
698905,273263,SunsetPICK,GE,1,3,1,2,1,3,1,18,9,2026-07-31,VCT 2026: Pacific Stage 2
698905,273263,SunsetPICK,GEN,1,3,1,0,0,4,3,19,10,2026-07-31,VCT 2026: Pacific Stage 2
698905,273264,Summit,GE,0,4,0,2,1,5,2,13,8,2026-07-31,VCT 2026: Pacific Stage 2
698905,273264,Summit,GEN,2,2,2,1,1,7,4,14,6,2026-07-31,VCT 2026: Pacific Stage 2
698906,273265,SunsetPICK,T1,1,3,2,1,0,6,3,8,0,2026-08-01,VCT 2026: Pacific Stage 2
698906,273265,SunsetPICK,DFM,1,3,1,1,1,1,0,13,11,2026-08-01,VCT 2026: Pacific Stage 2
698906,273266,HavenPICK,T1,0,4,1,0,0,2,1,18,11,2026-08-01,VCT 2026: Pacific Stage 2
698906,273266,HavenPICK,DFM,2,2,2,3,0,6,3,13,6,2026-08-01,VCT 2026: Pacific Stage 2
698906,273267,Ascent,T1,0,4,0,1,0,3,1,10,4,2026-08-01,VCT 2026: Pacific Stage 2
698906,273267,Ascent,DFM,2,2,2,1,0,5,5,10,6,2026-08-01,VCT 2026: Pacific Stage 2
698907,273268,SummitPICK,FS,1,3,1,2,0,6,4,11,4,2026-08-01,VCT 2026: Pacific Stage 2
698907,273268,SummitPICK,RRQ,1,3,1,1,0,3,3,15,9,2026-08-01,VCT 2026: Pacific Stage 2
698907,273269,AscentPICK,FS,2,2,2,0,0,5,4,10,7,2026-08-01,VCT 2026: Pacific Stage 2
698907,273269,AscentPICK,RRQ,0,4,0,2,0,4,0,7,4,2026-08-01,VCT 2026: Pacific Stage 2
698907,273270,Sunset,FS,2,3,2,3,0,3,1,12,5,2026-08-01,VCT 2026: Pacific Stage 2
698907,273270,Sunset,RRQ,0,4,1,0,0,2,0,15,12,2026-08-01,VCT 2026: Pacific Stage 2
698908,273271,SummitPICK,VL,1,3,1,0,0,10,2,6,3,2026-08-02,VCT 2026: Pacific Stage 2
698908,273271,SummitPICK,KRX,1,3,1,1,1,4,3,11,8,2026-08-02,VCT 2026: Pacific Stage 2
698908,273272,SunsetPICK,VL,0,4,0,0,0,2,1,15,12,2026-08-02,VCT 2026: Pacific Stage 2
698908,273272,SunsetPICK,KRX,2,2,2,3,0,6,3,10,3,2026-08-02,VCT 2026: Pacific Stage 2
698908,273273,Haven,VL,1,3,1,0,0,5,2,15,10,2026-08-02,VCT 2026: Pacific Stage 2
698908,273273,Haven,KRX,1,3,1,0,0,5,2,15,7,2026-08-02,VCT 2026: Pacific Stage 2
698909,273274,SunsetPICK,ZETA,0,4,1,0,0,3,2,16,10,2026-08-02,VCT 2026: Pacific Stage 2
698909,273274,SunsetPICK,NS,2,2,2,2,0,5,3,14,5,2026-08-02,VCT 2026: Pacific Stage 2
698909,273275,BreezePICK,ZETA,1,3,1,2,0,3,2,20,10,2026-08-02,VCT 2026: Pacific Stage 2
698909,273275,BreezePICK,NS,1,3,1,1,0,4,3,20,11,2026-08-02,VCT 2026: Pacific Stage 2
698909,273276,Haven,ZETA,0,3,0,2,0,4,0,4,0,2026-08-02,VCT 2026: Pacific Stage 2
698909,273276,Haven,NS,2,2,2,0,0,1,1,10,10,2026-08-02,VCT 2026: Pacific Stage 2
698910,273277,BreezePICK,TS,1,4,1,1,0,5,2,9,3,2026-08-07,VCT 2026: Pacific Stage 2
698910,273277,BreezePICK,DFM,1,3,1,2,1,2,1,12,10,2026-08-07,VCT 2026: Pacific Stage 2
698910,273278,SplitPICK,TS,0,4,0,1,0,3,2,16,9,2026-08-07,VCT 2026: Pacific Stage 2
698910,273278,SplitPICK,DFM,2,2,2,0,0,10,7,12,4,2026-08-07,VCT 2026: Pacific Stage 2
698911,273280,LotusPICK,GEN,2,2,2,2,0,3,2,14,9,2026-08-07,VCT 2026: Pacific Stage 2
698911,273280,LotusPICK,FS,0,4,0,1,0,2,1,14,7,2026-08-07,VCT 2026: Pacific Stage 2
698911,273281,SunsetPICK,GEN,2,2,2,1,0,5,3,15,5,2026-08-07,VCT 2026: Pacific Stage 2
698911,273281,SunsetPICK,FS,0,4,0,1,0,1,1,17,12,2026-08-07,VCT 2026: Pacific Stage 2
698911,273282,Split,GEN,1,3,2,0,0,6,2,15,9,2026-08-07,VCT 2026: Pacific Stage 2
698911,273282,Split,FS,1,5,1,0,0,5,1,14,9,2026-08-07,VCT 2026: Pacific Stage 2
698912,273283,LotusPICK,KRX,0,4,0,2,0,3,1,13,8,2026-08-08,VCT 2026: Pacific Stage 2
698912,273283,LotusPICK,T1,2,2,2,1,0,7,4,12,7,2026-08-08,VCT 2026: Pacific Stage 2
698912,273284,BreezePICK,KRX,1,3,1,0,0,7,3,8,1,2026-08-08,VCT 2026: Pacific Stage 2
698912,273284,BreezePICK,T1,1,3,1,2,2,3,2,10,8,2026-08-08,VCT 2026: Pacific Stage 2
698913,273286,BreezePICK,GE,2,2,2,0,0,10,8,10,3,2026-08-08,VCT 2026: Pacific Stage 2
698913,273286,BreezePICK,ZETA,0,4,0,2,1,1,1,15,7,2026-08-08,VCT 2026: Pacific Stage 2
698913,273287,SplitPICK,GE,0,4,0,1,0,4,1,17,13,2026-08-08,VCT 2026: Pacific Stage 2
698913,273287,SplitPICK,ZETA,2,2,2,2,0,7,4,15,6,2026-08-08,VCT 2026: Pacific Stage 2
698914,273289,SplitPICK,VL,1,3,1,0,0,6,4,13,8,2026-08-09,VCT 2026: Pacific Stage 2
698914,273289,SplitPICK,PRX,1,3,1,1,0,7,4,11,4,2026-08-09,VCT 2026: Pacific Stage 2
698914,273290,SunsetPICK,VL,2,3,2,0,0,7,4,14,7,2026-08-09,VCT 2026: Pacific Stage 2
698914,273290,SunsetPICK,PRX,0,4,1,2,0,4,2,14,8,2026-08-09,VCT 2026: Pacific Stage 2
698915,273292,BreezePICK,NS,1,3,1,1,1,8,5,14,5,2026-08-09,VCT 2026: Pacific Stage 2
698915,273292,BreezePICK,RRQ,1,3,1,2,1,2,1,19,11,2026-08-09,VCT 2026: Pacific Stage 2
698915,273293,SunsetPICK,NS,1,3,1,1,0,5,3,15,9,2026-08-09,VCT 2026: Pacific Stage 2
698915,273293,SunsetPICK,RRQ,1,3,1,2,0,4,2,15,8,2026-08-09,VCT 2026: Pacific Stage 2
698915,273294,Haven,NS,1,3,1,1,0,8,4,11,5,2026-08-09,VCT 2026: Pacific Stage 2
698915,273294,Haven,RRQ,1,3,1,1,0,3,2,16,10,2026-08-09,VCT 2026: Pacific Stage 2
706349,275064,HavenPICK,LEV,2,2,2,1,0,6,4,12,7,2026-07-16,VCT 2026: Americas Stage 2
706349,275064,HavenPICK,FUR,0,4,0,1,0,3,2,13,6,2026-07-16,VCT 2026: Americas Stage 2
706349,275065,SunsetPICK,LEV,0,3,0,1,0,5,0,5,1,2026-07-16,VCT 2026: Americas Stage 2
706349,275065,SunsetPICK,FUR,2,2,2,0,0,3,3,9,8,2026-07-16,VCT 2026: Americas Stage 2
706349,275066,Split,LEV,1,3,1,0,0,6,4,12,8,2026-07-16,VCT 2026: Americas Stage 2
706349,275066,Split,FUR,1,3,1,1,0,5,3,12,4,2026-07-16,VCT 2026: Americas Stage 2
706350,275067,SummitPICK,SEN,2,2,2,1,1,7,4,7,6,2026-07-16,VCT 2026: Americas Stage 2
706350,275067,SummitPICK,C9,0,4,0,1,0,7,2,5,2,2026-07-16,VCT 2026: Americas Stage 2
706350,275068,HavenPICK,SEN,2,2,2,1,0,8,6,13,3,2026-07-16,VCT 2026: Americas Stage 2
706350,275068,HavenPICK,C9,0,4,0,0,0,5,2,15,11,2026-07-16,VCT 2026: Americas Stage 2
706350,275069,Lotus,SEN,2,3,2,3,1,8,5,16,8,2026-07-16,VCT 2026: Americas Stage 2
706350,275069,Lotus,C9,0,4,1,0,0,7,4,19,9,2026-07-16,VCT 2026: Americas Stage 2
706351,275070,AscentPICK,ENVY,2,4,2,0,0,7,2,6,0,2026-07-17,VCT 2026: Americas Stage 2
706351,275070,AscentPICK,EG,0,4,0,0,0,1,1,12,12,2026-07-17,VCT 2026: Americas Stage 2
706351,275071,BreezePICK,ENVY,0,5,0,0,0,6,3,11,6,2026-07-17,VCT 2026: Americas Stage 2
706351,275071,BreezePICK,EG,2,4,2,1,0,3,1,14,10,2026-07-17,VCT 2026: Americas Stage 2
706352,275073,LotusPICK,KRÜ,1,3,1,1,0,5,3,13,9,2026-07-17,VCT 2026: Americas Stage 2
706352,275073,LotusPICK,LOUD,1,3,1,1,0,8,2,10,6,2026-07-17,VCT 2026: Americas Stage 2
706352,275074,BreezePICK,KRÜ,1,3,1,1,0,6,5,22,9,2026-07-17,VCT 2026: Americas Stage 2
706352,275074,BreezePICK,LOUD,1,3,1,2,0,7,4,20,12,2026-07-17,VCT 2026: Americas Stage 2
706352,275075,Sunset,KRÜ,0,3,0,3,0,5,0,5,3,2026-07-17,VCT 2026: Americas Stage 2
706352,275075,Sunset,LOUD,2,2,2,1,1,4,3,9,7,2026-07-17,VCT 2026: Americas Stage 2
706353,275076,BreezePICK,G2,2,2,2,3,0,6,2,6,0,2026-07-18,VCT 2026: Americas Stage 2
706353,275076,BreezePICK,100T,0,4,0,0,0,0,0,13,13,2026-07-18,VCT 2026: Americas Stage 2
706353,275077,SunsetPICK,G2,2,2,2,1,1,11,5,16,8,2026-07-18,VCT 2026: Americas Stage 2
706353,275077,SunsetPICK,100T,0,4,0,1,0,2,1,23,13,2026-07-18,VCT 2026: Americas Stage 2
706353,275078,Haven,G2,0,3,0,3,0,4,1,13,9,2026-07-18,VCT 2026: Americas Stage 2
706353,275078,Haven,100T,2,2,2,3,2,6,3,12,6,2026-07-18,VCT 2026: Americas Stage 2
706354,275079,SunsetPICK,NRG,2,3,2,1,0,8,4,10,3,2026-07-18,VCT 2026: Americas Stage 2
706354,275079,SunsetPICK,MIBR,0,5,0,1,0,3,2,13,11,2026-07-18,VCT 2026: Americas Stage 2
706354,275080,BreezePICK,NRG,1,3,1,1,0,5,3,15,9,2026-07-18,VCT 2026: Americas Stage 2
706354,275080,BreezePICK,MIBR,1,3,1,2,1,7,1,12,8,2026-07-18,VCT 2026: Americas Stage 2
706354,275081,Summit,NRG,1,3,1,0,0,2,1,12,11,2026-07-18,VCT 2026: Americas Stage 2
706354,275081,Summit,MIBR,1,3,1,1,0,9,2,4,1,2026-07-18,VCT 2026: Americas Stage 2
706355,275082,SplitPICK,EG,0,4,1,1,0,3,0,10,4,2026-07-23,VCT 2026: Americas Stage 2
706355,275082,SplitPICK,LEV,2,3,2,0,0,5,3,10,8,2026-07-23,VCT 2026: Americas Stage 2
706355,275083,SunsetPICK,EG,1,3,1,3,0,5,2,7,2,2026-07-23,VCT 2026: Americas Stage 2
706355,275083,SunsetPICK,LEV,1,3,2,0,0,3,3,12,8,2026-07-23,VCT 2026: Americas Stage 2
706356,275085,HavenPICK,ENVY,1,2,1,2,0,8,3,5,0,2026-07-23,VCT 2026: Americas Stage 2
706356,275085,HavenPICK,MIBR,1,3,1,1,0,2,1,11,11,2026-07-23,VCT 2026: Americas Stage 2
706356,275086,SunsetPICK,ENVY,0,3,0,3,0,3,3,7,0,2026-07-23,VCT 2026: Americas Stage 2
706356,275086,SunsetPICK,MIBR,2,3,2,0,0,3,2,10,9,2026-07-23,VCT 2026: Americas Stage 2
706357,275088,BreezePICK,FUR,1,3,1,2,0,5,3,16,8,2026-07-24,VCT 2026: Americas Stage 2
706357,275088,BreezePICK,NRG,1,3,1,1,0,2,1,20,12,2026-07-24,VCT 2026: Americas Stage 2
706357,275089,SummitPICK,FUR,0,3,0,1,0,6,2,10,5,2026-07-24,VCT 2026: Americas Stage 2
706357,275089,SummitPICK,NRG,2,3,2,0,0,6,4,11,7,2026-07-24,VCT 2026: Americas Stage 2
706358,275091,SplitPICK,100T,2,2,2,0,0,2,2,9,9,2026-07-24,VCT 2026: Americas Stage 2
706358,275091,SplitPICK,KRÜ,0,3,0,1,0,7,0,2,0,2026-07-24,VCT 2026: Americas Stage 2
706358,275092,AscentPICK,100T,0,4,0,2,0,1,1,16,12,2026-07-24,VCT 2026: Americas Stage 2
706358,275092,AscentPICK,KRÜ,2,2,2,1,0,9,4,11,4,2026-07-24,VCT 2026: Americas Stage 2
706359,275094,BreezePICK,G2,2,2,2,0,0,3,3,9,8,2026-07-25,VCT 2026: Americas Stage 2
706359,275094,BreezePICK,C9,0,3,0,3,0,4,0,4,1,2026-07-25,VCT 2026: Americas Stage 2
706359,275095,SunsetPICK,G2,2,2,2,0,0,7,5,10,6,2026-07-25,VCT 2026: Americas Stage 2
706359,275095,SunsetPICK,C9,0,4,0,1,0,6,3,8,3,2026-07-25,VCT 2026: Americas Stage 2
706360,275097,LotusPICK,SEN,1,3,1,1,0,4,2,11,10,2026-07-25,VCT 2026: Americas Stage 2
706360,275097,LotusPICK,LOUD,1,3,1,1,0,6,2,9,3,2026-07-25,VCT 2026: Americas Stage 2
706360,275098,BreezePICK,SEN,1,3,1,0,0,4,3,13,9,2026-07-25,VCT 2026: Americas Stage 2
706360,275098,BreezePICK,LOUD,1,3,1,2,0,7,3,8,3,2026-07-25,VCT 2026: Americas Stage 2
706361,275100,SplitPICK,ENVY,1,4,1,2,0,4,2,7,1,2026-07-26,VCT 2026: Americas Stage 2
706361,275100,SplitPICK,LEV,1,3,1,0,0,2,2,12,10,2026-07-26,VCT 2026: Americas Stage 2
706361,275101,SummitPICK,ENVY,1,4,1,1,0,6,3,10,4,2026-07-26,VCT 2026: Americas Stage 2
706361,275101,SummitPICK,LEV,1,3,1,0,0,2,1,16,11,2026-07-26,VCT 2026: Americas Stage 2
706362,275103,HavenPICK,FUR,1,3,1,1,0,6,4,16,7,2026-07-26,VCT 2026: Americas Stage 2
706362,275103,HavenPICK,MIBR,1,3,1,3,2,7,3,13,8,2026-07-26,VCT 2026: Americas Stage 2
706362,275104,BreezePICK,FUR,2,3,2,1,0,8,3,10,4,2026-07-26,VCT 2026: Americas Stage 2
706362,275104,BreezePICK,MIBR,0,3,0,0,0,4,4,15,9,2026-07-26,VCT 2026: Americas Stage 2
706364,275106,BreezePICK,KRÜ,1,3,1,1,0,8,3,9,4,2026-07-30,VCT 2026: Americas Stage 2
706364,275106,BreezePICK,G2,1,3,1,0,0,4,2,14,10,2026-07-30,VCT 2026: Americas Stage 2
706364,275107,LotusPICK,KRÜ,1,3,1,1,0,7,4,12,5,2026-07-30,VCT 2026: Americas Stage 2
706364,275107,LotusPICK,G2,1,3,1,1,0,2,2,17,10,2026-07-30,VCT 2026: Americas Stage 2
706365,275109,SunsetPICK,100T,1,3,1,2,0,8,7,15,5,2026-07-30,VCT 2026: Americas Stage 2
706365,275109,SunsetPICK,SEN,1,3,1,1,1,6,3,18,10,2026-07-30,VCT 2026: Americas Stage 2
706365,275110,AscentPICK,100T,2,3,2,1,0,4,1,13,10,2026-07-30,VCT 2026: Americas Stage 2
706365,275110,AscentPICK,SEN,0,3,0,0,0,7,4,11,4,2026-07-30,VCT 2026: Americas Stage 2
706365,275111,Breeze,100T,2,2,2,1,0,6,5,9,6,2026-07-30,VCT 2026: Americas Stage 2
706365,275111,Breeze,SEN,0,5,0,1,0,5,1,7,4,2026-07-30,VCT 2026: Americas Stage 2
706366,275112,HavenPICK,C9,1,3,1,2,0,3,3,13,9,2026-07-31,VCT 2026: Americas Stage 2
706366,275112,HavenPICK,LOUD,1,3,1,1,0,5,3,12,4,2026-07-31,VCT 2026: Americas Stage 2
706366,275113,SunsetPICK,C9,0,3,0,2,0,6,5,10,3,2026-07-31,VCT 2026: Americas Stage 2
706366,275113,SunsetPICK,LOUD,2,3,2,0,0,5,3,13,8,2026-07-31,VCT 2026: Americas Stage 2
706366,275114,Summit,C9,1,3,1,2,0,4,1,12,6,2026-07-31,VCT 2026: Americas Stage 2
706366,275114,Summit,LOUD,1,3,2,0,0,5,2,13,9,2026-07-31,VCT 2026: Americas Stage 2
706367,275115,HavenPICK,EG,1,3,1,2,1,3,1,18,9,2026-07-31,VCT 2026: Americas Stage 2
706367,275115,HavenPICK,MIBR,1,3,1,2,0,5,3,16,10,2026-07-31,VCT 2026: Americas Stage 2
706367,275116,AscentPICK,EG,0,3,0,2,1,5,0,5,1,2026-07-31,VCT 2026: Americas Stage 2
706367,275116,AscentPICK,MIBR,2,2,2,0,0,2,2,11,9,2026-07-31,VCT 2026: Americas Stage 2
706368,275118,HavenPICK,ENVY,2,3,2,1,0,9,5,19,8,2026-08-01,VCT 2026: Americas Stage 2
706368,275118,HavenPICK,FUR,0,4,0,0,0,4,2,24,15,2026-08-01,VCT 2026: Americas Stage 2
706368,275119,SunsetPICK,ENVY,1,3,1,1,0,3,2,15,10,2026-08-01,VCT 2026: Americas Stage 2
706368,275119,SunsetPICK,FUR,1,3,1,1,0,4,2,14,6,2026-08-01,VCT 2026: Americas Stage 2
706368,275120,Ascent,ENVY,1,4,2,1,0,2,2,12,9,2026-08-01,VCT 2026: Americas Stage 2
706368,275120,Ascent,FUR,1,3,1,0,0,8,3,8,2,2026-08-01,VCT 2026: Americas Stage 2
706369,275121,SummitPICK,LEV,0,4,0,1,0,1,0,17,10,2026-08-01,VCT 2026: Americas Stage 2
706369,275121,SummitPICK,NRG,2,2,2,0,0,9,4,12,7,2026-08-01,VCT 2026: Americas Stage 2
706369,275122,SunsetPICK,LEV,2,3,2,0,0,4,3,12,8,2026-08-01,VCT 2026: Americas Stage 2
706369,275122,SunsetPICK,NRG,0,3,0,3,1,2,1,11,4,2026-08-01,VCT 2026: Americas Stage 2
706369,275123,Haven,LEV,1,3,1,0,0,7,3,20,10,2026-08-01,VCT 2026: Americas Stage 2
706369,275123,Haven,NRG,1,3,1,0,0,3,2,24,13,2026-08-01,VCT 2026: Americas Stage 2
706370,275124,BreezePICK,C9,1,3,2,0,0,5,5,12,6,2026-08-02,VCT 2026: Americas Stage 2
706370,275124,BreezePICK,KRÜ,1,3,1,2,0,9,3,6,3,2026-08-02,VCT 2026: Americas Stage 2
706370,275125,SplitPICK,C9,1,3,1,0,0,5,5,10,7,2026-08-02,VCT 2026: Americas Stage 2
706370,275125,SplitPICK,KRÜ,1,3,1,0,0,10,4,5,0,2026-08-02,VCT 2026: Americas Stage 2
706371,275127,BreezePICK,G2,2,2,2,2,0,8,5,12,4,2026-08-02,VCT 2026: Americas Stage 2
706371,275127,BreezePICK,SEN,0,4,0,0,0,1,1,19,12,2026-08-02,VCT 2026: Americas Stage 2
706371,275128,LotusPICK,G2,1,3,1,0,0,7,5,13,7,2026-08-02,VCT 2026: Americas Stage 2
706371,275128,LotusPICK,SEN,1,2,1,2,0,6,3,13,6,2026-08-02,VCT 2026: Americas Stage 2
706371,275129,Split,G2,1,3,1,1,0,4,3,13,9,2026-08-02,VCT 2026: Americas Stage 2
706371,275129,Split,SEN,1,3,1,3,0,3,2,12,5,2026-08-02,VCT 2026: Americas Stage 2
706372,275130,SummitPICK,EG,1,3,1,2,0,2,2,17,10,2026-08-06,VCT 2026: Americas Stage 2
706372,275130,SummitPICK,FUR,1,3,1,3,0,3,1,15,9,2026-08-06,VCT 2026: Americas Stage 2
706372,275131,BreezePICK,EG,2,2,2,0,0,4,4,10,7,2026-08-06,VCT 2026: Americas Stage 2
706372,275131,BreezePICK,FUR,0,3,0,0,0,6,1,7,2,2026-08-06,VCT 2026: Americas Stage 2
706373,275133,BreezePICK,ENVY,1,4,1,2,0,11,5,2,0,2026-08-06,VCT 2026: Americas Stage 2
706373,275133,BreezePICK,NRG,1,3,1,0,0,4,3,12,9,2026-08-06,VCT 2026: Americas Stage 2
706373,275134,HavenPICK,ENVY,2,2,2,2,0,6,4,12,3,2026-08-06,VCT 2026: Americas Stage 2
706373,275134,HavenPICK,NRG,0,4,0,1,0,1,1,16,12,2026-08-06,VCT 2026: Americas Stage 2
706374,275136,SplitPICK,100T,1,3,1,2,0,4,2,19,10,2026-08-07,VCT 2026: Americas Stage 2
706374,275136,SplitPICK,C9,1,3,1,1,0,7,4,17,10,2026-08-07,VCT 2026: Americas Stage 2
706374,275137,BreezePICK,100T,0,4,0,2,1,8,4,10,6,2026-08-07,VCT 2026: Americas Stage 2
706374,275137,BreezePICK,C9,2,2,2,1,0,10,6,11,5,2026-08-07,VCT 2026: Americas Stage 2
706375,275139,SunsetPICK,G2,1,2,1,1,1,5,2,20,9,2026-08-07,VCT 2026: Americas Stage 2
706375,275139,SunsetPICK,LOUD,1,4,2,2,0,2,1,20,12,2026-08-07,VCT 2026: Americas Stage 2
706375,275140,LotusPICK,G2,0,3,0,1,0,6,1,4,0,2026-08-07,VCT 2026: Americas Stage 2
706375,275140,LotusPICK,LOUD,2,2,2,0,0,3,3,9,8,2026-08-07,VCT 2026: Americas Stage 2
706376,275142,SummitPICK,KRÜ,1,3,1,2,1,5,1,9,3,2026-08-08,VCT 2026: Americas Stage 2
706376,275142,SummitPICK,SEN,1,3,1,0,0,3,2,13,10,2026-08-08,VCT 2026: Americas Stage 2
706376,275143,SunsetPICK,KRÜ,1,3,1,0,0,3,3,13,9,2026-08-08,VCT 2026: Americas Stage 2
706376,275143,SunsetPICK,SEN,1,3,1,2,1,6,2,8,2,2026-08-08,VCT 2026: Americas Stage 2
706376,275144,Breeze,KRÜ,1,3,1,0,0,5,2,12,10,2026-08-08,VCT 2026: Americas Stage 2
706376,275144,Breeze,SEN,1,3,1,1,0,5,2,11,4,2026-08-08,VCT 2026: Americas Stage 2
706377,275145,SplitPICK,LEV,0,4,0,0,0,7,5,12,8,2026-08-08,VCT 2026: Americas Stage 2
706377,275145,SplitPICK,MIBR,2,2,2,0,0,7,4,14,4,2026-08-08,VCT 2026: Americas Stage 2
706377,275146,SunsetPICK,LEV,1,3,1,1,1,4,2,13,9,2026-08-08,VCT 2026: Americas Stage 2
706377,275146,SunsetPICK,MIBR,1,3,1,1,0,4,3,13,4,2026-08-08,VCT 2026: Americas Stage 2
706378,275148,LotusPICK,EG,0,3,0,3,0,3,1,5,0,2026-08-09,VCT 2026: Americas Stage 2
706378,275148,LotusPICK,NRG,2,2,2,0,0,3,3,9,8,2026-08-09,VCT 2026: Americas Stage 2
706378,275149,BreezePICK,EG,1,3,1,1,0,5,2,11,4,2026-08-09,VCT 2026: Americas Stage 2
706378,275149,BreezePICK,NRG,1,3,1,1,1,6,5,10,6,2026-08-09,VCT 2026: Americas Stage 2
706379,275151,SummitPICK,LOUD,0,4,0,3,1,2,1,12,6,2026-08-09,VCT 2026: Americas Stage 2
706379,275151,SummitPICK,100T,2,2,2,1,0,7,4,11,7,2026-08-09,VCT 2026: Americas Stage 2
706379,275152,HavenPICK,LOUD,0,4,1,1,1,2,0,16,8,2026-08-09,VCT 2026: Americas Stage 2
706379,275152,HavenPICK,100T,2,3,2,3,0,4,2,13,9,2026-08-09,VCT 2026: Americas Stage 2
706754,275425,BreezePICK,RRQ,0,4,0,1,0,4,0,9,5,2026-07-02,Esports World Cup 2026
706754,275425,BreezePICK,100T,2,2,2,1,0,4,2,11,9,2026-07-02,Esports World Cup 2026
706754,275993,AscentPICK,RRQ,2,3,2,2,0,7,4,11,4,2026-07-02,Esports World Cup 2026
706754,275993,AscentPICK,100T,0,4,0,2,1,1,1,16,11,2026-07-02,Esports World Cup 2026
706755,275296,LotusPICK,BBL,2,2,2,1,0,8,4,23,10,2026-07-02,Esports World Cup 2026
706755,275296,LotusPICK,EDG,0,4,0,1,0,1,0,28,18,2026-07-02,Esports World Cup 2026
706755,275424,AscentPICK,BBL,1,3,1,2,1,1,0,14,11,2026-07-02,Esports World Cup 2026
706755,275424,AscentPICK,EDG,1,3,2,1,0,5,2,11,3,2026-07-02,Esports World Cup 2026
706755,275427,Sunset,BBL,1,3,1,0,0,2,2,11,10,2026-07-02,Esports World Cup 2026
706755,275427,Sunset,EDG,1,3,1,1,0,9,1,3,1,2026-07-02,Esports World Cup 2026
706756,275297,LotusPICK,100T,2,2,2,2,0,4,3,18,9,2026-07-04,Esports World Cup 2026
706756,275297,LotusPICK,BBL,0,4,0,3,1,3,1,16,10,2026-07-04,Esports World Cup 2026
706756,275298,SplitPICK,100T,1,3,1,1,0,5,2,7,0,2026-07-04,Esports World Cup 2026
706756,275298,SplitPICK,BBL,1,3,1,0,0,3,3,10,9,2026-07-04,Esports World Cup 2026
706756,275299,Haven,100T,1,4,1,1,0,2,1,15,11,2026-07-04,Esports World Cup 2026
706756,275299,Haven,BBL,1,3,2,2,0,8,3,9,4,2026-07-04,Esports World Cup 2026
706757,275300,AscentPICK,RRQ,0,4,0,1,0,3,1,10,4,2026-07-04,Esports World Cup 2026
706757,275300,AscentPICK,EDG,2,2,2,0,0,5,4,11,7,2026-07-04,Esports World Cup 2026
706757,275428,BreezePICK,RRQ,2,2,2,3,1,7,4,12,4,2026-07-04,Esports World Cup 2026
706757,275428,BreezePICK,EDG,0,4,0,0,0,3,2,17,11,2026-07-04,Esports World Cup 2026
706758,275301,LotusPICK,BBL,1,3,1,0,0,3,2,11,10,2026-07-06,Esports World Cup 2026
706758,275301,LotusPICK,EDG,1,3,1,1,0,5,2,8,1,2026-07-06,Esports World Cup 2026
706758,275302,BreezePICK,BBL,2,2,2,0,0,3,3,13,8,2026-07-06,Esports World Cup 2026
706758,275302,BreezePICK,EDG,0,4,0,2,1,4,2,8,2,2026-07-06,Esports World Cup 2026
706759,275304,HavenPICK,VIT,0,4,0,0,0,1,1,16,12,2026-07-02,Esports World Cup 2026
706759,275304,HavenPICK,KC,2,2,2,2,0,13,5,4,1,2026-07-02,Esports World Cup 2026
706759,275432,LotusPICK,VIT,1,3,1,0,0,3,2,16,10,2026-07-02,Esports World Cup 2026
706759,275432,LotusPICK,KC,1,3,1,2,1,6,2,11,5,2026-07-02,Esports World Cup 2026
706760,275305,FracturePICK,NRG,0,4,0,1,0,5,4,12,5,2026-07-02,Esports World Cup 2026
706760,275305,FracturePICK,PRX,2,2,2,2,0,6,5,12,6,2026-07-02,Esports World Cup 2026
706760,275430,LotusPICK,NRG,2,3,2,0,0,5,3,10,8,2026-07-02,Esports World Cup 2026
706760,275430,LotusPICK,PRX,0,4,1,1,0,4,0,9,4,2026-07-02,Esports World Cup 2026
706760,275431,Breeze,NRG,1,3,1,1,1,2,2,17,9,2026-07-02,Esports World Cup 2026
706760,275431,Breeze,PRX,1,3,1,1,1,5,2,14,6,2026-07-02,Esports World Cup 2026
706761,275306,AscentPICK,VIT,1,3,1,1,0,5,2,21,13,2026-07-04,Esports World Cup 2026
706761,275306,AscentPICK,NRG,1,3,1,1,1,4,2,22,10,2026-07-04,Esports World Cup 2026
706761,275307,LotusPICK,VIT,1,3,1,1,1,6,1,11,5,2026-07-04,Esports World Cup 2026
706761,275307,LotusPICK,NRG,1,3,1,0,0,7,6,11,6,2026-07-04,Esports World Cup 2026
706761,275308,Breeze,VIT,1,3,1,1,0,3,1,16,11,2026-07-04,Esports World Cup 2026
706761,275308,Breeze,NRG,1,4,1,0,0,9,6,10,3,2026-07-04,Esports World Cup 2026
706762,275309,SunsetPICK,KC,2,3,2,1,0,10,5,10,4,2026-07-04,Esports World Cup 2026
706762,275309,SunsetPICK,PRX,0,4,1,0,0,2,1,18,11,2026-07-04,Esports World Cup 2026
706762,275434,FracturePICK,KC,0,4,0,1,0,2,2,15,11,2026-07-04,Esports World Cup 2026
706762,275434,FracturePICK,PRX,2,2,2,2,1,7,3,11,3,2026-07-04,Esports World Cup 2026
706762,275435,Lotus,KC,1,3,2,1,1,5,3,11,7,2026-07-04,Esports World Cup 2026
706762,275435,Lotus,PRX,1,3,1,2,1,7,4,8,1,2026-07-04,Esports World Cup 2026
706763,275310,BreezePICK,NRG,2,2,2,0,0,6,2,11,9,2026-07-06,Esports World Cup 2026
706763,275310,BreezePICK,KC,0,4,0,2,0,5,2,8,4,2026-07-06,Esports World Cup 2026
706763,275311,FracturePICK,NRG,2,2,2,2,0,12,4,4,1,2026-07-06,Esports World Cup 2026
706763,275311,FracturePICK,KC,0,4,0,0,0,0,0,16,13,2026-07-06,Esports World Cup 2026
706763,275312,Haven,NRG,1,3,1,0,0,3,2,14,10,2026-07-06,Esports World Cup 2026
706763,275312,Haven,KC,1,3,1,3,0,4,1,10,5,2026-07-06,Esports World Cup 2026
706764,275313,BreezePICK,M8,1,3,1,1,0,6,2,10,4,2026-07-03,Esports World Cup 2026
706764,275313,BreezePICK,XLG,1,3,2,0,0,3,3,14,8,2026-07-03,Esports World Cup 2026
706764,275438,Haven,M8,2,2,2,0,0,7,4,12,7,2026-07-03,Esports World Cup 2026
706764,275438,Haven,XLG,0,4,0,3,2,2,1,12,5,2026-07-03,Esports World Cup 2026
706764,275439,LotusPICK,M8,2,2,2,0,0,3,3,9,8,2026-07-03,Esports World Cup 2026
706764,275439,LotusPICK,XLG,0,3,0,2,0,4,1,5,0,2026-07-03,Esports World Cup 2026
706765,275314,BreezePICK,NS,2,2,2,1,0,4,3,11,8,2026-07-03,Esports World Cup 2026
706765,275314,BreezePICK,G2,0,4,0,1,0,3,1,10,4,2026-07-03,Esports World Cup 2026
706765,275436,SunsetPICK,NS,0,4,0,1,1,5,1,10,5,2026-07-03,Esports World Cup 2026
706765,275436,SunsetPICK,G2,2,2,2,1,1,7,6,10,4,2026-07-03,Esports World Cup 2026
706765,275437,Split,NS,1,3,2,0,0,5,4,11,7,2026-07-03,Esports World Cup 2026
706765,275437,Split,G2,1,4,1,1,0,5,1,9,4,2026-07-03,Esports World Cup 2026
706766,275315,LotusPICK,M8,2,2,2,3,0,3,2,24,11,2026-07-05,Esports World Cup 2026
706766,275315,LotusPICK,NS,0,2,0,2,0,7,2,21,15,2026-07-05,Esports World Cup 2026
706766,275316,HavenPICK,M8,1,3,1,1,1,6,3,13,8,2026-07-05,Esports World Cup 2026
706766,275316,HavenPICK,NS,1,3,1,1,1,5,1,14,7,2026-07-05,Esports World Cup 2026
706766,275317,Ascent,M8,1,3,1,0,0,2,2,11,10,2026-07-05,Esports World Cup 2026
706766,275317,Ascent,NS,1,3,1,3,0,7,2,3,0,2026-07-05,Esports World Cup 2026
706767,275318,LotusPICK,XLG,0,5,2,3,0,2,0,10,5,2026-07-05,Esports World Cup 2026
706767,275318,LotusPICK,G2,2,2,2,1,1,4,2,13,8,2026-07-05,Esports World Cup 2026
706767,275440,BreezePICK,XLG,1,3,1,3,1,2,2,14,5,2026-07-05,Esports World Cup 2026
706767,275440,BreezePICK,G2,1,3,1,2,0,3,3,14,9,2026-07-05,Esports World Cup 2026
706768,275319,BreezePICK,NS,0,4,0,2,0,1,0,16,10,2026-07-07,Esports World Cup 2026
706768,275319,BreezePICK,G2,2,2,2,1,0,9,5,11,6,2026-07-07,Esports World Cup 2026
706768,275320,SunsetPICK,NS,1,3,1,3,1,7,4,13,8,2026-07-07,Esports World Cup 2026
706768,275320,SunsetPICK,G2,1,3,1,0,0,4,3,19,8,2026-07-07,Esports World Cup 2026
706768,275321,Haven,NS,1,3,1,3,3,5,1,12,8,2026-07-07,Esports World Cup 2026
706768,275321,Haven,G2,1,3,1,2,0,5,3,13,6,2026-07-07,Esports World Cup 2026
706769,275322,LotusPICK,MIBR,1,3,2,0,0,4,4,8,7,2026-07-03,Esports World Cup 2026
706769,275322,LotusPICK,GE,1,2,1,2,0,5,0,6,1,2026-07-03,Esports World Cup 2026
706769,275444,HavenPICK,MIBR,2,2,2,0,0,4,3,10,8,2026-07-03,Esports World Cup 2026
706769,275444,HavenPICK,GE,0,3,0,3,0,4,2,6,1,2026-07-03,Esports World Cup 2026
706770,275323,Haven,AG,0,4,0,1,0,5,1,14,10,2026-07-03,Esports World Cup 2026
706770,275323,Haven,TH,2,2,2,2,1,7,2,13,8,2026-07-03,Esports World Cup 2026
706770,275442,AscentPICK,AG,2,2,2,0,0,8,5,11,6,2026-07-03,Esports World Cup 2026
706770,275442,AscentPICK,TH,0,5,0,2,0,4,2,10,6,2026-07-03,Esports World Cup 2026
706770,275443,Lotus,AG,1,3,1,2,0,3,2,12,4,2026-07-03,Esports World Cup 2026
706770,275443,Lotus,TH,1,3,1,1,1,3,3,13,8,2026-07-03,Esports World Cup 2026
706771,275324,LotusPICK,MIBR,0,4,0,3,1,2,0,21,13,2026-07-05,Esports World Cup 2026
706771,275324,LotusPICK,TH,2,2,2,0,0,7,5,21,9,2026-07-05,Esports World Cup 2026
706771,275325,AscentPICK,MIBR,0,3,0,4,0,2,0,6,2,2026-07-05,Esports World Cup 2026
706771,275325,AscentPICK,TH,2,2,2,0,0,4,3,9,8,2026-07-05,Esports World Cup 2026
706772,275327,SunsetPICK,GE,2,2,2,1,0,7,2,16,8,2026-07-05,Esports World Cup 2026
706772,275327,SunsetPICK,AG,0,4,0,1,0,2,2,19,12,2026-07-05,Esports World Cup 2026
706772,275446,SplitPICK,GE,1,4,1,2,1,4,2,13,6,2026-07-05,Esports World Cup 2026
706772,275446,SplitPICK,AG,1,3,2,0,0,5,2,15,9,2026-07-05,Esports World Cup 2026
706773,275328,LotusPICK,MIBR,1,3,1,2,1,4,1,19,10,2026-07-07,Esports World Cup 2026
706773,275328,LotusPICK,AG,1,3,1,3,1,5,2,17,11,2026-07-07,Esports World Cup 2026
706773,275329,SplitPICK,MIBR,1,3,1,0,0,2,2,14,10,2026-07-07,Esports World Cup 2026
706773,275329,SplitPICK,AG,1,3,1,1,0,4,2,11,3,2026-07-07,Esports World Cup 2026
706773,275330,Ascent,MIBR,1,3,1,1,1,3,1,10,10,2026-07-07,Esports World Cup 2026
706773,275330,Ascent,AG,1,3,1,1,0,5,2,8,1,2026-07-07,Esports World Cup 2026
708420,275967,FracturePICK,100T,2,2,2,0,0,4,3,9,8,2026-07-10,Esports World Cup 2026
708420,275967,FracturePICK,MIBR,0,3,0,2,0,4,0,6,2,2026-07-10,Esports World Cup 2026
708420,275968,BreezePICK,100T,1,4,1,1,0,5,3,13,6,2026-07-10,Esports World Cup 2026
708420,275968,BreezePICK,MIBR,1,3,1,2,0,2,1,16,11,2026-07-10,Esports World Cup 2026
708420,275969,Haven,100T,1,3,1,1,0,2,2,12,10,2026-07-10,Esports World Cup 2026
708420,275969,Haven,MIBR,1,3,1,3,0,3,2,9,2,2026-07-10,Esports World Cup 2026
708421,275970,AscentPICK,VIT,2,2,2,2,0,3,2,16,9,2026-07-10,Esports World Cup 2026
708421,275970,AscentPICK,NS,0,4,0,1,0,2,0,16,10,2026-07-10,Esports World Cup 2026
708421,275971,SplitPICK,VIT,0,4,0,0,0,1,0,15,7,2026-07-10,Esports World Cup 2026
708421,275971,SplitPICK,NS,2,2,2,2,1,5,2,11,8,2026-07-10,Esports World Cup 2026
708421,275972,Breeze,VIT,1,2,1,3,0,6,0,4,1,2026-07-10,Esports World Cup 2026
708421,275972,Breeze,NS,1,3,2,0,0,1,1,11,10,2026-07-10,Esports World Cup 2026
708422,275973,BreezePICK,TH,1,3,1,1,0,6,4,20,11,2026-07-09,Esports World Cup 2026
708422,275973,BreezePICK,BBL,1,3,1,1,0,8,5,18,8,2026-07-09,Esports World Cup 2026
708422,275974,LotusPICK,TH,0,3,0,2,0,6,2,4,0,2026-07-09,Esports World Cup 2026
708422,275974,LotusPICK,BBL,2,2,2,0,0,4,4,9,7,2026-07-09,Esports World Cup 2026
708422,275975,Sunset,TH,0,4,0,2,0,4,2,13,8,2026-07-09,Esports World Cup 2026
708422,275975,Sunset,BBL,2,2,2,1,0,8,5,12,6,2026-07-09,Esports World Cup 2026
708423,275976,HavenPICK,M8,0,4,0,1,0,3,2,15,11,2026-07-09,Esports World Cup 2026
708423,275976,HavenPICK,NRG,2,2,2,0,0,8,4,13,4,2026-07-09,Esports World Cup 2026
708423,275977,AscentPICK,M8,2,2,2,2,0,8,4,10,3,2026-07-09,Esports World Cup 2026
708423,275977,AscentPICK,NRG,0,4,0,1,1,2,2,15,10,2026-07-09,Esports World Cup 2026
708423,275978,Lotus,M8,1,3,1,2,0,5,3,13,6,2026-07-09,Esports World Cup 2026
708423,275978,Lotus,NRG,1,4,2,0,0,10,6,9,5,2026-07-09,Esports World Cup 2026
708424,275979,SunsetPICK,100T,2,2,2,2,1,4,2,11,8,2026-07-11,Esports World Cup 2026
708424,275979,SunsetPICK,NS,0,4,0,1,0,5,1,9,5,2026-07-11,Esports World Cup 2026
708424,275980,LotusPICK,100T,1,3,1,2,0,4,2,11,4,2026-07-11,Esports World Cup 2026
708424,275980,LotusPICK,NS,1,3,1,1,0,2,1,14,11,2026-07-11,Esports World Cup 2026
708424,275981,Haven,100T,1,3,1,3,2,3,2,15,8,2026-07-11,Esports World Cup 2026
708424,275981,Haven,NS,1,3,2,3,1,4,3,14,5,2026-07-11,Esports World Cup 2026
708425,275982,HavenPICK,BBL,2,2,2,1,0,5,5,9,6,2026-07-11,Esports World Cup 2026
708425,275982,HavenPICK,NRG,0,4,0,0,0,3,1,10,3,2026-07-11,Esports World Cup 2026
708425,275983,BreezePICK,BBL,1,3,1,1,0,6,3,16,8,2026-07-11,Esports World Cup 2026
708425,275983,BreezePICK,NRG,1,3,1,1,0,5,2,17,11,2026-07-11,Esports World Cup 2026
708425,275984,Lotus,BBL,0,4,0,1,0,5,2,9,4,2026-07-11,Esports World Cup 2026
708425,275984,Lotus,NRG,2,2,2,0,0,6,5,11,6,2026-07-11,Esports World Cup 2026
708426,275985,BreezePICK,100T,0,5,1,1,1,0,0,14,11,2026-07-12,Esports World Cup 2026
708426,275985,BreezePICK,NRG,2,2,2,1,0,10,2,7,3,2026-07-12,Esports World Cup 2026
708426,275986,SunsetPICK,100T,1,3,1,0,0,5,4,11,8,2026-07-12,Esports World Cup 2026
708426,275986,SunsetPICK,NRG,1,4,1,0,0,4,1,11,4,2026-07-12,Esports World Cup 2026
708426,275987,HavenPICK,100T,0,3,1,3,0,3,0,6,1,2026-07-12,Esports World Cup 2026
708426,275987,HavenPICK,NRG,2,3,2,0,0,2,1,10,10,2026-07-12,Esports World Cup 2026
708426,275988,AscentPICK,100T,1,3,1,2,0,3,1,18,12,2026-07-12,Esports World Cup 2026
708426,275988,AscentPICK,NRG,1,3,1,0,0,5,2,18,9,2026-07-12,Esports World Cup 2026
708427,275990,BreezePICK,NS,1,3,1,1,0,6,3,13,9,2026-07-12,Esports World Cup 2026
708427,275990,BreezePICK,BBL,1,3,1,0,0,6,2,14,7,2026-07-12,Esports World Cup 2026
708427,275991,LotusPICK,NS,1,3,1,1,0,5,3,15,9,2026-07-12,Esports World Cup 2026
708427,275991,LotusPICK,BBL,1,3,1,2,0,6,3,13,7,2026-07-12,Esports World Cup 2026
712803,276498,SplitPICK,FUT,2,2,2,4,1,6,2,7,1,2026-07-15,VCT 2026: EMEA Stage 2
712803,276498,SplitPICK,NAVI,0,4,0,0,0,0,0,15,13,2026-07-15,VCT 2026: EMEA Stage 2
712803,276499,AscentPICK,FUT,1,3,1,2,0,6,3,11,5,2026-07-15,VCT 2026: EMEA Stage 2
712803,276499,AscentPICK,NAVI,1,3,1,1,1,4,2,14,9,2026-07-15,VCT 2026: EMEA Stage 2
712804,276501,SplitPICK,TL,1,3,1,3,1,5,2,8,2,2026-07-15,VCT 2026: EMEA Stage 2
712804,276501,SplitPICK,EF,1,3,1,1,1,4,3,11,8,2026-07-15,VCT 2026: EMEA Stage 2
712804,276502,LotusPICK,TL,0,3,0,3,0,4,1,5,1,2026-07-15,VCT 2026: EMEA Stage 2
712804,276502,LotusPICK,EF,2,2,2,0,0,3,3,10,8,2026-07-15,VCT 2026: EMEA Stage 2
712805,276504,AscentPICK,FNC,1,3,1,0,0,3,2,22,12,2026-07-16,VCT 2026: EMEA Stage 2
712805,276504,AscentPICK,GX,1,3,2,2,1,4,3,19,7,2026-07-16,VCT 2026: EMEA Stage 2
712805,276505,SunsetPICK,FNC,2,2,2,3,1,5,4,12,6,2026-07-16,VCT 2026: EMEA Stage 2
712805,276505,SunsetPICK,GX,0,4,0,1,0,4,3,13,6,2026-07-16,VCT 2026: EMEA Stage 2
712806,276507,SplitPICK,PCF,2,2,2,2,1,3,2,11,8,2026-07-16,VCT 2026: EMEA Stage 2
712806,276507,SplitPICK,M8,0,4,1,1,1,4,0,9,3,2026-07-16,VCT 2026: EMEA Stage 2
712806,276508,SunsetPICK,PCF,1,3,1,2,0,8,3,5,1,2026-07-16,VCT 2026: EMEA Stage 2
712806,276508,SunsetPICK,M8,1,3,1,0,0,2,2,13,10,2026-07-16,VCT 2026: EMEA Stage 2
712806,276509,Ascent,PCF,0,4,0,2,0,7,3,4,1,2026-07-16,VCT 2026: EMEA Stage 2
712806,276509,Ascent,M8,2,2,2,0,0,4,3,11,8,2026-07-16,VCT 2026: EMEA Stage 2
712807,276510,SunsetPICK,KC,2,3,2,1,0,6,4,9,7,2026-07-17,VCT 2026: EMEA Stage 2
712807,276510,SunsetPICK,EF,0,3,0,3,0,3,1,10,5,2026-07-17,VCT 2026: EMEA Stage 2
712807,276511,LotusPICK,KC,1,3,1,0,0,6,2,19,12,2026-07-17,VCT 2026: EMEA Stage 2
712807,276511,LotusPICK,EF,1,4,2,1,0,4,2,19,9,2026-07-17,VCT 2026: EMEA Stage 2
712808,276513,SunsetPICK,VIT,1,3,1,4,1,4,1,11,6,2026-07-17,VCT 2026: EMEA Stage 2
712808,276513,SunsetPICK,NAVI,1,3,2,1,0,3,3,15,8,2026-07-17,VCT 2026: EMEA Stage 2
712808,276514,BreezePICK,VIT,1,3,1,0,0,1,1,15,11,2026-07-17,VCT 2026: EMEA Stage 2
712808,276514,BreezePICK,NAVI,1,3,1,2,0,7,3,7,2,2026-07-17,VCT 2026: EMEA Stage 2
712808,276515,Split,VIT,1,3,1,1,0,2,0,16,12,2026-07-17,VCT 2026: EMEA Stage 2
712808,276515,Split,NAVI,1,3,2,1,0,6,2,12,5,2026-07-17,VCT 2026: EMEA Stage 2
712809,276516,SunsetPICK,M8,1,3,1,2,0,7,4,10,4,2026-07-18,VCT 2026: EMEA Stage 2
712809,276516,SunsetPICK,FUT,1,3,1,1,0,3,2,15,10,2026-07-18,VCT 2026: EMEA Stage 2
712809,276517,HavenPICK,M8,1,3,1,2,0,3,2,18,9,2026-07-18,VCT 2026: EMEA Stage 2
712809,276517,HavenPICK,FUT,1,3,1,2,0,3,3,18,10,2026-07-18,VCT 2026: EMEA Stage 2
712810,276519,BreezePICK,TH,2,3,2,0,0,8,3,15,7,2026-07-18,VCT 2026: EMEA Stage 2
712810,276519,BreezePICK,TL,0,3,0,4,1,2,1,17,12,2026-07-18,VCT 2026: EMEA Stage 2
712810,276520,AscentPICK,TH,2,2,2,2,1,9,5,10,2,2026-07-18,VCT 2026: EMEA Stage 2
712810,276520,AscentPICK,TL,0,4,0,1,0,0,0,18,13,2026-07-18,VCT 2026: EMEA Stage 2
712811,276522,HavenPICK,GX,1,3,1,0,0,5,2,13,5,2026-07-19,VCT 2026: EMEA Stage 2
712811,276522,HavenPICK,KC,1,3,1,0,0,2,2,16,10,2026-07-19,VCT 2026: EMEA Stage 2
712811,276523,AscentPICK,GX,0,4,0,0,0,5,0,8,4,2026-07-19,VCT 2026: EMEA Stage 2
712811,276523,AscentPICK,KC,2,2,2,1,0,4,3,10,8,2026-07-19,VCT 2026: EMEA Stage 2
712812,276525,HavenPICK,VIT,1,3,1,0,0,6,2,15,8,2026-07-19,VCT 2026: EMEA Stage 2
712812,276525,HavenPICK,BBL,1,3,1,1,1,6,2,14,9,2026-07-19,VCT 2026: EMEA Stage 2
712812,276526,SplitPICK,VIT,0,3,0,2,0,4,2,15,9,2026-07-19,VCT 2026: EMEA Stage 2
712812,276526,SplitPICK,BBL,2,2,2,1,0,7,4,14,7,2026-07-19,VCT 2026: EMEA Stage 2
712814,276528,SplitPICK,FUT,1,3,1,1,0,2,1,17,11,2026-07-22,VCT 2026: EMEA Stage 2
712814,276528,SplitPICK,PCF,1,4,1,1,0,5,2,13,7,2026-07-22,VCT 2026: EMEA Stage 2
712814,276529,LotusPICK,FUT,0,4,0,0,0,4,2,18,10,2026-07-22,VCT 2026: EMEA Stage 2
712814,276529,LotusPICK,PCF,2,2,2,1,0,10,5,13,7,2026-07-22,VCT 2026: EMEA Stage 2
712814,276530,Ascent,FUT,2,2,2,0,0,2,2,10,9,2026-07-22,VCT 2026: EMEA Stage 2
712814,276530,Ascent,PCF,0,3,0,3,0,4,0,4,1,2026-07-22,VCT 2026: EMEA Stage 2
712815,276531,SummitPICK,FNC,1,3,2,0,0,10,5,17,9,2026-07-22,VCT 2026: EMEA Stage 2
712815,276531,SummitPICK,KC,1,4,1,1,0,3,1,22,12,2026-07-22,VCT 2026: EMEA Stage 2
712815,276532,AscentPICK,FNC,1,3,1,1,0,8,3,7,2,2026-07-22,VCT 2026: EMEA Stage 2
712815,276532,AscentPICK,KC,1,3,1,0,0,3,2,13,10,2026-07-22,VCT 2026: EMEA Stage 2
712815,276533,Split,FNC,0,4,1,0,0,2,0,26,16,2026-07-22,VCT 2026: EMEA Stage 2
712815,276533,Split,KC,2,2,2,3,1,7,2,20,10,2026-07-22,VCT 2026: EMEA Stage 2
712816,276534,LotusPICK,EF,1,3,1,1,1,6,2,13,6,2026-07-23,VCT 2026: EMEA Stage 2
712816,276534,LotusPICK,TH,1,3,1,2,1,2,1,16,10,2026-07-23,VCT 2026: EMEA Stage 2
712816,276535,HavenPICK,EF,0,3,0,2,0,3,0,5,0,2026-07-23,VCT 2026: EMEA Stage 2
712816,276535,HavenPICK,TH,2,2,2,0,0,2,2,9,9,2026-07-23,VCT 2026: EMEA Stage 2
712817,276537,SunsetPICK,M8,0,4,0,1,0,1,1,17,12,2026-07-23,VCT 2026: EMEA Stage 2
712817,276537,SunsetPICK,NAVI,2,2,2,1,0,8,4,12,4,2026-07-23,VCT 2026: EMEA Stage 2
712817,276538,HavenPICK,M8,1,3,1,0,0,3,3,14,9,2026-07-23,VCT 2026: EMEA Stage 2
712817,276538,HavenPICK,NAVI,1,4,1,2,1,5,3,9,2,2026-07-23,VCT 2026: EMEA Stage 2
712818,276540,LotusPICK,FUT,0,4,0,1,0,3,1,12,6,2026-07-24,VCT 2026: EMEA Stage 2
712818,276540,LotusPICK,BBL,2,2,2,2,0,4,3,12,8,2026-07-24,VCT 2026: EMEA Stage 2
712818,276541,SplitPICK,FUT,1,3,1,1,0,2,1,14,11,2026-07-24,VCT 2026: EMEA Stage 2
712818,276541,SplitPICK,BBL,1,3,1,2,0,7,3,8,3,2026-07-24,VCT 2026: EMEA Stage 2
712818,276542,Sunset,FUT,0,4,1,2,1,3,2,15,9,2026-07-24,VCT 2026: EMEA Stage 2
712818,276542,Sunset,BBL,2,2,2,3,0,6,3,13,6,2026-07-24,VCT 2026: EMEA Stage 2
712819,276543,SummitPICK,TL,2,2,2,0,0,3,3,14,8,2026-07-24,VCT 2026: EMEA Stage 2
712819,276543,SummitPICK,FNC,0,4,0,3,0,4,3,8,3,2026-07-24,VCT 2026: EMEA Stage 2
712819,276544,LotusPICK,TL,0,4,0,0,0,2,2,12,11,2026-07-24,VCT 2026: EMEA Stage 2
712819,276544,LotusPICK,FNC,2,2,2,0,0,11,3,5,0,2026-07-24,VCT 2026: EMEA Stage 2
712820,276546,HavenPICK,PCF,0,4,0,3,1,0,0,12,5,2026-07-25,VCT 2026: EMEA Stage 2
712820,276546,HavenPICK,VIT,2,2,2,0,0,5,5,12,6,2026-07-25,VCT 2026: EMEA Stage 2
712820,276547,SunsetPICK,PCF,1,4,1,2,0,2,0,12,6,2026-07-25,VCT 2026: EMEA Stage 2
712820,276547,SunsetPICK,VIT,1,2,1,2,1,3,3,13,8,2026-07-25,VCT 2026: EMEA Stage 2
712821,276549,SplitPICK,EF,2,3,2,4,1,4,0,7,2,2026-07-25,VCT 2026: EMEA Stage 2
712821,276549,SplitPICK,GX,0,4,2,0,0,0,0,14,11,2026-07-25,VCT 2026: EMEA Stage 2
712821,276550,AscentPICK,EF,1,2,1,3,0,6,2,9,4,2026-07-25,VCT 2026: EMEA Stage 2
712821,276550,AscentPICK,GX,1,3,1,0,0,2,2,15,10,2026-07-25,VCT 2026: EMEA Stage 2
712822,276552,HavenPICK,BBL,1,3,1,1,0,6,3,14,7,2026-07-26,VCT 2026: EMEA Stage 2
712822,276552,HavenPICK,NAVI,1,3,1,2,0,3,2,16,10,2026-07-26,VCT 2026: EMEA Stage 2
712822,276553,AscentPICK,BBL,0,4,0,0,0,1,1,17,12,2026-07-26,VCT 2026: EMEA Stage 2
712822,276553,AscentPICK,NAVI,2,2,2,2,0,6,3,12,4,2026-07-26,VCT 2026: EMEA Stage 2
712822,276554,Sunset,BBL,1,3,1,0,0,3,2,10,10,2026-07-26,VCT 2026: EMEA Stage 2
712822,276554,Sunset,NAVI,1,3,1,0,0,6,1,7,1,2026-07-26,VCT 2026: EMEA Stage 2
712823,276555,SunsetPICK,TH,1,3,1,2,0,5,1,7,2,2026-07-26,VCT 2026: EMEA Stage 2
712823,276555,SunsetPICK,KC,1,3,1,0,0,3,3,11,9,2026-07-26,VCT 2026: EMEA Stage 2
712823,276556,LotusPICK,TH,0,3,0,4,1,3,0,5,1,2026-07-26,VCT 2026: EMEA Stage 2
712823,276556,LotusPICK,KC,2,3,3,0,0,2,1,10,9,2026-07-26,VCT 2026: EMEA Stage 2
712824,276558,BreezePICK,GX,1,3,1,1,0,5,3,10,2,2026-07-29,VCT 2026: EMEA Stage 2
712824,276558,BreezePICK,TL,1,3,1,1,0,4,3,11,9,2026-07-29,VCT 2026: EMEA Stage 2
712824,276559,SplitPICK,GX,0,4,0,2,0,4,2,10,5,2026-07-29,VCT 2026: EMEA Stage 2
712824,276559,SplitPICK,TL,2,2,2,1,0,5,4,12,7,2026-07-29,VCT 2026: EMEA Stage 2
712825,276561,HavenPICK,M8,1,3,1,3,1,2,2,22,12,2026-07-29,VCT 2026: EMEA Stage 2
712825,276561,HavenPICK,VIT,1,3,1,3,1,5,3,19,9,2026-07-29,VCT 2026: EMEA Stage 2
712825,276562,SplitPICK,M8,1,3,1,2,0,3,1,12,5,2026-07-29,VCT 2026: EMEA Stage 2
712825,276562,SplitPICK,VIT,1,3,1,1,0,3,2,13,10,2026-07-29,VCT 2026: EMEA Stage 2
712825,276563,Ascent,M8,1,3,1,4,2,6,3,9,3,2026-07-29,VCT 2026: EMEA Stage 2
712825,276563,Ascent,VIT,1,3,2,0,0,5,3,14,8,2026-07-29,VCT 2026: EMEA Stage 2
712826,276564,AscentPICK,NAVI,1,3,1,2,0,3,1,16,11,2026-07-30,VCT 2026: EMEA Stage 2
712826,276564,AscentPICK,PCF,1,3,1,0,0,5,3,16,7,2026-07-30,VCT 2026: EMEA Stage 2
712826,276565,SummitPICK,NAVI,1,3,1,2,0,5,3,16,10,2026-07-30,VCT 2026: EMEA Stage 2
712826,276565,SummitPICK,PCF,1,3,1,1,0,7,3,15,8,2026-07-30,VCT 2026: EMEA Stage 2
712827,276567,SummitPICK,EF,1,3,1,2,1,4,3,21,11,2026-07-30,VCT 2026: EMEA Stage 2
712827,276567,SummitPICK,FNC,1,3,1,1,0,4,2,22,11,2026-07-30,VCT 2026: EMEA Stage 2
712827,276568,SplitPICK,EF,1,3,1,0,0,1,1,13,11,2026-07-30,VCT 2026: EMEA Stage 2
712827,276568,SplitPICK,FNC,1,3,1,1,0,5,2,8,1,2026-07-30,VCT 2026: EMEA Stage 2
712828,276570,LotusPICK,BBL,1,3,1,2,1,4,2,14,6,2026-07-31,VCT 2026: EMEA Stage 2
712828,276570,LotusPICK,M8,1,3,1,2,0,3,3,15,9,2026-07-31,VCT 2026: EMEA Stage 2
712828,276571,AscentPICK,BBL,0,4,1,1,1,1,1,12,10,2026-07-31,VCT 2026: EMEA Stage 2
712828,276571,AscentPICK,M8,2,2,2,2,0,7,2,7,1,2026-07-31,VCT 2026: EMEA Stage 2
712828,276572,Sunset,BBL,1,3,1,3,2,5,4,12,6,2026-07-31,VCT 2026: EMEA Stage 2
712828,276572,Sunset,M8,1,3,1,2,0,2,2,16,7,2026-07-31,VCT 2026: EMEA Stage 2
712829,276573,HavenPICK,GX,0,4,0,0,0,3,2,12,4,2026-07-31,VCT 2026: EMEA Stage 2
712829,276573,HavenPICK,TH,2,2,2,1,1,5,2,11,8,2026-07-31,VCT 2026: EMEA Stage 2
712829,276574,AscentPICK,GX,0,4,1,0,0,3,0,16,9,2026-07-31,VCT 2026: EMEA Stage 2
712829,276574,AscentPICK,TH,2,2,2,3,0,3,1,15,10,2026-07-31,VCT 2026: EMEA Stage 2
712830,276576,LotusPICK,FUT,0,4,1,3,1,2,0,10,4,2026-08-01,VCT 2026: EMEA Stage 2
712830,276576,LotusPICK,VIT,2,2,2,1,0,3,2,13,9,2026-08-01,VCT 2026: EMEA Stage 2
712830,276577,HavenPICK,FUT,1,3,1,3,0,4,3,16,10,2026-08-01,VCT 2026: EMEA Stage 2
712830,276577,HavenPICK,VIT,1,3,1,1,1,4,1,18,9,2026-08-01,VCT 2026: EMEA Stage 2
712830,276578,Split,FUT,1,3,1,1,0,6,3,9,2,2026-08-01,VCT 2026: EMEA Stage 2
712830,276578,Split,VIT,1,3,1,0,0,3,2,13,10,2026-08-01,VCT 2026: EMEA Stage 2
712831,276579,LotusPICK,KC,1,3,1,3,1,4,3,14,8,2026-08-01,VCT 2026: EMEA Stage 2
712831,276579,LotusPICK,TL,1,3,1,1,1,6,2,14,7,2026-08-01,VCT 2026: EMEA Stage 2
712831,276580,SummitPICK,KC,2,2,2,1,1,8,2,13,6,2026-08-01,VCT 2026: EMEA Stage 2
712831,276580,SummitPICK,TL,0,4,0,1,0,5,3,14,10,2026-08-01,VCT 2026: EMEA Stage 2
712831,276581,Haven,KC,0,5,0,0,0,2,0,17,13,2026-08-01,VCT 2026: EMEA Stage 2
712831,276581,Haven,TL,2,2,2,0,0,9,6,13,3,2026-08-01,VCT 2026: EMEA Stage 2
712832,276582,SunsetPICK,BBL,1,3,1,1,0,5,3,11,9,2026-08-02,VCT 2026: EMEA Stage 2
712832,276582,SunsetPICK,PCF,1,3,1,2,0,3,1,12,5,2026-08-02,VCT 2026: EMEA Stage 2
712832,276583,LotusPICK,BBL,0,3,0,1,1,3,2,15,6,2026-08-02,VCT 2026: EMEA Stage 2
712832,276583,LotusPICK,PCF,2,3,2,0,0,8,5,11,6,2026-08-02,VCT 2026: EMEA Stage 2
712832,276584,Ascent,BBL,1,3,1,0,0,2,2,15,10,2026-08-02,VCT 2026: EMEA Stage 2
712832,276584,Ascent,PCF,1,3,1,3,0,5,2,9,4,2026-08-02,VCT 2026: EMEA Stage 2
712833,276585,SummitPICK,FNC,1,3,1,1,0,7,4,13,6,2026-08-02,VCT 2026: EMEA Stage 2
712833,276585,SummitPICK,TH,1,3,1,2,0,5,3,14,9,2026-08-02,VCT 2026: EMEA Stage 2
712833,276586,AscentPICK,FNC,0,3,0,1,0,5,0,4,0,2026-08-02,VCT 2026: EMEA Stage 2
712833,276586,AscentPICK,TH,2,2,2,0,0,2,2,9,9,2026-08-02,VCT 2026: EMEA Stage 2
729664,278908,LotusPICK,GX,2,2,2,1,1,4,3,11,7,2026-08-06,VCT 2026: EMEA Stage 2
729664,278908,LotusPICK,SGE,0,4,0,3,0,0,0,11,5,2026-08-06,VCT 2026: EMEA Stage 2
729664,278909,AscentPICK,GX,1,3,1,2,0,6,4,11,4,2026-08-06,VCT 2026: EMEA Stage 2
729664,278909,AscentPICK,SGE,1,3,1,1,0,4,3,14,9,2026-08-06,VCT 2026: EMEA Stage 2
729664,278910,Summit,GX,1,3,1,2,0,2,2,15,10,2026-08-06,VCT 2026: EMEA Stage 2
729664,278910,Summit,SGE,1,3,1,2,0,6,2,11,6,2026-08-06,VCT 2026: EMEA Stage 2
729665,278911,BreezePICK,NAVI,1,3,1,2,0,5,2,11,5,2026-08-06,VCT 2026: EMEA Stage 2
729665,278911,BreezePICK,JL,1,3,1,0,0,5,4,13,8,2026-08-06,VCT 2026: EMEA Stage 2
729665,278912,SplitPICK,NAVI,2,2,2,0,0,5,3,13,8,2026-08-06,VCT 2026: EMEA Stage 2
729665,278912,SplitPICK,JL,0,4,0,2,0,2,1,12,6,2026-08-06,VCT 2026: EMEA Stage 2
729665,278913,Ascent,NAVI,2,2,2,3,0,8,4,15,7,2026-08-06,VCT 2026: EMEA Stage 2
729665,278913,Ascent,JL,0,4,0,0,0,5,2,19,13,2026-08-06,VCT 2026: EMEA Stage 2
729666,278914,SummitPICK,PCF,0,3,0,2,1,5,2,8,2,2026-08-07,VCT 2026: EMEA Stage 2
729666,278914,SummitPICK,FF,2,3,2,1,1,4,2,10,8,2026-08-07,VCT 2026: EMEA Stage 2
729666,278915,SplitPICK,PCF,0,4,1,0,0,5,1,10,4,2026-08-07,VCT 2026: EMEA Stage 2
729666,278915,SplitPICK,FF,2,2,2,3,1,2,1,12,9,2026-08-07,VCT 2026: EMEA Stage 2
729667,278917,LotusPICK,FNC,1,3,1,0,0,1,1,12,11,2026-08-07,VCT 2026: EMEA Stage 2
729667,278917,LotusPICK,EP,1,2,1,3,0,6,1,5,1,2026-08-07,VCT 2026: EMEA Stage 2
729667,278918,SplitPICK,FNC,2,2,2,0,0,11,5,10,3,2026-08-07,VCT 2026: EMEA Stage 2
729667,278918,SplitPICK,EP,0,4,0,2,0,1,1,16,12,2026-08-07,VCT 2026: EMEA Stage 2
729667,278919,Haven,FNC,1,3,1,1,0,7,2,13,8,2026-08-07,VCT 2026: EMEA Stage 2
729667,278919,Haven,EP,1,3,1,1,0,3,2,17,10,2026-08-07,VCT 2026: EMEA Stage 2
729668,278920,SplitPICK,FUT,2,2,2,1,0,6,5,10,6,2026-08-08,VCT 2026: EMEA Stage 2
729668,278920,SplitPICK,GX,0,4,0,0,0,3,0,12,6,2026-08-08,VCT 2026: EMEA Stage 2
729668,278921,SunsetPICK,FUT,2,3,3,1,0,6,5,13,5,2026-08-08,VCT 2026: EMEA Stage 2
729668,278921,SunsetPICK,GX,0,4,0,1,0,1,0,17,10,2026-08-08,VCT 2026: EMEA Stage 2
729669,278923,LotusPICK,EF,1,3,1,3,2,4,1,13,6,2026-08-08,VCT 2026: EMEA Stage 2
729669,278923,LotusPICK,JL,1,3,1,1,0,6,5,13,7,2026-08-08,VCT 2026: EMEA Stage 2
729669,278924,SplitPICK,EF,1,3,1,2,0,2,2,19,11,2026-08-08,VCT 2026: EMEA Stage 2
729669,278924,SplitPICK,JL,1,3,1,2,0,9,4,12,7,2026-08-08,VCT 2026: EMEA Stage 2
729669,278925,Ascent,EF,2,3,2,1,0,3,2,13,9,2026-08-08,VCT 2026: EMEA Stage 2
729669,278925,Ascent,JL,0,4,1,1,0,1,0,14,6,2026-08-08,VCT 2026: EMEA Stage 2
729670,278926,SummitPICK,TH,1,3,2,1,0,5,1,13,10,2026-08-09,VCT 2026: EMEA Stage 2
729670,278926,SummitPICK,FF,1,4,1,1,0,4,2,13,6,2026-08-09,VCT 2026: EMEA Stage 2
729670,278927,SunsetPICK,TH,0,4,0,1,0,4,0,6,2,2026-08-09,VCT 2026: EMEA Stage 2
729670,278927,SunsetPICK,FF,2,2,2,1,1,4,3,8,7,2026-08-09,VCT 2026: EMEA Stage 2
729670,278928,Ascent,TH,2,3,2,0,0,7,3,12,4,2026-08-09,VCT 2026: EMEA Stage 2
729670,278928,Ascent,FF,0,4,0,2,1,1,1,15,11,2026-08-09,VCT 2026: EMEA Stage 2
729671,278929,SummitPICK,M8,1,3,1,3,0,5,4,11,4,2026-08-09,VCT 2026: EMEA Stage 2
729671,278929,SummitPICK,EP,1,3,1,2,2,3,3,14,7,2026-08-09,VCT 2026: EMEA Stage 2
729671,278930,LotusPICK,M8,1,3,1,2,0,9,3,5,2,2026-08-09,VCT 2026: EMEA Stage 2
729671,278930,LotusPICK,EP,1,3,1,0,0,2,2,14,10,2026-08-09,VCT 2026: EMEA Stage 2
729674,278938,SplitPICK,M8,1,3,1,3,1,6,2,12,7,2026-08-12,VCT 2026: EMEA Stage 2
729674,278938,SplitPICK,SGE,1,3,2,0,0,8,4,13,7,2026-08-12,VCT 2026: EMEA Stage 2
729674,278939,HavenPICK,M8,0,4,0,1,0,6,4,11,5,2026-08-12,VCT 2026: EMEA Stage 2
729674,278939,HavenPICK,SGE,2,2,2,2,1,4,2,14,8,2026-08-12,VCT 2026: EMEA Stage 2
729675,278941,SunsetPICK,TH,0,3,0,4,2,0,0,21,13,2026-08-12,VCT 2026: EMEA Stage 2
729675,278941,SunsetPICK,NAVI,2,2,2,1,0,7,2,18,9,2026-08-12,VCT 2026: EMEA Stage 2
729675,278942,HavenPICK,TH,2,2,2,3,0,7,3,12,6,2026-08-12,VCT 2026: EMEA Stage 2
729675,278942,HavenPICK,NAVI,0,4,0,0,0,4,3,16,10,2026-08-12,VCT 2026: EMEA Stage 2
729675,278943,Summit,TH,2,3,2,0,0,5,3,12,8,2026-08-12,VCT 2026: EMEA Stage 2
729675,278943,Summit,NAVI,0,5,1,1,0,6,1,8,5,2026-08-12,VCT 2026: EMEA Stage 2
